// Generated by   : ImageConverter 565 Online
// Generated from : splash320x240.jpg
// Time generated : Wed, 14 Jan 26 23:09:35 +0100  (Server timezone: CET)
// Image Size     : 320x240 pixels
// Memory usage   : 153600 bytes


#if defined(__AVR__)
    #include <avr/pgmspace.h>
#elif defined(__PIC32MX__)
    #define PROGMEM
#elif defined(__arm__)
    #define PROGMEM
#endif

const unsigned short splash320x240[76800] PROGMEM={
0x74D6, 0x74D6, 0x74D6, 0x74D6, 0x74D6, 0x74D6, 0x74D6, 0x74D6, 0x74D6, 0x74D6, 0x74D6, 0x74D6, 0x74D6, 0x74D6, 0x74D6, 0x74D6,   // 0x0010 (16) pixels
0x74D6, 0x74D6, 0x74D6, 0x74D6, 0x74D6, 0x74D6, 0x74D6, 0x74D6, 0x74D6, 0x74D6, 0x74D6, 0x74D6, 0x74D6, 0x74D6, 0x74D6, 0x74D6,   // 0x0020 (32) pixels
0x74D6, 0x74D6, 0x74D6, 0x74D6, 0x74D6, 0x74D6, 0x74D6, 0x74D6, 0x74D6, 0x74D6, 0x74D6, 0x74D6, 0x74D6, 0x74D6, 0x74D6, 0x74D6,   // 0x0030 (48) pixels
0x74D6, 0x74D6, 0x74D6, 0x74D6, 0x74D6, 0x74D6, 0x74D6, 0x74D6, 0x74D6, 0x74D6, 0x74D6, 0x74D6, 0x74D6, 0x74D6, 0x74D6, 0x74D6,   // 0x0040 (64) pixels
0x74D6, 0x74D6, 0x74D6, 0x74D6, 0x74D6, 0x74D6, 0x74D6, 0x74D6, 0x74D6, 0x74D6, 0x74D6, 0x74D6, 0x74D6, 0x74D6, 0x74D6, 0x74D6,   // 0x0050 (80) pixels
0x74D6, 0x74D6, 0x74D6, 0x74D6, 0x74D6, 0x74D6, 0x74D6, 0x74D6, 0x74D6, 0x74D6, 0x74D6, 0x74D6, 0x74D6, 0x74D6, 0x74D6, 0x74D6,   // 0x0060 (96) pixels
0x74D6, 0x74D6, 0x74D6, 0x74D6, 0x74D6, 0x74D6, 0x74D6, 0x74D6, 0x74D6, 0x74D6, 0x74D6, 0x74D6, 0x74D6, 0x74D6, 0x6CD6, 0x6CD6,   // 0x0070 (112) pixels
0x74D6, 0x74D6, 0x74D6, 0x74D6, 0x74D6, 0x74D6, 0x74D6, 0x74D6, 0x74D6, 0x74D6, 0x74D6, 0x74D6, 0x74D6, 0x74D6, 0x74D6, 0x74D6,   // 0x0080 (128) pixels
0x74D6, 0x74D6, 0x74D6, 0x74D6, 0x74D6, 0x74D6, 0x74D6, 0x74D6, 0x74D6, 0x74D6, 0x74D6, 0x74D6, 0x74D6, 0x74D6, 0x74D6, 0x74D6,   // 0x0090 (144) pixels
0x74D6, 0x74D6, 0x74D6, 0x74D6, 0x74D6, 0x74D6, 0x74D6, 0x74D6, 0x6CB6, 0x74D6, 0x74D6, 0x74D6, 0x74D6, 0x74D6, 0x74D6, 0x74D6,   // 0x00A0 (160) pixels
0x74B6, 0x74B6, 0x74B6, 0x74D6, 0x74D6, 0x74D6, 0x74B6, 0x74B6, 0x74D6, 0x74D6, 0x74D6, 0x74D6, 0x74D6, 0x74D6, 0x74D6, 0x74D6,   // 0x00B0 (176) pixels
0x74B6, 0x74B6, 0x7CB6, 0x7CB6, 0x7CB6, 0x7CB6, 0x7C96, 0x7496, 0x7C96, 0x7C96, 0x7C96, 0x7C96, 0x7C96, 0x7C96, 0x7CB6, 0x7CB6,   // 0x00C0 (192) pixels
0x7CB6, 0x7C95, 0x7C95, 0x7C95, 0x7C95, 0x7C95, 0x7C95, 0x7C95, 0x8495, 0x8495, 0x8495, 0x8495, 0x8495, 0x8496, 0x84B6, 0x8CB6,   // 0x00D0 (208) pixels
0x8CB6, 0x8C96, 0x8CB6, 0x8CB6, 0x8CB6, 0x8CB6, 0x8CB6, 0x94B6, 0x94B6, 0x94B6, 0x94B6, 0x94B6, 0x94B6, 0x94B6, 0x94B6, 0x94B7,   // 0x00E0 (224) pixels
0x94B6, 0x94D6, 0x94D6, 0x94D6, 0x94B6, 0x94B6, 0x94B6, 0x94B6, 0x94B6, 0x94B6, 0x94B6, 0x94D6, 0x94D7, 0x94D7, 0x94B6, 0x94B6,   // 0x00F0 (240) pixels
0x94B6, 0x8CB6, 0x8C96, 0x84B6, 0x84B6, 0x84B6, 0x7CB6, 0x74B5, 0x74B6, 0x74D6, 0x74D6, 0x6CD6, 0x6CD6, 0x6CD6, 0x6CD6, 0x6CD6,   // 0x0100 (256) pixels
0x74D6, 0x74D6, 0x74D6, 0x6CD6, 0x6CD6, 0x6CD6, 0x6CD6, 0x6CD6, 0x74D6, 0x74D6, 0x74B6, 0x74B6, 0x74D6, 0x6CD6, 0x6CD6, 0x6CD6,   // 0x0110 (272) pixels
0x74D6, 0x74D6, 0x74D6, 0x74D6, 0x74D6, 0x74D6, 0x74D6, 0x74D6, 0x74D6, 0x74D6, 0x74D6, 0x74D6, 0x74D6, 0x74D6, 0x74D6, 0x74D6,   // 0x0120 (288) pixels
0x74D6, 0x74D6, 0x74D6, 0x74D6, 0x74D6, 0x74D6, 0x74D6, 0x74D6, 0x74D6, 0x74D6, 0x74D6, 0x74D6, 0x74D6, 0x74D6, 0x74D6, 0x74D6,   // 0x0130 (304) pixels
0x74D6, 0x74D6, 0x74D6, 0x74D6, 0x74D6, 0x74D6, 0x74D6, 0x74D6, 0x74D6, 0x74D6, 0x74D6, 0x74D6, 0x74D6, 0x74D6, 0x74D6, 0x74D6,   // 0x0140 (320) pixels
0x74D6, 0x74D6, 0x74D6, 0x74D6, 0x74D6, 0x74D6, 0x74D6, 0x74D6, 0x74D6, 0x74D6, 0x74D6, 0x74D6, 0x74D6, 0x74D6, 0x74D6, 0x74D6,   // 0x0150 (336) pixels
0x74D6, 0x74D6, 0x74D6, 0x74D6, 0x74D6, 0x74D6, 0x74D6, 0x74D6, 0x74D6, 0x74D6, 0x74D6, 0x74D6, 0x74D6, 0x74D6, 0x74D6, 0x74D6,   // 0x0160 (352) pixels
0x74D6, 0x74D6, 0x74D6, 0x74D6, 0x74D6, 0x74D6, 0x74D6, 0x74D6, 0x74D6, 0x74D6, 0x74D6, 0x74D6, 0x74D6, 0x74D6, 0x74D6, 0x74D6,   // 0x0170 (368) pixels
0x74D6, 0x74D6, 0x74D6, 0x74D6, 0x74D6, 0x74D6, 0x74D6, 0x74D6, 0x74D6, 0x74D6, 0x74D6, 0x74D6, 0x74D6, 0x74D6, 0x74D6, 0x74D6,   // 0x0180 (384) pixels
0x74D6, 0x74D6, 0x74D6, 0x74D6, 0x74D6, 0x74D6, 0x74D6, 0x74D6, 0x74D6, 0x74D6, 0x74D6, 0x74D6, 0x74D6, 0x74D6, 0x74D6, 0x74D6,   // 0x0190 (400) pixels
0x74D6, 0x74D6, 0x74D6, 0x74D6, 0x74D6, 0x74D6, 0x74D6, 0x74D6, 0x74D6, 0x74D6, 0x74D6, 0x74D6, 0x74D6, 0x74D6, 0x74D6, 0x74D6,   // 0x01A0 (416) pixels
0x74D6, 0x74D6, 0x74D6, 0x74D6, 0x74D6, 0x74D6, 0x74D6, 0x74D6, 0x74D6, 0x74D6, 0x74D6, 0x74D6, 0x74D6, 0x74D6, 0x6CD6, 0x6CD6,   // 0x01B0 (432) pixels
0x74D6, 0x74D6, 0x74D6, 0x74D6, 0x74D6, 0x74D6, 0x74D6, 0x74D6, 0x74D6, 0x74D6, 0x74D6, 0x74D6, 0x74D6, 0x74D6, 0x74D6, 0x74D6,   // 0x01C0 (448) pixels
0x74D6, 0x74D6, 0x74D6, 0x74D6, 0x74D6, 0x74D6, 0x74D6, 0x74D6, 0x74D6, 0x74D6, 0x74D6, 0x74D6, 0x74D6, 0x74D6, 0x74D6, 0x74D6,   // 0x01D0 (464) pixels
0x74B6, 0x74B6, 0x74D6, 0x74D6, 0x74D6, 0x74D6, 0x74D6, 0x74D6, 0x74B6, 0x74B6, 0x74B6, 0x74B6, 0x74B6, 0x74B6, 0x74B6, 0x74B6,   // 0x01E0 (480) pixels
0x74B6, 0x74B6, 0x74B6, 0x74B6, 0x74B6, 0x74B6, 0x74B6, 0x7495, 0x74B6, 0x74B6, 0x74B6, 0x74B6, 0x74B6, 0x7CB6, 0x7CB6, 0x7CB6,   // 0x01F0 (496) pixels
0x7CD6, 0x7CB6, 0x7CB6, 0x7CB6, 0x7CB6, 0x84B6, 0x84D6, 0x84D6, 0x84D7, 0x84D6, 0x84D6, 0x84D6, 0x84D6, 0x84D7, 0x84D7, 0x84D7,   // 0x0200 (512) pixels
0x84D6, 0x84D6, 0x84D6, 0x84D6, 0x8CF6, 0x8CD6, 0x8CF7, 0x8CF7, 0x8CF7, 0x8CF7, 0x8CF7, 0x8CF7, 0x94F7, 0x9517, 0x9517, 0x9518,   // 0x0210 (528) pixels
0x9517, 0x9D17, 0x9D17, 0x9D17, 0x9D17, 0x9D17, 0x9D17, 0x9D18, 0x9D18, 0x9D18, 0x9CF8, 0x9CF8, 0x9CF8, 0xA518, 0xA518, 0xA518,   // 0x0220 (544) pixels
0xA518, 0x9D18, 0x9D18, 0x9D18, 0x9D17, 0x9D17, 0x9D17, 0x9D17, 0x9D17, 0x9D17, 0x9D17, 0xA518, 0xA518, 0x9D17, 0x9CF7, 0x9CF7,   // 0x0230 (560) pixels
0x94F7, 0x94D7, 0x94B6, 0x8CD6, 0x8CD7, 0x8CD6, 0x84D6, 0x7CD6, 0x74B6, 0x74D6, 0x74D6, 0x74D6, 0x74F6, 0x6CD6, 0x6CD6, 0x6CD6,   // 0x0240 (576) pixels
0x74D6, 0x74D6, 0x74D6, 0x6CD6, 0x6CD6, 0x6CD6, 0x6CD6, 0x6CD6, 0x74D6, 0x74D6, 0x74D6, 0x74D6, 0x74D6, 0x74D6, 0x74D6, 0x6CD6,   // 0x0250 (592) pixels
0x74D6, 0x74D6, 0x74D6, 0x74D6, 0x74D6, 0x74D6, 0x74D6, 0x74D6, 0x74D6, 0x74D6, 0x74D6, 0x74D6, 0x74D6, 0x74D6, 0x74D6, 0x74D6,   // 0x0260 (608) pixels
0x74D6, 0x74D6, 0x74D6, 0x74D6, 0x74D6, 0x74D6, 0x74D6, 0x74D6, 0x74D6, 0x74D6, 0x74D6, 0x74D6, 0x74D6, 0x74D6, 0x74D6, 0x74D6,   // 0x0270 (624) pixels
0x74D6, 0x74D6, 0x74D6, 0x74D6, 0x74D6, 0x74D6, 0x74D6, 0x74D6, 0x74D6, 0x74D6, 0x74D6, 0x74D6, 0x74D6, 0x74D6, 0x74D6, 0x74D6,   // 0x0280 (640) pixels
0x74D6, 0x74D6, 0x74D6, 0x74D6, 0x74D6, 0x74D6, 0x74D6, 0x74D6, 0x74D6, 0x74D6, 0x74D6, 0x74D6, 0x74D6, 0x74D6, 0x74D6, 0x74D6,   // 0x0290 (656) pixels
0x74D6, 0x74D6, 0x74D6, 0x74D6, 0x74D6, 0x74D6, 0x74D6, 0x74D6, 0x74D6, 0x74D6, 0x74D6, 0x74D6, 0x74D6, 0x74D6, 0x74D6, 0x74D6,   // 0x02A0 (672) pixels
0x74D6, 0x74D6, 0x74D6, 0x74D6, 0x74D6, 0x74D6, 0x74D6, 0x74D6, 0x74D6, 0x74D6, 0x74D6, 0x74D6, 0x74D6, 0x74D6, 0x74D6, 0x74D6,   // 0x02B0 (688) pixels
0x74D6, 0x74D6, 0x74D6, 0x74D6, 0x74D6, 0x74D6, 0x74D6, 0x74D6, 0x74D6, 0x74D6, 0x74D6, 0x74D6, 0x74D6, 0x74D6, 0x74D6, 0x74D6,   // 0x02C0 (704) pixels
0x74D6, 0x74D6, 0x74D6, 0x74D6, 0x74D6, 0x74D6, 0x74D6, 0x74D6, 0x74D6, 0x74D6, 0x74D6, 0x74D6, 0x74D6, 0x74D6, 0x74D6, 0x74D6,   // 0x02D0 (720) pixels
0x74D6, 0x74D6, 0x74D6, 0x74D6, 0x74D6, 0x74D6, 0x74D6, 0x74D6, 0x74D6, 0x74D6, 0x74D6, 0x74D6, 0x74D6, 0x74D6, 0x74D6, 0x74D6,   // 0x02E0 (736) pixels
0x74D6, 0x74D6, 0x74D6, 0x74D6, 0x74D6, 0x74D6, 0x74D6, 0x74D6, 0x74D6, 0x74D6, 0x74D6, 0x74D6, 0x6CD6, 0x6CD6, 0x6CD6, 0x6CD6,   // 0x02F0 (752) pixels
0x6CF6, 0x74D6, 0x74F6, 0x74F6, 0x74F6, 0x74F6, 0x74D6, 0x74D6, 0x74D6, 0x74D6, 0x74D6, 0x74D6, 0x74D6, 0x74D6, 0x74D6, 0x74D6,   // 0x0300 (768) pixels
0x74D6, 0x74D6, 0x74D6, 0x74D6, 0x74D6, 0x74D6, 0x74B6, 0x74B6, 0x74B6, 0x74B6, 0x74B6, 0x74B6, 0x74B6, 0x74B6, 0x74B6, 0x74B6,   // 0x0310 (784) pixels
0x74B6, 0x7CB6, 0x7CB6, 0x7CB6, 0x7CD6, 0x7CD6, 0x7CD6, 0x7CD6, 0x7CD6, 0x7CD6, 0x7CD6, 0x7CD6, 0x7CD6, 0x7CD6, 0x7CD6, 0x7CD6,   // 0x0320 (800) pixels
0x84D6, 0x84D6, 0x84D6, 0x84D6, 0x84D6, 0x84D6, 0x84D6, 0x84D6, 0x84D6, 0x84D6, 0x84D6, 0x84D6, 0x84F7, 0x8CF7, 0x8CF7, 0x8CF7,   // 0x0330 (816) pixels
0x8CF7, 0x8CF7, 0x8CD7, 0x8CD7, 0x8CF7, 0x8D17, 0x9518, 0x9538, 0x9538, 0x9538, 0x9518, 0x9518, 0x9518, 0x9538, 0x9518, 0x9538,   // 0x0340 (832) pixels
0x9518, 0x9537, 0x9537, 0x9537, 0x9538, 0x9D38, 0x9D38, 0x9D38, 0x9D38, 0x9D38, 0x9D38, 0x9D38, 0xA538, 0xA558, 0xA558, 0xA558,   // 0x0350 (848) pixels
0xA538, 0xA538, 0xA538, 0xA538, 0xA538, 0xA538, 0xA539, 0xA539, 0xA538, 0xA538, 0xA538, 0xA538, 0xA538, 0xA518, 0xAD39, 0xAD38,   // 0x0360 (864) pixels
0xA518, 0xA518, 0xA518, 0xA518, 0xA518, 0xA518, 0xA518, 0xA518, 0xA518, 0xA518, 0xA518, 0xA518, 0xA518, 0xA518, 0xA518, 0x9CF7,   // 0x0370 (880) pixels
0x9CF7, 0x9CF7, 0x94D7, 0x94D7, 0x94F7, 0x94F7, 0x8CD7, 0x84D7, 0x7CB6, 0x7CD6, 0x7CD6, 0x7CD6, 0x74D6, 0x74F6, 0x74D6, 0x74D6,   // 0x0380 (896) pixels
0x74D6, 0x74D6, 0x74D6, 0x74F6, 0x74F6, 0x6CF6, 0x6CF6, 0x6CD6, 0x74D6, 0x74D6, 0x74D6, 0x74D6, 0x74D6, 0x74D6, 0x74D6, 0x6CD6,   // 0x0390 (912) pixels
0x74D6, 0x74D6, 0x74D6, 0x74D6, 0x74D6, 0x74D6, 0x74D6, 0x74D6, 0x74D6, 0x74D6, 0x74D6, 0x74D6, 0x74D6, 0x74D6, 0x74D6, 0x74D6,   // 0x03A0 (928) pixels
0x74D6, 0x74D6, 0x74D6, 0x74D6, 0x74D6, 0x74D6, 0x74D6, 0x74D6, 0x74D6, 0x74D6, 0x74D6, 0x74D6, 0x74D6, 0x74D6, 0x74D6, 0x74D6,   // 0x03B0 (944) pixels
0x74D6, 0x74D6, 0x74D6, 0x74D6, 0x74D6, 0x74D6, 0x74D6, 0x74D6, 0x74D6, 0x74D6, 0x74D6, 0x74D6, 0x74D6, 0x74D6, 0x74D6, 0x74D6,   // 0x03C0 (960) pixels
0x74D6, 0x74D6, 0x74D6, 0x74D6, 0x74D6, 0x74D6, 0x74D6, 0x74D6, 0x74D6, 0x74D6, 0x74D6, 0x74D6, 0x74D6, 0x74D6, 0x74D6, 0x74D6,   // 0x03D0 (976) pixels
0x74D6, 0x74D6, 0x74D6, 0x74D6, 0x74D6, 0x74D6, 0x74D6, 0x74D6, 0x74D6, 0x74D6, 0x74D6, 0x74D6, 0x74D6, 0x74D6, 0x74D6, 0x74D6,   // 0x03E0 (992) pixels
0x74D6, 0x74D6, 0x74D6, 0x74D6, 0x74D6, 0x74D6, 0x74D6, 0x74D6, 0x74D6, 0x74D6, 0x74D6, 0x74D6, 0x74D6, 0x74D6, 0x74D6, 0x74D6,   // 0x03F0 (1008) pixels
0x74D6, 0x74D6, 0x74D6, 0x74D6, 0x74D6, 0x74D6, 0x74D6, 0x74D6, 0x74D6, 0x74D6, 0x74D6, 0x74D6, 0x74D6, 0x74D6, 0x74D6, 0x74D6,   // 0x0400 (1024) pixels
0x74D6, 0x74D6, 0x74D6, 0x74D6, 0x74D6, 0x74D6, 0x74D6, 0x74D6, 0x74D6, 0x74D6, 0x74D6, 0x74D6, 0x74D6, 0x74D6, 0x74D6, 0x74D6,   // 0x0410 (1040) pixels
0x74D6, 0x74D6, 0x74D6, 0x74D6, 0x74D6, 0x74D6, 0x74D6, 0x74D6, 0x74D6, 0x74D6, 0x74D6, 0x74D6, 0x74D6, 0x74D6, 0x74D6, 0x74D6,   // 0x0420 (1056) pixels
0x74D6, 0x74D6, 0x74D6, 0x74D6, 0x74D6, 0x74D6, 0x74D6, 0x74D6, 0x74F6, 0x74F6, 0x74F6, 0x74F6, 0x74F6, 0x74F6, 0x74F6, 0x74F6,   // 0x0430 (1072) pixels
0x74F6, 0x74F6, 0x74F6, 0x74F6, 0x74F6, 0x74F6, 0x74F6, 0x74F6, 0x74D6, 0x74D6, 0x74D6, 0x74D6, 0x74B6, 0x74B5, 0x74B6, 0x74B6,   // 0x0440 (1088) pixels
0x74B6, 0x7CB6, 0x7CB6, 0x7CB6, 0x7CB6, 0x7CD6, 0x7CB6, 0x7CD6, 0x7CB6, 0x7CB6, 0x7CB6, 0x7CB6, 0x7CB6, 0x7CB6, 0x7CB6, 0x7CB6,   // 0x0450 (1104) pixels
0x84D7, 0x84D6, 0x84D7, 0x84F7, 0x84F7, 0x8CF7, 0x8CF7, 0x8CF7, 0x84F7, 0x84F7, 0x8CD7, 0x8CF7, 0x8CF7, 0x8D17, 0x9518, 0x9538,   // 0x0460 (1120) pixels
0x9518, 0x9517, 0x94F7, 0x9517, 0x9518, 0x9538, 0x9D38, 0x9D38, 0x9D38, 0x9D38, 0x9D38, 0x9D38, 0x9D38, 0x9D38, 0x9D39, 0x9D38,   // 0x0470 (1136) pixels
0x9D38, 0x9D38, 0x9D18, 0x9D17, 0x9D38, 0x9D58, 0xA559, 0xA559, 0xA559, 0xA558, 0xA559, 0xA558, 0xA559, 0xA558, 0xA559, 0xA558,   // 0x0480 (1152) pixels
0xA558, 0xA558, 0xA558, 0xA558, 0xA538, 0xA538, 0xA518, 0x9D18, 0xA538, 0xA538, 0xA538, 0xA538, 0xA538, 0xA518, 0xA518, 0xA518,   // 0x0490 (1168) pixels
0xA518, 0xA518, 0xA518, 0xA518, 0xA518, 0xA518, 0xA518, 0xA518, 0xA518, 0xA518, 0xA4F8, 0xA4F8, 0xA4F8, 0xA4F8, 0xA4F8, 0xA4F8,   // 0x04A0 (1184) pixels
0xA4F8, 0xA4F8, 0xA4F8, 0xA4F8, 0xA4F8, 0xA4F8, 0xA4F7, 0xA4F7, 0xA4F7, 0xA4F7, 0xA4F7, 0xA4F7, 0xA4F7, 0xA4F7, 0xA4D7, 0x9CD7,   // 0x04B0 (1200) pixels
0xA4F7, 0x9CF7, 0x9CD7, 0x9CD7, 0x9CD7, 0x94D7, 0x94D7, 0x8CD7, 0x8CD7, 0x8CD7, 0x84D7, 0x84D6, 0x7CD6, 0x7CD6, 0x74D6, 0x74B6,   // 0x04C0 (1216) pixels
0x74D6, 0x74D6, 0x74D6, 0x74F6, 0x74F6, 0x6CF6, 0x6CF6, 0x74F6, 0x74D6, 0x74D6, 0x74D6, 0x74D6, 0x74D6, 0x74D6, 0x74D6, 0x6CD6,   // 0x04D0 (1232) pixels
0x74D6, 0x74D6, 0x74D6, 0x74D6, 0x74D6, 0x74D6, 0x74D6, 0x74D6, 0x74D6, 0x74D6, 0x74D6, 0x74D6, 0x74D6, 0x74D6, 0x74D6, 0x74D6,   // 0x04E0 (1248) pixels
0x74D6, 0x74D6, 0x74D6, 0x74D6, 0x74D6, 0x74D6, 0x74D6, 0x74D6, 0x74D6, 0x74D6, 0x74D6, 0x74D6, 0x74D6, 0x74D6, 0x74D6, 0x74D6,   // 0x04F0 (1264) pixels
0x74D6, 0x74D6, 0x74D6, 0x74D6, 0x74D6, 0x74D6, 0x74D6, 0x74D6, 0x74D6, 0x74D6, 0x74D6, 0x74D6, 0x74D6, 0x74D6, 0x74D6, 0x74D6,   // 0x0500 (1280) pixels
0x74F6, 0x74F6, 0x74F6, 0x74F6, 0x74F6, 0x74F6, 0x74F6, 0x74F6, 0x74F6, 0x74F6, 0x74F6, 0x74F6, 0x74F6, 0x74F6, 0x74F6, 0x74F6,   // 0x0510 (1296) pixels
0x74F6, 0x74F6, 0x74F6, 0x74F6, 0x74F6, 0x74F6, 0x74F6, 0x74F6, 0x74F6, 0x74F6, 0x74F6, 0x74F6, 0x74F6, 0x74F6, 0x74F6, 0x74F6,   // 0x0520 (1312) pixels
0x74F6, 0x74F6, 0x74F6, 0x74F6, 0x74F6, 0x74F6, 0x74F6, 0x74F6, 0x74F6, 0x74F6, 0x74F6, 0x74F6, 0x74F6, 0x74F6, 0x74F6, 0x74F6,   // 0x0530 (1328) pixels
0x74F6, 0x74F6, 0x74F6, 0x74F6, 0x74F6, 0x74F6, 0x74F6, 0x74F6, 0x74F6, 0x74F6, 0x74F6, 0x74F6, 0x74F6, 0x74F6, 0x74F6, 0x74F6,   // 0x0540 (1344) pixels
0x74F6, 0x74F6, 0x74F6, 0x74F6, 0x74F6, 0x74F6, 0x74F6, 0x74F6, 0x74F6, 0x74F6, 0x74F6, 0x74F6, 0x74F6, 0x74F6, 0x74F6, 0x74F6,   // 0x0550 (1360) pixels
0x74F6, 0x74F6, 0x74F6, 0x74F6, 0x74F6, 0x74F6, 0x74F6, 0x74F6, 0x74F6, 0x74F6, 0x74F6, 0x74F6, 0x74F6, 0x74F6, 0x74F6, 0x74F6,   // 0x0560 (1376) pixels
0x74D7, 0x74D7, 0x74D7, 0x74D7, 0x74D7, 0x74D7, 0x74F6, 0x74F6, 0x74F6, 0x74F6, 0x74F6, 0x74F6, 0x74F6, 0x74F6, 0x74F6, 0x74F6,   // 0x0570 (1392) pixels
0x74F6, 0x74F6, 0x74F6, 0x74F6, 0x74F6, 0x74D6, 0x74D6, 0x74D6, 0x74B5, 0x74B5, 0x74B6, 0x7CD6, 0x7CB6, 0x7CD6, 0x7CD6, 0x7CD6,   // 0x0580 (1408) pixels
0x84D6, 0x84D6, 0x84D6, 0x84F7, 0x84F7, 0x84F7, 0x8CF7, 0x8CF7, 0x8D17, 0x8D17, 0x8D17, 0x8D17, 0x94F7, 0x94F7, 0x9517, 0x9517,   // 0x0590 (1424) pixels
0x9518, 0x9517, 0x9518, 0x9538, 0x9D18, 0x9D38, 0x9D38, 0x9D38, 0x9D38, 0x9D38, 0x9D18, 0x9D18, 0x9D38, 0x9D38, 0xA559, 0xA559,   // 0x05A0 (1440) pixels
0xA559, 0xA538, 0xA538, 0xA538, 0xA559, 0xA559, 0xAD59, 0xAD59, 0xAD59, 0xA558, 0xA539, 0xAD59, 0xAD59, 0xAD59, 0xAD59, 0xAD59,   // 0x05B0 (1456) pixels
0xA538, 0xA538, 0xA538, 0xA538, 0xA538, 0xA558, 0xA558, 0xAD58, 0xA538, 0xA538, 0xA538, 0xA538, 0xA538, 0xA538, 0xA538, 0xA538,   // 0x05C0 (1472) pixels
0xA538, 0xA538, 0xA538, 0xA518, 0xA518, 0xA518, 0xA4F7, 0xA4F7, 0xA4F7, 0xA4F7, 0xA4F7, 0xA4F7, 0xA4F7, 0xA4F7, 0xA4D7, 0xA4D7,   // 0x05D0 (1488) pixels
0xA4D7, 0xA4F7, 0xA4F7, 0xA4F7, 0xA4D7, 0xA4F8, 0xA4F8, 0xA4F8, 0xA4D8, 0xA4D7, 0xA4D7, 0xA4D7, 0xA4D8, 0xA4D8, 0xA4D8, 0xA4D8,   // 0x05E0 (1504) pixels
0xA4D7, 0xA4D7, 0xA4B7, 0xA4B7, 0xA4D7, 0xA4D7, 0xA4D7, 0xA4D7, 0xA4D7, 0xA4D7, 0xA4D7, 0xA4D7, 0xA4D7, 0xA4D7, 0xA4D7, 0xA4D7,   // 0x05F0 (1520) pixels
0xA4D7, 0x9CD7, 0x9CB7, 0x9CB7, 0x9CD7, 0x9CB7, 0x9CB7, 0x9497, 0x94B7, 0x8CB6, 0x8CB7, 0x84B6, 0x84B7, 0x7CD6, 0x7CD6, 0x7CB6,   // 0x0600 (1536) pixels
0x74D6, 0x74D6, 0x74D6, 0x6CD6, 0x6CD6, 0x6CF6, 0x6CF6, 0x6CD6, 0x74D6, 0x74D6, 0x74D6, 0x74D6, 0x74D6, 0x74D6, 0x74D6, 0x6CD6,   // 0x0610 (1552) pixels
0x74D6, 0x74D6, 0x74D6, 0x74D6, 0x74D6, 0x74D6, 0x74D6, 0x74D6, 0x74D6, 0x74D6, 0x74D6, 0x74D6, 0x74D6, 0x74D6, 0x74D6, 0x74D6,   // 0x0620 (1568) pixels
0x74D6, 0x74D6, 0x74D6, 0x74D6, 0x74D6, 0x74D6, 0x74D6, 0x74D6, 0x74D6, 0x74D6, 0x74D6, 0x74D6, 0x74D6, 0x74D6, 0x74D6, 0x74D6,   // 0x0630 (1584) pixels
0x74D6, 0x74D6, 0x74D6, 0x74D6, 0x74D6, 0x74D6, 0x74D6, 0x74D6, 0x74D6, 0x74D6, 0x74D6, 0x74D6, 0x74D6, 0x74D6, 0x74D6, 0x74D6,   // 0x0640 (1600) pixels
0x74F6, 0x74F6, 0x74F6, 0x74F6, 0x74F6, 0x74F6, 0x74F6, 0x74F6, 0x74F6, 0x74F6, 0x74F6, 0x74F6, 0x74F6, 0x74F6, 0x74F6, 0x74F6,   // 0x0650 (1616) pixels
0x74F6, 0x74F6, 0x74F6, 0x74F6, 0x74F6, 0x74F6, 0x74F6, 0x74F6, 0x74F6, 0x74F6, 0x74F6, 0x74F6, 0x74F6, 0x74F6, 0x74F6, 0x74F6,   // 0x0660 (1632) pixels
0x74F6, 0x74F6, 0x74F6, 0x74F6, 0x74F6, 0x74F6, 0x74F6, 0x74F6, 0x74F6, 0x74F6, 0x74F6, 0x74F6, 0x74F6, 0x74F6, 0x74F6, 0x74F6,   // 0x0670 (1648) pixels
0x74F6, 0x74F6, 0x74F6, 0x74F6, 0x74F6, 0x74F6, 0x74F6, 0x74F6, 0x74F6, 0x74F6, 0x74F6, 0x74F6, 0x74F6, 0x74F6, 0x74F6, 0x74F6,   // 0x0680 (1664) pixels
0x74F6, 0x74F6, 0x74F6, 0x74F6, 0x74F6, 0x74F6, 0x74F6, 0x74F6, 0x74F6, 0x74F6, 0x74F6, 0x74F6, 0x74F6, 0x74F6, 0x74F6, 0x74F6,   // 0x0690 (1680) pixels
0x74F6, 0x74F6, 0x74F6, 0x74F6, 0x74F6, 0x74F6, 0x74F6, 0x74F6, 0x74F6, 0x74F6, 0x74F6, 0x74F6, 0x74F6, 0x74F6, 0x74F6, 0x74F6,   // 0x06A0 (1696) pixels
0x74F7, 0x74F7, 0x74F7, 0x74F7, 0x74F7, 0x74F7, 0x74F6, 0x74F6, 0x74F6, 0x74F6, 0x74F6, 0x74F6, 0x74F6, 0x74F6, 0x74F6, 0x74F6,   // 0x06B0 (1712) pixels
0x74F6, 0x74F6, 0x74F6, 0x74F6, 0x74D6, 0x74D6, 0x74B6, 0x74B5, 0x7CB6, 0x7CB6, 0x7CD6, 0x84F6, 0x8CF7, 0x8CF7, 0x8D17, 0x8D17,   // 0x06C0 (1728) pixels
0x9517, 0x9518, 0x9518, 0x9538, 0x9538, 0x9538, 0x9D38, 0x9D38, 0x9D59, 0x9D59, 0x9D39, 0x9D59, 0xA539, 0xA539, 0xA539, 0xA538,   // 0x06D0 (1744) pixels
0xA559, 0xA538, 0xA539, 0xA538, 0xA559, 0xA558, 0xA559, 0xA558, 0xA559, 0xA558, 0xA539, 0xA538, 0xA539, 0xA558, 0xAD59, 0xAD59,   // 0x06E0 (1760) pixels
0xAD59, 0xAD39, 0xAD38, 0xAD38, 0xAD38, 0xAD38, 0xAD38, 0xAD18, 0xAD38, 0xAD38, 0xAD18, 0xAD38, 0xAD38, 0xAD38, 0xAD18, 0xAD18,   // 0x06F0 (1776) pixels
0xA518, 0xA518, 0xA518, 0xA518, 0xA518, 0xA518, 0xA518, 0xA518, 0xA4F7, 0xA4F7, 0xA4F7, 0xA4F7, 0xA4F7, 0xA4F7, 0xA4F7, 0xA4F7,   // 0x0700 (1792) pixels
0xA4F7, 0xA4F7, 0xA4F7, 0xA4F7, 0xA4F7, 0xA4D7, 0xA4D7, 0xA4D7, 0xA4D7, 0xA4D7, 0xA4D7, 0xA4D7, 0xA4D7, 0xA4D7, 0xA4D7, 0xA4B7,   // 0x0710 (1808) pixels
0xA4D7, 0xA4D7, 0xA4D7, 0xA4D7, 0xA4D7, 0xA4D7, 0xA4D7, 0xA4D7, 0xA4B7, 0xA4B7, 0xA4B7, 0xA4B7, 0xA4B7, 0xA4B7, 0xA4B7, 0xA4B7,   // 0x0720 (1824) pixels
0xA4B7, 0xA4B7, 0xA4B7, 0xA4B7, 0xA4B7, 0xA4B7, 0xA4B7, 0xA4B7, 0xA4B7, 0xA4B7, 0xA4B7, 0xA4B7, 0xA4B7, 0xA4D7, 0xA4D7, 0xA4D7,   // 0x0730 (1840) pixels
0xA4D7, 0xA4B7, 0xA4B7, 0xA4B7, 0xA4B7, 0xA4B7, 0x9C97, 0x9C76, 0x9476, 0x8C76, 0x8C76, 0x8476, 0x84B6, 0x84B7, 0x84B7, 0x7CD6,   // 0x0740 (1856) pixels
0x7CB6, 0x74D6, 0x74D6, 0x74D6, 0x6CD6, 0x6CF6, 0x6CF6, 0x6CF6, 0x74D6, 0x74D6, 0x74D6, 0x74D6, 0x74D6, 0x74D6, 0x74D6, 0x6CD6,   // 0x0750 (1872) pixels
0x74D6, 0x74D6, 0x74D6, 0x74D6, 0x74D6, 0x74D6, 0x74D6, 0x74D6, 0x74D6, 0x74D6, 0x74D6, 0x74D6, 0x74D6, 0x74D6, 0x74D6, 0x74D6,   // 0x0760 (1888) pixels
0x74D6, 0x74D6, 0x74D6, 0x74D6, 0x74D6, 0x74D6, 0x74D6, 0x74D6, 0x74D6, 0x74D6, 0x74D6, 0x74D6, 0x74D6, 0x74D6, 0x74D6, 0x74D6,   // 0x0770 (1904) pixels
0x74D6, 0x74D6, 0x74D6, 0x74D6, 0x74D6, 0x74D6, 0x74D6, 0x74D6, 0x74D6, 0x74D6, 0x74D6, 0x74D6, 0x74D6, 0x74D6, 0x74D6, 0x74D6,   // 0x0780 (1920) pixels
0x74F6, 0x74F6, 0x74F6, 0x74F6, 0x74F6, 0x74F6, 0x74F6, 0x74F6, 0x74F6, 0x74F6, 0x74F6, 0x74F6, 0x74F6, 0x74F6, 0x74F6, 0x74F6,   // 0x0790 (1936) pixels
0x74F6, 0x74F6, 0x74F6, 0x74F6, 0x74F6, 0x74F6, 0x74F6, 0x74F6, 0x74F6, 0x74F6, 0x74F6, 0x74F6, 0x74F6, 0x74F6, 0x74F6, 0x74F6,   // 0x07A0 (1952) pixels
0x74F6, 0x74F6, 0x74F6, 0x74F6, 0x74F6, 0x74F6, 0x74F6, 0x74F6, 0x74F6, 0x74F6, 0x74F6, 0x74F6, 0x74F6, 0x74F6, 0x74F6, 0x74F6,   // 0x07B0 (1968) pixels
0x74F6, 0x74F6, 0x74F6, 0x74F6, 0x74F6, 0x74F6, 0x74F6, 0x74F6, 0x74F6, 0x74F6, 0x74F6, 0x74F6, 0x74F6, 0x74F6, 0x74F6, 0x74F6,   // 0x07C0 (1984) pixels
0x74F6, 0x74F6, 0x74F6, 0x74F6, 0x74F6, 0x74F6, 0x74F6, 0x74F6, 0x74F6, 0x74F6, 0x74F6, 0x74F6, 0x74F6, 0x74F6, 0x74F6, 0x74F6,   // 0x07D0 (2000) pixels
0x74F6, 0x74F6, 0x74F6, 0x74F6, 0x74F6, 0x74F6, 0x74F6, 0x74F6, 0x74F6, 0x74F6, 0x74F6, 0x74F6, 0x74F6, 0x74F6, 0x74F6, 0x74F6,   // 0x07E0 (2016) pixels
0x74F7, 0x74F7, 0x74F7, 0x74F7, 0x74F7, 0x74F7, 0x74F7, 0x74F7, 0x74F7, 0x74F7, 0x74F6, 0x74F6, 0x74F6, 0x74F6, 0x74F6, 0x74F6,   // 0x07F0 (2032) pixels
0x74F6, 0x74F6, 0x74F6, 0x74F6, 0x7CD6, 0x7CD6, 0x7CD6, 0x7CD6, 0x84F7, 0x8CF7, 0x8D17, 0x9537, 0x9D38, 0x9D58, 0x9D58, 0x9D58,   // 0x0800 (2048) pixels
0x9D58, 0x9D58, 0xA559, 0xA559, 0xA559, 0xA559, 0xA559, 0xA559, 0xA559, 0xA559, 0xA539, 0xA539, 0xAD39, 0xAD59, 0xAD59, 0xAD59,   // 0x0810 (2064) pixels
0xAD38, 0xAD38, 0xAD38, 0xAD38, 0xAD38, 0xAD38, 0xAD38, 0xAD38, 0xAD38, 0xAD38, 0xAD18, 0xAD18, 0xAD18, 0xA518, 0xA518, 0xAD18,   // 0x0820 (2080) pixels
0xAD18, 0xAD18, 0xACF8, 0xACF8, 0xAD18, 0xAD18, 0xACF8, 0xACF7, 0xACF8, 0xACF8, 0xACF8, 0xACF8, 0xACF8, 0xACF8, 0xACF8, 0xACF8,   // 0x0830 (2096) pixels
0xA4D7, 0xA4D7, 0xA4D7, 0xA4D7, 0xA4D7, 0xA4D7, 0xA4D7, 0xA4D7, 0xA4D7, 0xA4D7, 0xA4D7, 0xA4D7, 0xA4D7, 0xA4D7, 0xA4D7, 0xA4D7,   // 0x0840 (2112) pixels
0xA4B7, 0xA4D7, 0xA4D7, 0xA4D7, 0xA4D7, 0xA4D7, 0xA4D7, 0xA4D7, 0xA4D7, 0xA4D7, 0xACD7, 0xACD7, 0xACD7, 0xACD7, 0xA4B7, 0xA4B7,   // 0x0850 (2128) pixels
0xA4B7, 0xA4B7, 0xA4B7, 0xA4B7, 0xA4B7, 0xA4B7, 0xA4B7, 0xA4B7, 0xA4B7, 0xA4B7, 0xA497, 0xA497, 0xA497, 0xA497, 0xA497, 0xA497,   // 0x0860 (2144) pixels
0xA497, 0xA497, 0xA497, 0xA497, 0xA497, 0xA497, 0xA497, 0xA497, 0xA4B7, 0xA497, 0xA497, 0xA4B7, 0xA4B7, 0xA4B7, 0xA4B7, 0xA4B7,   // 0x0870 (2160) pixels
0xA4D7, 0xA4B7, 0xA4B7, 0xA4B7, 0xA4B7, 0xA497, 0x9C77, 0x9C56, 0x9435, 0x8C35, 0x8C35, 0x8C55, 0x8C76, 0x8C96, 0x84B6, 0x84B6,   // 0x0880 (2176) pixels
0x7CB6, 0x74D6, 0x74D6, 0x74D6, 0x74F6, 0x74F6, 0x74F6, 0x74F6, 0x74F6, 0x74F6, 0x74D6, 0x74D6, 0x74D6, 0x74F6, 0x74F6, 0x74F6,   // 0x0890 (2192) pixels
0x74D6, 0x74D6, 0x74D6, 0x74D6, 0x74D6, 0x74D6, 0x74D6, 0x74D6, 0x74D6, 0x74D6, 0x74D6, 0x74D6, 0x74D6, 0x74D6, 0x74D6, 0x74D6,   // 0x08A0 (2208) pixels
0x74D6, 0x74D6, 0x74D6, 0x74D6, 0x74D6, 0x74D6, 0x74D6, 0x74D6, 0x74D6, 0x74D6, 0x74D6, 0x74D6, 0x74D6, 0x74D6, 0x74D6, 0x74D6,   // 0x08B0 (2224) pixels
0x74D6, 0x74D6, 0x74D6, 0x74D6, 0x74D6, 0x74D6, 0x74D6, 0x74D6, 0x74F6, 0x74F6, 0x74F6, 0x74F6, 0x74F6, 0x74F6, 0x74F6, 0x74F6,   // 0x08C0 (2240) pixels
0x74F7, 0x74F7, 0x74F7, 0x74F7, 0x74F7, 0x74F7, 0x74F7, 0x74F7, 0x74F7, 0x74F7, 0x74F7, 0x74F7, 0x74F7, 0x74F7, 0x74F7, 0x74F7,   // 0x08D0 (2256) pixels
0x74F7, 0x74F7, 0x74F7, 0x74F7, 0x74F7, 0x74F7, 0x74F7, 0x74F7, 0x74F7, 0x74F7, 0x74F7, 0x74F7, 0x74F7, 0x74F7, 0x74F7, 0x74F7,   // 0x08E0 (2272) pixels
0x74F7, 0x74F7, 0x74F7, 0x74F7, 0x74F7, 0x74F7, 0x74F7, 0x74F7, 0x74F7, 0x74F7, 0x74F7, 0x74F7, 0x74F7, 0x74F7, 0x74F7, 0x74F7,   // 0x08F0 (2288) pixels
0x74F7, 0x74F7, 0x74F7, 0x74F7, 0x74F7, 0x74F7, 0x74F7, 0x74F7, 0x74F7, 0x74F7, 0x74F7, 0x74F7, 0x74F7, 0x74F7, 0x74F7, 0x74F7,   // 0x0900 (2304) pixels
0x74F7, 0x74F7, 0x74F7, 0x74F7, 0x74F7, 0x74F7, 0x74F7, 0x74F7, 0x74F7, 0x74F7, 0x74F7, 0x74F7, 0x74F7, 0x74F7, 0x74F7, 0x74F7,   // 0x0910 (2320) pixels
0x74F7, 0x74F7, 0x74F7, 0x74F7, 0x74F7, 0x74F7, 0x74F7, 0x74F7, 0x74F7, 0x74F7, 0x74F7, 0x74F7, 0x74F7, 0x74F7, 0x74F7, 0x74F7,   // 0x0920 (2336) pixels
0x74F7, 0x74F7, 0x74F7, 0x74F7, 0x74F7, 0x74F7, 0x74F7, 0x74F7, 0x74F7, 0x74F7, 0x74F7, 0x74F7, 0x74F7, 0x7CF7, 0x7CF7, 0x7CF7,   // 0x0930 (2352) pixels
0x74D6, 0x74D6, 0x7CD6, 0x7CF7, 0x84F7, 0x84F7, 0x8D17, 0x8D17, 0x9538, 0x9D38, 0x9D58, 0xA559, 0xA579, 0xAD79, 0xAD79, 0xA559,   // 0x0940 (2368) pixels
0xA559, 0xA559, 0xA559, 0xA539, 0xA539, 0xA539, 0xAD39, 0xAD39, 0xAD39, 0xAD39, 0xAD39, 0xAD39, 0xAD39, 0xAD39, 0xAD39, 0xAD38,   // 0x0950 (2384) pixels
0xAD18, 0xAD18, 0xAD18, 0xA518, 0xACF8, 0xA4F8, 0xACF8, 0xACF8, 0xA4F7, 0xA4F7, 0xA4F7, 0xA4F7, 0xACF7, 0xA4F7, 0xA4F7, 0xA4F7,   // 0x0960 (2400) pixels
0xA4D7, 0xA4D7, 0xACD7, 0xACD7, 0xACF8, 0xACF8, 0xACD7, 0xACD7, 0xACD7, 0xACD7, 0xACD7, 0xACD7, 0xACD7, 0xACD7, 0xACD7, 0xACD7,   // 0x0970 (2416) pixels
0xACF8, 0xA4D7, 0xA4D7, 0xA4D7, 0xA4D7, 0xA4D7, 0xA4D8, 0xA4D7, 0xA4B7, 0xA4D7, 0xACD8, 0xACD7, 0xACD8, 0xACD7, 0xA4D7, 0xA4D7,   // 0x0980 (2432) pixels
0xA4D7, 0xA4D7, 0xACD7, 0xACD7, 0xACD7, 0xACD7, 0xACD7, 0xA4B7, 0xACD7, 0xACD7, 0xACD7, 0xACB7, 0xACB7, 0xACB7, 0xA4B7, 0xA4B7,   // 0x0990 (2448) pixels
0xA4B7, 0xA4B7, 0xA4B7, 0xA4B7, 0xA4B7, 0xA4B7, 0xA4B7, 0xA4B7, 0xA4B7, 0xA4B7, 0xA4B7, 0xA4B7, 0xA4B7, 0xA497, 0xA497, 0xA497,   // 0x09A0 (2464) pixels
0xA4B7, 0xA4B7, 0xA4B7, 0xA4B7, 0xA497, 0xA497, 0xA497, 0xA4B7, 0xA4B7, 0xA4B7, 0xA497, 0xA4B7, 0xA4B7, 0xA4B7, 0xA4B7, 0xA4B7,   // 0x09B0 (2480) pixels
0xA4B7, 0xA4B7, 0xA4B7, 0xA497, 0xA497, 0xA476, 0xA456, 0x9C56, 0x9415, 0x8C15, 0x8C15, 0x8C35, 0x8C56, 0x8C76, 0x8496, 0x8496,   // 0x09C0 (2496) pixels
0x7CB6, 0x7CD6, 0x74D6, 0x74F6, 0x74F6, 0x74F6, 0x74F6, 0x74F6, 0x74F6, 0x74F6, 0x74F6, 0x74F6, 0x74F6, 0x74F6, 0x74F6, 0x74F6,   // 0x09D0 (2512) pixels
0x74F6, 0x74F6, 0x74F6, 0x74F6, 0x74F6, 0x74F6, 0x74F6, 0x74F6, 0x74F6, 0x74F6, 0x74F6, 0x74F6, 0x74F6, 0x74F6, 0x74F6, 0x74F6,   // 0x09E0 (2528) pixels
0x74F6, 0x74F6, 0x74F6, 0x74F6, 0x74F6, 0x74F6, 0x74F6, 0x74F6, 0x74F6, 0x74F6, 0x74F6, 0x74F6, 0x74F6, 0x74F6, 0x74F6, 0x74F6,   // 0x09F0 (2544) pixels
0x74F6, 0x74F6, 0x74F6, 0x74F6, 0x74F6, 0x74F6, 0x74F6, 0x74F6, 0x74F6, 0x74F6, 0x74F6, 0x74F6, 0x74F6, 0x74F6, 0x74F6, 0x74F6,   // 0x0A00 (2560) pixels
0x74F7, 0x74F7, 0x74F7, 0x74F7, 0x74F7, 0x74F7, 0x74F7, 0x74F7, 0x74F7, 0x74F7, 0x74F7, 0x74F7, 0x74F7, 0x74F7, 0x74F7, 0x74F7,   // 0x0A10 (2576) pixels
0x74F7, 0x74F7, 0x74F7, 0x74F7, 0x74F7, 0x74F7, 0x74F7, 0x74F7, 0x74F7, 0x74F7, 0x74F7, 0x74F7, 0x74F7, 0x74F7, 0x74F7, 0x74F7,   // 0x0A20 (2592) pixels
0x74F7, 0x74F7, 0x74F7, 0x74F7, 0x74F7, 0x74F7, 0x74F7, 0x74F7, 0x74F7, 0x74F7, 0x74F7, 0x74F7, 0x74F7, 0x74F7, 0x74F7, 0x74F7,   // 0x0A30 (2608) pixels
0x74F7, 0x74F7, 0x74F7, 0x74F7, 0x74F7, 0x74F7, 0x74F7, 0x74F7, 0x74F7, 0x74F7, 0x74F7, 0x74F7, 0x74F7, 0x74F7, 0x74F7, 0x74F7,   // 0x0A40 (2624) pixels
0x74F7, 0x74F7, 0x74F7, 0x74F7, 0x74F7, 0x74F7, 0x74F7, 0x74F7, 0x74F7, 0x74F7, 0x74F7, 0x74F7, 0x74F7, 0x74F7, 0x74F7, 0x74F7,   // 0x0A50 (2640) pixels
0x74F7, 0x74F7, 0x74F7, 0x74F7, 0x74F7, 0x74F7, 0x74F7, 0x74F7, 0x74F6, 0x74F6, 0x74F6, 0x74F6, 0x74F6, 0x74F6, 0x74F6, 0x74F6,   // 0x0A60 (2656) pixels
0x74F7, 0x74F7, 0x74F7, 0x74F7, 0x74F7, 0x74F7, 0x74F7, 0x74F7, 0x74F6, 0x74F7, 0x74F7, 0x7CF7, 0x7CF6, 0x74D6, 0x7CD6, 0x7CD6,   // 0x0A70 (2672) pixels
0x7CD7, 0x7CD6, 0x84D6, 0x84D7, 0x8CF7, 0x9518, 0x9538, 0x9D59, 0xA579, 0xA579, 0xAD79, 0xAD79, 0xAD79, 0xAD59, 0xAD59, 0xAD38,   // 0x0A80 (2688) pixels
0xA518, 0xA518, 0xA518, 0xA4F8, 0xA4F7, 0xA4F8, 0xA4F8, 0xA518, 0xACF8, 0xACF8, 0xACF8, 0xACF8, 0xAD18, 0xAD18, 0xAD18, 0xAD18,   // 0x0A90 (2704) pixels
0xACF8, 0xA4F7, 0xA4F7, 0xA4F7, 0xA4D7, 0xA4D7, 0xA4D7, 0xA4D7, 0xA4D7, 0xA4D7, 0xA4D7, 0xA4D7, 0xACD7, 0xA4F7, 0xACD7, 0xA4F7,   // 0x0AA0 (2720) pixels
0xA4D7, 0xA4D7, 0xA4D7, 0xA4D7, 0xA4D7, 0xA4D7, 0xACD7, 0xACD7, 0xACD7, 0xACD7, 0xACD7, 0xACD7, 0xACD7, 0xACD7, 0xA4B7, 0xA4B7,   // 0x0AB0 (2736) pixels
0xACD8, 0xACD8, 0xACB8, 0xA4D7, 0xA4D8, 0xA4D7, 0xACD8, 0xACD8, 0xACD8, 0xACD8, 0xACD8, 0xACD8, 0xACD8, 0xACD8, 0xACD8, 0xACD8,   // 0x0AC0 (2752) pixels
0xA4D7, 0xA4D7, 0xACD8, 0xACD8, 0xACD8, 0xACD8, 0xACD7, 0xACD7, 0xACD8, 0xACD8, 0xACD8, 0xACD8, 0xACD7, 0xA4B7, 0xA4B7, 0xA4B7,   // 0x0AD0 (2768) pixels
0xA4B7, 0xA4B7, 0xA4B7, 0xA4B7, 0xA4B7, 0xA4B7, 0xA4B7, 0xA4B7, 0xA4B7, 0xA4B7, 0xA497, 0xA497, 0xA4B7, 0xA497, 0xA497, 0xA497,   // 0x0AE0 (2784) pixels
0xACB8, 0xA497, 0xA497, 0xA497, 0xA4B8, 0xA4B7, 0xA497, 0xA4B8, 0xA4B8, 0xA4B7, 0xA497, 0xA4B7, 0xA4B8, 0xA4B8, 0xA4B7, 0xA4B7,   // 0x0AF0 (2800) pixels
0x9CB7, 0x9CB7, 0x9C97, 0xA497, 0xA497, 0xA477, 0xA456, 0x9C36, 0x93F5, 0x8BF5, 0x83D4, 0x83D4, 0x83F4, 0x8435, 0x8456, 0x8496,   // 0x0B00 (2816) pixels
0x7CB6, 0x7CD6, 0x7CD6, 0x74D6, 0x74F6, 0x74F7, 0x74F6, 0x74F6, 0x74F6, 0x74F6, 0x74F6, 0x74F6, 0x74F6, 0x74F6, 0x74F6, 0x74F6,   // 0x0B10 (2832) pixels
0x74F6, 0x74F6, 0x74F6, 0x74F6, 0x74F6, 0x74F6, 0x74F6, 0x74F6, 0x74D6, 0x74D6, 0x74D6, 0x74D6, 0x74D6, 0x74D6, 0x74D6, 0x74D6,   // 0x0B20 (2848) pixels
0x74D6, 0x74D6, 0x74D6, 0x74D6, 0x74D6, 0x74D6, 0x74D6, 0x74D6, 0x74D6, 0x74D6, 0x74D6, 0x74D6, 0x74D6, 0x74D6, 0x74D6, 0x74D6,   // 0x0B30 (2864) pixels
0x74D6, 0x74D6, 0x74D6, 0x74D6, 0x74D6, 0x74D6, 0x74D6, 0x74D6, 0x74D6, 0x74D6, 0x74D6, 0x74D6, 0x74D6, 0x74D6, 0x74D6, 0x74D6,   // 0x0B40 (2880) pixels
0x74F7, 0x74F7, 0x74F7, 0x74F7, 0x74F7, 0x74F7, 0x74F7, 0x74F7, 0x74F7, 0x74F7, 0x74F7, 0x74F7, 0x74F7, 0x74F7, 0x74F7, 0x74F7,   // 0x0B50 (2896) pixels
0x74F7, 0x74F7, 0x74F7, 0x74F7, 0x74F7, 0x74F7, 0x74F7, 0x74F7, 0x74F7, 0x74F7, 0x74F7, 0x74F7, 0x74F7, 0x74F7, 0x74F7, 0x74F7,   // 0x0B60 (2912) pixels
0x74F7, 0x74F7, 0x74F7, 0x74F7, 0x74F7, 0x74F7, 0x74F7, 0x74F7, 0x74F7, 0x74F7, 0x74F7, 0x74F7, 0x74F7, 0x74F7, 0x74F7, 0x74F7,   // 0x0B70 (2928) pixels
0x74F7, 0x74F7, 0x74F7, 0x74F7, 0x74F7, 0x74F7, 0x74F7, 0x74F7, 0x74F7, 0x74F7, 0x74F7, 0x74F7, 0x74F7, 0x74F7, 0x74F7, 0x74F7,   // 0x0B80 (2944) pixels
0x74F7, 0x74F7, 0x74F7, 0x74F7, 0x74F7, 0x74F7, 0x74F7, 0x74F7, 0x74F7, 0x74F7, 0x74F7, 0x74F7, 0x74F7, 0x74F7, 0x74F7, 0x74F7,   // 0x0B90 (2960) pixels
0x74F7, 0x74F7, 0x74F7, 0x74F7, 0x74F7, 0x74F7, 0x74F7, 0x74F7, 0x74F7, 0x74F7, 0x74F7, 0x74F7, 0x74F7, 0x74F7, 0x74F7, 0x74F7,   // 0x0BA0 (2976) pixels
0x74F7, 0x74F7, 0x74F7, 0x74F7, 0x74F7, 0x74F7, 0x74F7, 0x74F6, 0x74F6, 0x74F6, 0x7CF7, 0x7CF6, 0x74D6, 0x7CB6, 0x7CD6, 0x7CB6,   // 0x0BB0 (2992) pixels
0x84B6, 0x8CD7, 0x8CF7, 0x9518, 0x9538, 0x9D38, 0xA559, 0xA559, 0xA538, 0xA538, 0xAD18, 0xAD38, 0xAD18, 0xAD18, 0xAD18, 0xACF8,   // 0x0BC0 (3008) pixels
0xACF8, 0xA518, 0xA4F8, 0xA4F7, 0xA4F7, 0xA4F7, 0xA4F8, 0xACF8, 0xACF8, 0xACF8, 0xACF8, 0xACF8, 0xACF8, 0xACF8, 0xACF8, 0xACF8,   // 0x0BD0 (3024) pixels
0xACF8, 0xACF8, 0xACF7, 0xACF7, 0xA4F7, 0xA4F7, 0xA4D7, 0xA4D7, 0xACD7, 0xACD7, 0xACD7, 0xACD7, 0xACD7, 0xACF7, 0xACF7, 0xACF7,   // 0x0BE0 (3040) pixels
0xA4D7, 0xA4D7, 0xA4D7, 0xA4D7, 0xA4D7, 0xA4D7, 0xA4D7, 0xA4D7, 0xACF8, 0xACF8, 0xACF8, 0xACF8, 0xACF8, 0xACF8, 0xACF8, 0xACF8,   // 0x0BF0 (3056) pixels
0xACD8, 0xACD8, 0xACD8, 0xACD8, 0xACD8, 0xACD8, 0xACD8, 0xACD8, 0xACD8, 0xACD8, 0xACD8, 0xACD8, 0xACD8, 0xACD8, 0xACD8, 0xACD8,   // 0x0C00 (3072) pixels
0xACD8, 0xACD8, 0xACD8, 0xACD8, 0xACD8, 0xACD8, 0xA4D7, 0xA4D7, 0xACD7, 0xA4D7, 0xACD7, 0xA4D7, 0xACD7, 0xACD8, 0xACD8, 0xACD8,   // 0x0C10 (3088) pixels
0xA4B7, 0xA4B7, 0xA4B7, 0xA4B7, 0xA4B7, 0xACB7, 0xACD8, 0xACD8, 0xA4B7, 0xA4B7, 0xA4B7, 0xA4B7, 0xA4B7, 0xA4B7, 0xA4B8, 0xA498,   // 0x0C20 (3104) pixels
0xA497, 0xA497, 0xA497, 0xA4B8, 0xA4B8, 0xA4B8, 0xA4B8, 0xA4B8, 0xA497, 0xA497, 0xA4B7, 0xA4B8, 0xA4B8, 0xA4B7, 0xA4B7, 0xA4B7,   // 0x0C30 (3120) pixels
0x9CB7, 0x9CB7, 0x9CB7, 0xA497, 0xA477, 0xA476, 0x9C36, 0x9C16, 0x93D5, 0x8BD4, 0x83B4, 0x7BB3, 0x7BB4, 0x83F5, 0x8435, 0x8476,   // 0x0C40 (3136) pixels
0x8496, 0x7CB6, 0x7CD6, 0x7CD6, 0x74D6, 0x74F6, 0x74F6, 0x74F6, 0x74F6, 0x74F6, 0x74F6, 0x74F6, 0x74F6, 0x74F6, 0x74F6, 0x74F6,   // 0x0C50 (3152) pixels
0x74F6, 0x74F6, 0x74F6, 0x74F6, 0x74F6, 0x74F6, 0x74F6, 0x74F6, 0x74F6, 0x74F6, 0x74F6, 0x74F6, 0x74F6, 0x74F6, 0x74F6, 0x74F6,   // 0x0C60 (3168) pixels
0x74F6, 0x74F6, 0x74F6, 0x74F6, 0x74F6, 0x74F6, 0x74F6, 0x74F6, 0x74F6, 0x74F6, 0x74F6, 0x74F6, 0x74F6, 0x74F6, 0x74F6, 0x74F6,   // 0x0C70 (3184) pixels
0x74F6, 0x74F6, 0x74F6, 0x74F6, 0x74F6, 0x74F6, 0x74F6, 0x74F6, 0x74F6, 0x74F6, 0x74F6, 0x74F6, 0x74F6, 0x74F6, 0x74F6, 0x74F6,   // 0x0C80 (3200) pixels
0x74F7, 0x74F7, 0x74F7, 0x74F7, 0x74F7, 0x74F7, 0x74F7, 0x74F7, 0x74F7, 0x74F7, 0x74F7, 0x74F7, 0x74F7, 0x74F7, 0x74F7, 0x74F7,   // 0x0C90 (3216) pixels
0x74F7, 0x74F7, 0x74F7, 0x74F7, 0x74F7, 0x74F7, 0x74F7, 0x74F7, 0x74F7, 0x74F7, 0x74F7, 0x74F7, 0x74F7, 0x74F7, 0x74F7, 0x74F7,   // 0x0CA0 (3232) pixels
0x74F7, 0x74F7, 0x74F7, 0x74F7, 0x74F7, 0x74F7, 0x74F7, 0x74F7, 0x74F7, 0x74F7, 0x74F7, 0x74F7, 0x74F7, 0x74F7, 0x74F7, 0x74F7,   // 0x0CB0 (3248) pixels
0x74F7, 0x74F7, 0x74F7, 0x74F7, 0x74F7, 0x74F7, 0x74F7, 0x74F7, 0x74F7, 0x74F7, 0x74F7, 0x74F7, 0x74F7, 0x74F7, 0x74F7, 0x74F7,   // 0x0CC0 (3264) pixels
0x74F7, 0x74F7, 0x74F7, 0x74F7, 0x74F7, 0x74F7, 0x74F7, 0x74F7, 0x74F7, 0x74F7, 0x74F7, 0x74F7, 0x74F7, 0x74F7, 0x74F7, 0x74F7,   // 0x0CD0 (3280) pixels
0x74F7, 0x74F7, 0x74F7, 0x74F7, 0x74F7, 0x74F7, 0x74F7, 0x74F7, 0x74F7, 0x74F7, 0x74F7, 0x74F7, 0x74F7, 0x74F7, 0x74F7, 0x74F7,   // 0x0CE0 (3296) pixels
0x7517, 0x74F7, 0x74F7, 0x74F7, 0x7517, 0x74F7, 0x74F7, 0x74F7, 0x74F6, 0x7CF6, 0x7CF6, 0x7CD6, 0x7CD6, 0x7CB6, 0x7CD6, 0x84D6,   // 0x0CF0 (3312) pixels
0x8CD7, 0x94F7, 0x9D38, 0xA559, 0xA559, 0xA559, 0xAD59, 0xAD39, 0xAD18, 0xAD18, 0xAD18, 0xAD18, 0xAD18, 0xACF8, 0xACF8, 0xACF8,   // 0x0D00 (3328) pixels
0xACF8, 0xACF8, 0xACF8, 0xACF8, 0xACF8, 0xACF8, 0xACF8, 0xACD8, 0xACD8, 0xACD8, 0xACD8, 0xACD8, 0xACD8, 0xACD8, 0xACD7, 0xA4D7,   // 0x0D10 (3344) pixels
0xACF8, 0xA4F8, 0xA4D7, 0xA4D7, 0xA4D7, 0xA4D7, 0xA4D7, 0xA4D7, 0xA4D7, 0xA4D7, 0xACD7, 0xACD7, 0xACD7, 0xACD7, 0xACD7, 0xA4D7,   // 0x0D20 (3360) pixels
0xA4F8, 0xA4F8, 0xA4F8, 0xA4F8, 0xA4F8, 0xA4F8, 0xA4F8, 0xA4D8, 0xA4D7, 0xA4D7, 0xA4D8, 0xA4D8, 0xA4D8, 0xA4D8, 0xACD8, 0xACD8,   // 0x0D30 (3376) pixels
0xACD8, 0xACD8, 0xACD8, 0xACD8, 0xACD8, 0xACD8, 0xA4B8, 0xA4D8, 0xA4D8, 0xA4D8, 0xA4D8, 0xA4D8, 0xA4D8, 0xA4D8, 0xA4D8, 0xA4D8,   // 0x0D40 (3392) pixels
0xACF8, 0xACF8, 0xACF8, 0xACF8, 0xA4D8, 0xA4D8, 0xA4D8, 0xA4D8, 0xA4B7, 0xA4B7, 0xA4B7, 0xA4B7, 0xA4B7, 0xA4B7, 0xA4B7, 0xA4B7,   // 0x0D50 (3408) pixels
0xA4B7, 0xA4B7, 0xA4B7, 0xA4B7, 0xA4B7, 0xA497, 0xA497, 0xA497, 0xA4B7, 0xA4B7, 0xA4B7, 0xA497, 0xA4B8, 0xA4B8, 0xA497, 0xA497,   // 0x0D60 (3424) pixels
0xA4B7, 0xA4B7, 0xA4B7, 0x9C97, 0x9C97, 0x9C97, 0xA4B7, 0x9CB7, 0x9C97, 0x9CB7, 0xA4B7, 0xA4B7, 0xA4B7, 0x9CB7, 0xA4B7, 0xA4B7,   // 0x0D70 (3440) pixels
0x9CB7, 0x9CB7, 0x9CB7, 0x9C97, 0x9C77, 0x9C56, 0x9C36, 0x93F5, 0x8BB4, 0x8394, 0x7B73, 0x7B73, 0x7B93, 0x7BB4, 0x83F5, 0x8435,   // 0x0D80 (3456) pixels
0x8476, 0x7C96, 0x7CB6, 0x7CD6, 0x7CD6, 0x74F6, 0x74F6, 0x74F6, 0x74F6, 0x74F6, 0x74F6, 0x74F6, 0x74F6, 0x74F6, 0x74F6, 0x74F6,   // 0x0D90 (3472) pixels
0x74F6, 0x74F6, 0x74F6, 0x74F6, 0x74F6, 0x74F6, 0x74F6, 0x74F6, 0x74F6, 0x74F6, 0x74F6, 0x74F6, 0x74F6, 0x74F6, 0x74F6, 0x74F6,   // 0x0DA0 (3488) pixels
0x74F6, 0x74F6, 0x74F6, 0x74F6, 0x74F6, 0x74F6, 0x74F6, 0x74F6, 0x74F6, 0x74F6, 0x74F6, 0x74F6, 0x74F6, 0x74F6, 0x74F6, 0x74F6,   // 0x0DB0 (3504) pixels
0x74F6, 0x74F6, 0x74F6, 0x74F6, 0x74F6, 0x74F6, 0x74F6, 0x74F6, 0x74F6, 0x74F6, 0x74F6, 0x74F6, 0x74F6, 0x74F6, 0x74F6, 0x74F6,   // 0x0DC0 (3520) pixels
0x74F7, 0x74F7, 0x74F7, 0x74F7, 0x74F7, 0x74F7, 0x74F7, 0x74F7, 0x74F7, 0x74F7, 0x74F7, 0x74F7, 0x74F7, 0x74F7, 0x74F7, 0x74F7,   // 0x0DD0 (3536) pixels
0x74F7, 0x74F7, 0x74F7, 0x74F7, 0x74F7, 0x74F7, 0x74F7, 0x74F7, 0x74F7, 0x74F7, 0x74F7, 0x74F7, 0x74F7, 0x74F7, 0x74F7, 0x74F7,   // 0x0DE0 (3552) pixels
0x74F7, 0x74F7, 0x74F7, 0x74F7, 0x74F7, 0x74F7, 0x74F7, 0x74F7, 0x74F7, 0x74F7, 0x74F7, 0x74F7, 0x74F7, 0x74F7, 0x74F7, 0x74F7,   // 0x0DF0 (3568) pixels
0x74F7, 0x74F7, 0x74F7, 0x74F7, 0x74F7, 0x74F7, 0x74F7, 0x74F7, 0x74F7, 0x74F7, 0x74F7, 0x74F7, 0x74F7, 0x74F7, 0x74F7, 0x74F7,   // 0x0E00 (3584) pixels
0x74F7, 0x74F7, 0x74F7, 0x74F7, 0x74F7, 0x74F7, 0x74F7, 0x74F7, 0x74F7, 0x74F7, 0x74F7, 0x74F7, 0x74F7, 0x74F7, 0x74F7, 0x74F7,   // 0x0E10 (3600) pixels
0x74F7, 0x74F7, 0x74F7, 0x74F7, 0x74F7, 0x74F7, 0x74F7, 0x74F7, 0x74F7, 0x74F7, 0x74F7, 0x74F7, 0x74F7, 0x74F7, 0x74F7, 0x74F7,   // 0x0E20 (3616) pixels
0x7517, 0x7517, 0x7517, 0x7517, 0x7517, 0x7517, 0x74F7, 0x74F6, 0x7CF7, 0x7CF7, 0x7CF7, 0x7CD6, 0x7CD6, 0x84D6, 0x8CF7, 0x9517,   // 0x0E30 (3632) pixels
0x9518, 0x9D38, 0xA559, 0xAD79, 0xAD59, 0xAD59, 0xAD39, 0xAD18, 0xAD38, 0xAD18, 0xAD18, 0xACF8, 0xB4F8, 0xB4F8, 0xB4F8, 0xACF8,   // 0x0E40 (3648) pixels
0xACF8, 0xACF8, 0xACF8, 0xACF8, 0xACF8, 0xACF8, 0xACF8, 0xACD8, 0xACD8, 0xACD8, 0xACD8, 0xACD8, 0xACD8, 0xACD8, 0xACD8, 0xACD8,   // 0x0E50 (3664) pixels
0xACF8, 0xA4F8, 0xACF8, 0xACF8, 0xACF8, 0xACF8, 0xACF8, 0xACF8, 0xA4D7, 0xA4D7, 0xACD7, 0xACD7, 0xACD7, 0xACD7, 0xACD7, 0xA4D8,   // 0x0E60 (3680) pixels
0xA4F8, 0xA4F8, 0xA4F8, 0xA4F8, 0xA4D8, 0xA4F8, 0xA4D8, 0xA4F8, 0xA4F8, 0xA4F8, 0xACF8, 0xACF8, 0xA4D8, 0xA4D8, 0xA4D8, 0xA4D8,   // 0x0E70 (3696) pixels
0xACD8, 0xACD8, 0xACD8, 0xACD8, 0xACD8, 0xACD8, 0xACD8, 0xACD8, 0xA4B8, 0xA4B8, 0xA4B8, 0xA4B8, 0xA4B8, 0xA4B8, 0xA4B8, 0xA4D8,   // 0x0E80 (3712) pixels
0xA4B8, 0xA4D8, 0xA4D8, 0xA4D8, 0xA4D8, 0xA4D8, 0xA4B7, 0xA4B7, 0xA4D8, 0xA4D8, 0xA4D8, 0xA4D8, 0xA4D8, 0xA4D8, 0xA4D8, 0xA4D8,   // 0x0E90 (3728) pixels
0xA4D7, 0xA4D7, 0xA4B7, 0xA4D7, 0xA4B7, 0xA4B7, 0xA4B7, 0xA4B7, 0xA4B7, 0xA4B7, 0xA4B7, 0xA4B7, 0xA4B8, 0xA4B8, 0xA4B8, 0xA4B8,   // 0x0EA0 (3744) pixels
0xA4B7, 0xA4B7, 0xA4B7, 0x9CB7, 0xA4B7, 0xA4D8, 0xA4D8, 0xA4B7, 0xA4B7, 0xA4B7, 0xA4B7, 0xA4B7, 0xA4B7, 0xA4B7, 0xA4B7, 0xA4B7,   // 0x0EB0 (3760) pixels
0xA4B7, 0xA4B7, 0x9C97, 0x9C77, 0x9C76, 0x9C56, 0x9415, 0x8BF5, 0x8BB4, 0x8394, 0x7B53, 0x7332, 0x7353, 0x7B94, 0x83D5, 0x8415,   // 0x0EC0 (3776) pixels
0x8456, 0x8476, 0x8496, 0x7CD6, 0x7CD7, 0x7CF7, 0x74F6, 0x74F7, 0x74F7, 0x74F7, 0x74F7, 0x74F7, 0x74F7, 0x74F7, 0x74F7, 0x74F7,   // 0x0ED0 (3792) pixels
0x74F7, 0x74F7, 0x74F7, 0x74F7, 0x74F7, 0x74F7, 0x74F7, 0x74F7, 0x74F6, 0x74F6, 0x74F6, 0x74F6, 0x74F6, 0x74F6, 0x74F6, 0x74F6,   // 0x0EE0 (3808) pixels
0x74F6, 0x74F6, 0x74F6, 0x74F6, 0x74F6, 0x74F6, 0x74F6, 0x74F6, 0x74F6, 0x74F6, 0x74F6, 0x74F6, 0x74F6, 0x74F6, 0x74F6, 0x74F6,   // 0x0EF0 (3824) pixels
0x74F6, 0x74F6, 0x74F6, 0x74F6, 0x74F6, 0x74F6, 0x74F6, 0x74F6, 0x74F6, 0x74F6, 0x74F6, 0x74F6, 0x74F6, 0x74F6, 0x74F6, 0x74F6,   // 0x0F00 (3840) pixels
0x7D17, 0x7D17, 0x7D17, 0x7D17, 0x7D17, 0x7D17, 0x7D17, 0x7D17, 0x7D17, 0x7D17, 0x7D17, 0x7D17, 0x7D17, 0x7D17, 0x7D17, 0x7D17,   // 0x0F10 (3856) pixels
0x7D17, 0x7D17, 0x7D17, 0x7D17, 0x7D17, 0x7D17, 0x7D17, 0x7D17, 0x7D17, 0x7D17, 0x7D17, 0x7D17, 0x7D17, 0x7D17, 0x7D17, 0x7D17,   // 0x0F20 (3872) pixels
0x7D17, 0x7D17, 0x7D17, 0x7D17, 0x7D17, 0x7D17, 0x7D17, 0x7D17, 0x7D17, 0x7D17, 0x7D17, 0x7D17, 0x7D17, 0x7D17, 0x7D17, 0x7D17,   // 0x0F30 (3888) pixels
0x7D17, 0x7D17, 0x7D17, 0x7D17, 0x7D17, 0x7D17, 0x7D17, 0x7D17, 0x7D17, 0x7D17, 0x7D17, 0x7D17, 0x7D17, 0x7D17, 0x7D17, 0x7D17,   // 0x0F40 (3904) pixels
0x7D17, 0x7D17, 0x7D17, 0x7D17, 0x7D17, 0x7D17, 0x7D17, 0x7D17, 0x7D17, 0x7D17, 0x7D17, 0x7D17, 0x7D17, 0x7D17, 0x7D17, 0x7D17,   // 0x0F50 (3920) pixels
0x7D17, 0x7D17, 0x7D17, 0x7D17, 0x7D17, 0x7D17, 0x7D17, 0x7D17, 0x7D17, 0x7D17, 0x7D17, 0x7D17, 0x7D17, 0x7D17, 0x7D17, 0x7D17,   // 0x0F60 (3936) pixels
0x7517, 0x7517, 0x7517, 0x7517, 0x7517, 0x7517, 0x74F6, 0x74F6, 0x7CF7, 0x7CF6, 0x7CF6, 0x84D6, 0x84D6, 0x8CF7, 0x9517, 0x9D38,   // 0x0F70 (3952) pixels
0xA539, 0xAD59, 0xAD59, 0xAD59, 0xAD59, 0xAD38, 0xAD38, 0xAD18, 0xAD18, 0xAD18, 0xACF8, 0xACF8, 0xACF8, 0xACF8, 0xB4D8, 0xACF8,   // 0x0F80 (3968) pixels
0xACF8, 0xACF8, 0xACF8, 0xACF8, 0xACF8, 0xACF8, 0xACF8, 0xACD8, 0xACF8, 0xACF8, 0xACD8, 0xACF8, 0xACF8, 0xACF8, 0xACF8, 0xACF8,   // 0x0F90 (3984) pixels
0xA4F8, 0xA4F8, 0xA4F8, 0xACF8, 0xACF8, 0xACF8, 0xACF8, 0xACF8, 0xA4D8, 0xA4D8, 0xACD8, 0xACD8, 0xACD8, 0xACD8, 0xACD8, 0xACF8,   // 0x0FA0 (4000) pixels
0xA4D8, 0xA4D8, 0xA4D8, 0xA4D8, 0xA4D8, 0xA4D8, 0xA4D8, 0xA4D8, 0xA4D8, 0xA4D8, 0xACD8, 0xACD8, 0xACD8, 0xACD8, 0xACD8, 0xACD8,   // 0x0FB0 (4016) pixels
0xA4B8, 0xA4B8, 0xA4B8, 0xA4B8, 0xA4B8, 0xA4B8, 0xA4B8, 0xA4B8, 0xA4D8, 0xA4D8, 0xA4D8, 0xA4D8, 0xA4D8, 0xA4D8, 0xA4D8, 0xA4D8,   // 0x0FC0 (4032) pixels
0xA4D8, 0xA4D8, 0xA4D8, 0xA4D8, 0xA4D8, 0xA4D8, 0xA4D8, 0xA4D8, 0xA4B8, 0xA4B8, 0xA4B8, 0xA4D8, 0xA4D8, 0xA4D8, 0xA4D8, 0xA4D8,   // 0x0FD0 (4048) pixels
0xA4D8, 0xA4D8, 0xA4D8, 0xA4D8, 0xACF8, 0xACF8, 0xACF8, 0xACF8, 0xA4D8, 0xA4D8, 0xA4D8, 0xA4D8, 0xACF8, 0xACF9, 0xACF9, 0xACF9,   // 0x0FE0 (4064) pixels
0xA4D8, 0xA4F8, 0xACF8, 0xAD19, 0xAD19, 0xACF8, 0xA4D8, 0xA4B7, 0xA4B7, 0xA4D8, 0xA4B7, 0xA4B7, 0xA497, 0xA4B7, 0xA4B7, 0xA4B7,   // 0x0FF0 (4080) pixels
0xA497, 0xA497, 0x9C97, 0x9C77, 0x9C56, 0x9436, 0x93F5, 0x8BD5, 0x83B4, 0x8374, 0x7B53, 0x7332, 0x7B33, 0x7B74, 0x83B5, 0x83F5,   // 0x1000 (4096) pixels
0x8436, 0x8455, 0x8476, 0x84B6, 0x84D7, 0x7CF7, 0x7CF7, 0x7D17, 0x74F7, 0x74F7, 0x74F7, 0x74F7, 0x7517, 0x7517, 0x7517, 0x7517,   // 0x1010 (4112) pixels
0x74F7, 0x74F7, 0x74F7, 0x74F7, 0x74F7, 0x74F7, 0x74F7, 0x74F7, 0x74F7, 0x74F7, 0x74F7, 0x74F7, 0x74F7, 0x74F7, 0x74F7, 0x74F7,   // 0x1020 (4128) pixels
0x74F7, 0x74F7, 0x74F7, 0x74F7, 0x74F7, 0x74F7, 0x74F7, 0x74F7, 0x74F7, 0x74F7, 0x74F7, 0x74F7, 0x74F7, 0x74F7, 0x74F7, 0x74F7,   // 0x1030 (4144) pixels
0x74F7, 0x74F7, 0x74F7, 0x74F7, 0x74F7, 0x74F7, 0x74F7, 0x74F7, 0x74F7, 0x74F7, 0x74F7, 0x74F7, 0x74F7, 0x74F7, 0x74F7, 0x74F7,   // 0x1040 (4160) pixels
0x7D17, 0x7D17, 0x7D17, 0x7D17, 0x7D17, 0x7D17, 0x7D17, 0x7D17, 0x7D17, 0x7D17, 0x7D17, 0x7D17, 0x7D17, 0x7D17, 0x7D17, 0x7D17,   // 0x1050 (4176) pixels
0x7D17, 0x7D17, 0x7D17, 0x7D17, 0x7D17, 0x7D17, 0x7D17, 0x7D17, 0x7D17, 0x7D17, 0x7D17, 0x7D17, 0x7D17, 0x7D17, 0x7D17, 0x7D17,   // 0x1060 (4192) pixels
0x7D17, 0x7D17, 0x7D17, 0x7D17, 0x7D17, 0x7D17, 0x7D17, 0x7D17, 0x7D17, 0x7D17, 0x7D17, 0x7D17, 0x7D17, 0x7D17, 0x7D17, 0x7D17,   // 0x1070 (4208) pixels
0x7D17, 0x7D17, 0x7D17, 0x7D17, 0x7D17, 0x7D17, 0x7D17, 0x7D17, 0x7D17, 0x7D17, 0x7D17, 0x7D17, 0x7D17, 0x7D17, 0x7D17, 0x7D17,   // 0x1080 (4224) pixels
0x7D17, 0x7D17, 0x7D17, 0x7D17, 0x7D17, 0x7D17, 0x7D17, 0x7D17, 0x7D17, 0x7D17, 0x7D17, 0x7D17, 0x7D17, 0x7D17, 0x7D17, 0x7D17,   // 0x1090 (4240) pixels
0x7D17, 0x7D17, 0x7D17, 0x7D17, 0x7D17, 0x7D17, 0x7D17, 0x7D17, 0x7D17, 0x7D17, 0x7D17, 0x7D17, 0x7D17, 0x7D17, 0x7D17, 0x7D17,   // 0x10A0 (4256) pixels
0x7517, 0x7517, 0x7517, 0x7517, 0x7517, 0x7517, 0x74F7, 0x7CF6, 0x7CF6, 0x7CF6, 0x84F6, 0x84F6, 0x8CF7, 0x9517, 0x9D58, 0xA559,   // 0x10B0 (4272) pixels
0xAD79, 0xAD59, 0xAD39, 0xAD38, 0xAD38, 0xAD38, 0xAD38, 0xAD39, 0xAD18, 0xACF8, 0xACF8, 0xACF8, 0xACD8, 0xACF8, 0xACF8, 0xACF8,   // 0x10C0 (4288) pixels
0xACD8, 0xACD8, 0xACF8, 0xACF8, 0xACF8, 0xACF8, 0xACF8, 0xACD8, 0xACF8, 0xACF8, 0xACD8, 0xACF8, 0xACF8, 0xACF8, 0xACF8, 0xA4F8,   // 0x10D0 (4304) pixels
0xA4F8, 0xA4F8, 0xA4F8, 0xA4F8, 0xA4D8, 0xA4D8, 0xA4D8, 0xA4D8, 0xA4D8, 0xA4D8, 0xACD8, 0xACD8, 0xACD8, 0xACD8, 0xACD8, 0xACD8,   // 0x10E0 (4320) pixels
0xA4D8, 0xA4D8, 0xA4D8, 0xACD8, 0xACD8, 0xACD8, 0xACD8, 0xACD8, 0xACD8, 0xACD8, 0xACD8, 0xACD8, 0xACD8, 0xACD8, 0xACD8, 0xACD8,   // 0x10F0 (4336) pixels
0xACD8, 0xACD8, 0xACD8, 0xACD8, 0xACD8, 0xACD8, 0xA4D8, 0xA4D8, 0xA4D8, 0xA4D8, 0xA4B8, 0xA4B8, 0xA4B8, 0xA4B8, 0xA4B8, 0xA4B8,   // 0x1100 (4352) pixels
0xA4B8, 0xA4B8, 0xA4B8, 0xA4B8, 0xA4B8, 0xA4B8, 0xA4B8, 0xA4B8, 0xA4B8, 0xA4B8, 0xA4B8, 0xA4B7, 0x9CB7, 0x9C97, 0x9C97, 0x9C97,   // 0x1110 (4368) pixels
0x9C97, 0x9C96, 0x9C97, 0x9C96, 0x9C76, 0x9476, 0x9476, 0x9476, 0x9456, 0x9456, 0x9436, 0x8C35, 0x8C35, 0x8C35, 0x8C15, 0x8C15,   // 0x1120 (4384) pixels
0x8C35, 0x8C15, 0x8C15, 0x8C15, 0x8C15, 0x8C35, 0x9456, 0x9C97, 0xA4B7, 0xA4B7, 0xA4B7, 0xA497, 0xA497, 0xA4B7, 0xA4B7, 0xA497,   // 0x1130 (4400) pixels
0xA497, 0x9C97, 0x9C77, 0x9C56, 0x9436, 0x9436, 0x8BF5, 0x8BB4, 0x8394, 0x7B73, 0x7B33, 0x7312, 0x7B33, 0x7B74, 0x83B5, 0x8BD5,   // 0x1140 (4416) pixels
0x8435, 0x7C35, 0x7C35, 0x8496, 0x84D7, 0x7CF7, 0x7CF7, 0x7CF7, 0x7D17, 0x7D17, 0x7D17, 0x7517, 0x7517, 0x7517, 0x7517, 0x7517,   // 0x1150 (4432) pixels
0x7517, 0x74F7, 0x74F7, 0x74F7, 0x74F7, 0x74F7, 0x74F7, 0x74F7, 0x7D17, 0x7D17, 0x7D17, 0x7D17, 0x7D17, 0x7D17, 0x7D17, 0x7D17,   // 0x1160 (4448) pixels
0x7D17, 0x7D17, 0x7D17, 0x7D17, 0x7D17, 0x7D17, 0x7D17, 0x7D17, 0x7D17, 0x7D17, 0x7D17, 0x7D17, 0x7D17, 0x7D17, 0x7D17, 0x7D17,   // 0x1170 (4464) pixels
0x7D17, 0x7D17, 0x7D17, 0x7D17, 0x7D17, 0x7D17, 0x7D17, 0x7D17, 0x7D17, 0x7D17, 0x7D17, 0x7D17, 0x7D17, 0x7D17, 0x7D17, 0x7D17,   // 0x1180 (4480) pixels
0x7D17, 0x7D17, 0x7D17, 0x7D17, 0x7D17, 0x7D17, 0x7D17, 0x7D17, 0x7D17, 0x7D17, 0x7D17, 0x7D17, 0x7D17, 0x7D17, 0x7D17, 0x7D17,   // 0x1190 (4496) pixels
0x7D17, 0x7D17, 0x7D17, 0x7D17, 0x7D17, 0x7D17, 0x7D17, 0x7D17, 0x7D17, 0x7D17, 0x7D17, 0x7D17, 0x7D17, 0x7D17, 0x7D17, 0x7D17,   // 0x11A0 (4512) pixels
0x7D17, 0x7D17, 0x7D17, 0x7D17, 0x7D17, 0x7D17, 0x7D17, 0x7D17, 0x7D17, 0x7D17, 0x7D17, 0x7D17, 0x7D17, 0x7D17, 0x7D17, 0x7D17,   // 0x11B0 (4528) pixels
0x7D17, 0x7D17, 0x7D17, 0x7D17, 0x7D17, 0x7D17, 0x7D17, 0x7D17, 0x7D17, 0x7D17, 0x7D17, 0x7D17, 0x7D17, 0x7D17, 0x7D17, 0x7D17,   // 0x11C0 (4544) pixels
0x7D17, 0x7D17, 0x7D17, 0x7D17, 0x7D17, 0x7D17, 0x7D17, 0x7D17, 0x7D17, 0x7D17, 0x7D17, 0x7D17, 0x7D17, 0x7D17, 0x7D17, 0x7D17,   // 0x11D0 (4560) pixels
0x7D17, 0x7D17, 0x7D17, 0x7D17, 0x7D17, 0x7D17, 0x7D17, 0x7D17, 0x74F7, 0x74F7, 0x74F7, 0x74F7, 0x74F7, 0x74F7, 0x74F7, 0x74F7,   // 0x11E0 (4576) pixels
0x7517, 0x7517, 0x7517, 0x7517, 0x7517, 0x7D17, 0x7D17, 0x7D17, 0x7CF6, 0x7CF6, 0x84F6, 0x8D17, 0x9537, 0x9D58, 0xA559, 0xA559,   // 0x11F0 (4592) pixels
0xAD59, 0xAD38, 0xAD38, 0xAD18, 0xAD38, 0xAD38, 0xAD18, 0xAD18, 0xACF8, 0xACF8, 0xACF8, 0xACF8, 0xACF8, 0xACF8, 0xACF8, 0xACF8,   // 0x1200 (4608) pixels
0xACD8, 0xACD8, 0xACD8, 0xACF8, 0xACF8, 0xACF8, 0xACF8, 0xACF8, 0xACF8, 0xACF8, 0xACF8, 0xACF8, 0xACF8, 0xAD18, 0xACF8, 0xACF8,   // 0x1210 (4624) pixels
0xACF8, 0xACF8, 0xACF8, 0xACF8, 0xACF8, 0xACF8, 0xACF8, 0xACF8, 0xACF8, 0xACF8, 0xACD8, 0xACD8, 0xACD8, 0xACD8, 0xACD8, 0xACD8,   // 0x1220 (4640) pixels
0xACF8, 0xACD9, 0xACD8, 0xACD8, 0xACD8, 0xACD8, 0xACD8, 0xACD8, 0xACD8, 0xACD8, 0xACD8, 0xACD8, 0xACB8, 0xACB8, 0xACB8, 0xACB8,   // 0x1230 (4656) pixels
0xACD8, 0xACD8, 0xACD8, 0xACB8, 0xA4B8, 0xA4B7, 0xA4B8, 0xA4B7, 0xACF8, 0xACF8, 0xA4D8, 0xA4D8, 0xA4B8, 0xA4B7, 0x9CB7, 0x9CB7,   // 0x1240 (4672) pixels
0x9C97, 0x9C97, 0x9C97, 0x9C97, 0x9C97, 0x9C97, 0x9C97, 0x9C97, 0x9436, 0x9436, 0x8C35, 0x8C15, 0x8C15, 0x8BF5, 0x83F4, 0x83F4,   // 0x1250 (4688) pixels
0x7BB3, 0x7BB3, 0x7B93, 0x7B93, 0x7B92, 0x7392, 0x7372, 0x7372, 0x7352, 0x6B52, 0x6B31, 0x6B31, 0x6B11, 0x6B11, 0x62F1, 0x62F0,   // 0x1260 (4704) pixels
0x62F0, 0x62CF, 0x62D0, 0x62F0, 0x62CF, 0x62D0, 0x7B52, 0x8BF4, 0x9C56, 0xA497, 0xACD8, 0xA4B7, 0xA497, 0xA497, 0xA4B7, 0xA497,   // 0x1270 (4720) pixels
0xA497, 0xA497, 0x9C77, 0x9C57, 0x9436, 0x9416, 0x8BD5, 0x83B4, 0x7B74, 0x7B53, 0x7312, 0x7312, 0x7313, 0x7B54, 0x8B95, 0x8BD5,   // 0x1280 (4736) pixels
0x8C15, 0x7BF4, 0x7C14, 0x7C75, 0x84D7, 0x7CF7, 0x7CF7, 0x7CF7, 0x7D17, 0x7D17, 0x7D17, 0x7517, 0x7517, 0x7517, 0x7517, 0x7517,   // 0x1290 (4752) pixels
0x7517, 0x7D17, 0x7D17, 0x7D17, 0x7D17, 0x7D17, 0x7D17, 0x7D17, 0x7D17, 0x7D17, 0x7D17, 0x7D17, 0x7D17, 0x7D17, 0x7D17, 0x7D17,   // 0x12A0 (4768) pixels
0x7D17, 0x7D17, 0x7D17, 0x7D17, 0x7D17, 0x7D17, 0x7D17, 0x7D17, 0x7D17, 0x7D17, 0x7D17, 0x7D17, 0x7D17, 0x7D17, 0x7D17, 0x7D17,   // 0x12B0 (4784) pixels
0x7D17, 0x7D17, 0x7D17, 0x7D17, 0x7D17, 0x7D17, 0x7D17, 0x7D17, 0x7D17, 0x7D17, 0x7D17, 0x7D17, 0x7D17, 0x7D17, 0x7D17, 0x7D17,   // 0x12C0 (4800) pixels
0x7D17, 0x7D17, 0x7D17, 0x7D17, 0x7D17, 0x7D17, 0x7D17, 0x7D17, 0x7D17, 0x7D17, 0x7D17, 0x7D17, 0x7D17, 0x7D17, 0x7D17, 0x7D17,   // 0x12D0 (4816) pixels
0x7D17, 0x7D17, 0x7D17, 0x7D17, 0x7D17, 0x7D17, 0x7D17, 0x7D17, 0x7D17, 0x7D17, 0x7D17, 0x7D17, 0x7D17, 0x7D17, 0x7D17, 0x7D17,   // 0x12E0 (4832) pixels
0x7D17, 0x7D17, 0x7D17, 0x7D17, 0x7D17, 0x7D17, 0x7D17, 0x7D17, 0x7D17, 0x7D17, 0x7D17, 0x7D17, 0x7D17, 0x7D17, 0x7D17, 0x7D17,   // 0x12F0 (4848) pixels
0x7D17, 0x7D17, 0x7D17, 0x7D17, 0x7D17, 0x7D17, 0x7D17, 0x7D17, 0x7D17, 0x7D17, 0x7D17, 0x7D17, 0x7D17, 0x7D17, 0x7D17, 0x7D17,   // 0x1300 (4864) pixels
0x7D17, 0x7D17, 0x7D17, 0x7D17, 0x7D17, 0x7D17, 0x7D17, 0x7D17, 0x7D17, 0x7D17, 0x7D17, 0x7D17, 0x7D17, 0x7D17, 0x7D17, 0x7D17,   // 0x1310 (4880) pixels
0x7D17, 0x7D17, 0x7D17, 0x7D17, 0x7D17, 0x7D17, 0x7D17, 0x7D17, 0x7D17, 0x7D17, 0x7D17, 0x7D17, 0x7D17, 0x7D17, 0x7D17, 0x7D17,   // 0x1320 (4896) pixels
0x7517, 0x7517, 0x7517, 0x7517, 0x7D17, 0x7D17, 0x7D17, 0x7D17, 0x84F7, 0x84F6, 0x8D17, 0x9538, 0xA558, 0xA579, 0xAD79, 0xAD59,   // 0x1330 (4912) pixels
0xAD59, 0xAD38, 0xAD18, 0xAD18, 0xAD18, 0xAD18, 0xACF8, 0xA4F8, 0xA4D8, 0xA4D8, 0xACD8, 0xACD8, 0xACD8, 0xACF8, 0xACD8, 0xACD8,   // 0x1340 (4928) pixels
0xACF8, 0xACF8, 0xACF8, 0xACF9, 0xAD19, 0xB519, 0xAD19, 0xAD19, 0xAD19, 0xAD19, 0xAD19, 0xAD19, 0xAD39, 0xAD39, 0xAD39, 0xAD39,   // 0x1350 (4944) pixels
0xB53A, 0xB53A, 0xB53A, 0xB53A, 0xB53A, 0xB539, 0xB539, 0xB539, 0xB519, 0xB519, 0xAD19, 0xAD19, 0xACF9, 0xACF9, 0xACF9, 0xACF8,   // 0x1360 (4960) pixels
0xACD8, 0xACD8, 0xA4B8, 0xA4B8, 0xA4B8, 0xA4B8, 0xA498, 0xA498, 0x9C77, 0x9C77, 0x9C56, 0x9C56, 0x9436, 0x9436, 0x9415, 0x9415,   // 0x1370 (4976) pixels
0x8BF5, 0x8BF4, 0x8BF4, 0x83D4, 0x83D4, 0x83D4, 0x83B3, 0x83B3, 0x7B72, 0x7372, 0x7352, 0x7352, 0x7331, 0x6B31, 0x6B11, 0x6B11,   // 0x1380 (4992) pixels
0x62F1, 0x62F0, 0x62F1, 0x62F0, 0x62F0, 0x62D0, 0x62D0, 0x5AD0, 0x62D0, 0x62D0, 0x62D0, 0x62D0, 0x62D0, 0x62D0, 0x62D0, 0x62D0,   // 0x1390 (5008) pixels
0x62F0, 0x5AEF, 0x5AEF, 0x5AEF, 0x5AF0, 0x62F0, 0x6310, 0x6310, 0x6331, 0x6331, 0x6331, 0x6B31, 0x6B51, 0x6B52, 0x6B52, 0x6B71,   // 0x13A0 (5024) pixels
0x7372, 0x7372, 0x7392, 0x7372, 0x62CF, 0x524D, 0x5A8F, 0x6B11, 0x8C14, 0x9C76, 0xACD8, 0xACB8, 0xA497, 0xA497, 0xA497, 0xA4B7,   // 0x13B0 (5040) pixels
0xA497, 0xA497, 0x9C77, 0x9C57, 0x9436, 0x9416, 0x8BD5, 0x8394, 0x7B53, 0x7313, 0x72F2, 0x72F2, 0x7B13, 0x7B34, 0x8B95, 0x8BB5,   // 0x13C0 (5056) pixels
0x8BF5, 0x7BD4, 0x73D4, 0x7C55, 0x84B6, 0x84D7, 0x7CD6, 0x7CF7, 0x7D17, 0x7D17, 0x7D17, 0x7D17, 0x7D17, 0x7517, 0x7517, 0x7517,   // 0x13D0 (5072) pixels
0x7517, 0x7D17, 0x7D17, 0x7D17, 0x7D17, 0x7D17, 0x7D17, 0x7D17, 0x74F7, 0x74F7, 0x74F7, 0x74F7, 0x74F7, 0x74F7, 0x74F7, 0x74F7,   // 0x13E0 (5088) pixels
0x74F7, 0x74F7, 0x74F7, 0x74F7, 0x74F7, 0x74F7, 0x74F7, 0x74F7, 0x74F7, 0x74F7, 0x74F7, 0x74F7, 0x74F7, 0x74F7, 0x74F7, 0x74F7,   // 0x13F0 (5104) pixels
0x74F7, 0x74F7, 0x74F7, 0x74F7, 0x74F7, 0x74F7, 0x74F7, 0x74F7, 0x74F7, 0x74F7, 0x74F7, 0x74F7, 0x74F7, 0x74F7, 0x74F7, 0x74F7,   // 0x1400 (5120) pixels
0x7D17, 0x7D17, 0x7D17, 0x7D17, 0x7D17, 0x7D17, 0x7D17, 0x7D17, 0x7D17, 0x7D17, 0x7D17, 0x7D17, 0x7D17, 0x7D17, 0x7D17, 0x7D17,   // 0x1410 (5136) pixels
0x7D17, 0x7D17, 0x7D17, 0x7D17, 0x7D17, 0x7D17, 0x7D17, 0x7D17, 0x7D17, 0x7D17, 0x7D17, 0x7D17, 0x7D17, 0x7D17, 0x7D17, 0x7D17,   // 0x1420 (5152) pixels
0x7D17, 0x7D17, 0x7D17, 0x7D17, 0x7D17, 0x7D17, 0x7D17, 0x7D17, 0x7D17, 0x7D17, 0x7D17, 0x7D17, 0x7D17, 0x7D17, 0x7D17, 0x7D17,   // 0x1430 (5168) pixels
0x7D17, 0x7D17, 0x7D17, 0x7D17, 0x7D17, 0x7D17, 0x7D17, 0x7D17, 0x7D17, 0x7D17, 0x7D17, 0x7D17, 0x7D17, 0x7D17, 0x7D17, 0x7D17,   // 0x1440 (5184) pixels
0x7D17, 0x7D17, 0x7D17, 0x7D17, 0x7D17, 0x7D17, 0x7D17, 0x7D17, 0x7D17, 0x7D17, 0x7D17, 0x7D17, 0x7D17, 0x7D17, 0x7D17, 0x7D17,   // 0x1450 (5200) pixels
0x7D17, 0x7D17, 0x7D17, 0x7D17, 0x7D17, 0x7D17, 0x7D17, 0x7D17, 0x7517, 0x7517, 0x7517, 0x7517, 0x7517, 0x7517, 0x7517, 0x7517,   // 0x1460 (5216) pixels
0x7517, 0x7517, 0x7517, 0x7517, 0x7D17, 0x7CF7, 0x8517, 0x8D18, 0x84F7, 0x8CF7, 0x9538, 0xA559, 0xAD79, 0xAD79, 0xAD59, 0xAD38,   // 0x1470 (5232) pixels
0xAD38, 0xACF7, 0xAD18, 0xAD38, 0xA4D7, 0xACF8, 0xB539, 0xACF8, 0xACF8, 0xACF8, 0xA4D8, 0xA4D8, 0xACD8, 0xACD8, 0xACD8, 0xA4B8,   // 0x1480 (5248) pixels
0xACD8, 0xA4D8, 0xACD8, 0xACF8, 0xACF8, 0xA4D8, 0xA4D8, 0xA4D8, 0xA4D8, 0xA4D8, 0xA4B7, 0xA4B7, 0xA4B7, 0x9CB7, 0x9C97, 0x9C97,   // 0x1490 (5264) pixels
0x9C97, 0x9C97, 0x9497, 0x9477, 0x9477, 0x9477, 0x9477, 0x9477, 0x9477, 0x9477, 0x9456, 0x8C56, 0x8C36, 0x8C15, 0x8415, 0x83F5,   // 0x14A0 (5280) pixels
0x83F5, 0x83F5, 0x83D4, 0x83D4, 0x83B4, 0x83B4, 0x83B4, 0x83B4, 0x7B93, 0x7B93, 0x7B93, 0x7393, 0x7373, 0x7373, 0x7373, 0x7372,   // 0x14B0 (5296) pixels
0x7372, 0x7352, 0x6B52, 0x6B31, 0x6B31, 0x6B31, 0x6B31, 0x6B31, 0x62F0, 0x62F0, 0x62F0, 0x5AF0, 0x62D0, 0x5AD0, 0x5AD0, 0x5AF0,   // 0x14C0 (5312) pixels
0x52CF, 0x52CF, 0x52D0, 0x52CF, 0x5AF0, 0x5AF0, 0x5B10, 0x5B10, 0x5B10, 0x5B10, 0x6311, 0x6331, 0x6351, 0x6B51, 0x6B52, 0x6B71,   // 0x14D0 (5328) pixels
0x6B91, 0x6B91, 0x6BB2, 0x6BB2, 0x73D2, 0x73F3, 0x73F3, 0x7413, 0x7C34, 0x7C34, 0x7C34, 0x8454, 0x8455, 0x8475, 0x8C95, 0x8C95,   // 0x14E0 (5344) pixels
0x94D6, 0x94B6, 0x94D6, 0x94D7, 0x73D3, 0x52CF, 0x5ACF, 0x5AAF, 0x7BB3, 0xA497, 0xACD8, 0xA497, 0xACB8, 0xACB8, 0xA4B8, 0xACD8,   // 0x14F0 (5360) pixels
0xA4B8, 0x9C97, 0x9C77, 0x9457, 0x9436, 0x8BF6, 0x83B5, 0x8374, 0x7B54, 0x72F2, 0x6AD2, 0x72F2, 0x7313, 0x7B54, 0x8B96, 0x8BB6,   // 0x1500 (5376) pixels
0x8BD5, 0x7B74, 0x7373, 0x7BF4, 0x8496, 0x84D6, 0x7CF6, 0x7D17, 0x7CF7, 0x7CF7, 0x7CF8, 0x7518, 0x7518, 0x7517, 0x7517, 0x7517,   // 0x1510 (5392) pixels
0x7517, 0x7D17, 0x7D17, 0x7D17, 0x7D17, 0x7D17, 0x7D17, 0x7D17, 0x7D17, 0x7D17, 0x7D17, 0x7D17, 0x7D17, 0x7D17, 0x7D17, 0x7D17,   // 0x1520 (5408) pixels
0x7D17, 0x7D17, 0x7D17, 0x7D17, 0x7D17, 0x7D17, 0x7D17, 0x7D17, 0x7D17, 0x7D17, 0x7D17, 0x7D17, 0x7D17, 0x7D17, 0x7D17, 0x7D17,   // 0x1530 (5424) pixels
0x7D17, 0x7D17, 0x7D17, 0x7D17, 0x7D17, 0x7D17, 0x7D17, 0x7D17, 0x7D17, 0x7D17, 0x7D17, 0x7D17, 0x7D17, 0x7D17, 0x7D17, 0x7D17,   // 0x1540 (5440) pixels
0x7D17, 0x7D17, 0x7D17, 0x7D17, 0x7D17, 0x7D17, 0x7D17, 0x7D17, 0x7D17, 0x7D17, 0x7D17, 0x7D17, 0x7D17, 0x7D17, 0x7D17, 0x7D17,   // 0x1550 (5456) pixels
0x7D17, 0x7D17, 0x7D17, 0x7D17, 0x7D17, 0x7D17, 0x7D17, 0x7D17, 0x7D17, 0x7D17, 0x7D17, 0x7D17, 0x7D17, 0x7D17, 0x7D17, 0x7D17,   // 0x1560 (5472) pixels
0x7D17, 0x7D17, 0x7D17, 0x7D17, 0x7D17, 0x7D17, 0x7D17, 0x7D17, 0x7D17, 0x7D17, 0x7D17, 0x7D17, 0x7D17, 0x7D17, 0x7D17, 0x7D17,   // 0x1570 (5488) pixels
0x7D17, 0x7D17, 0x7D17, 0x7D17, 0x7D17, 0x7D17, 0x7D17, 0x7D17, 0x7D17, 0x7D17, 0x7D17, 0x7D17, 0x7D17, 0x7D17, 0x7D17, 0x7D17,   // 0x1580 (5504) pixels
0x7D17, 0x7D17, 0x7D17, 0x7D17, 0x7D17, 0x7D17, 0x7D17, 0x7D17, 0x7D17, 0x7D17, 0x7D17, 0x7D17, 0x7D17, 0x7D17, 0x7D17, 0x7D17,   // 0x1590 (5520) pixels
0x7D17, 0x7D17, 0x7D17, 0x7D17, 0x7D17, 0x7D17, 0x7D17, 0x7D17, 0x7D17, 0x7D17, 0x7D17, 0x7D17, 0x7D17, 0x7D17, 0x7D17, 0x7D17,   // 0x15A0 (5536) pixels
0x7517, 0x7516, 0x7517, 0x7D17, 0x7D17, 0x7CF7, 0x84F7, 0x8D18, 0x8CF7, 0x9518, 0x9D38, 0xA559, 0xAD59, 0xAD59, 0xAD38, 0xAD18,   // 0x15B0 (5552) pixels
0xACF8, 0xAD18, 0xACF8, 0xACF8, 0xACF8, 0xACF8, 0xA4D8, 0xA4D8, 0xACF9, 0xA4F8, 0xA4D8, 0xA4B7, 0xA4B7, 0xA4B7, 0xA4B7, 0xA4B7,   // 0x15C0 (5568) pixels
0x9C76, 0x9476, 0x9456, 0x9456, 0x9435, 0x8C15, 0x8C15, 0x8BF4, 0x83F4, 0x83D4, 0x7BB3, 0x7BB3, 0x7B93, 0x7B93, 0x7372, 0x7372,   // 0x15D0 (5584) pixels
0x6B52, 0x6B52, 0x6B32, 0x6B32, 0x6331, 0x6311, 0x6311, 0x6311, 0x62F1, 0x62F1, 0x62F1, 0x5AD0, 0x5AD0, 0x5AD0, 0x5AB0, 0x5AB0,   // 0x15E0 (5600) pixels
0x528F, 0x528F, 0x528F, 0x528F, 0x528F, 0x528F, 0x528F, 0x52AF, 0x5AAF, 0x5AAF, 0x5AD0, 0x5AD0, 0x5AF0, 0x5AF0, 0x62F0, 0x6310,   // 0x15F0 (5616) pixels
0x6331, 0x6331, 0x6351, 0x6351, 0x6B71, 0x6B72, 0x6B92, 0x73B2, 0x7BF3, 0x7BF4, 0x7BF4, 0x7C14, 0x7C14, 0x8414, 0x8434, 0x8435,   // 0x1600 (5632) pixels
0x8475, 0x8495, 0x8496, 0x8CB6, 0x8CD6, 0x94D7, 0x94F7, 0x94F7, 0x9D18, 0x9D38, 0x9D38, 0xA559, 0xA559, 0xA579, 0xA579, 0xA599,   // 0x1610 (5648) pixels
0xA599, 0xA599, 0xA5B9, 0xA5BA, 0xADBA, 0xADDA, 0xADDA, 0xADDA, 0xADDA, 0xADDA, 0xADBA, 0xADBA, 0xADBA, 0xADBA, 0xADBA, 0xADDA,   // 0x1620 (5664) pixels
0xADDA, 0xADB9, 0xADDA, 0xADBA, 0x8CD7, 0x73D3, 0x6B92, 0x6331, 0x7BB3, 0xA497, 0xB4D8, 0xAC97, 0xACB8, 0xACD8, 0xA4B8, 0xA4D8,   // 0x1630 (5680) pixels
0xA4B7, 0x9C97, 0x9C77, 0x9436, 0x8C16, 0x83D5, 0x8375, 0x7B54, 0x7313, 0x6AF2, 0x6AD2, 0x72F2, 0x7313, 0x7B54, 0x8B96, 0x8BB6,   // 0x1640 (5696) pixels
0x8396, 0x7353, 0x6B32, 0x73D4, 0x8475, 0x84D6, 0x84F6, 0x7D17, 0x7CF7, 0x7CF7, 0x7CF8, 0x7D18, 0x7D18, 0x7517, 0x7517, 0x7517,   // 0x1650 (5712) pixels
0x7517, 0x7D17, 0x7D17, 0x7D17, 0x7D17, 0x7D17, 0x7D17, 0x7D17, 0x7D17, 0x7D17, 0x7D17, 0x7D17, 0x7D17, 0x7D17, 0x7D17, 0x7D17,   // 0x1660 (5728) pixels
0x7D17, 0x7D17, 0x7D17, 0x7D17, 0x7D17, 0x7D17, 0x7D17, 0x7D17, 0x7D17, 0x7D17, 0x7D17, 0x7D17, 0x7D17, 0x7D17, 0x7D17, 0x7D17,   // 0x1670 (5744) pixels
0x7D17, 0x7D17, 0x7D17, 0x7D17, 0x7D17, 0x7D17, 0x7D17, 0x7D17, 0x7D17, 0x7D17, 0x7D17, 0x7D17, 0x7D17, 0x7D17, 0x7D17, 0x7D17,   // 0x1680 (5760) pixels
0x7D17, 0x7D17, 0x7D17, 0x7D17, 0x7D17, 0x7D17, 0x7D17, 0x7D17, 0x7D17, 0x7D17, 0x7D17, 0x7D17, 0x7D17, 0x7D17, 0x7D17, 0x7D17,   // 0x1690 (5776) pixels
0x7D17, 0x7D17, 0x7D17, 0x7D17, 0x7D17, 0x7D17, 0x7D17, 0x7D17, 0x7D17, 0x7D17, 0x7D17, 0x7D17, 0x7D17, 0x7D17, 0x7D17, 0x7D17,   // 0x16A0 (5792) pixels
0x7D17, 0x7D17, 0x7D17, 0x7D17, 0x7D17, 0x7D17, 0x7D17, 0x7D17, 0x7D17, 0x7D17, 0x7D17, 0x7D17, 0x7D17, 0x7D17, 0x7D17, 0x7D17,   // 0x16B0 (5808) pixels
0x7D17, 0x7D17, 0x7D17, 0x7D17, 0x7D17, 0x7D17, 0x7D17, 0x7D17, 0x7D17, 0x7D17, 0x7D17, 0x7D17, 0x7D17, 0x7D17, 0x7D17, 0x7D17,   // 0x16C0 (5824) pixels
0x7D17, 0x7D17, 0x7D17, 0x7D17, 0x7D17, 0x7D17, 0x7D17, 0x7D17, 0x7D17, 0x7D17, 0x7D17, 0x7D17, 0x7D17, 0x7D17, 0x7D17, 0x7D17,   // 0x16D0 (5840) pixels
0x7D17, 0x7D17, 0x7D17, 0x7D17, 0x7D17, 0x7D17, 0x7D17, 0x7D17, 0x7D17, 0x7D17, 0x7D17, 0x7D17, 0x7D17, 0x7D17, 0x7D17, 0x7D17,   // 0x16E0 (5856) pixels
0x7537, 0x7517, 0x7D17, 0x7D17, 0x7D17, 0x7CF7, 0x84F7, 0x8D18, 0x9518, 0x9D38, 0xA559, 0xAD59, 0xAD59, 0xAD39, 0xAD18, 0xAD18,   // 0x16F0 (5872) pixels
0xACF8, 0xB539, 0xACF8, 0xA4D7, 0xACF8, 0x9C96, 0x8BF4, 0x8C14, 0x7372, 0x7372, 0x7372, 0x7352, 0x6B31, 0x6B31, 0x6B31, 0x6B31,   // 0x1700 (5888) pixels
0x6B31, 0x6B10, 0x6310, 0x6310, 0x6310, 0x62F0, 0x62F0, 0x62F0, 0x6310, 0x62F0, 0x5AF0, 0x5AF0, 0x62F0, 0x6310, 0x6310, 0x6310,   // 0x1710 (5904) pixels
0x6331, 0x6331, 0x6331, 0x6331, 0x6351, 0x6B52, 0x6B72, 0x6B72, 0x7393, 0x7393, 0x73B3, 0x73B3, 0x73D3, 0x7BD4, 0x7BF4, 0x7BF4,   // 0x1720 (5920) pixels
0x8414, 0x8414, 0x8414, 0x8435, 0x8435, 0x8455, 0x8455, 0x8455, 0x8C55, 0x8C75, 0x8C76, 0x8C96, 0x94B6, 0x94B7, 0x94D7, 0x94F7,   // 0x1730 (5936) pixels
0x94D7, 0x94D7, 0x94F7, 0x94F7, 0x9D17, 0x9D18, 0xA538, 0xA558, 0xA558, 0xA558, 0xA558, 0xA559, 0xA579, 0xA579, 0xA579, 0xA579,   // 0x1740 (5952) pixels
0xA578, 0x9D78, 0xA579, 0xA579, 0xA599, 0xA599, 0xA599, 0xA5B9, 0xA599, 0xA599, 0xADB9, 0xADB9, 0xADB9, 0xADB9, 0xADB9, 0xA5B9,   // 0x1750 (5968) pixels
0xA5B9, 0xA5B9, 0xADD9, 0xADDA, 0xADDA, 0xADDA, 0xADDA, 0xADD9, 0xADDA, 0xADD9, 0xADD9, 0xADD9, 0xADD9, 0xADDA, 0xADDA, 0xADDA,   // 0x1760 (5984) pixels
0xADDA, 0xADDA, 0xADDA, 0xADBA, 0x94F7, 0x73D3, 0x6351, 0x5AF0, 0x7BB3, 0xA497, 0xB4F8, 0xACB7, 0xACB8, 0xACD8, 0xA4B8, 0xA4B8,   // 0x1770 (6000) pixels
0x9C97, 0x9C77, 0x9456, 0x9416, 0x8BD6, 0x8395, 0x7B54, 0x7333, 0x72F3, 0x6AD2, 0x6AD2, 0x72F2, 0x7313, 0x7B54, 0x8395, 0x8395,   // 0x1780 (6016) pixels
0x8375, 0x7333, 0x6B12, 0x73B3, 0x7C75, 0x84D6, 0x8516, 0x8517, 0x7D17, 0x7D17, 0x7D18, 0x7D18, 0x7D18, 0x7517, 0x7537, 0x7537,   // 0x1790 (6032) pixels
0x7517, 0x7D17, 0x7D17, 0x7D17, 0x7D17, 0x7D17, 0x7D17, 0x7D17, 0x7D17, 0x7D17, 0x7D17, 0x7D17, 0x7D17, 0x7D17, 0x7D17, 0x7D17,   // 0x17A0 (6048) pixels
0x7D17, 0x7D17, 0x7D17, 0x7D17, 0x7D17, 0x7D17, 0x7D17, 0x7D17, 0x7D17, 0x7D17, 0x7D17, 0x7D17, 0x7D17, 0x7D17, 0x7D17, 0x7D17,   // 0x17B0 (6064) pixels
0x7D17, 0x7D17, 0x7D17, 0x7D17, 0x7D17, 0x7D17, 0x7D17, 0x7D17, 0x7D17, 0x7D17, 0x7D17, 0x7D17, 0x7D17, 0x7D17, 0x7D17, 0x7D17,   // 0x17C0 (6080) pixels
0x7D17, 0x7D17, 0x7D17, 0x7D17, 0x7D17, 0x7D17, 0x7D17, 0x7D17, 0x7D17, 0x7D17, 0x7D17, 0x7D17, 0x7D17, 0x7D17, 0x7D17, 0x7D17,   // 0x17D0 (6096) pixels
0x7D17, 0x7D17, 0x7D17, 0x7D17, 0x7D17, 0x7D17, 0x7D17, 0x7D17, 0x7D17, 0x7D17, 0x7D17, 0x7D17, 0x7D17, 0x7D17, 0x7D17, 0x7D17,   // 0x17E0 (6112) pixels
0x7D17, 0x7D17, 0x7D17, 0x7D17, 0x7D17, 0x7D17, 0x7D17, 0x7D17, 0x7D17, 0x7D17, 0x7D17, 0x7D17, 0x7D17, 0x7D17, 0x7D17, 0x7D17,   // 0x17F0 (6128) pixels
0x7D17, 0x7D17, 0x7D17, 0x7D17, 0x7D17, 0x7D17, 0x7D17, 0x7D17, 0x7D17, 0x7D17, 0x7D17, 0x7D17, 0x7D17, 0x7D17, 0x7D17, 0x7D17,   // 0x1800 (6144) pixels
0x7D17, 0x7D17, 0x7D17, 0x7D17, 0x7D17, 0x7D17, 0x7D17, 0x7D17, 0x7D17, 0x7D17, 0x7D17, 0x7D17, 0x7D17, 0x7D17, 0x7D17, 0x7D17,   // 0x1810 (6160) pixels
0x7D17, 0x7D17, 0x7D17, 0x7D17, 0x7D17, 0x7D17, 0x7D17, 0x7D17, 0x7D17, 0x7D17, 0x7D17, 0x7D17, 0x7D17, 0x7D17, 0x7D17, 0x7D17,   // 0x1820 (6176) pixels
0x7537, 0x7517, 0x7D17, 0x7D17, 0x7D17, 0x7CF7, 0x84F7, 0x8CF8, 0x9538, 0x9D59, 0xA559, 0xAD79, 0xAD59, 0xAD39, 0xAD38, 0xAD38,   // 0x1830 (6192) pixels
0xB518, 0xB539, 0xACF8, 0x9C96, 0x9435, 0x7B92, 0x62F0, 0x62F0, 0x62F0, 0x6311, 0x6B51, 0x6B51, 0x6B51, 0x6B51, 0x6B30, 0x6330,   // 0x1840 (6208) pixels
0x6310, 0x6310, 0x6330, 0x6331, 0x6B51, 0x6B51, 0x6B71, 0x6B71, 0x6B72, 0x6B72, 0x6B92, 0x7392, 0x73B3, 0x73F3, 0x7BF3, 0x7C14,   // 0x1850 (6224) pixels
0x7C14, 0x7C14, 0x7C34, 0x8455, 0x8475, 0x8C75, 0x8C96, 0x8C96, 0x94B6, 0x94D7, 0x94D7, 0x94F7, 0x9D18, 0x9D18, 0x9D38, 0xA538,   // 0x1860 (6240) pixels
0xA558, 0xA559, 0xA579, 0xAD79, 0xAD99, 0xAD99, 0xAD99, 0xAD99, 0xADBA, 0xADBA, 0xADBA, 0xADDA, 0xB5DA, 0xB5DA, 0xB5DB, 0xB5FA,   // 0x1870 (6256) pixels
0xB5FA, 0xB5FA, 0xB5FA, 0xB5FA, 0xB5FA, 0xB5FA, 0xB5FA, 0xB5FA, 0xB5FA, 0xB5FA, 0xB5FA, 0xB5FA, 0xADDA, 0xADDA, 0xADDA, 0xADDA,   // 0x1880 (6272) pixels
0xADFA, 0xADFA, 0xADFA, 0xADFA, 0xADD9, 0xADD9, 0xADD9, 0xADD9, 0xADD9, 0xADD9, 0xADD9, 0xADD9, 0xA5B9, 0xA5B9, 0xA5B9, 0xA5B9,   // 0x1890 (6288) pixels
0xA5B9, 0xA5B9, 0xA5B9, 0xA5B9, 0xA5B9, 0xA5B9, 0xA5B9, 0xA599, 0xA598, 0xA598, 0xA599, 0xA599, 0xA599, 0xA5B9, 0xA5B9, 0xA5B9,   // 0x18A0 (6304) pixels
0xA598, 0xA579, 0xA599, 0xA579, 0x8496, 0x5B31, 0x5AF0, 0x62F0, 0x83D4, 0xA497, 0xB4F8, 0xACB7, 0xA4B7, 0xACD8, 0xA4B8, 0xA497,   // 0x18B0 (6320) pixels
0x9C97, 0x9C77, 0x9436, 0x8BF6, 0x83B5, 0x7B75, 0x7B34, 0x7313, 0x6AD2, 0x6AD2, 0x6AD2, 0x6AF2, 0x7313, 0x7B74, 0x8395, 0x8395,   // 0x18C0 (6336) pixels
0x7B54, 0x6B13, 0x62F1, 0x6B92, 0x7C55, 0x84D6, 0x8516, 0x7D16, 0x7D17, 0x7D17, 0x7D17, 0x7D17, 0x7D17, 0x7517, 0x7537, 0x7537,   // 0x18D0 (6352) pixels
0x7D17, 0x7D17, 0x7D17, 0x7D17, 0x7D17, 0x7D17, 0x7D17, 0x7D17, 0x7D17, 0x7D17, 0x7D17, 0x7D17, 0x7D17, 0x7D17, 0x7D17, 0x7D17,   // 0x18E0 (6368) pixels
0x7D17, 0x7D17, 0x7D17, 0x7D17, 0x7D17, 0x7D17, 0x7D17, 0x7D17, 0x7D17, 0x7D17, 0x7D17, 0x7D17, 0x7D17, 0x7D17, 0x7D17, 0x7D17,   // 0x18F0 (6384) pixels
0x7D17, 0x7D17, 0x7D17, 0x7D17, 0x7D17, 0x7D17, 0x7D17, 0x7D17, 0x7D17, 0x7D17, 0x7D17, 0x7D17, 0x7D17, 0x7D17, 0x7D17, 0x7D17,   // 0x1900 (6400) pixels
0x7D17, 0x7D17, 0x7D17, 0x7D17, 0x7D17, 0x7D17, 0x7D17, 0x7D17, 0x7D17, 0x7D17, 0x7D17, 0x7D17, 0x7D17, 0x7D17, 0x7D17, 0x7D17,   // 0x1910 (6416) pixels
0x7D17, 0x7D17, 0x7D17, 0x7D17, 0x7D17, 0x7D17, 0x7D17, 0x7D17, 0x7D17, 0x7D17, 0x7D17, 0x7D17, 0x7D17, 0x7D17, 0x7D17, 0x7D17,   // 0x1920 (6432) pixels
0x7D17, 0x7D17, 0x7D17, 0x7D17, 0x7D17, 0x7D17, 0x7D17, 0x7D17, 0x7D17, 0x7D17, 0x7D17, 0x7D17, 0x7D17, 0x7D17, 0x7D17, 0x7D17,   // 0x1930 (6448) pixels
0x7D17, 0x7D17, 0x7D17, 0x7D17, 0x7D17, 0x7D17, 0x7D17, 0x7D17, 0x7D17, 0x7D17, 0x7D17, 0x7D17, 0x7D17, 0x7D17, 0x7D17, 0x7D17,   // 0x1940 (6464) pixels
0x7D17, 0x7D17, 0x7D17, 0x7D17, 0x7D17, 0x7D17, 0x7D17, 0x7D17, 0x7D17, 0x7D17, 0x7D17, 0x7D17, 0x7D17, 0x7D17, 0x7D17, 0x7D17,   // 0x1950 (6480) pixels
0x7D17, 0x7D17, 0x7D17, 0x7D17, 0x7D17, 0x7D17, 0x7D17, 0x7D17, 0x7D17, 0x7D17, 0x7D17, 0x7D17, 0x7D17, 0x7D17, 0x7D17, 0x7D17,   // 0x1960 (6496) pixels
0x7517, 0x7517, 0x7517, 0x7D17, 0x7D17, 0x84F7, 0x84F7, 0x8D18, 0x9D59, 0xA559, 0xAD7A, 0xAD79, 0xAD39, 0xAD18, 0xAD18, 0xB518,   // 0x1970 (6512) pixels
0xB518, 0xACF8, 0xA4D7, 0x8C15, 0x6B10, 0x5AAF, 0x6310, 0x6B51, 0x8435, 0x8C75, 0x94B6, 0x94D7, 0x9CF7, 0x9CF7, 0x9CF7, 0x9CF7,   // 0x1980 (6528) pixels
0xA538, 0xA558, 0xA559, 0xA579, 0xAD79, 0xAD79, 0xAD79, 0xA579, 0xAD99, 0xAD99, 0xAD99, 0xADBA, 0xADBA, 0xADDA, 0xADBA, 0xADBA,   // 0x1990 (6544) pixels
0xADBA, 0xADDA, 0xADDA, 0xADDA, 0xADFA, 0xADFA, 0xADFA, 0xB5FA, 0xADDA, 0xADDA, 0xADFA, 0xADFA, 0xADFA, 0xADFA, 0xADFA, 0xADFA,   // 0x19A0 (6560) pixels
0xADDA, 0xADD9, 0xADDA, 0xADFA, 0xADFA, 0xADDA, 0xADD9, 0xADD9, 0xA5B9, 0xA5B9, 0xA5B9, 0xA5B9, 0xA5B9, 0xA5B9, 0xA5B9, 0xA5B9,   // 0x19B0 (6576) pixels
0xA5B9, 0xA5D9, 0xA5D9, 0xA5D9, 0xA5D9, 0xA5D9, 0xA5B9, 0xA5B8, 0xA5B9, 0xA5B9, 0xA5B9, 0xA5D9, 0xA5D9, 0xA5D9, 0xA5D9, 0xA5D9,   // 0x19C0 (6592) pixels
0xA5B8, 0x9DB8, 0xA5B8, 0x9DB8, 0xA5B8, 0xA5B8, 0xA5B8, 0xA5B9, 0x9DB8, 0xA5B8, 0xA5B8, 0xA5B8, 0xA5B8, 0xA5B8, 0xA5B8, 0xA5B8,   // 0x19D0 (6608) pixels
0x9DB8, 0xA5B9, 0xA5B9, 0xA5B9, 0xA5B9, 0xA5B9, 0xA598, 0xA598, 0xA5B9, 0xA5B9, 0xA5B9, 0xA5B9, 0xA5B9, 0xA5B9, 0xA5B9, 0xA5B9,   // 0x19E0 (6624) pixels
0xA598, 0xA599, 0xA579, 0xA559, 0x7C35, 0x52CF, 0x5AD0, 0x7393, 0x8C15, 0xA4B7, 0xACF8, 0xAC97, 0xA497, 0xACB8, 0xA4B8, 0xA497,   // 0x19F0 (6640) pixels
0x9C77, 0x9C56, 0x9416, 0x8BD6, 0x8395, 0x7B54, 0x7334, 0x7313, 0x6AD2, 0x6AD2, 0x6AD2, 0x6AD2, 0x6B12, 0x7B74, 0x83B5, 0x7B74,   // 0x1A00 (6656) pixels
0x7334, 0x6AF2, 0x62F1, 0x6B72, 0x7C34, 0x7CD6, 0x8516, 0x7D16, 0x7D16, 0x7D37, 0x7D17, 0x7D17, 0x7D37, 0x7D37, 0x7D37, 0x7D37,   // 0x1A10 (6672) pixels
0x7D17, 0x7D17, 0x7D17, 0x7D17, 0x7D17, 0x7D17, 0x7D17, 0x7D17, 0x7D17, 0x7D17, 0x7D17, 0x7D17, 0x7D17, 0x7D17, 0x7D17, 0x7D17,   // 0x1A20 (6688) pixels
0x7D17, 0x7D17, 0x7D17, 0x7D17, 0x7D17, 0x7D17, 0x7D17, 0x7D17, 0x7D17, 0x7D17, 0x7D17, 0x7D17, 0x7D17, 0x7D17, 0x7D17, 0x7D17,   // 0x1A30 (6704) pixels
0x7D17, 0x7D17, 0x7D17, 0x7D17, 0x7D17, 0x7D17, 0x7D17, 0x7D17, 0x7D17, 0x7D17, 0x7D17, 0x7D17, 0x7D17, 0x7D17, 0x7D17, 0x7D17,   // 0x1A40 (6720) pixels
0x7D17, 0x7D17, 0x7D17, 0x7D17, 0x7D17, 0x7D17, 0x7D17, 0x7D17, 0x7D17, 0x7D17, 0x7D17, 0x7D17, 0x7D17, 0x7D17, 0x7D17, 0x7D17,   // 0x1A50 (6736) pixels
0x7D17, 0x7D17, 0x7D17, 0x7D17, 0x7D17, 0x7D17, 0x7D17, 0x7D17, 0x7D17, 0x7D17, 0x7D17, 0x7D17, 0x7D17, 0x7D17, 0x7D17, 0x7D17,   // 0x1A60 (6752) pixels
0x7D17, 0x7D17, 0x7D17, 0x7D17, 0x7D17, 0x7D17, 0x7D17, 0x7D17, 0x7D17, 0x7D17, 0x7D17, 0x7D17, 0x7D17, 0x7D17, 0x7D17, 0x7D17,   // 0x1A70 (6768) pixels
0x7D17, 0x7D17, 0x7D17, 0x7D17, 0x7D17, 0x7D17, 0x7D17, 0x7D17, 0x7D17, 0x7D17, 0x7D17, 0x7D17, 0x7D17, 0x7D17, 0x7D17, 0x7D17,   // 0x1A80 (6784) pixels
0x7D17, 0x7D17, 0x7D17, 0x7D17, 0x7D17, 0x7D17, 0x7D17, 0x7D17, 0x7D17, 0x7D17, 0x7D17, 0x7D17, 0x7D17, 0x7D17, 0x7D17, 0x7D17,   // 0x1A90 (6800) pixels
0x7D17, 0x7D17, 0x7D17, 0x7D17, 0x7D17, 0x7D17, 0x7D17, 0x7D17, 0x7D17, 0x7D17, 0x7D17, 0x7D17, 0x7D17, 0x7D17, 0x7D17, 0x7D17,   // 0x1AA0 (6816) pixels
0x7517, 0x7517, 0x7D17, 0x7D17, 0x8517, 0x8517, 0x8D18, 0x9538, 0xA57A, 0xAD7A, 0xAD79, 0xAD59, 0xAD38, 0xAD18, 0xACF8, 0xACF8,   // 0x1AB0 (6832) pixels
0xB518, 0xA4B7, 0x9C76, 0x7B92, 0x5A8E, 0x62F0, 0x8C55, 0xA518, 0xAD59, 0xAD79, 0xAD99, 0xAD99, 0xAD99, 0xADBA, 0xADBA, 0xADDA,   // 0x1AC0 (6848) pixels
0xADDA, 0xADDA, 0xB5DA, 0xB5FA, 0xB5FB, 0xB5FA, 0xADDA, 0xADDA, 0xADFB, 0xADFA, 0xB5FB, 0xB5FB, 0xB5FB, 0xADFA, 0xADDA, 0xADDA,   // 0x1AD0 (6864) pixels
0xADFA, 0xADFA, 0xADFA, 0xADFA, 0xADFA, 0xADFA, 0xADFA, 0xADF9, 0xADFA, 0xADFA, 0xADFA, 0xADF9, 0xADFA, 0xADF9, 0xADD9, 0xADF9,   // 0x1AE0 (6880) pixels
0xADD9, 0xADF9, 0xADF9, 0xADF9, 0xADD9, 0xADD9, 0xA5D9, 0xA5D8, 0xADD9, 0xA5D9, 0xA5D9, 0xA5D9, 0xA5D9, 0xA5F9, 0xADD9, 0xA5F9,   // 0x1AF0 (6896) pixels
0xA5D8, 0xA5D8, 0xA5D9, 0xA5F9, 0xA5F9, 0xA5D9, 0xA5D9, 0xA5D8, 0xA5B8, 0xA5B8, 0xA5B8, 0xA5B8, 0xA5B8, 0xA5D8, 0xA5D8, 0xA5D8,   // 0x1B00 (6912) pixels
0xA5D8, 0xA5D8, 0xA5D8, 0xA5D9, 0xA5D9, 0xA5D9, 0xA5F9, 0xA5F9, 0xA5D8, 0xA5D8, 0xA5D8, 0xA5D9, 0xA5D9, 0xA5D8, 0xA5D8, 0xA5D8,   // 0x1B10 (6928) pixels
0xA5B9, 0xA5D9, 0xA5D9, 0xA5D9, 0xA5D9, 0xA5B9, 0xA5B9, 0xA5B9, 0xA598, 0xA598, 0xA598, 0xA598, 0xA598, 0xA598, 0xA598, 0xA598,   // 0x1B20 (6944) pixels
0xA599, 0xA599, 0x9D58, 0x94F7, 0x6BB3, 0x4A6E, 0x5AD0, 0x8414, 0x9C97, 0xA4D7, 0xACD8, 0xA4B7, 0xA497, 0xA4B8, 0xA4B8, 0xA497,   // 0x1B30 (6960) pixels
0x9C57, 0x9436, 0x8BF6, 0x8BB5, 0x8395, 0x7B54, 0x7314, 0x6AF3, 0x6AD2, 0x6AD2, 0x62D2, 0x6AD2, 0x7313, 0x8395, 0x83B5, 0x7B54,   // 0x1B40 (6976) pixels
0x6AF3, 0x62D2, 0x6312, 0x6B93, 0x7434, 0x7CB6, 0x7D16, 0x7D16, 0x7D36, 0x7D37, 0x7D37, 0x7D17, 0x7D37, 0x7D37, 0x7D37, 0x7D37,   // 0x1B50 (6992) pixels
0x7D17, 0x7D17, 0x7D17, 0x7D17, 0x7D17, 0x7D17, 0x7D17, 0x7D17, 0x7D17, 0x7D17, 0x7D17, 0x7D17, 0x7D17, 0x7D17, 0x7D17, 0x7D17,   // 0x1B60 (7008) pixels
0x7D17, 0x7D17, 0x7D17, 0x7D17, 0x7D17, 0x7D17, 0x7D17, 0x7D17, 0x7D17, 0x7D17, 0x7D17, 0x7D17, 0x7D17, 0x7D17, 0x7D17, 0x7D17,   // 0x1B70 (7024) pixels
0x7D17, 0x7D17, 0x7D17, 0x7D17, 0x7D17, 0x7D17, 0x7D17, 0x7D17, 0x7D17, 0x7D17, 0x7D17, 0x7D17, 0x7D17, 0x7D17, 0x7D17, 0x7D17,   // 0x1B80 (7040) pixels
0x7D17, 0x7D17, 0x7D17, 0x7D17, 0x7D17, 0x7D17, 0x7D17, 0x7D17, 0x7D17, 0x7D17, 0x7D17, 0x7D17, 0x7D17, 0x7D17, 0x7D17, 0x7D17,   // 0x1B90 (7056) pixels
0x7D17, 0x7D17, 0x7D17, 0x7D17, 0x7D17, 0x7D17, 0x7D17, 0x7D17, 0x7D17, 0x7D17, 0x7D17, 0x7D17, 0x7D17, 0x7D17, 0x7D17, 0x7D17,   // 0x1BA0 (7072) pixels
0x7D17, 0x7D17, 0x7D17, 0x7D17, 0x7D17, 0x7D17, 0x7D17, 0x7D17, 0x7D17, 0x7D17, 0x7D17, 0x7D17, 0x7D17, 0x7D17, 0x7D17, 0x7D17,   // 0x1BB0 (7088) pixels
0x7D17, 0x7D17, 0x7D17, 0x7D17, 0x7D17, 0x7D17, 0x7D17, 0x7D17, 0x7D17, 0x7D17, 0x7D17, 0x7D17, 0x7D17, 0x7D17, 0x7D17, 0x7D17,   // 0x1BC0 (7104) pixels
0x7D17, 0x7D17, 0x7D17, 0x7D17, 0x7D17, 0x7D17, 0x7D17, 0x7D17, 0x7D17, 0x7D17, 0x7D17, 0x7D17, 0x7D17, 0x7D17, 0x7D17, 0x7D17,   // 0x1BD0 (7120) pixels
0x7D17, 0x7D17, 0x7D17, 0x7D17, 0x7D17, 0x7D17, 0x7D17, 0x7D17, 0x7D17, 0x7D17, 0x7D17, 0x7D17, 0x7D17, 0x7D17, 0x7D17, 0x7D17,   // 0x1BE0 (7136) pixels
0x7D17, 0x7517, 0x7D17, 0x7D17, 0x8517, 0x8D18, 0x9538, 0x9D59, 0xAD9A, 0xAD7A, 0xAD59, 0xAD39, 0xAD18, 0xACF8, 0xACF8, 0xACF8,   // 0x1BF0 (7152) pixels
0xB519, 0x9C76, 0x7B93, 0x6B11, 0x6B31, 0x8414, 0xAD59, 0xBE1C, 0xB5DB, 0xB5DA, 0xADDA, 0xADDA, 0xADDA, 0xADDA, 0xADDA, 0xADDA,   // 0x1C00 (7168) pixels
0xADD9, 0xADD9, 0xADDA, 0xADDA, 0xADDA, 0xADDA, 0xADBA, 0xADD9, 0xA5B9, 0xA5B9, 0xA5B9, 0xA5B9, 0xA5BA, 0xA5B9, 0xA5B9, 0xA5B9,   // 0x1C10 (7184) pixels
0xA5B8, 0xA5B8, 0xA5B9, 0xA5D9, 0xA5D9, 0xA5D9, 0xA5D9, 0xA5D9, 0xA5D9, 0xA5D9, 0xA5D9, 0xA5F9, 0xADD9, 0xA5F9, 0xADF9, 0xA5F9,   // 0x1C20 (7200) pixels
0xA5D9, 0xA5D9, 0xADD9, 0xA5F9, 0xADD9, 0xA5D9, 0xA5D9, 0xA5D8, 0xA5B8, 0xA5D8, 0xA5D8, 0xA5D8, 0xA5D8, 0xA5D8, 0xA5D9, 0xA5D8,   // 0x1C30 (7216) pixels
0xA5D8, 0xA5D8, 0xA5D8, 0xA5D8, 0xA5D8, 0xA5D8, 0xA5D8, 0xA5D8, 0xA5F9, 0xA5F9, 0xA5F9, 0xA5F9, 0xA5F9, 0xA5D8, 0xA5D8, 0xA5D8,   // 0x1C40 (7232) pixels
0xA5D8, 0xA5D8, 0xA5D8, 0xA5D8, 0xA5D8, 0xA5D8, 0xA5D8, 0xA5D8, 0xA5D8, 0xA5D8, 0xA5D8, 0xA5D8, 0xA5D8, 0xA5D8, 0x9DB8, 0x9DB8,   // 0x1C50 (7248) pixels
0x9DB8, 0x9DB8, 0x9DB8, 0x9DB8, 0x9DB8, 0xA5B8, 0xA5B8, 0xA5B8, 0xA5B8, 0xA5B8, 0xA5B8, 0xA5B9, 0xA5B9, 0xA5B9, 0xA5B9, 0xA5B9,   // 0x1C60 (7264) pixels
0xADB9, 0xADB9, 0x9D37, 0x8475, 0x6351, 0x4A6E, 0x6311, 0x9476, 0xA4D8, 0xA4B7, 0xACD7, 0xA4B7, 0xA4B7, 0xA4B7, 0xA4B8, 0xA497,   // 0x1C70 (7280) pixels
0x9C56, 0x9436, 0x8BF6, 0x83B5, 0x7B75, 0x7B34, 0x7314, 0x6AF3, 0x6AD3, 0x6AD2, 0x6AD2, 0x6AD2, 0x7334, 0x83B6, 0x8395, 0x7314,   // 0x1C80 (7296) pixels
0x62B2, 0x62D2, 0x6312, 0x6BB3, 0x7435, 0x7CB6, 0x7D16, 0x7D36, 0x7D36, 0x7D37, 0x7D37, 0x7D37, 0x7D37, 0x7D37, 0x7D37, 0x7D37,   // 0x1C90 (7312) pixels
0x7D37, 0x7D37, 0x7D37, 0x7D37, 0x7D37, 0x7D37, 0x7D37, 0x7D37, 0x7D37, 0x7D37, 0x7D37, 0x7D37, 0x7D37, 0x7D37, 0x7D37, 0x7D37,   // 0x1CA0 (7328) pixels
0x7D17, 0x7D17, 0x7D17, 0x7D17, 0x7D17, 0x7D17, 0x7D17, 0x7D17, 0x7D17, 0x7D17, 0x7D17, 0x7D17, 0x7D17, 0x7D17, 0x7D17, 0x7D17,   // 0x1CB0 (7344) pixels
0x7D17, 0x7D17, 0x7D17, 0x7D17, 0x7D17, 0x7D17, 0x7D17, 0x7D17, 0x7D17, 0x7D17, 0x7D17, 0x7D17, 0x7D17, 0x7D17, 0x7D17, 0x7D17,   // 0x1CC0 (7360) pixels
0x7D17, 0x7D17, 0x7D17, 0x7D17, 0x7D17, 0x7D17, 0x7D17, 0x7D17, 0x7D17, 0x7D17, 0x7D17, 0x7D17, 0x7D17, 0x7D17, 0x7D17, 0x7D17,   // 0x1CD0 (7376) pixels
0x7D17, 0x7D17, 0x7D17, 0x7D17, 0x7D17, 0x7D17, 0x7D17, 0x7D17, 0x7D17, 0x7D17, 0x7D17, 0x7D17, 0x7D17, 0x7D17, 0x7D17, 0x7D17,   // 0x1CE0 (7392) pixels
0x7D17, 0x7D17, 0x7D17, 0x7D17, 0x7D17, 0x7D17, 0x7D17, 0x7D17, 0x7D17, 0x7D17, 0x7D17, 0x7D17, 0x7D17, 0x7D17, 0x7D17, 0x7D17,   // 0x1CF0 (7408) pixels
0x7D17, 0x7D17, 0x7D17, 0x7D17, 0x7D17, 0x7D17, 0x7D17, 0x7D17, 0x7D17, 0x7D17, 0x7D17, 0x7D17, 0x7D17, 0x7D17, 0x7D17, 0x7D17,   // 0x1D00 (7424) pixels
0x7D17, 0x7D17, 0x7D17, 0x7D17, 0x7D17, 0x7D17, 0x7D17, 0x7D17, 0x7D17, 0x7D17, 0x7D17, 0x7D17, 0x7D17, 0x7D17, 0x7D17, 0x7D17,   // 0x1D10 (7440) pixels
0x7D17, 0x7D17, 0x7D17, 0x7D17, 0x7D17, 0x7D17, 0x7D17, 0x7D17, 0x7D17, 0x7D17, 0x7D17, 0x7D17, 0x7D17, 0x7D17, 0x7D17, 0x7D17,   // 0x1D20 (7456) pixels
0x7D37, 0x7D17, 0x7D17, 0x8517, 0x8D18, 0x9538, 0x9D59, 0xA57A, 0xAD7A, 0xAD59, 0xAD39, 0xAD18, 0xACF8, 0xACF8, 0xACF8, 0xACF8,   // 0x1D30 (7472) pixels
0xACF9, 0x9435, 0x62D0, 0x5AAF, 0x83F4, 0xA518, 0xAD9A, 0xB5FB, 0xADBA, 0xA5B9, 0xA5B9, 0xA5D9, 0xADDA, 0xA5FA, 0xADD9, 0xA5D9,   // 0x1D40 (7488) pixels
0xADFA, 0xADFA, 0xADDA, 0xADD9, 0xADD9, 0xADD9, 0xADD9, 0xADD9, 0xA5D9, 0xA5D9, 0xA5B9, 0xA5B9, 0xA5D9, 0xA5D9, 0xA5D9, 0xA5D9,   // 0x1D50 (7504) pixels
0xA5D9, 0xA5D9, 0xA5D9, 0xA5F9, 0xA5F9, 0xA5D9, 0xA5D9, 0xA5D9, 0xA5D9, 0xA5D9, 0xA5D9, 0xA5D9, 0xA5D9, 0xA5D8, 0xA5D8, 0xA5D8,   // 0x1D60 (7520) pixels
0xA5D8, 0xA5D8, 0xA5D8, 0xA5D8, 0xA5D9, 0xA5D9, 0xA5D9, 0xA5D9, 0xA5F9, 0xA5F9, 0xA5D9, 0xA5F9, 0xA5D9, 0xA5D8, 0xA5D8, 0xA5D8,   // 0x1D70 (7536) pixels
0xA5F9, 0xA5F9, 0xA5D8, 0xA5D8, 0xA5D8, 0xA5D8, 0xA5F9, 0xA5F9, 0xA5D8, 0xA5D8, 0xA5D8, 0xA5D8, 0xA5D8, 0xA5D8, 0xA5D8, 0xA5D8,   // 0x1D80 (7552) pixels
0xA5B8, 0xA5B8, 0xA5B8, 0xA5D8, 0xA5D8, 0xA5D8, 0xA5D8, 0xA5D8, 0xA5B8, 0xA5D8, 0xA5D8, 0xA5D8, 0xA5D8, 0xA5D8, 0xA5D8, 0xA5D8,   // 0x1D90 (7568) pixels
0xA5D9, 0xA5B8, 0xA5B8, 0xA5B8, 0xA5B8, 0xA5B8, 0xA5B8, 0xA5B8, 0xA5B8, 0xA5B8, 0xA5B8, 0xA5B8, 0xA5B8, 0xA5B8, 0xA598, 0x9D98,   // 0x1DA0 (7584) pixels
0xA5B9, 0xADB9, 0x94F7, 0x7BF3, 0x5B10, 0x528E, 0x6B52, 0x9476, 0xA4F8, 0xA4B7, 0xA4B7, 0xA4B7, 0xA4B7, 0xA4B7, 0xA497, 0x9C77,   // 0x1DB0 (7600) pixels
0x9C56, 0x9436, 0x8BF6, 0x83B5, 0x7B75, 0x7334, 0x6AF4, 0x6AD3, 0x6AD3, 0x6AD2, 0x6AD2, 0x6AF2, 0x7B54, 0x8BB6, 0x8395, 0x6AF3,   // 0x1DC0 (7616) pixels
0x5A71, 0x62B1, 0x6332, 0x73B4, 0x7455, 0x7CB6, 0x7CF7, 0x7D37, 0x7D16, 0x7D36, 0x7D17, 0x7D17, 0x7D17, 0x7D17, 0x7517, 0x7517,   // 0x1DD0 (7632) pixels
0x7D17, 0x7D37, 0x7D37, 0x7D37, 0x7D37, 0x7D37, 0x7D37, 0x7D37, 0x7D37, 0x7D37, 0x7D37, 0x7D37, 0x7D37, 0x7D37, 0x7D37, 0x7D37,   // 0x1DE0 (7648) pixels
0x7D17, 0x7D17, 0x7D17, 0x7D17, 0x7D17, 0x7D17, 0x7D17, 0x7D17, 0x7D17, 0x7D17, 0x7D17, 0x7D17, 0x7D17, 0x7D17, 0x7D17, 0x7D17,   // 0x1DF0 (7664) pixels
0x7D17, 0x7D17, 0x7D17, 0x7D17, 0x7D17, 0x7D17, 0x7D17, 0x7D17, 0x7D17, 0x7D17, 0x7D17, 0x7D17, 0x7D17, 0x7D17, 0x7D17, 0x7D17,   // 0x1E00 (7680) pixels
0x7D17, 0x7D17, 0x7D17, 0x7D17, 0x7D17, 0x7D17, 0x7D17, 0x7D17, 0x7D17, 0x7D17, 0x7D17, 0x7D17, 0x7D17, 0x7D17, 0x7D17, 0x7D17,   // 0x1E10 (7696) pixels
0x7D17, 0x7D17, 0x7D17, 0x7D17, 0x7D17, 0x7D17, 0x7D17, 0x7D17, 0x7D17, 0x7D17, 0x7D17, 0x7D17, 0x7D17, 0x7D17, 0x7D17, 0x7D17,   // 0x1E20 (7712) pixels
0x7D17, 0x7D17, 0x7D17, 0x7D17, 0x7D17, 0x7D17, 0x7D17, 0x7D17, 0x7D17, 0x7D17, 0x7D17, 0x7D17, 0x7D17, 0x7D17, 0x7D17, 0x7D17,   // 0x1E30 (7728) pixels
0x7D17, 0x7D17, 0x7D17, 0x7D17, 0x7D17, 0x7D17, 0x7D17, 0x7D17, 0x7D17, 0x7D17, 0x7D17, 0x7D17, 0x7D17, 0x7D17, 0x7D17, 0x7D17,   // 0x1E40 (7744) pixels
0x7D17, 0x7D17, 0x7D17, 0x7D17, 0x7D17, 0x7D17, 0x7D17, 0x7D17, 0x7D17, 0x7D17, 0x7D17, 0x7D17, 0x7D17, 0x7D17, 0x7D17, 0x7D17,   // 0x1E50 (7760) pixels
0x7D37, 0x7D37, 0x7D37, 0x7D37, 0x7D37, 0x7D37, 0x7D37, 0x7D37, 0x7D17, 0x7D17, 0x7D17, 0x7D17, 0x7D17, 0x7D17, 0x7D17, 0x7D17,   // 0x1E60 (7776) pixels
0x7D37, 0x7D17, 0x7D17, 0x8517, 0x8D38, 0x9D58, 0xA579, 0xAD7A, 0xAD5A, 0xB55A, 0xB539, 0xAD19, 0xACF8, 0xB4F9, 0xACF9, 0xACD8,   // 0x1E70 (7792) pixels
0x9C97, 0x83B3, 0x5AAF, 0x62F0, 0x94B6, 0xB5BA, 0xAD99, 0xADDA, 0xADBA, 0xA5B9, 0xA5D9, 0xA5D9, 0xA5D9, 0xA5D9, 0xA5D9, 0xA5D9,   // 0x1E80 (7808) pixels
0xADD9, 0xADD9, 0xA5D9, 0xA5D9, 0xADD9, 0xADD9, 0xA5D9, 0xA5D9, 0xA5D9, 0xA5D9, 0xA5D9, 0xA5D9, 0xA5D9, 0xA5D9, 0xA5D9, 0xA5D9,   // 0x1E90 (7824) pixels
0xA5D9, 0xA5D9, 0xA5D9, 0xA5D9, 0xA5D9, 0xA5D9, 0xA5D9, 0xA5D9, 0xA5D9, 0xA5D9, 0xA5D9, 0xA5D9, 0xA5D9, 0xA5D9, 0xA5D9, 0xA5D9,   // 0x1EA0 (7840) pixels
0xA5D8, 0xA5D8, 0xA5D8, 0xA5D8, 0xA5D8, 0xA5D8, 0xA5D8, 0xA5D8, 0xA5D9, 0xA5D9, 0xA5D9, 0xA5D9, 0xA5D9, 0xA5D8, 0xA5D8, 0xA5D8,   // 0x1EB0 (7856) pixels
0xA5D9, 0xA5D9, 0xA5D9, 0xA5D9, 0xA5D9, 0xA5D9, 0xA5D9, 0xA5D9, 0xA5D9, 0xA5D9, 0xA5D8, 0xA5D8, 0xA5D9, 0xA5D9, 0xA5D9, 0xA5D9,   // 0x1EC0 (7872) pixels
0xA5D9, 0xA5D8, 0xA5B8, 0xA5D8, 0xA5D8, 0xA5D8, 0xA5D8, 0xA5D8, 0xA5B8, 0xA5D8, 0xA5D8, 0xA5D8, 0xA5D8, 0xA5D8, 0xA5D8, 0xA5D8,   // 0x1ED0 (7888) pixels
0xA5B8, 0x9DD8, 0x9DD8, 0x9DD8, 0xA5B8, 0xA5B8, 0xA5B8, 0xA5B8, 0x9DB8, 0x9DB8, 0xA5B8, 0xA5B8, 0xA5B8, 0xA5B8, 0xA5B8, 0xA5B9,   // 0x1EE0 (7904) pixels
0xADDA, 0xADB9, 0x8C95, 0x6330, 0x5AF0, 0x5AD0, 0x7BB4, 0x9C97, 0xA4D8, 0xA4D8, 0xA4D7, 0xA4B7, 0xA4B7, 0xA4B7, 0xA497, 0x9C56,   // 0x1EF0 (7920) pixels
0x9436, 0x8C15, 0x8BD5, 0x8395, 0x7B54, 0x7313, 0x6AF3, 0x6AD3, 0x6AB2, 0x6AB2, 0x6AB2, 0x7B33, 0x8375, 0x8BB6, 0x8375, 0x6291,   // 0x1F00 (7936) pixels
0x520F, 0x6291, 0x6B53, 0x7BF5, 0x7C76, 0x7CB6, 0x7CF7, 0x7D37, 0x7D37, 0x7D37, 0x7D37, 0x7D37, 0x7D17, 0x7D18, 0x7D18, 0x7D18,   // 0x1F10 (7952) pixels
0x7D17, 0x7D17, 0x7D17, 0x7D17, 0x7D17, 0x7D17, 0x7D17, 0x7D17, 0x7D17, 0x7D17, 0x7D17, 0x7D17, 0x7D17, 0x7D17, 0x7D17, 0x7D17,   // 0x1F20 (7968) pixels
0x7D17, 0x7D17, 0x7D17, 0x7D17, 0x7D17, 0x7D17, 0x7D17, 0x7D17, 0x7D17, 0x7D17, 0x7D17, 0x7D17, 0x7D17, 0x7D17, 0x7D17, 0x7D17,   // 0x1F30 (7984) pixels
0x7D17, 0x7D17, 0x7D17, 0x7D17, 0x7D17, 0x7D17, 0x7D17, 0x7D17, 0x7D17, 0x7D17, 0x7D17, 0x7D17, 0x7D17, 0x7D17, 0x7D17, 0x7D17,   // 0x1F40 (8000) pixels
0x7D17, 0x7D17, 0x7D17, 0x7D17, 0x7D17, 0x7D17, 0x7D17, 0x7D17, 0x7D17, 0x7D17, 0x7D17, 0x7D17, 0x7D17, 0x7D17, 0x7D17, 0x7D17,   // 0x1F50 (8016) pixels
0x7D17, 0x7D17, 0x7D17, 0x7D17, 0x7D17, 0x7D17, 0x7D17, 0x7D17, 0x7D17, 0x7D17, 0x7D17, 0x7D17, 0x7D17, 0x7D17, 0x7D17, 0x7D17,   // 0x1F60 (8032) pixels
0x7D17, 0x7D17, 0x7D17, 0x7D17, 0x7D17, 0x7D17, 0x7D17, 0x7D17, 0x7D17, 0x7D17, 0x7D17, 0x7D17, 0x7D17, 0x7D17, 0x7D17, 0x7D17,   // 0x1F70 (8048) pixels
0x7D17, 0x7D17, 0x7D17, 0x7D17, 0x7D17, 0x7D17, 0x7D17, 0x7D17, 0x7D17, 0x7D17, 0x7D17, 0x7D17, 0x7D17, 0x7D17, 0x7D17, 0x7D17,   // 0x1F80 (8064) pixels
0x7D17, 0x7D17, 0x7D17, 0x7D17, 0x7D17, 0x7D17, 0x7D17, 0x7D17, 0x7D17, 0x7D17, 0x7D17, 0x7D17, 0x7D17, 0x7D17, 0x7D17, 0x7D17,   // 0x1F90 (8080) pixels
0x7D17, 0x7D17, 0x7D17, 0x7D17, 0x7D17, 0x7D17, 0x7D17, 0x7D17, 0x7D17, 0x7D17, 0x7D17, 0x7D17, 0x7D17, 0x7D17, 0x7D17, 0x7D17,   // 0x1FA0 (8096) pixels
0x7D17, 0x7CF7, 0x84F7, 0x8517, 0x9538, 0x9D59, 0xAD7A, 0xB59A, 0xB55A, 0xAD39, 0xB539, 0xACF9, 0xACD8, 0xB4F9, 0xACF8, 0xA4B7,   // 0x1FB0 (8112) pixels
0x8C15, 0x7372, 0x62F0, 0x7392, 0xA518, 0xB5FB, 0xADBA, 0xADFA, 0xADDA, 0xA5DA, 0xA5D9, 0xA5D9, 0xA5D9, 0xA5D9, 0xA5F9, 0xA5D9,   // 0x1FC0 (8128) pixels
0xADD9, 0xADD9, 0xA5D9, 0xA5D9, 0xADD9, 0xADD9, 0xADD9, 0xA5D9, 0xADD9, 0xADD9, 0xA5D9, 0xA5D9, 0xA5D9, 0xA5D9, 0xA5D9, 0xA5D9,   // 0x1FD0 (8144) pixels
0xA5D9, 0xA5D9, 0xA5D9, 0xA5D9, 0xA5D9, 0xA5D9, 0xA5D9, 0xA5D9, 0xA5D9, 0xA5D9, 0xA5D9, 0xA5D9, 0xA5D9, 0xA5D9, 0xA5D9, 0xA5D9,   // 0x1FE0 (8160) pixels
0xA5D9, 0xA5D9, 0xA5D9, 0xA5D9, 0xA5D9, 0xA5D9, 0xA5D9, 0xA5D9, 0xA5D9, 0xA5D9, 0xA5D9, 0xA5D9, 0xA5D9, 0xA5D9, 0xA5D9, 0xA5D9,   // 0x1FF0 (8176) pixels
0xA5D9, 0xA5D9, 0xA5D9, 0xA5D9, 0xA5D9, 0xA5D9, 0xA5D9, 0xA5D9, 0xA5D9, 0xA5D9, 0xA5D9, 0xA5D8, 0xA5D9, 0xA5D9, 0xA5D9, 0xA5D8,   // 0x2000 (8192) pixels
0xA5D9, 0xA5B8, 0xA5B9, 0xA5B8, 0xA5B9, 0xA5D8, 0xA5D9, 0xA5B8, 0xA5B9, 0xA5B8, 0xA5B9, 0xA5D8, 0xA5B9, 0xA5D8, 0xA5B9, 0xA5D9,   // 0x2010 (8208) pixels
0xA5B8, 0x9DD8, 0x9DD8, 0x9DD8, 0xA5B8, 0xA5B8, 0xA5B8, 0xA5B8, 0x9DB8, 0xA5B8, 0xA5B8, 0xA5B8, 0xA5B8, 0xA5B8, 0xA5B8, 0xA5B9,   // 0x2020 (8224) pixels
0xA599, 0xA579, 0x7C34, 0x52CF, 0x5AD0, 0x6B31, 0x8C15, 0xA4D8, 0xA4D8, 0xA4D8, 0xA4B7, 0xA4B7, 0xA4B7, 0xA497, 0x9C77, 0x9C56,   // 0x2030 (8240) pixels
0x9435, 0x8BF5, 0x83B5, 0x8374, 0x7B34, 0x7313, 0x6AD3, 0x6AD3, 0x6AB2, 0x6AB1, 0x6AD2, 0x7B53, 0x8374, 0x8374, 0x7B33, 0x626F,   // 0x2040 (8256) pixels
0x522E, 0x6AD1, 0x7B94, 0x7C15, 0x7C56, 0x7CB7, 0x7D17, 0x7D17, 0x7D17, 0x7D37, 0x7D37, 0x7D37, 0x7D18, 0x7D18, 0x7D18, 0x7D18,   // 0x2050 (8272) pixels
0x7D18, 0x7D17, 0x7D17, 0x7D17, 0x7D17, 0x7D17, 0x7D17, 0x7D17, 0x7D17, 0x7D17, 0x7D17, 0x7D17, 0x7D17, 0x7D17, 0x7D17, 0x7D17,   // 0x2060 (8288) pixels
0x7D17, 0x7D17, 0x7D17, 0x7D17, 0x7D17, 0x7D17, 0x7D17, 0x7D17, 0x7D17, 0x7D17, 0x7D17, 0x7D17, 0x7D17, 0x7D17, 0x7D17, 0x7D17,   // 0x2070 (8304) pixels
0x7D17, 0x7D17, 0x7D17, 0x7D17, 0x7D17, 0x7D17, 0x7D17, 0x7D17, 0x7D17, 0x7D17, 0x7D17, 0x7D17, 0x7D17, 0x7D17, 0x7D17, 0x7D17,   // 0x2080 (8320) pixels
0x7D17, 0x7D17, 0x7D17, 0x7D17, 0x7D17, 0x7D17, 0x7D17, 0x7D17, 0x7D17, 0x7D17, 0x7D17, 0x7D17, 0x7D17, 0x7D17, 0x7D17, 0x7D17,   // 0x2090 (8336) pixels
0x7D17, 0x7D17, 0x7D17, 0x7D17, 0x7D17, 0x7D17, 0x7D17, 0x7D17, 0x7D17, 0x7D17, 0x7D17, 0x7D17, 0x7D17, 0x7D17, 0x7D17, 0x7D17,   // 0x20A0 (8352) pixels
0x7D17, 0x7D17, 0x7D17, 0x7D17, 0x7D17, 0x7D17, 0x7D17, 0x7D17, 0x7D17, 0x7D17, 0x7D17, 0x7D17, 0x7D17, 0x7D17, 0x7D17, 0x7D17,   // 0x20B0 (8368) pixels
0x7D17, 0x7D17, 0x7D17, 0x7D17, 0x7D17, 0x7D17, 0x7D17, 0x7D17, 0x7D17, 0x7D17, 0x7D17, 0x7D17, 0x7D17, 0x7D17, 0x7D17, 0x7D17,   // 0x20C0 (8384) pixels
0x7D17, 0x7D17, 0x7D17, 0x7D17, 0x7D17, 0x7D17, 0x7D17, 0x7D17, 0x7D17, 0x7D17, 0x7D17, 0x7D17, 0x7D17, 0x7D17, 0x7D17, 0x7D17,   // 0x20D0 (8400) pixels
0x7D17, 0x7D17, 0x7D17, 0x7D17, 0x7D17, 0x7D17, 0x7D17, 0x7D17, 0x7D17, 0x7D17, 0x7D17, 0x7D17, 0x7D17, 0x7D17, 0x7D17, 0x7D17,   // 0x20E0 (8416) pixels
0x7D17, 0x7CF7, 0x84F7, 0x8D18, 0x9D38, 0xA579, 0xAD7A, 0xB59A, 0xB559, 0xAD19, 0xB519, 0xACF9, 0xACD8, 0xB519, 0xACF9, 0x9C77,   // 0x20F0 (8432) pixels
0x7352, 0x6B11, 0x6B51, 0x8434, 0xA559, 0xB61B, 0xADDA, 0xADDA, 0xA5FA, 0xA5F9, 0xA5F9, 0xA5F9, 0xA5F9, 0xA5F9, 0xA5F9, 0xADD9,   // 0x2100 (8448) pixels
0xADD9, 0xADD9, 0xADB9, 0xADB9, 0xADD9, 0xADD9, 0xADD9, 0xADB9, 0xADD9, 0xADD9, 0xADD9, 0xADD9, 0xADD9, 0xA5D9, 0xA5D9, 0xA5D9,   // 0x2110 (8464) pixels
0xADD9, 0xADD9, 0xADD9, 0xADD9, 0xADD9, 0xADD9, 0xADD9, 0xADD9, 0xADD9, 0xADD9, 0xADD9, 0xADD9, 0xADD9, 0xADD9, 0xADD9, 0xADD9,   // 0x2120 (8480) pixels
0xADD9, 0xADD9, 0xADD9, 0xADD9, 0xADD9, 0xADD9, 0xADD9, 0xADD9, 0xADD9, 0xADD9, 0xADD9, 0xADD9, 0xADD9, 0xADD9, 0xADD9, 0xADD9,   // 0x2130 (8496) pixels
0xADD9, 0xA5D9, 0xA5D9, 0xA5D9, 0xA5D9, 0xA5D9, 0xADD9, 0xADD9, 0xADD9, 0xA5D9, 0xA5D9, 0xA5D9, 0xA5D9, 0xA5D9, 0xA5D9, 0xA5B9,   // 0x2140 (8512) pixels
0xA5D9, 0xA5B9, 0xA5B9, 0xA5B9, 0xA5B9, 0xA5B9, 0xA5B9, 0xA5B9, 0xA5B9, 0xA5B9, 0xA5B9, 0xA5B9, 0xA5B9, 0xA5B9, 0xA5B9, 0xA5D9,   // 0x2150 (8528) pixels
0xA5B8, 0x9DD8, 0x9DD8, 0x9DD8, 0xA5B8, 0xA5B8, 0xA5B8, 0xA5B8, 0xA5D9, 0xA5B8, 0xA5B8, 0xA5B8, 0xA5B8, 0xA5B8, 0xA5B9, 0xA5D9,   // 0x2160 (8544) pixels
0x9D99, 0x9538, 0x73D3, 0x424E, 0x5AF0, 0x7B93, 0x9436, 0xA4D8, 0xA4D8, 0xA4D8, 0xA4B7, 0xA4B7, 0xA4B7, 0xA497, 0x9C77, 0x9436,   // 0x2170 (8560) pixels
0x8C15, 0x83D5, 0x8394, 0x7B74, 0x7333, 0x72F3, 0x6AD2, 0x6AB2, 0x6AB1, 0x6AB1, 0x7311, 0x8B93, 0x8BB3, 0x8352, 0x7AF0, 0x626E,   // 0x2180 (8576) pixels
0x5A4E, 0x7311, 0x83D4, 0x8435, 0x7C76, 0x84D7, 0x8518, 0x7D17, 0x7D17, 0x7D37, 0x7D37, 0x7D37, 0x7D18, 0x7D18, 0x7D18, 0x7D18,   // 0x2190 (8592) pixels
0x7D18, 0x7D17, 0x7D17, 0x7D17, 0x7D17, 0x7D17, 0x7D17, 0x7D17, 0x7D17, 0x7D17, 0x7D17, 0x7D17, 0x7D17, 0x7D17, 0x7D17, 0x7D17,   // 0x21A0 (8608) pixels
0x7D17, 0x7D17, 0x7D17, 0x7D17, 0x7D17, 0x7D17, 0x7D17, 0x7D17, 0x7D17, 0x7D17, 0x7D17, 0x7D17, 0x7D17, 0x7D17, 0x7D17, 0x7D17,   // 0x21B0 (8624) pixels
0x7D17, 0x7D17, 0x7D17, 0x7D17, 0x7D17, 0x7D17, 0x7D17, 0x7D17, 0x7D17, 0x7D17, 0x7D17, 0x7D17, 0x7D17, 0x7D17, 0x7D17, 0x7D17,   // 0x21C0 (8640) pixels
0x7D17, 0x7D17, 0x7D17, 0x7D17, 0x7D17, 0x7D17, 0x7D17, 0x7D17, 0x7D17, 0x7D17, 0x7D17, 0x7D17, 0x7D17, 0x7D17, 0x7D17, 0x7D17,   // 0x21D0 (8656) pixels
0x7D17, 0x7D17, 0x7D17, 0x7D17, 0x7D17, 0x7D17, 0x7D17, 0x7D17, 0x7D17, 0x7D17, 0x7D17, 0x7D17, 0x7D17, 0x7D17, 0x7D17, 0x7D17,   // 0x21E0 (8672) pixels
0x7D17, 0x7D17, 0x7D17, 0x7D17, 0x7D17, 0x7D17, 0x7D17, 0x7D17, 0x7D17, 0x7D17, 0x7D17, 0x7D17, 0x7D17, 0x7D17, 0x7D17, 0x7D17,   // 0x21F0 (8688) pixels
0x7D17, 0x7D17, 0x7D17, 0x7D17, 0x7D17, 0x7D17, 0x7D17, 0x7D17, 0x7D17, 0x7D17, 0x7D17, 0x7D17, 0x7D17, 0x7D17, 0x7D17, 0x7D17,   // 0x2200 (8704) pixels
0x7D17, 0x7D17, 0x7D17, 0x7D17, 0x7D17, 0x7D17, 0x7D17, 0x7D17, 0x7D17, 0x7D17, 0x7D17, 0x7D17, 0x7D17, 0x7D17, 0x7D17, 0x7D17,   // 0x2210 (8720) pixels
0x7D17, 0x7D17, 0x7D17, 0x7D17, 0x7D17, 0x7D17, 0x7D17, 0x7D17, 0x7D17, 0x7D17, 0x7D17, 0x7D17, 0x7D17, 0x7D17, 0x7D17, 0x7D17,   // 0x2220 (8736) pixels
0x7D17, 0x84F7, 0x84F7, 0x8D18, 0x9D59, 0xA579, 0xAD79, 0xAD59, 0xB539, 0xAD18, 0xB519, 0xB519, 0xACF8, 0xB519, 0xACD8, 0x9436,   // 0x2230 (8752) pixels
0x6B10, 0x6310, 0x83F4, 0x94D7, 0xAD79, 0xB5FA, 0xADFA, 0xA5D9, 0xA5D9, 0xA5F9, 0xA5F9, 0xA5D9, 0xA5D9, 0xA5D9, 0xA5D9, 0xADD9,   // 0x2240 (8768) pixels
0xADD9, 0xADD9, 0xADB9, 0xADD9, 0xADD9, 0xADD9, 0xADD9, 0xADD9, 0xADD9, 0xADD9, 0xADD9, 0xADD9, 0xADD9, 0xADD9, 0xA5D9, 0xA5D9,   // 0x2250 (8784) pixels
0xA5D9, 0xA5D9, 0xA5D9, 0xA5D9, 0xA5D9, 0xA5D9, 0xA5D9, 0xA5D9, 0xA5D9, 0xA5D9, 0xA5D9, 0xA5D9, 0xA5D9, 0xA5D9, 0xA5D9, 0xA5D9,   // 0x2260 (8800) pixels
0xA5D9, 0xA5D9, 0xA5D9, 0xA5D9, 0xADD9, 0xADD9, 0xADD9, 0xADD9, 0xADD9, 0xADD9, 0xADD9, 0xADD9, 0xADD9, 0xADD9, 0xADD9, 0xADD9,   // 0x2270 (8816) pixels
0xADD9, 0xADD9, 0xA5D9, 0xA5D9, 0xA5D9, 0xADD9, 0xADD9, 0xADD9, 0xADD9, 0xA5D9, 0xA5D9, 0xA5D9, 0xADD9, 0xADD9, 0xADD9, 0xA5D9,   // 0x2280 (8832) pixels
0xADB9, 0xA5B9, 0xA5B9, 0xA5B9, 0xA5B9, 0xA5B9, 0xA5B9, 0xA5B9, 0xA5B9, 0xA5B9, 0xA5B9, 0xA5B9, 0xA5B9, 0xA5B9, 0xA5B9, 0xA5D9,   // 0x2290 (8848) pixels
0xA5B8, 0x9DD8, 0x9DD8, 0x9DD8, 0xA5B8, 0xA5B8, 0xA5B8, 0xA5B8, 0xA5D9, 0xA5D9, 0xA5B8, 0xA5B8, 0xA5B9, 0xA5D9, 0xA5D9, 0xA5D9,   // 0x22A0 (8864) pixels
0x9558, 0x8CD6, 0x6372, 0x422D, 0x6B11, 0x8C15, 0x9C77, 0xA4B8, 0xA4D8, 0xA4D8, 0xA4B7, 0xA4B7, 0xA497, 0xA497, 0x9C56, 0x9416,   // 0x22B0 (8880) pixels
0x8BF5, 0x83D5, 0x7B94, 0x7B54, 0x7313, 0x72F2, 0x6AB2, 0x6AB1, 0x6AB0, 0x72D0, 0x7B10, 0x93D2, 0x9BF3, 0x8B90, 0x832F, 0x72CE,   // 0x22C0 (8896) pixels
0x72CE, 0x7B51, 0x83F3, 0x8435, 0x8496, 0x84F7, 0x8518, 0x7D18, 0x7D17, 0x7D17, 0x7D37, 0x7D37, 0x7D17, 0x7D18, 0x7D18, 0x7D18,   // 0x22D0 (8912) pixels
0x7D18, 0x7D17, 0x7D17, 0x7D17, 0x7D17, 0x7D17, 0x7D17, 0x7D17, 0x7D17, 0x7D17, 0x7D17, 0x7D17, 0x7D17, 0x7D17, 0x7D17, 0x7D17,   // 0x22E0 (8928) pixels
0x7D17, 0x7D17, 0x7D17, 0x7D17, 0x7D17, 0x7D17, 0x7D17, 0x7D17, 0x7D17, 0x7D17, 0x7D17, 0x7D17, 0x7D17, 0x7D17, 0x7D17, 0x7D17,   // 0x22F0 (8944) pixels
0x7D17, 0x7D17, 0x7D17, 0x7D17, 0x7D17, 0x7D17, 0x7D17, 0x7D17, 0x7D17, 0x7D17, 0x7D17, 0x7D17, 0x7D17, 0x7D17, 0x7D17, 0x7D17,   // 0x2300 (8960) pixels
0x7D38, 0x7D38, 0x7D38, 0x7D38, 0x7D38, 0x7D38, 0x7D38, 0x7D38, 0x7D38, 0x7D38, 0x7D38, 0x7D38, 0x7D38, 0x7D38, 0x7D38, 0x7D38,   // 0x2310 (8976) pixels
0x7D38, 0x7D38, 0x7D38, 0x7D38, 0x7D38, 0x7D38, 0x7D38, 0x7D38, 0x7D38, 0x7D38, 0x7D38, 0x7D38, 0x7D38, 0x7D38, 0x7D38, 0x7D38,   // 0x2320 (8992) pixels
0x7D38, 0x7D38, 0x7D38, 0x7D38, 0x7D38, 0x7D38, 0x7D38, 0x7D38, 0x7D38, 0x7D38, 0x7D38, 0x7D38, 0x7D38, 0x7D38, 0x7D38, 0x7D38,   // 0x2330 (9008) pixels
0x7D38, 0x7D38, 0x7D38, 0x7D38, 0x7D38, 0x7D38, 0x7D38, 0x7D38, 0x7D38, 0x7D38, 0x7D38, 0x7D38, 0x7D38, 0x7D38, 0x7D38, 0x7D38,   // 0x2340 (9024) pixels
0x7D38, 0x7D38, 0x7D38, 0x7D38, 0x7D38, 0x7D38, 0x7D38, 0x7D38, 0x7D38, 0x7D38, 0x7D38, 0x7D38, 0x7D38, 0x7D38, 0x7D38, 0x7D38,   // 0x2350 (9040) pixels
0x7D38, 0x7D38, 0x7D38, 0x7D38, 0x7D38, 0x7D38, 0x7D38, 0x7D38, 0x7D17, 0x7D17, 0x7D17, 0x7D17, 0x7D17, 0x7D17, 0x7D17, 0x7D17,   // 0x2360 (9056) pixels
0x8517, 0x84F7, 0x8CF7, 0x9518, 0xA559, 0xAD59, 0xAD59, 0xAD39, 0xB539, 0xACF8, 0xB519, 0xB519, 0xB519, 0xB4F9, 0xA498, 0x8C15,   // 0x2370 (9072) pixels
0x5ACF, 0x6B51, 0x9496, 0xAD79, 0xAD99, 0xADDA, 0xADDA, 0xADD9, 0xA5D9, 0xA5D9, 0xA5D9, 0xA5D9, 0xA5D9, 0xA5D9, 0xA5D9, 0xADD9,   // 0x2380 (9088) pixels
0xADD9, 0xADD9, 0xADD9, 0xADD9, 0xADD9, 0xADD9, 0xADD9, 0xADD9, 0xADD9, 0xADD9, 0xADD9, 0xADD9, 0xA5D9, 0xA5D9, 0xA5D9, 0xA5D9,   // 0x2390 (9104) pixels
0xADD9, 0xA5D9, 0xA5D9, 0xA5D9, 0xA5D9, 0xA5D9, 0xA5D9, 0xA5D9, 0xA5D9, 0xA5D9, 0xA5D9, 0xA5D9, 0xA5D9, 0xA5D9, 0xA5D9, 0xA5D9,   // 0x23A0 (9120) pixels
0xADD9, 0xADD9, 0xADD9, 0xADD9, 0xADD9, 0xADD9, 0xADD9, 0xADD9, 0xADD9, 0xADD9, 0xADD9, 0xADD9, 0xADD9, 0xADD9, 0xADD9, 0xADD9,   // 0x23B0 (9136) pixels
0xADB9, 0xADB9, 0xA5B9, 0xA5B9, 0xA5B9, 0xADB9, 0xADD9, 0xADD9, 0xA5B9, 0xA5B9, 0xA5B9, 0xADD9, 0xADD9, 0xADD9, 0xADD9, 0xADD9,   // 0x23C0 (9152) pixels
0xA5D9, 0xA5B9, 0xA5B9, 0xA5B9, 0xA5B9, 0xA5D9, 0xA5D9, 0xA5B9, 0xA5B9, 0xA5B9, 0xA5B9, 0xA5D9, 0xA5D9, 0xA5D9, 0xA5D9, 0xA5D9,   // 0x23D0 (9168) pixels
0xA5D9, 0xA5D9, 0xA5D9, 0xA5D9, 0xA5D9, 0xA5D9, 0xA5D9, 0xA5D9, 0xA5D9, 0xA5B9, 0xA5B9, 0xA5B9, 0xA5D9, 0xA5D9, 0xA5D9, 0xA5D9,   // 0x23E0 (9184) pixels
0x8CF7, 0x7434, 0x5B31, 0x422E, 0x7353, 0x9C77, 0xACB9, 0xACD9, 0xA4D8, 0xA4D8, 0xA4B8, 0xA4B7, 0xA497, 0x9C97, 0x9C56, 0x9416,   // 0x23F0 (9200) pixels
0x8BF5, 0x83B5, 0x7B74, 0x7354, 0x7313, 0x6AF2, 0x6AB1, 0x6AB0, 0x72AF, 0x7AEF, 0x834F, 0x9C11, 0xAC72, 0xA430, 0xA3EF, 0x93CF,   // 0x2400 (9216) pixels
0x8B8F, 0x83B1, 0x8BF2, 0x8C74, 0x8CB6, 0x8CF7, 0x84F7, 0x7D18, 0x7D18, 0x7D38, 0x7D37, 0x7D37, 0x7D37, 0x7D38, 0x7D38, 0x7D38,   // 0x2410 (9232) pixels
0x7D38, 0x7D38, 0x7D38, 0x7D38, 0x7D38, 0x7D38, 0x7D38, 0x7D38, 0x7D38, 0x7D38, 0x7D38, 0x7D38, 0x7D38, 0x7D38, 0x7D38, 0x7D38,   // 0x2420 (9248) pixels
0x7D17, 0x7D17, 0x7D17, 0x7D17, 0x7D17, 0x7D17, 0x7D17, 0x7D17, 0x7D17, 0x7D17, 0x7D17, 0x7D17, 0x7D17, 0x7D17, 0x7D17, 0x7D17,   // 0x2430 (9264) pixels
0x7D17, 0x7D17, 0x7D17, 0x7D17, 0x7D17, 0x7D17, 0x7D17, 0x7D17, 0x7D17, 0x7D17, 0x7D17, 0x7D17, 0x7D17, 0x7D17, 0x7D17, 0x7D17,   // 0x2440 (9280) pixels
0x7D38, 0x7D38, 0x7D38, 0x7D38, 0x7D38, 0x7D38, 0x7D38, 0x7D38, 0x7D38, 0x7D38, 0x7D38, 0x7D38, 0x7D38, 0x7D38, 0x7D38, 0x7D38,   // 0x2450 (9296) pixels
0x7D38, 0x7D38, 0x7D38, 0x7D38, 0x7D38, 0x7D38, 0x7D38, 0x7D38, 0x7D38, 0x7D38, 0x7D38, 0x7D38, 0x7D38, 0x7D38, 0x7D38, 0x7D38,   // 0x2460 (9312) pixels
0x7D38, 0x7D38, 0x7D38, 0x7D38, 0x7D38, 0x7D38, 0x7D38, 0x7D38, 0x7D38, 0x7D38, 0x7D38, 0x7D38, 0x7D38, 0x7D38, 0x7D38, 0x7D38,   // 0x2470 (9328) pixels
0x7D38, 0x7D38, 0x7D38, 0x7D38, 0x7D38, 0x7D38, 0x7D38, 0x7D38, 0x7D38, 0x7D38, 0x7D38, 0x7D38, 0x7D38, 0x7D38, 0x7D38, 0x7D38,   // 0x2480 (9344) pixels
0x7D38, 0x7D38, 0x7D38, 0x7D38, 0x7D38, 0x7D38, 0x7D38, 0x7D38, 0x7D38, 0x7D38, 0x7D38, 0x7D38, 0x7D38, 0x7D38, 0x7D38, 0x7D38,   // 0x2490 (9360) pixels
0x7D38, 0x7D38, 0x7D38, 0x7D38, 0x7D38, 0x7D38, 0x7D38, 0x7D38, 0x7D17, 0x7D17, 0x7D38, 0x7D38, 0x7D38, 0x7D38, 0x7D17, 0x7D17,   // 0x24A0 (9376) pixels
0x84F7, 0x84F7, 0x8D17, 0x9D38, 0xA559, 0xAD59, 0xAD59, 0xAD39, 0xB519, 0xB518, 0xB4F9, 0xB519, 0xB519, 0xACD8, 0x9436, 0x83B3,   // 0x24B0 (9392) pixels
0x5AAF, 0x6B71, 0x9D17, 0xB5DA, 0xADDA, 0xADD9, 0xADD9, 0xA5D9, 0xA5F9, 0xA5F9, 0xA5D9, 0xADD9, 0xADDA, 0xADDA, 0xADDA, 0xADD9,   // 0x24C0 (9408) pixels
0xADD9, 0xADD9, 0xADD9, 0xADD9, 0xADD9, 0xADD9, 0xADD9, 0xADD9, 0xADD9, 0xADF9, 0xADF9, 0xADD9, 0xADD9, 0xADD9, 0xA5D9, 0xA5D9,   // 0x24D0 (9424) pixels
0xA5F9, 0xA5F9, 0xA5F9, 0xA5F9, 0xA5F9, 0xA5F9, 0xA5F9, 0xA5F9, 0xA5F9, 0xA5F9, 0xA5F9, 0xA5F9, 0xA5F9, 0xA5F9, 0xA5F9, 0xA5F9,   // 0x24E0 (9440) pixels
0xA5F9, 0xADD9, 0xADD9, 0xADD9, 0xADD9, 0xADD9, 0xADD9, 0xADD9, 0xADD9, 0xADD9, 0xADD9, 0xADD9, 0xADD9, 0xADD9, 0xADD9, 0xADD9,   // 0x24F0 (9456) pixels
0xA5B9, 0xA5B8, 0xA5B9, 0xA5B8, 0xA5B9, 0xA5B8, 0xADB9, 0xADD9, 0xA5B9, 0xA5B8, 0xADB9, 0xADD9, 0xADD9, 0xADD9, 0xADD9, 0xA5D9,   // 0x2500 (9472) pixels
0xA5D9, 0xA5B9, 0xA5B9, 0xA5D9, 0xA5D9, 0xA5D9, 0xA5D9, 0xA5B9, 0xA5B9, 0xA5D9, 0xA5D9, 0x9DD9, 0xA5D9, 0x9DD9, 0x9DD9, 0x9DD9,   // 0x2510 (9488) pixels
0xA5D9, 0xA5D9, 0xA5D9, 0xA5D9, 0xA5D9, 0xA5D9, 0xA5D9, 0xA5D9, 0xA5D9, 0xA5B9, 0xA5B9, 0xA5B9, 0xA5D9, 0xA5D9, 0xA5D9, 0xA5B9,   // 0x2520 (9504) pixels
0x84D6, 0x6392, 0x5B10, 0x528F, 0x7374, 0xA498, 0xACFA, 0xACD9, 0xA4B8, 0xA4D8, 0xA4B8, 0x9CB7, 0x9C97, 0x9C77, 0x9C36, 0x93F6,   // 0x2530 (9520) pixels
0x83D5, 0x7B95, 0x7B54, 0x7334, 0x7313, 0x6AD2, 0x6AB0, 0x6A8F, 0x6AAE, 0x832F, 0x938F, 0xAC50, 0xBCD2, 0xBCD1, 0xBC90, 0xAC6F,   // 0x2540 (9536) pixels
0x9C10, 0x9411, 0x9432, 0x9494, 0x94D6, 0x8CF7, 0x84F7, 0x7D17, 0x7D18, 0x7D37, 0x7D37, 0x7D37, 0x7D37, 0x7D37, 0x7D37, 0x7D37,   // 0x2550 (9552) pixels
0x7D38, 0x7D38, 0x7D38, 0x7D38, 0x7D38, 0x7D38, 0x7D38, 0x7D38, 0x7D38, 0x7D38, 0x7D38, 0x7D38, 0x7D38, 0x7D38, 0x7D38, 0x7D38,   // 0x2560 (9568) pixels
0x7D38, 0x7D38, 0x7D38, 0x7D38, 0x7D38, 0x7D38, 0x7D38, 0x7D38, 0x7D38, 0x7D38, 0x7D38, 0x7D38, 0x7D38, 0x7D38, 0x7D38, 0x7D38,   // 0x2570 (9584) pixels
0x7D38, 0x7D38, 0x7D38, 0x7D38, 0x7D38, 0x7D38, 0x7D38, 0x7D38, 0x7D38, 0x7D38, 0x7D38, 0x7D38, 0x7D38, 0x7D38, 0x7D38, 0x7D38,   // 0x2580 (9600) pixels
0x7D38, 0x7D38, 0x7D38, 0x7D38, 0x7D38, 0x7D38, 0x7D38, 0x7D38, 0x7D38, 0x7D38, 0x7D38, 0x7D38, 0x7D38, 0x7D38, 0x7D38, 0x7D38,   // 0x2590 (9616) pixels
0x7D38, 0x7D38, 0x7D38, 0x7D38, 0x7D38, 0x7D38, 0x7D38, 0x7D38, 0x7D38, 0x7D38, 0x7D38, 0x7D38, 0x7D38, 0x7D38, 0x7D38, 0x7D38,   // 0x25A0 (9632) pixels
0x7D38, 0x7D38, 0x7D38, 0x7D38, 0x7D38, 0x7D38, 0x7D38, 0x7D38, 0x7D38, 0x7D38, 0x7D38, 0x7D38, 0x7D38, 0x7D38, 0x7D38, 0x7D38,   // 0x25B0 (9648) pixels
0x7D38, 0x7D38, 0x7D38, 0x7D38, 0x7D38, 0x7D38, 0x7D38, 0x7D38, 0x7D38, 0x7D38, 0x7D38, 0x7D38, 0x7D38, 0x7D38, 0x7D38, 0x7D38,   // 0x25C0 (9664) pixels
0x7D38, 0x7D38, 0x7D38, 0x7D38, 0x7D38, 0x7D38, 0x7D38, 0x7D38, 0x7D38, 0x7D38, 0x7D38, 0x7D38, 0x7D38, 0x7D38, 0x7D38, 0x7D38,   // 0x25D0 (9680) pixels
0x7D38, 0x7D38, 0x7D38, 0x7D38, 0x7D38, 0x7D38, 0x7D38, 0x7D38, 0x7D17, 0x7D17, 0x7D38, 0x7D38, 0x7D38, 0x7D38, 0x7D17, 0x7D17,   // 0x25E0 (9696) pixels
0x8517, 0x8D18, 0x9538, 0x9D59, 0xA559, 0xAD59, 0xAD59, 0xB539, 0xB518, 0xB519, 0xACF8, 0xB4F9, 0xB53A, 0x9C77, 0x7B73, 0x7332,   // 0x25F0 (9712) pixels
0x6310, 0x7BF3, 0xA559, 0xB5FB, 0xADDA, 0xADD9, 0xA5B9, 0xA5D9, 0xA5F9, 0xA5F9, 0xA5D9, 0xADD9, 0xADDA, 0xADDA, 0xADDA, 0xADDA,   // 0x2600 (9728) pixels
0xADD9, 0xA5D9, 0xA5D9, 0xADD9, 0xADF9, 0xADF9, 0xADF9, 0xADF9, 0xADF9, 0xA5F9, 0xA5F9, 0xA5D9, 0xA5D9, 0xA5D9, 0xA5D9, 0xA5D9,   // 0x2610 (9744) pixels
0xA5F9, 0xA5F9, 0xA5F9, 0xA5F9, 0xA5F9, 0xA5F9, 0xA5F9, 0xA5F9, 0xA5F9, 0xA5F9, 0xA5F9, 0xA5F9, 0xA5F9, 0xA5F9, 0xA5F9, 0xA5F9,   // 0x2620 (9760) pixels
0xA5F9, 0xA5F9, 0xA5F9, 0xA5F9, 0xA5F9, 0xA5F9, 0xA5F9, 0xA5F9, 0xA5D9, 0xA5D9, 0xA5D9, 0xA5D9, 0xADD9, 0xADD9, 0xADD9, 0xADD9,   // 0x2630 (9776) pixels
0xA5B8, 0xA5D8, 0xA5D9, 0xA5D8, 0xA5D9, 0xADD9, 0xADD9, 0xADD9, 0xA5D9, 0xA5D8, 0xADD9, 0xADD9, 0xADD9, 0xADD9, 0xA5D9, 0xA5B8,   // 0x2640 (9792) pixels
0xA5D9, 0xA5D8, 0xA5D8, 0xA5D8, 0xA5D8, 0xA5D8, 0xA5D8, 0xA5D8, 0xA5D8, 0x9DD8, 0x9DD8, 0x9DD8, 0x9DD8, 0x9DD8, 0x9DD8, 0x9DD9,   // 0x2650 (9808) pixels
0x9DD9, 0xA5D9, 0xA5D9, 0xA5D9, 0xA5D9, 0xA5D9, 0xA5B9, 0xA5B9, 0xA5D9, 0xA5B9, 0xA5B9, 0xA5B9, 0xA5D9, 0xA5B9, 0xA5B9, 0x9D98,   // 0x2660 (9824) pixels
0x7C75, 0x52F0, 0x5B10, 0x6311, 0x83D5, 0xA4B9, 0xACFA, 0xA4B8, 0xA4B8, 0xA4B8, 0xA4B8, 0x9C97, 0x9C97, 0x9C77, 0x9436, 0x8BF6,   // 0x2670 (9840) pixels
0x83B5, 0x7B75, 0x7334, 0x7313, 0x6AF3, 0x6AB1, 0x6A8F, 0x6A6E, 0x6A8D, 0x8B8F, 0x9C0F, 0xB46F, 0xC4F0, 0xC4EF, 0xBCAE, 0xAC6D,   // 0x2680 (9856) pixels
0x9C2F, 0x9C30, 0x9472, 0x94B4, 0x94D6, 0x8CF7, 0x84F7, 0x7D17, 0x7D18, 0x7D37, 0x7D37, 0x7D37, 0x7D37, 0x7D37, 0x7D37, 0x7D37,   // 0x2690 (9872) pixels
0x7D37, 0x7D38, 0x7D38, 0x7D38, 0x7D38, 0x7D38, 0x7D38, 0x7D38, 0x7D38, 0x7D38, 0x7D38, 0x7D38, 0x7D38, 0x7D38, 0x7D38, 0x7D38,   // 0x26A0 (9888) pixels
0x7D38, 0x7D38, 0x7D38, 0x7D38, 0x7D38, 0x7D38, 0x7D38, 0x7D38, 0x7D38, 0x7D38, 0x7D38, 0x7D38, 0x7D38, 0x7D38, 0x7D38, 0x7D38,   // 0x26B0 (9904) pixels
0x7D38, 0x7D38, 0x7D38, 0x7D38, 0x7D38, 0x7D38, 0x7D38, 0x7D38, 0x7D38, 0x7D38, 0x7D38, 0x7D38, 0x7D38, 0x7D38, 0x7D38, 0x7D38,   // 0x26C0 (9920) pixels
0x7D38, 0x7D38, 0x7D38, 0x7D38, 0x7D38, 0x7D38, 0x7D38, 0x7D38, 0x7D38, 0x7D38, 0x7D38, 0x7D38, 0x7D38, 0x7D38, 0x7D38, 0x7D38,   // 0x26D0 (9936) pixels
0x7D38, 0x7D38, 0x7D38, 0x7D38, 0x7D38, 0x7D38, 0x7D38, 0x7D38, 0x7D38, 0x7D38, 0x7D38, 0x7D38, 0x7D38, 0x7D38, 0x7D38, 0x7D38,   // 0x26E0 (9952) pixels
0x7D38, 0x7D38, 0x7D38, 0x7D38, 0x7D38, 0x7D38, 0x7D38, 0x7D38, 0x7D38, 0x7D38, 0x7D38, 0x7D38, 0x7D38, 0x7D38, 0x7D38, 0x7D38,   // 0x26F0 (9968) pixels
0x7D38, 0x7D38, 0x7D38, 0x7D38, 0x7D38, 0x7D38, 0x7D38, 0x7D38, 0x7D38, 0x7D38, 0x7D38, 0x7D38, 0x7D38, 0x7D38, 0x7D38, 0x7D38,   // 0x2700 (9984) pixels
0x7D38, 0x7D38, 0x7D38, 0x7D38, 0x7D38, 0x7D38, 0x7D38, 0x7D38, 0x7D38, 0x7D38, 0x7D38, 0x7D38, 0x7D38, 0x7D38, 0x7D38, 0x7D38,   // 0x2710 (10000) pixels
0x7D38, 0x7D38, 0x7D38, 0x7D38, 0x7D38, 0x7D38, 0x7D38, 0x7D38, 0x7D17, 0x7D17, 0x7D38, 0x7D38, 0x7D38, 0x7D38, 0x7D17, 0x7D17,   // 0x2720 (10016) pixels
0x8D18, 0x9538, 0x9D38, 0xA559, 0xA559, 0xAD59, 0xB539, 0xB539, 0xB519, 0xB519, 0xACD8, 0xACF9, 0xB539, 0x9436, 0x6B11, 0x62F1,   // 0x2730 (10032) pixels
0x7BD3, 0x8C96, 0xADBA, 0xB5FB, 0xADFA, 0xADD9, 0xA5D9, 0xADF9, 0xA5F9, 0xA5F9, 0xA5D9, 0xA5D9, 0xADD9, 0xADD9, 0xADDA, 0xADDA,   // 0x2740 (10048) pixels
0xADD9, 0xA5D9, 0xA5D9, 0xADD9, 0xADF9, 0xADF9, 0xADF9, 0xADF9, 0xA5D9, 0xA5D9, 0xA5D9, 0xA5D9, 0xA5F9, 0xADF9, 0xADF9, 0xA5F9,   // 0x2750 (10064) pixels
0xA5F9, 0xA5F9, 0xA5F9, 0xA5F9, 0xA5F9, 0xA5F9, 0xA5F9, 0xA5F9, 0xA5F9, 0xA5F9, 0xA5F9, 0xA5F9, 0xA5F9, 0xA5F9, 0xA5F9, 0xA5D9,   // 0x2760 (10080) pixels
0xA5D9, 0xA5D9, 0xA5D9, 0xA5D9, 0xA5D9, 0xA5D9, 0xA5D9, 0xA5D9, 0xADD9, 0xADD9, 0xADD9, 0xADD9, 0xADD9, 0xADD9, 0xADD9, 0xADD9,   // 0x2770 (10096) pixels
0xADD9, 0xADD9, 0xADD9, 0xADF9, 0xADF9, 0xADF9, 0xADF9, 0xADF9, 0xADD8, 0xADD8, 0xADD9, 0xADD9, 0xADF9, 0xADD9, 0xA5D8, 0xA5B8,   // 0x2780 (10112) pixels
0xA5D9, 0xA5D8, 0xA5D8, 0xA5D8, 0xA5D8, 0xA5D8, 0xA5D8, 0xA5D8, 0xA5D8, 0x9DD8, 0x9DD9, 0x9DD8, 0x9DD9, 0x9DD8, 0x9DD9, 0x9DD9,   // 0x2790 (10128) pixels
0x9DD9, 0xA5D9, 0xA5D9, 0xA5D9, 0xA5B9, 0xA5B9, 0xA5B9, 0xA5B9, 0xA5D9, 0xA5B9, 0xA5B9, 0xA5B9, 0xA5B9, 0xA5B9, 0x9D98, 0x9D78,   // 0x27A0 (10144) pixels
0x6BD3, 0x3A4D, 0x5AF0, 0x7373, 0x8C36, 0xACFA, 0xB4FA, 0xA4B8, 0xA4B8, 0xA4B8, 0xA4B8, 0x9C97, 0x9C77, 0x9C57, 0x9416, 0x8BD6,   // 0x27B0 (10160) pixels
0x8395, 0x7375, 0x7313, 0x6AF3, 0x6AD2, 0x6AB0, 0x626E, 0x626C, 0x6A8B, 0x93CE, 0xAC4E, 0xB48E, 0xC4CE, 0xBCCD, 0xB46C, 0xA40B,   // 0x27C0 (10176) pixels
0x9BCC, 0x9C2F, 0x9C71, 0x9C93, 0x94B4, 0x8CF6, 0x8517, 0x7D17, 0x7D37, 0x7D37, 0x7D37, 0x7D37, 0x7D37, 0x7D37, 0x7D37, 0x7D37,   // 0x27D0 (10192) pixels
0x7D37, 0x7D38, 0x7D38, 0x7D38, 0x7D38, 0x7D38, 0x7D38, 0x7D38, 0x7D38, 0x7D38, 0x7D38, 0x7D38, 0x7D38, 0x7D38, 0x7D38, 0x7D38,   // 0x27E0 (10208) pixels
0x7D38, 0x7D38, 0x7D38, 0x7D38, 0x7D38, 0x7D38, 0x7D38, 0x7D38, 0x7D38, 0x7D38, 0x7D38, 0x7D38, 0x7D38, 0x7D38, 0x7D38, 0x7D38,   // 0x27F0 (10224) pixels
0x7D38, 0x7D38, 0x7D38, 0x7D38, 0x7D38, 0x7D38, 0x7D38, 0x7D38, 0x7D38, 0x7D38, 0x7D38, 0x7D38, 0x7D38, 0x7D38, 0x7D38, 0x7D38,   // 0x2800 (10240) pixels
0x7D38, 0x7D38, 0x7D38, 0x7D38, 0x7D38, 0x7D38, 0x7D38, 0x7D38, 0x7D38, 0x7D38, 0x7D38, 0x7D38, 0x7D38, 0x7D38, 0x7D38, 0x7D38,   // 0x2810 (10256) pixels
0x7D38, 0x7D38, 0x7D38, 0x7D38, 0x7D38, 0x7D38, 0x7D38, 0x7D38, 0x7D38, 0x7D38, 0x7D38, 0x7D38, 0x7D38, 0x7D38, 0x7D38, 0x7D38,   // 0x2820 (10272) pixels
0x7D38, 0x7D38, 0x7D38, 0x7D38, 0x7D38, 0x7D38, 0x7D38, 0x7D38, 0x7D38, 0x7D38, 0x7D38, 0x7D38, 0x7D38, 0x7D38, 0x7D38, 0x7D38,   // 0x2830 (10288) pixels
0x7D38, 0x7D38, 0x7D38, 0x7D38, 0x7D38, 0x7D38, 0x7D38, 0x7D38, 0x7D38, 0x7D38, 0x7D38, 0x7D38, 0x7D38, 0x7D38, 0x7D38, 0x7D38,   // 0x2840 (10304) pixels
0x7D38, 0x7D38, 0x7D38, 0x7D38, 0x7D38, 0x7D38, 0x7D38, 0x7D38, 0x7D38, 0x7D38, 0x7D38, 0x7D38, 0x7D38, 0x7D38, 0x7D38, 0x7D38,   // 0x2850 (10320) pixels
0x7D38, 0x7D38, 0x7D38, 0x7D18, 0x7D18, 0x7D18, 0x7D38, 0x7D38, 0x7D38, 0x7D38, 0x7D37, 0x7D38, 0x7D38, 0x7D17, 0x7D17, 0x84F7,   // 0x2860 (10336) pixels
0x8D17, 0x9538, 0x9D58, 0xA558, 0xAD59, 0xAD59, 0xB539, 0xB518, 0xB519, 0xACF9, 0xB4F9, 0xACD9, 0xAD1A, 0x8C15, 0x5A8F, 0x6B52,   // 0x2870 (10352) pixels
0x8C75, 0x9D58, 0xADDA, 0xADFA, 0xADFA, 0xA5DA, 0xA5D9, 0xA5F9, 0xA5D9, 0xA5D9, 0xA5F9, 0xA5F9, 0xADD9, 0xADD9, 0xADD9, 0xADD9,   // 0x2880 (10368) pixels
0xADD9, 0xADD9, 0xADD9, 0xADD9, 0xADF9, 0xADF9, 0xADFA, 0xADFA, 0xADFA, 0xADFA, 0xADF9, 0xADF9, 0xADF9, 0xADF9, 0xADD9, 0xADD9,   // 0x2890 (10384) pixels
0xA5D9, 0xA5D9, 0xA5F9, 0xA5F9, 0xA5F9, 0xA5F9, 0xA5D9, 0xA5D9, 0xA5D9, 0xA5F9, 0xADD9, 0xADF9, 0xADD9, 0xADD9, 0xADD9, 0xADD9,   // 0x28A0 (10400) pixels
0xADD9, 0xADD9, 0xADD9, 0xADF9, 0xADD9, 0xADD9, 0xADD9, 0xADD9, 0xADD9, 0xADD9, 0xADD9, 0xADD9, 0xADD9, 0xADD9, 0xADD9, 0xADD9,   // 0x28B0 (10416) pixels
0xB5D9, 0xB5F9, 0xB5F9, 0xB619, 0xB619, 0xB639, 0xB63A, 0xBE5A, 0xBE3A, 0xBE3A, 0xB63A, 0xB61A, 0xADF9, 0xADD9, 0xA5D9, 0xA5D9,   // 0x28C0 (10432) pixels
0xA5D9, 0xA5D9, 0xA5B9, 0xA5D9, 0xA5B9, 0xA5D9, 0xA5B9, 0xA5B9, 0xA5B8, 0xA5B8, 0xA5B9, 0x9DD8, 0xA5D9, 0x9DD9, 0x9DD9, 0x9DD9,   // 0x28D0 (10448) pixels
0x9DD8, 0xA5B8, 0xA5D9, 0xA5B9, 0xA5B9, 0xA5B8, 0xA5B8, 0xA5B8, 0xA5B9, 0xA5D9, 0xA5D9, 0xA5D9, 0xA5D9, 0xA5B9, 0x9D58, 0x94F6,   // 0x28E0 (10464) pixels
0x6372, 0x420D, 0x5AD0, 0x8415, 0x9C97, 0xACF9, 0xACD9, 0xA4B8, 0xA497, 0xA497, 0xA498, 0xA477, 0x9C77, 0x9C57, 0x9416, 0x8BD5,   // 0x28F0 (10480) pixels
0x7B95, 0x7B74, 0x7313, 0x6AD2, 0x6AD1, 0x62AF, 0x626D, 0x6A8B, 0x72CA, 0x9BCC, 0xB48E, 0xBCCD, 0xC4CD, 0xBC8C, 0xAC0A, 0xA3EA,   // 0x2900 (10496) pixels
0xA3CC, 0xA40D, 0xA44F, 0x9C71, 0x94B3, 0x94F5, 0x8516, 0x8516, 0x7D37, 0x7D37, 0x7D37, 0x7D37, 0x7D38, 0x7D38, 0x7D38, 0x7D38,   // 0x2910 (10512) pixels
0x7D38, 0x7D37, 0x7D37, 0x7D37, 0x7D37, 0x7D37, 0x7D37, 0x7D37, 0x7D37, 0x7D37, 0x7D37, 0x7D37, 0x7D37, 0x7D37, 0x7D37, 0x7D37,   // 0x2920 (10528) pixels
0x7D38, 0x7D38, 0x7D38, 0x7D38, 0x7D38, 0x7D38, 0x7D38, 0x7D38, 0x7D38, 0x7D38, 0x7D38, 0x7D38, 0x7D38, 0x7D38, 0x7D38, 0x7D38,   // 0x2930 (10544) pixels
0x7D38, 0x7D38, 0x7D38, 0x7D38, 0x7D38, 0x7D38, 0x7D38, 0x7D38, 0x7D38, 0x7D38, 0x7D38, 0x7D38, 0x7D38, 0x7D38, 0x7D38, 0x7D38,   // 0x2940 (10560) pixels
0x7D38, 0x7D38, 0x7D38, 0x7D38, 0x7D38, 0x7D38, 0x7D38, 0x7D38, 0x7D38, 0x7D38, 0x7D38, 0x7D38, 0x7D38, 0x7D38, 0x7D38, 0x7D38,   // 0x2950 (10576) pixels
0x7D38, 0x7D38, 0x7D38, 0x7D38, 0x7D38, 0x7D38, 0x7D38, 0x7D38, 0x7D38, 0x7D38, 0x7D38, 0x7D38, 0x7D38, 0x7D38, 0x7D38, 0x7D38,   // 0x2960 (10592) pixels
0x7D38, 0x7D38, 0x7D38, 0x7D38, 0x7D38, 0x7D38, 0x7D38, 0x7D38, 0x7D38, 0x7D38, 0x7D38, 0x7D38, 0x7D38, 0x7D38, 0x7D38, 0x7D38,   // 0x2970 (10608) pixels
0x7D38, 0x7D38, 0x7D38, 0x7D38, 0x7D38, 0x7D38, 0x7D38, 0x7D38, 0x7D38, 0x7D38, 0x7D38, 0x7D38, 0x7D38, 0x7D38, 0x7D38, 0x7D38,   // 0x2980 (10624) pixels
0x7D38, 0x7D38, 0x7D38, 0x7D38, 0x7D38, 0x7D38, 0x7D38, 0x7D38, 0x7D38, 0x7D38, 0x7D38, 0x7D38, 0x7D38, 0x7D38, 0x7D38, 0x7D38,   // 0x2990 (10640) pixels
0x7D38, 0x7D38, 0x7D38, 0x7D38, 0x7D38, 0x7D38, 0x7D38, 0x7D38, 0x7D38, 0x7D38, 0x7D38, 0x7D38, 0x8538, 0x7D18, 0x8517, 0x84F7,   // 0x29A0 (10656) pixels
0x9517, 0x9D38, 0xA579, 0xAD79, 0xAD58, 0xAD38, 0xAD38, 0xB518, 0xB519, 0xACF9, 0xACF9, 0xA4B8, 0x9C98, 0x7BB4, 0x5AAF, 0x6B72,   // 0x29B0 (10672) pixels
0x9D17, 0xA599, 0xADDA, 0xADDA, 0xADFA, 0xA5FA, 0xA5D9, 0xA5FA, 0xA5D9, 0xA5D9, 0xA5F9, 0xA5F9, 0xADD9, 0xADD9, 0xADD9, 0xADD9,   // 0x29C0 (10688) pixels
0xADD9, 0xADD9, 0xADD9, 0xADD9, 0xADF9, 0xADF9, 0xADFA, 0xADFA, 0xADD9, 0xADD9, 0xADD9, 0xADF9, 0xADD9, 0xADD9, 0xADD9, 0xADD9,   // 0x29D0 (10704) pixels
0xA5F9, 0xA5F9, 0xA5F9, 0xA5F9, 0xA5D9, 0xA5D9, 0xA5D8, 0xA5D8, 0xADD9, 0xADD9, 0xADD9, 0xADD9, 0xADD9, 0xADD9, 0xADB9, 0xADB8,   // 0x29E0 (10720) pixels
0xADB8, 0xADD8, 0xADD9, 0xADF9, 0xB5F9, 0xB5F9, 0xB619, 0xB619, 0xB5F9, 0xB619, 0xB619, 0xBE19, 0xBE1A, 0xBE3A, 0xBE3A, 0xBE3A,   // 0x29F0 (10736) pixels
0xBE3A, 0xBE3A, 0xC65A, 0xBE5A, 0xBE5A, 0xBE7A, 0xC69A, 0xC69B, 0xC67B, 0xC67B, 0xC65A, 0xBE5A, 0xB61A, 0xADF9, 0xADD9, 0xA5D8,   // 0x2A00 (10752) pixels
0xA5B9, 0xA5B9, 0xA5D9, 0xA5D9, 0xA5B9, 0xA5B9, 0xA5D9, 0xA5B9, 0xA5B9, 0xA5B9, 0xA5B9, 0xA5B9, 0xA5D9, 0xA5D9, 0x9DD9, 0x9DD9,   // 0x2A10 (10768) pixels
0x9DD8, 0x9DD8, 0xA5B9, 0xA5B9, 0xA5B8, 0xA5B8, 0xA5B8, 0xA5B8, 0xA5D9, 0xA5D9, 0xA5D9, 0x9DB9, 0xA5B9, 0xA599, 0x9517, 0x8454,   // 0x2A20 (10784) pixels
0x5B10, 0x420D, 0x6311, 0x9456, 0xA4D8, 0xACF9, 0xACD8, 0xA498, 0xA497, 0xA498, 0xA498, 0xA477, 0x9C57, 0x9C57, 0x8BF6, 0x83D5,   // 0x2A30 (10800) pixels
0x7B74, 0x7353, 0x6B12, 0x6AD1, 0x6AD0, 0x628F, 0x626C, 0x72AB, 0x830A, 0xA40C, 0xC4CE, 0xC4CD, 0xC4AC, 0xB44B, 0xABEA, 0xA3CA,   // 0x2A40 (10816) pixels
0xA3CB, 0xA40C, 0xA42E, 0x9C50, 0x9492, 0x94D4, 0x8CF5, 0x8516, 0x8537, 0x7D37, 0x7D37, 0x7D38, 0x7D38, 0x7D38, 0x7D38, 0x7D38,   // 0x2A50 (10832) pixels
0x7D38, 0x7D37, 0x7D37, 0x7D37, 0x7D37, 0x7D37, 0x7D37, 0x7D37, 0x7D37, 0x7D37, 0x7D37, 0x7D37, 0x7D37, 0x7D37, 0x7D37, 0x7D37,   // 0x2A60 (10848) pixels
0x7D38, 0x7D38, 0x7D38, 0x7D38, 0x7D38, 0x7D38, 0x7D38, 0x7D38, 0x7D38, 0x7D38, 0x7D38, 0x7D38, 0x7D38, 0x7D38, 0x7D38, 0x7D38,   // 0x2A70 (10864) pixels
0x7D38, 0x7D38, 0x7D38, 0x7D38, 0x7D38, 0x7D38, 0x7D38, 0x7D38, 0x7D38, 0x7D38, 0x7D38, 0x7D38, 0x7D38, 0x7D38, 0x7D38, 0x7D38,   // 0x2A80 (10880) pixels
0x7D38, 0x7D38, 0x7D38, 0x7D38, 0x7D38, 0x7D38, 0x7D38, 0x7D38, 0x7D38, 0x7D38, 0x7D38, 0x7D38, 0x7D38, 0x7D38, 0x7D38, 0x7D38,   // 0x2A90 (10896) pixels
0x7D38, 0x7D38, 0x7D38, 0x7D38, 0x7D38, 0x7D38, 0x7D38, 0x7D38, 0x7D38, 0x7D38, 0x7D38, 0x7D38, 0x7D38, 0x7D38, 0x7D38, 0x7D38,   // 0x2AA0 (10912) pixels
0x7D38, 0x7D38, 0x7D38, 0x7D38, 0x7D38, 0x7D38, 0x7D38, 0x7D38, 0x7D38, 0x7D38, 0x7D38, 0x7D38, 0x7D38, 0x7D38, 0x7D38, 0x7D38,   // 0x2AB0 (10928) pixels
0x7D38, 0x7D38, 0x7D38, 0x7D38, 0x7D38, 0x7D38, 0x7D38, 0x7D38, 0x7D38, 0x7D38, 0x7D38, 0x7D38, 0x7D38, 0x7D38, 0x7D38, 0x7D38,   // 0x2AC0 (10944) pixels
0x7D38, 0x7D38, 0x7D38, 0x7D38, 0x7D38, 0x7D38, 0x7D38, 0x7D38, 0x7D38, 0x7D38, 0x7D38, 0x7D38, 0x7D38, 0x7D38, 0x7D38, 0x7D38,   // 0x2AD0 (10960) pixels
0x7D38, 0x7D38, 0x7D38, 0x7D38, 0x7D38, 0x7D38, 0x7D38, 0x7D38, 0x7D38, 0x7D38, 0x7D38, 0x7D58, 0x8538, 0x8518, 0x8518, 0x8CF7,   // 0x2AE0 (10976) pixels
0x9518, 0xA558, 0xAD99, 0xAD99, 0xAD58, 0xAD18, 0xAD18, 0xB519, 0xB519, 0xACF9, 0xB51A, 0x9C77, 0x83F5, 0x7352, 0x6311, 0x73B3,   // 0x2AF0 (10992) pixels
0xAD99, 0xADDA, 0xADDA, 0xA5B9, 0xA5D9, 0xA5DA, 0xA5D9, 0xA5FA, 0xA5FA, 0xA5FA, 0xA5F9, 0xA5F9, 0xADFA, 0xADFA, 0xADD9, 0xADD9,   // 0x2B00 (11008) pixels
0xADD9, 0xADD9, 0xADD9, 0xADD9, 0xADF9, 0xADF9, 0xADD9, 0xADD9, 0xA5D9, 0xA5D9, 0xADD9, 0xADD9, 0xADD9, 0xADD9, 0xADD9, 0xADD9,   // 0x2B10 (11024) pixels
0xADF9, 0xA5F9, 0xA5D9, 0xA5D8, 0xA5D8, 0xA5D8, 0xADD9, 0xADD8, 0xADF9, 0xADF9, 0xADF9, 0xADF9, 0xADF9, 0xB5F9, 0xADD9, 0xADD9,   // 0x2B20 (11040) pixels
0xB5F9, 0xB619, 0xB619, 0xBE39, 0xBE3A, 0xBE5A, 0xC65A, 0xC65A, 0xC65A, 0xC65A, 0xC67B, 0xC67B, 0xCE7B, 0xCE9B, 0xCE9B, 0xCE9B,   // 0x2B30 (11056) pixels
0xCE9B, 0xCE9B, 0xCE9B, 0xCE9B, 0xCEBB, 0xCEBB, 0xCEBB, 0xCEDB, 0xCEBB, 0xCE9B, 0xCE9B, 0xC67A, 0xBE3A, 0xB619, 0xADD9, 0xA5D8,   // 0x2B40 (11072) pixels
0xA5B8, 0xA5B8, 0xA5B9, 0xA5B9, 0xA5D9, 0xA5D9, 0xA5B9, 0xA5B9, 0xA5B9, 0xA5B9, 0xA5B9, 0xA5B9, 0xA5D9, 0xA5D9, 0x9DD9, 0x9DD9,   // 0x2B50 (11088) pixels
0x9DD8, 0x9DD8, 0xA5B9, 0xA5B9, 0xA5B8, 0xA5B8, 0xA5B8, 0xA5B8, 0xA5D9, 0xA5D9, 0xA5B9, 0x9DB8, 0xA5D9, 0xA599, 0x8CB6, 0x6BB2,   // 0x2B60 (11104) pixels
0x52CF, 0x4A4E, 0x6B52, 0x9C97, 0xA4F9, 0xACD8, 0xA4B8, 0xA497, 0xA498, 0xA498, 0xA498, 0x9C77, 0x9C57, 0x9436, 0x8BD5, 0x8395,   // 0x2B70 (11120) pixels
0x7353, 0x7333, 0x6AF2, 0x6AD1, 0x6AB0, 0x626E, 0x6A6C, 0x7ACB, 0x936B, 0xB46D, 0xCCEE, 0xCCED, 0xC4AC, 0xB42A, 0xA3C9, 0xA3CA,   // 0x2B80 (11136) pixels
0xABEB, 0xAC0C, 0xA40D, 0x9C2F, 0x9471, 0x8CD3, 0x8CF5, 0x8536, 0x8537, 0x7D37, 0x7D37, 0x7D37, 0x7D37, 0x7D38, 0x7D38, 0x7D38,   // 0x2B90 (11152) pixels
0x7D37, 0x7D37, 0x7D37, 0x7D37, 0x7D37, 0x7D37, 0x7D37, 0x7D37, 0x7D37, 0x7D37, 0x7D37, 0x7D37, 0x7D37, 0x7D37, 0x7D37, 0x7D37,   // 0x2BA0 (11168) pixels
0x7D38, 0x7D38, 0x7D38, 0x7D38, 0x7D38, 0x7D38, 0x7D38, 0x7D38, 0x7D38, 0x7D38, 0x7D38, 0x7D38, 0x7D38, 0x7D38, 0x7D38, 0x7D38,   // 0x2BB0 (11184) pixels
0x7D38, 0x7D38, 0x7D38, 0x7D38, 0x7D38, 0x7D38, 0x7D38, 0x7D38, 0x7D38, 0x7D38, 0x7D38, 0x7D38, 0x7D38, 0x7D38, 0x7D38, 0x7D38,   // 0x2BC0 (11200) pixels
0x7D38, 0x7D38, 0x7D38, 0x7D38, 0x7D38, 0x7D38, 0x7D38, 0x7D38, 0x7D38, 0x7D38, 0x7D38, 0x7D38, 0x7D38, 0x7D38, 0x7D38, 0x7D38,   // 0x2BD0 (11216) pixels
0x7D38, 0x7D38, 0x7D38, 0x7D38, 0x7D38, 0x7D38, 0x7D38, 0x7D38, 0x7D38, 0x7D38, 0x7D38, 0x7D38, 0x7D38, 0x7D38, 0x7D38, 0x7D38,   // 0x2BE0 (11232) pixels
0x7D38, 0x7D38, 0x7D38, 0x7D38, 0x7D38, 0x7D38, 0x7D38, 0x7D38, 0x7D38, 0x7D38, 0x7D38, 0x7D38, 0x7D38, 0x7D38, 0x7D38, 0x7D38,   // 0x2BF0 (11248) pixels
0x7D38, 0x7D38, 0x7D38, 0x7D38, 0x7D38, 0x7D38, 0x7D38, 0x7D38, 0x7D38, 0x7D38, 0x7D38, 0x7D38, 0x7D38, 0x7D38, 0x7D38, 0x7D38,   // 0x2C00 (11264) pixels
0x7D38, 0x7D38, 0x7D38, 0x7D38, 0x7D38, 0x7D38, 0x7D38, 0x7D38, 0x7D38, 0x7D38, 0x7D38, 0x7D38, 0x7D38, 0x7D38, 0x7D38, 0x7D38,   // 0x2C10 (11280) pixels
0x7D38, 0x7D38, 0x7D38, 0x7D38, 0x7D38, 0x7D38, 0x7D38, 0x7D38, 0x7D38, 0x7D38, 0x7D38, 0x7D38, 0x8538, 0x8518, 0x8518, 0x8D18,   // 0x2C20 (11296) pixels
0x9D38, 0xA579, 0xAD9A, 0xB599, 0xAD58, 0xAD38, 0xAD18, 0xAD18, 0xB519, 0xAD19, 0xB53A, 0x9456, 0x7352, 0x6B31, 0x7393, 0x8C55,   // 0x2C30 (11312) pixels
0xADBA, 0xADDA, 0xA5B9, 0xA5B9, 0xA5D9, 0xA5FA, 0xA5DA, 0xA5FA, 0xA5FA, 0xA5FA, 0xA5F9, 0xA5FA, 0xADFA, 0xADFA, 0xADFA, 0xADD9,   // 0x2C40 (11328) pixels
0xADD9, 0xADD9, 0xADD9, 0xADD9, 0xADF9, 0xADF9, 0xADD9, 0xADD9, 0xADF9, 0xADF9, 0xADD9, 0xADD9, 0xADD9, 0xADD9, 0xADD9, 0xADD9,   // 0x2C50 (11344) pixels
0xADD8, 0xA5D8, 0xADD8, 0xADD8, 0xADF8, 0xADF9, 0xB619, 0xB619, 0xB619, 0xBE3A, 0xBE3A, 0xBE3A, 0xBE3A, 0xBE3A, 0xBE3A, 0xBE3A,   // 0x2C60 (11360) pixels
0xC65A, 0xC67A, 0xC67A, 0xC69B, 0xCE9B, 0xCE9B, 0xCE9B, 0xCE9B, 0xCE9B, 0xCEBB, 0xCEBB, 0xCEBB, 0xD6BC, 0xCEBB, 0xD6BB, 0xCE9B,   // 0x2C70 (11376) pixels
0xD69B, 0xD69B, 0xD69B, 0xCEBB, 0xCEBB, 0xCEBB, 0xCEBB, 0xCEBB, 0xCE9A, 0xCE9B, 0xCE7B, 0xC65A, 0xBE3A, 0xB5F9, 0xADB8, 0xA598,   // 0x2C80 (11392) pixels
0x9D77, 0x9D98, 0xA598, 0xA5B8, 0xA5B9, 0xA5B9, 0xA5B9, 0xA5B8, 0xA5B9, 0xA5B9, 0xA5B9, 0xA5B9, 0xA5D9, 0xA5D9, 0x9DD9, 0x9DD9,   // 0x2C90 (11408) pixels
0x9DD8, 0x9DD9, 0xA5D9, 0xA5B9, 0xA5B8, 0xA5B8, 0xA5B8, 0xA5B8, 0xA5B8, 0xA5D9, 0xA5B9, 0xA5B9, 0xADDA, 0xA599, 0x8474, 0x5B10,   // 0x2CA0 (11424) pixels
0x5AD0, 0x5AB0, 0x7BB4, 0x9CB8, 0xACF9, 0xA4D8, 0xA4B8, 0xACD8, 0xACB8, 0xA4B8, 0xA477, 0x9C77, 0x9C57, 0x9436, 0x83D5, 0x7B74,   // 0x2CB0 (11440) pixels
0x7333, 0x6B13, 0x6AD2, 0x6AD1, 0x62AF, 0x5A4D, 0x6A6B, 0x830C, 0x9BAC, 0xBC6E, 0xCCEE, 0xC4CD, 0xBC8B, 0xB42A, 0xABC9, 0xABEA,   // 0x2CC0 (11456) pixels
0xAC0B, 0xAC0C, 0xA42D, 0x9C2E, 0x9470, 0x8CD3, 0x8D15, 0x8536, 0x8536, 0x7D37, 0x7D37, 0x7D37, 0x7D37, 0x7D37, 0x7D38, 0x7D38,   // 0x2CD0 (11472) pixels
0x7D37, 0x7D37, 0x7D37, 0x7D37, 0x7D37, 0x7D37, 0x7D37, 0x7D37, 0x7D37, 0x7D37, 0x7D37, 0x7D37, 0x7D37, 0x7D37, 0x7D37, 0x7D37,   // 0x2CE0 (11488) pixels
0x7D38, 0x7D38, 0x7D38, 0x7D38, 0x7D38, 0x7D38, 0x7D38, 0x7D38, 0x7D38, 0x7D38, 0x7D38, 0x7D38, 0x7D38, 0x7D38, 0x7D38, 0x7D38,   // 0x2CF0 (11504) pixels
0x7D38, 0x7D38, 0x7D38, 0x7D38, 0x7D38, 0x7D38, 0x7D38, 0x7D38, 0x7D38, 0x7D38, 0x7D38, 0x7D38, 0x7D38, 0x7D38, 0x7D38, 0x7D38,   // 0x2D00 (11520) pixels
0x7D38, 0x7D38, 0x7D38, 0x7D38, 0x7D38, 0x7D38, 0x7D38, 0x7D38, 0x7D38, 0x7D38, 0x7D38, 0x7D38, 0x7D38, 0x7D38, 0x7D38, 0x7D38,   // 0x2D10 (11536) pixels
0x7D38, 0x7D38, 0x7D38, 0x7D38, 0x7D38, 0x7D38, 0x7D38, 0x7D38, 0x7D38, 0x7D38, 0x7D38, 0x7D38, 0x7D38, 0x7D38, 0x7D38, 0x7D38,   // 0x2D20 (11552) pixels
0x7D38, 0x7D38, 0x7D38, 0x7D38, 0x7D38, 0x7D38, 0x7D38, 0x7D38, 0x7D38, 0x7D38, 0x7D38, 0x7D38, 0x7D38, 0x7D38, 0x7D38, 0x7D38,   // 0x2D30 (11568) pixels
0x7D38, 0x7D38, 0x7D38, 0x7D38, 0x7D38, 0x7D38, 0x7D38, 0x7D38, 0x7D38, 0x7D38, 0x7D38, 0x7D38, 0x7D38, 0x7D38, 0x7D38, 0x7D38,   // 0x2D40 (11584) pixels
0x7D38, 0x7D38, 0x7D38, 0x7D38, 0x7D38, 0x7D38, 0x7D38, 0x7D38, 0x7D38, 0x7D38, 0x7D38, 0x7D38, 0x7D38, 0x7D38, 0x7D38, 0x7D38,   // 0x2D50 (11600) pixels
0x7D38, 0x7D38, 0x7D38, 0x7D38, 0x7D38, 0x7D38, 0x7D38, 0x7D38, 0x7D58, 0x7D37, 0x7D37, 0x7D37, 0x8517, 0x8517, 0x8D38, 0x9538,   // 0x2D60 (11616) pixels
0x9D59, 0xAD79, 0xB579, 0xB579, 0xAD58, 0xAD38, 0xAD18, 0xAD18, 0xAD19, 0xAD19, 0xAD19, 0x8C15, 0x62F0, 0x6331, 0x8435, 0x9D18,   // 0x2D70 (11632) pixels
0xADBA, 0xADFA, 0xADDA, 0xA5D9, 0xADFA, 0xADFA, 0xA5FA, 0xADFA, 0xA5F9, 0xA5F9, 0xA5FA, 0xA5FA, 0xADFA, 0xADFA, 0xADFA, 0xADF9,   // 0x2D80 (11648) pixels
0xADD9, 0xADD9, 0xADF9, 0xADF9, 0xADF9, 0xADF9, 0xADF9, 0xADF9, 0xADF9, 0xADF9, 0xADF9, 0xADD9, 0xADD9, 0xADD8, 0xADD9, 0xADF9,   // 0x2D90 (11664) pixels
0xADF8, 0xADF8, 0xB619, 0xB619, 0xBE3A, 0xBE5A, 0xBE7A, 0xC67A, 0xC67B, 0xC67B, 0xC67B, 0xCE9B, 0xCE9B, 0xCE9B, 0xCE9B, 0xCE9B,   // 0x2DA0 (11680) pixels
0xCEBB, 0xCEBB, 0xCEBB, 0xCEBB, 0xD6BB, 0xCEBB, 0xD6BB, 0xD6BB, 0xD6BB, 0xD6BB, 0xD6BB, 0xD6BB, 0xD6BB, 0xD6BB, 0xD69B, 0xCE9B,   // 0x2DB0 (11696) pixels
0xD69B, 0xD69A, 0xD69A, 0xCE9A, 0xD6BA, 0xCEBA, 0xCE9A, 0xCE9A, 0xD69A, 0xD67A, 0xCE7A, 0xC639, 0xBDF8, 0xADB7, 0xA576, 0x9D56,   // 0x2DC0 (11712) pixels
0x9536, 0x9557, 0x9D78, 0x9D98, 0xA598, 0xA5B9, 0xA5B9, 0xA5B9, 0xA5B8, 0xA5B8, 0xA5B8, 0xA5B8, 0xA5D9, 0xA5D9, 0x9DD9, 0x9DD9,   // 0x2DD0 (11728) pixels
0x9DD9, 0x9DD9, 0xA5D9, 0xA5B9, 0xA5B8, 0xA5B8, 0xA5B8, 0xA5B8, 0x9DB8, 0x9DD9, 0xA5D9, 0xA5D9, 0xADDA, 0x9D58, 0x73F3, 0x4AAE,   // 0x2DE0 (11744) pixels
0x5AF0, 0x7352, 0x8C36, 0xA4D9, 0xAD19, 0xA4D8, 0xACD8, 0xACF9, 0xACB8, 0xA4B8, 0xA477, 0x9C57, 0x9437, 0x8C16, 0x83B5, 0x7B54,   // 0x2DF0 (11760) pixels
0x7333, 0x6AF2, 0x6AB1, 0x62B0, 0x626F, 0x5A2C, 0x6A8B, 0x8B4D, 0xA40D, 0xBC8E, 0xC4CD, 0xC48C, 0xBC6B, 0xB40A, 0xABC9, 0xABEA,   // 0x2E00 (11776) pixels
0xAC0B, 0xAC0B, 0xA42D, 0x9C4E, 0x9490, 0x8CD2, 0x8D14, 0x8536, 0x7D36, 0x7D37, 0x7D37, 0x7D57, 0x7D37, 0x7D37, 0x7D37, 0x7D37,   // 0x2E10 (11792) pixels
0x7D38, 0x7D38, 0x7D38, 0x7D38, 0x7D38, 0x7D38, 0x7D38, 0x7D38, 0x7D38, 0x7D38, 0x7D38, 0x7D38, 0x7D38, 0x7D38, 0x7D38, 0x7D38,   // 0x2E20 (11808) pixels
0x7D38, 0x7D38, 0x7D38, 0x7D38, 0x7D38, 0x7D38, 0x7D38, 0x7D38, 0x7D38, 0x7D38, 0x7D38, 0x7D38, 0x7D38, 0x7D38, 0x7D38, 0x7D38,   // 0x2E30 (11824) pixels
0x7D38, 0x7D38, 0x7D38, 0x7D38, 0x7D38, 0x7D38, 0x7D38, 0x7D38, 0x7D38, 0x7D38, 0x7D38, 0x7D38, 0x7D38, 0x7D38, 0x7D38, 0x7D38,   // 0x2E40 (11840) pixels
0x7D38, 0x7D38, 0x7D38, 0x7D38, 0x7D38, 0x7D38, 0x7D38, 0x7D38, 0x7D38, 0x7D38, 0x7D38, 0x7D38, 0x7D38, 0x7D38, 0x7D38, 0x7D38,   // 0x2E50 (11856) pixels
0x7D38, 0x7D38, 0x7D38, 0x7D38, 0x7D38, 0x7D38, 0x7D38, 0x7D38, 0x7D38, 0x7D38, 0x7D38, 0x7D38, 0x7D38, 0x7D38, 0x7D38, 0x7D38,   // 0x2E60 (11872) pixels
0x7D38, 0x7D38, 0x7D38, 0x7D38, 0x7D38, 0x7D38, 0x7D38, 0x7D38, 0x7D38, 0x7D38, 0x7D38, 0x7D38, 0x7D38, 0x7D38, 0x7D38, 0x7D38,   // 0x2E70 (11888) pixels
0x7D38, 0x7D38, 0x7D38, 0x7D38, 0x7D38, 0x7D38, 0x7D38, 0x7D38, 0x7D38, 0x7D38, 0x7D38, 0x7D38, 0x7D38, 0x7D38, 0x7D38, 0x7D38,   // 0x2E80 (11904) pixels
0x7D38, 0x7D38, 0x7D38, 0x7D38, 0x7D38, 0x7D38, 0x7D38, 0x7D38, 0x7D38, 0x7D38, 0x7D38, 0x7D38, 0x7D38, 0x7D38, 0x7D38, 0x7D38,   // 0x2E90 (11920) pixels
0x7D38, 0x7D38, 0x7D38, 0x7D38, 0x7D38, 0x7D38, 0x7D38, 0x7D38, 0x7D58, 0x7D37, 0x7D37, 0x7D17, 0x8517, 0x8D18, 0x9538, 0x9D59,   // 0x2EA0 (11936) pixels
0xA559, 0xAD59, 0xAD59, 0xAD59, 0xAD38, 0xAD38, 0xAD18, 0xAD18, 0xAD19, 0xACF8, 0x9CB8, 0x7BD4, 0x5AD0, 0x6B72, 0x94D7, 0xA579,   // 0x2EB0 (11952) pixels
0xADDA, 0xADFA, 0xADDA, 0xADDA, 0xADFA, 0xA5FA, 0xA5D9, 0xA5FA, 0xA5F9, 0xA5FA, 0xA5FA, 0xADFA, 0xADFA, 0xADFA, 0xADFA, 0xADF9,   // 0x2EC0 (11968) pixels
0xADD9, 0xADD9, 0xADF9, 0xADF9, 0xADF9, 0xADF9, 0xADF9, 0xADF9, 0xADF9, 0xADF9, 0xADD9, 0xADD9, 0xADD8, 0xADF9, 0xB619, 0xB639,   // 0x2ED0 (11984) pixels
0xBE5A, 0xBE5A, 0xC67A, 0xC69A, 0xC69B, 0xCEBB, 0xCEBB, 0xCEBB, 0xCEBB, 0xCEBB, 0xD6BB, 0xD6BB, 0xD6BB, 0xD6BB, 0xD6BB, 0xD6BB,   // 0x2EE0 (12000) pixels
0xD6BB, 0xD6BB, 0xD6BB, 0xD6BB, 0xD6BB, 0xD6BB, 0xD6BB, 0xD6BB, 0xD6BB, 0xD6BB, 0xD6BB, 0xD6BB, 0xD69B, 0xD6BB, 0xD69B, 0xD69B,   // 0x2EF0 (12016) pixels
0xD69B, 0xD69A, 0xD69A, 0xD69A, 0xD6BA, 0xD6BA, 0xD69A, 0xD69A, 0xD69A, 0xD67A, 0xCE5A, 0xC619, 0xB5D8, 0xA576, 0x9D15, 0x94F5,   // 0x2F00 (12032) pixels
0x8CD5, 0x8CF6, 0x9537, 0x9D57, 0x9D98, 0xA598, 0xA5B9, 0xA5B9, 0xA5B8, 0xA5B8, 0xA5B8, 0xA5B8, 0xA5D9, 0xA5D9, 0x9DD9, 0x9DD9,   // 0x2F10 (12048) pixels
0x9DD9, 0x9DD9, 0xA5D9, 0xA5D9, 0xA5D8, 0xA5B8, 0xA5B8, 0x9DB8, 0x9DB8, 0xA5D9, 0xA5D9, 0xA5B9, 0x9D99, 0x8CD6, 0x6371, 0x422D,   // 0x2F20 (12064) pixels
0x62F0, 0x83D4, 0x9C77, 0xA4D9, 0xACF9, 0xA4B8, 0xA4B8, 0xACB8, 0xA4B8, 0xA497, 0x9C77, 0x9436, 0x9416, 0x8BF5, 0x7B94, 0x7353,   // 0x2F30 (12080) pixels
0x7313, 0x6AD2, 0x62B1, 0x628F, 0x624D, 0x624B, 0x72CC, 0x9BAD, 0xB46E, 0xC4AE, 0xC4AC, 0xBC4B, 0xBC2A, 0xB3E9, 0xABC8, 0xABEA,   // 0x2F40 (12096) pixels
0xAC0A, 0xAC0B, 0xA42C, 0x9C4E, 0x9470, 0x8CD2, 0x8D14, 0x8515, 0x7D36, 0x7D57, 0x7D37, 0x7D37, 0x7D37, 0x7D37, 0x7D37, 0x7D37,   // 0x2F50 (12112) pixels
0x7D38, 0x7D38, 0x7D38, 0x7D38, 0x7D38, 0x7D38, 0x7D38, 0x7D38, 0x7D38, 0x7D38, 0x7D38, 0x7D38, 0x7D38, 0x7D38, 0x7D38, 0x7D38,   // 0x2F60 (12128) pixels
0x7D38, 0x7D38, 0x7D38, 0x7D38, 0x7D38, 0x7D38, 0x7D38, 0x7D38, 0x7D38, 0x7D38, 0x7D38, 0x7D38, 0x7D38, 0x7D38, 0x7D38, 0x7D38,   // 0x2F70 (12144) pixels
0x7D38, 0x7D38, 0x7D38, 0x7D38, 0x7D38, 0x7D38, 0x7D38, 0x7D38, 0x7D38, 0x7D38, 0x7D38, 0x7D38, 0x7D38, 0x7D38, 0x7D38, 0x7D38,   // 0x2F80 (12160) pixels
0x7D38, 0x7D38, 0x7D38, 0x7D38, 0x7D38, 0x7D38, 0x7D38, 0x7D38, 0x7D38, 0x7D38, 0x7D38, 0x7D38, 0x7D38, 0x7D38, 0x7D38, 0x7D38,   // 0x2F90 (12176) pixels
0x7D38, 0x7D38, 0x7D38, 0x7D38, 0x7D38, 0x7D38, 0x7D38, 0x7D38, 0x7D38, 0x7D38, 0x7D38, 0x7D38, 0x7D38, 0x7D38, 0x7D38, 0x7D38,   // 0x2FA0 (12192) pixels
0x7D38, 0x7D38, 0x7D38, 0x7D38, 0x7D38, 0x7D38, 0x7D38, 0x7D38, 0x7D38, 0x7D38, 0x7D38, 0x7D38, 0x7D38, 0x7D38, 0x7D38, 0x7D38,   // 0x2FB0 (12208) pixels
0x7D38, 0x7D38, 0x7D38, 0x7D38, 0x7D38, 0x7D38, 0x7D38, 0x7D38, 0x7D38, 0x7D38, 0x7D38, 0x7D38, 0x7D38, 0x7D38, 0x7D38, 0x7D38,   // 0x2FC0 (12224) pixels
0x7D38, 0x7D38, 0x7D38, 0x7D38, 0x7D38, 0x7D38, 0x7D38, 0x7D38, 0x7D38, 0x7D38, 0x7D38, 0x7D38, 0x7D38, 0x7D38, 0x7D38, 0x7D38,   // 0x2FD0 (12240) pixels
0x7D38, 0x7D38, 0x7D38, 0x7D38, 0x7D38, 0x7D38, 0x7D38, 0x7D38, 0x7D58, 0x7D38, 0x7D37, 0x8538, 0x8518, 0x8D38, 0x9559, 0xA57A,   // 0x2FE0 (12256) pixels
0xAD7A, 0xAD59, 0xAD59, 0xAD38, 0xAD18, 0xAD18, 0xAD18, 0xAD18, 0xAD19, 0x9CB8, 0x8C35, 0x7372, 0x5B10, 0x7BF4, 0xA579, 0xB5FB,   // 0x2FF0 (12272) pixels
0xADDA, 0xADFA, 0xADDA, 0xA5D9, 0xADFA, 0xA5DA, 0xA5D9, 0xA5F9, 0xA5FA, 0xA5FA, 0xADFA, 0xADFA, 0xADF9, 0xADF9, 0xADF9, 0xADF9,   // 0x3000 (12288) pixels
0xADF9, 0xADF9, 0xADF9, 0xADF9, 0xADF9, 0xADF9, 0xADD9, 0xADD9, 0xADD9, 0xADD9, 0xADD9, 0xADD9, 0xADF9, 0xB619, 0xBE5A, 0xC67A,   // 0x3010 (12304) pixels
0xCEBB, 0xCEBB, 0xCEBB, 0xCEDB, 0xD6DB, 0xD6DB, 0xD6BB, 0xD6BB, 0xD6DB, 0xD6DB, 0xD6BB, 0xD6BB, 0xD6BB, 0xD6BB, 0xD6BB, 0xD6BB,   // 0x3020 (12320) pixels
0xD6BB, 0xD6BB, 0xD6BB, 0xD6BB, 0xD6BB, 0xD6BB, 0xD6BB, 0xD6BB, 0xD69B, 0xD69A, 0xD69B, 0xD69A, 0xD69B, 0xD69A, 0xD69B, 0xD69B,   // 0x3030 (12336) pixels
0xD69B, 0xD69A, 0xD69A, 0xD6BA, 0xD6BA, 0xD6BA, 0xD69A, 0xD69A, 0xD69A, 0xD67A, 0xCE39, 0xBDF8, 0xB597, 0xA536, 0x94F4, 0x8CB4,   // 0x3040 (12352) pixels
0x84B4, 0x84D5, 0x8D16, 0x9557, 0x9D98, 0x9DB8, 0xA5B9, 0xA5B9, 0xA5B8, 0xA5B8, 0xA5B8, 0xA5B8, 0xA5D9, 0xA5D9, 0xA5D9, 0x9DD9,   // 0x3050 (12368) pixels
0x9DD9, 0x9DD9, 0xA5D9, 0xA5D9, 0xA5B9, 0xA5B8, 0xA5B8, 0x9DB8, 0x9DD9, 0xA5D9, 0xA5D9, 0x9D99, 0x9537, 0x7C34, 0x5AEF, 0x420C,   // 0x3060 (12384) pixels
0x6B11, 0x9456, 0xA4B8, 0xA4B8, 0xA4D8, 0xA4B8, 0xA4B8, 0xA497, 0xA497, 0xA497, 0x9C57, 0x9416, 0x8BF5, 0x83B5, 0x7B74, 0x7333,   // 0x3070 (12400) pixels
0x72F3, 0x6AD2, 0x6290, 0x624E, 0x624D, 0x626B, 0x830C, 0xA40E, 0xC4AF, 0xCCEE, 0xC48C, 0xBC2A, 0xB409, 0xABC8, 0xA3A8, 0xABEA,   // 0x3080 (12416) pixels
0xB40B, 0xAC0B, 0xA42D, 0x9C4E, 0x9470, 0x8CD2, 0x8D14, 0x8536, 0x7D36, 0x7D37, 0x7D37, 0x7D37, 0x7D57, 0x7D57, 0x7D38, 0x7D38,   // 0x3090 (12432) pixels
0x7D38, 0x7D38, 0x7D38, 0x7D38, 0x7D38, 0x7D38, 0x7D38, 0x7D38, 0x7D38, 0x7D38, 0x7D38, 0x7D38, 0x7D38, 0x7D38, 0x7D38, 0x7D38,   // 0x30A0 (12448) pixels
0x7D38, 0x7D38, 0x7D38, 0x7D38, 0x7D38, 0x7D38, 0x7D38, 0x7D38, 0x7D38, 0x7D38, 0x7D38, 0x7D38, 0x7D38, 0x7D38, 0x7D38, 0x7D38,   // 0x30B0 (12464) pixels
0x7D38, 0x7D38, 0x7D38, 0x7D38, 0x7D38, 0x7D38, 0x7D38, 0x7D38, 0x7D38, 0x7D38, 0x7D38, 0x7D38, 0x7D38, 0x7D38, 0x7D38, 0x7D38,   // 0x30C0 (12480) pixels
0x7D38, 0x7D38, 0x7D38, 0x7D38, 0x7D38, 0x7D38, 0x7D38, 0x7D38, 0x7D38, 0x7D38, 0x7D38, 0x7D38, 0x7D38, 0x7D38, 0x7D38, 0x7D38,   // 0x30D0 (12496) pixels
0x7D38, 0x7D38, 0x7D38, 0x7D38, 0x7D38, 0x7D38, 0x7D38, 0x7D38, 0x7D38, 0x7D38, 0x7D38, 0x7D38, 0x7D38, 0x7D38, 0x7D38, 0x7D38,   // 0x30E0 (12512) pixels
0x7D38, 0x7D38, 0x7D38, 0x7D38, 0x7D38, 0x7D38, 0x7D38, 0x7D38, 0x7D38, 0x7D38, 0x7D38, 0x7D38, 0x7D38, 0x7D38, 0x7D38, 0x7D38,   // 0x30F0 (12528) pixels
0x7D38, 0x7D38, 0x7D38, 0x7D38, 0x7D38, 0x7D38, 0x7D38, 0x7D38, 0x7D38, 0x7D38, 0x7D38, 0x7D38, 0x7D38, 0x7D38, 0x7D38, 0x7D38,   // 0x3100 (12544) pixels
0x7D38, 0x7D38, 0x7D38, 0x7D38, 0x7D38, 0x7D38, 0x7D38, 0x7D38, 0x7D38, 0x7D38, 0x7D38, 0x7D38, 0x7D38, 0x7D38, 0x7D38, 0x7D38,   // 0x3110 (12560) pixels
0x7D58, 0x7D58, 0x7D38, 0x7D38, 0x7D38, 0x7D38, 0x7D38, 0x7D38, 0x7D38, 0x7D38, 0x8538, 0x8538, 0x8D38, 0x9538, 0x9D59, 0xA57A,   // 0x3120 (12576) pixels
0xAD7A, 0xB559, 0xAD59, 0xAD18, 0xACF8, 0xAD18, 0xAD18, 0xAD19, 0xAD19, 0x9C97, 0x7BD4, 0x6B51, 0x6351, 0x8475, 0xADDA, 0xBE5C,   // 0x3130 (12592) pixels
0xB61B, 0xADFA, 0xADDA, 0xA5D9, 0xADFA, 0xADFA, 0xA5F9, 0xAE1A, 0xA5FA, 0xADFA, 0xADFA, 0xADFA, 0xADF9, 0xADF9, 0xADF9, 0xADF9,   // 0x3140 (12608) pixels
0xADF9, 0xADF9, 0xADF9, 0xADF9, 0xADF9, 0xADF9, 0xADD9, 0xADD9, 0xADD9, 0xADF9, 0xADF9, 0xB5F9, 0xB619, 0xBE5A, 0xC69B, 0xCEDB,   // 0x3150 (12624) pixels
0xD6DB, 0xD6DB, 0xD6DB, 0xD6DB, 0xD6DB, 0xD6DB, 0xD6BB, 0xD6BB, 0xD6BB, 0xD6BB, 0xD6BB, 0xD6BB, 0xD6BB, 0xD6BB, 0xD6BB, 0xD6BB,   // 0x3160 (12640) pixels
0xD6BB, 0xD6BB, 0xD6BB, 0xD6BB, 0xD6BB, 0xD6BB, 0xD6BB, 0xD69B, 0xD69A, 0xD69A, 0xD69A, 0xD69A, 0xD69A, 0xD69A, 0xD69A, 0xD69B,   // 0x3170 (12656) pixels
0xD69B, 0xD69A, 0xD69A, 0xD69A, 0xD6BA, 0xD6BA, 0xD69A, 0xCE7A, 0xD67A, 0xCE5A, 0xC639, 0xBDD8, 0xAD77, 0x9D36, 0x94D4, 0x8CB4,   // 0x3180 (12672) pixels
0x7C74, 0x84B5, 0x8CF6, 0x9537, 0x9D78, 0x9DB8, 0xA5B9, 0xA5B9, 0xA5B8, 0xA5B8, 0xA5B8, 0xA5B8, 0xA5D9, 0xA5D9, 0xA5D9, 0x9DD9,   // 0x3190 (12688) pixels
0x9DD9, 0x9DD9, 0xA5D9, 0xA5D9, 0xA5B9, 0xA5B8, 0x9DB8, 0x9DB8, 0x9DD9, 0x9DD9, 0xA5B9, 0x9D99, 0x8CD7, 0x73F3, 0x52CF, 0x422D,   // 0x31A0 (12704) pixels
0x7352, 0xA4B8, 0xACD8, 0xA4B8, 0xA4B8, 0xA4B8, 0xACD8, 0xA4B8, 0xA497, 0x9C77, 0x9C56, 0x8C16, 0x83D5, 0x83B4, 0x7B73, 0x7333,   // 0x31B0 (12720) pixels
0x6AF2, 0x6AB2, 0x6270, 0x5A4D, 0x624C, 0x6A8B, 0x8B4C, 0xB44E, 0xC4CF, 0xCCEE, 0xC48C, 0xBC2A, 0xB3E9, 0xABC8, 0xABC9, 0xB40A,   // 0x31C0 (12736) pixels
0xB40B, 0xAC2C, 0xA42D, 0x9C4E, 0x9491, 0x8CD3, 0x8D15, 0x8537, 0x7D37, 0x7D57, 0x7D58, 0x7D58, 0x7D58, 0x7D58, 0x7D58, 0x7D58,   // 0x31D0 (12752) pixels
0x7D38, 0x7D38, 0x7D38, 0x7D38, 0x7D38, 0x7D38, 0x7D38, 0x7D38, 0x7D38, 0x7D38, 0x7D38, 0x7D38, 0x7D38, 0x7D38, 0x7D38, 0x7D38,   // 0x31E0 (12768) pixels
0x7D38, 0x7D38, 0x7D38, 0x7D38, 0x7D38, 0x7D38, 0x7D38, 0x7D38, 0x7D38, 0x7D38, 0x7D38, 0x7D38, 0x7D38, 0x7D38, 0x7D38, 0x7D38,   // 0x31F0 (12784) pixels
0x7D38, 0x7D38, 0x7D38, 0x7D38, 0x7D38, 0x7D38, 0x7D38, 0x7D38, 0x7D38, 0x7D38, 0x7D38, 0x7D38, 0x7D38, 0x7D38, 0x7D38, 0x7D38,   // 0x3200 (12800) pixels
0x7D38, 0x7D38, 0x7D38, 0x7D38, 0x7D38, 0x7D38, 0x7D38, 0x7D38, 0x7D38, 0x7D38, 0x7D38, 0x7D38, 0x7D38, 0x7D38, 0x7D38, 0x7D38,   // 0x3210 (12816) pixels
0x7D38, 0x7D38, 0x7D38, 0x7D38, 0x7D38, 0x7D38, 0x7D38, 0x7D38, 0x7D38, 0x7D38, 0x7D38, 0x7D38, 0x7D38, 0x7D38, 0x7D38, 0x7D38,   // 0x3220 (12832) pixels
0x7D38, 0x7D38, 0x7D38, 0x7D38, 0x7D38, 0x7D38, 0x7D38, 0x7D38, 0x7D38, 0x7D38, 0x7D38, 0x7D38, 0x7D38, 0x7D38, 0x7D38, 0x7D38,   // 0x3230 (12848) pixels
0x7D38, 0x7D38, 0x7D38, 0x7D38, 0x7D38, 0x7D38, 0x7D38, 0x7D38, 0x7D38, 0x7D38, 0x7D38, 0x7D38, 0x7D38, 0x7D38, 0x7D38, 0x7D38,   // 0x3240 (12864) pixels
0x7D38, 0x7D38, 0x7D38, 0x7D38, 0x7D38, 0x7D38, 0x7D38, 0x7D38, 0x7D58, 0x7D58, 0x7D58, 0x7D58, 0x7D58, 0x8558, 0x8558, 0x8558,   // 0x3250 (12880) pixels
0x7D58, 0x7D58, 0x7D38, 0x7D38, 0x7D38, 0x7D38, 0x7D38, 0x7D38, 0x8558, 0x8538, 0x8538, 0x8538, 0x8D38, 0x9559, 0x9D79, 0xA57A,   // 0x3260 (12896) pixels
0xB59B, 0xB559, 0xB539, 0xAD18, 0xAD18, 0xAD18, 0xAD18, 0xAD19, 0xAD39, 0x8C15, 0x6311, 0x6B72, 0x8435, 0x94F7, 0xADFA, 0xB63B,   // 0x3270 (12912) pixels
0xADFA, 0xADFA, 0xADFA, 0xADFA, 0xADFA, 0xADFA, 0xADFA, 0xADFA, 0xADFA, 0xADFA, 0xADF9, 0xADF9, 0xADF9, 0xADF9, 0xADF9, 0xADF9,   // 0x3280 (12928) pixels
0xADF9, 0xADF9, 0xADF9, 0xADF9, 0xADF9, 0xADF9, 0xADF9, 0xADF9, 0xADD9, 0xADD9, 0xADD8, 0xB619, 0xBE5A, 0xC69B, 0xCEBB, 0xCEBB,   // 0x3290 (12944) pixels
0xD6DB, 0xD6DA, 0xD6BB, 0xD6BB, 0xD6BB, 0xD6BB, 0xD6BB, 0xD6BB, 0xD6BB, 0xD6BB, 0xD69A, 0xD69A, 0xD6BB, 0xDEBB, 0xDEDB, 0xDEDC,   // 0x32A0 (12960) pixels
0xD6BB, 0xD6BB, 0xD69B, 0xD69B, 0xD6BB, 0xD6BB, 0xD69B, 0xD69A, 0xD69A, 0xD69B, 0xD67A, 0xCE7A, 0xD69A, 0xD69B, 0xD69A, 0xD69B,   // 0x32B0 (12976) pixels
0xD6BB, 0xD6BB, 0xD6BB, 0xD6BB, 0xD6BB, 0xD6BB, 0xD69A, 0xD69A, 0xD69B, 0xCE5A, 0xBDF8, 0xB597, 0xA556, 0x94F5, 0x8CB4, 0x8494,   // 0x32C0 (12992) pixels
0x7433, 0x7C95, 0x8D16, 0x9557, 0x9D98, 0xA5B9, 0xA5D9, 0xA5D9, 0xA5B8, 0xA5B8, 0xA5D9, 0xA5D9, 0xA5D9, 0xA5D9, 0xA5D8, 0x9DD8,   // 0x32D0 (13008) pixels
0x9DD8, 0x9DD8, 0xA5D8, 0xA5D8, 0xA5B9, 0xA5B9, 0xA5D9, 0xA5D9, 0xA5D9, 0xA5D9, 0xA5DA, 0xA599, 0x7C75, 0x5B30, 0x5AD0, 0x5AD0,   // 0x32E0 (13024) pixels
0x83B4, 0xA4B8, 0xB519, 0xA4B8, 0xA4B8, 0xACD8, 0xA4B8, 0xACD8, 0xA4B8, 0xA497, 0x9C56, 0x8C16, 0x83B5, 0x7B74, 0x7333, 0x6B12,   // 0x32F0 (13040) pixels
0x6AB2, 0x6291, 0x624F, 0x5A0C, 0x6A6C, 0x830C, 0x9BAD, 0xB46E, 0xCCCE, 0xCCAD, 0xC48B, 0xBC09, 0xABC8, 0xABC9, 0xB40A, 0xAC0A,   // 0x3300 (13056) pixels
0xAC0C, 0xAC2C, 0xA42E, 0x9C70, 0x94B2, 0x9514, 0x8D36, 0x8557, 0x7D38, 0x7D58, 0x7D58, 0x7D58, 0x7D58, 0x7D58, 0x7D58, 0x7D58,   // 0x3310 (13072) pixels
0x7D58, 0x7D38, 0x7D38, 0x7D38, 0x7D38, 0x7D38, 0x7D38, 0x7D38, 0x7D38, 0x7D38, 0x7D38, 0x7D38, 0x7D38, 0x7D38, 0x7D38, 0x7D38,   // 0x3320 (13088) pixels
0x7D38, 0x7D38, 0x7D38, 0x7D38, 0x7D38, 0x7D38, 0x7D38, 0x7D38, 0x7D38, 0x7D38, 0x7D38, 0x7D38, 0x7D38, 0x7D38, 0x7D38, 0x7D38,   // 0x3330 (13104) pixels
0x7D38, 0x7D38, 0x7D38, 0x7D38, 0x7D38, 0x7D38, 0x7D38, 0x7D38, 0x7D38, 0x7D38, 0x7D38, 0x7D38, 0x7D38, 0x7D38, 0x7D38, 0x7D38,   // 0x3340 (13120) pixels
0x7D58, 0x7D58, 0x7D58, 0x7D58, 0x7D58, 0x7D58, 0x7D58, 0x7D58, 0x7D58, 0x7D58, 0x7D58, 0x7D58, 0x7D58, 0x7D58, 0x7D58, 0x7D58,   // 0x3350 (13136) pixels
0x7D58, 0x7D58, 0x7D58, 0x7D58, 0x7D58, 0x7D58, 0x7D58, 0x7D58, 0x7D58, 0x7D58, 0x7D58, 0x7D58, 0x7D58, 0x7D58, 0x7D58, 0x7D58,   // 0x3360 (13152) pixels
0x7D58, 0x7D58, 0x7D58, 0x7D58, 0x7D58, 0x7D58, 0x7D58, 0x7D58, 0x7D58, 0x7D58, 0x7D58, 0x7D58, 0x7D58, 0x7D58, 0x7D58, 0x7D58,   // 0x3370 (13168) pixels
0x7D58, 0x7D58, 0x7D58, 0x7D58, 0x7D58, 0x7D58, 0x7D58, 0x7D58, 0x7D58, 0x7D58, 0x7D58, 0x7D58, 0x7D58, 0x7D58, 0x7D58, 0x7D58,   // 0x3380 (13184) pixels
0x7D58, 0x7D58, 0x7D58, 0x7D58, 0x7D58, 0x7D58, 0x7D58, 0x7D58, 0x7D38, 0x7D38, 0x7D38, 0x7D38, 0x7D38, 0x7D38, 0x7D38, 0x7D38,   // 0x3390 (13200) pixels
0x7D58, 0x7D58, 0x7D38, 0x7D38, 0x7D38, 0x7D38, 0x7D38, 0x7D38, 0x8558, 0x8538, 0x8538, 0x8D38, 0x9558, 0x9D59, 0xA57A, 0xAD7A,   // 0x33A0 (13216) pixels
0xB57A, 0xB539, 0xB539, 0xAD18, 0xAD18, 0xAD18, 0xB539, 0xAD18, 0xA4D8, 0x7BD4, 0x5AD0, 0x6B72, 0x8C96, 0x9D58, 0xADFA, 0xB63B,   // 0x33B0 (13232) pixels
0xADFA, 0xADFA, 0xADFA, 0xADFA, 0xADFA, 0xADFA, 0xADFA, 0xADFA, 0xADFA, 0xADFA, 0xADF9, 0xADF9, 0xADF9, 0xADF9, 0xADF9, 0xADF9,   // 0x33C0 (13248) pixels
0xADF9, 0xADF9, 0xADF9, 0xADF9, 0xADF9, 0xADF9, 0xADF9, 0xADF9, 0xADF9, 0xADD9, 0xB5F9, 0xB639, 0xC67A, 0xCEBB, 0xCEBC, 0xD6BB,   // 0x33D0 (13264) pixels
0xD6DB, 0xD6BA, 0xD6BA, 0xD6BA, 0xD6BA, 0xD6BB, 0xD6BB, 0xD6BA, 0xD6BB, 0xD69B, 0xD69A, 0xD69A, 0xD69A, 0xD69B, 0xD69B, 0xD6BB,   // 0x33E0 (13280) pixels
0xD69B, 0xD69A, 0xD69A, 0xD69A, 0xD69A, 0xD69A, 0xD69A, 0xD69A, 0xD67A, 0xD69A, 0xCE7A, 0xCE7A, 0xD67A, 0xCE9A, 0xCE7A, 0xCE9A,   // 0x33F0 (13296) pixels
0xD67A, 0xD69A, 0xD69A, 0xD6BA, 0xD6BA, 0xD6BA, 0xD69A, 0xCE7A, 0xCE7A, 0xC63A, 0xBDD8, 0xAD97, 0x9D36, 0x94F5, 0x84B4, 0x7C74,   // 0x3400 (13312) pixels
0x7453, 0x7CB5, 0x8D16, 0x9557, 0x9D98, 0xA5B9, 0xA5D9, 0xA5D9, 0xA5D9, 0xA5D9, 0xA5D9, 0xA5D9, 0xA5D9, 0xA5D9, 0xA5D8, 0xA5D8,   // 0x3410 (13328) pixels
0xA5D8, 0xA5D8, 0xA5D8, 0xA5D8, 0xA5D9, 0xA5D9, 0xA5D9, 0xA5D9, 0xA5D9, 0xA5D9, 0xA5B9, 0x9D58, 0x7414, 0x52AF, 0x5ACF, 0x6B11,   // 0x3420 (13344) pixels
0x8BF5, 0xACD8, 0xACF9, 0xA4B8, 0xA4B8, 0xA4B8, 0xA497, 0xA4B8, 0xA498, 0x9C77, 0x9436, 0x8BF5, 0x83B5, 0x7B73, 0x7333, 0x6AF2,   // 0x3430 (13360) pixels
0x6AB2, 0x6A90, 0x624E, 0x5A0C, 0x6A6B, 0x8B2C, 0xA3ED, 0xBC8E, 0xCCAD, 0xC48B, 0xBC4A, 0xB3E9, 0xABA8, 0xABC9, 0xB40A, 0xAC0A,   // 0x3440 (13376) pixels
0xAC0C, 0xA42D, 0x9C4F, 0x9C70, 0x94D3, 0x8D15, 0x8D37, 0x8558, 0x7D38, 0x7D58, 0x7D58, 0x7D58, 0x7D58, 0x7D58, 0x7D58, 0x7D58,   // 0x3450 (13392) pixels
0x7D38, 0x7D38, 0x7D38, 0x7D38, 0x7D38, 0x7D38, 0x7D38, 0x7D38, 0x7D38, 0x7D38, 0x7D38, 0x7D38, 0x7D38, 0x7D38, 0x7D38, 0x7D38,   // 0x3460 (13408) pixels
0x7D38, 0x7D38, 0x7D38, 0x7D38, 0x7D38, 0x7D38, 0x7D38, 0x7D38, 0x7D38, 0x7D38, 0x7D38, 0x7D38, 0x7D38, 0x7D38, 0x7D38, 0x7D38,   // 0x3470 (13424) pixels
0x7D38, 0x7D38, 0x7D38, 0x7D38, 0x7D38, 0x7D38, 0x7D38, 0x7D38, 0x7D38, 0x7D38, 0x7D38, 0x7D38, 0x7D38, 0x7D38, 0x7D38, 0x7D38,   // 0x3480 (13440) pixels
0x7D58, 0x7D58, 0x7D58, 0x7D58, 0x7D58, 0x7D58, 0x7D58, 0x7D58, 0x7D58, 0x7D58, 0x7D58, 0x7D58, 0x7D58, 0x7D58, 0x7D58, 0x7D58,   // 0x3490 (13456) pixels
0x7D58, 0x7D58, 0x7D58, 0x7D58, 0x7D58, 0x7D58, 0x7D58, 0x7D58, 0x7D58, 0x7D58, 0x7D58, 0x7D58, 0x7D58, 0x7D58, 0x7D58, 0x7D58,   // 0x34A0 (13472) pixels
0x7D58, 0x7D58, 0x7D58, 0x7D58, 0x7D58, 0x7D58, 0x7D58, 0x7D58, 0x7D58, 0x7D58, 0x7D58, 0x7D58, 0x7D58, 0x7D58, 0x7D58, 0x7D58,   // 0x34B0 (13488) pixels
0x7D58, 0x7D58, 0x7D58, 0x7D58, 0x7D58, 0x7D58, 0x7D58, 0x7D58, 0x7D58, 0x7D58, 0x7D58, 0x7D58, 0x7D58, 0x7D58, 0x7D58, 0x7D58,   // 0x34C0 (13504) pixels
0x7D58, 0x7D58, 0x7D58, 0x7D58, 0x7D58, 0x7D58, 0x7D58, 0x7D58, 0x7D38, 0x7D38, 0x7D38, 0x7D38, 0x7D38, 0x7D38, 0x7D38, 0x7D38,   // 0x34D0 (13520) pixels
0x7D58, 0x7D58, 0x7D38, 0x7D38, 0x7D58, 0x7D58, 0x8558, 0x8558, 0x8538, 0x8537, 0x8538, 0x8D38, 0x9558, 0xA579, 0xAD9A, 0xB59A,   // 0x34E0 (13536) pixels
0xB559, 0xB539, 0xB518, 0xACF8, 0xACF8, 0xB539, 0xB539, 0xA4D7, 0x9456, 0x7372, 0x52AF, 0x6B92, 0x9D38, 0xADDA, 0xADFA, 0xADFA,   // 0x34F0 (13552) pixels
0xADFA, 0xA5F9, 0xA5F9, 0xADFA, 0xADFA, 0xADFA, 0xADFA, 0xADFA, 0xADF9, 0xADF9, 0xADF9, 0xADF9, 0xADF9, 0xADF9, 0xADF9, 0xADF9,   // 0x3500 (13568) pixels
0xADF9, 0xADF9, 0xADF9, 0xADF9, 0xADF9, 0xA5F9, 0xADF9, 0xADF9, 0xADF9, 0xADF9, 0xB639, 0xBE5A, 0xCE9B, 0xCEBB, 0xD6DC, 0xD6DB,   // 0x3510 (13584) pixels
0xD6BB, 0xD6BA, 0xD6BA, 0xD6BA, 0xD6BB, 0xD6BB, 0xD6BB, 0xD6BB, 0xD69A, 0xD69A, 0xD69A, 0xD69A, 0xD69A, 0xD69B, 0xD69B, 0xD69A,   // 0x3520 (13600) pixels
0xD69A, 0xD69A, 0xD69A, 0xD69A, 0xD69A, 0xD69A, 0xD69A, 0xCE9A, 0xCE9A, 0xD69A, 0xCE7A, 0xCE7A, 0xCE7A, 0xCE7A, 0xCE5A, 0xCE7A,   // 0x3530 (13616) pixels
0xCE7A, 0xCE9B, 0xD6BB, 0xCEBB, 0xCEBB, 0xCEBB, 0xCE9A, 0xCE7A, 0xCE5A, 0xC619, 0xB5B8, 0xA577, 0x9D16, 0x8CD5, 0x7C74, 0x7473,   // 0x3540 (13632) pixels
0x7474, 0x84B5, 0x8D17, 0x9558, 0x9D98, 0x9DB9, 0xA5D9, 0xA5D9, 0xA5D9, 0xA5D9, 0xA5D9, 0xA5D9, 0xA5D8, 0xA5D8, 0xA5D8, 0xA5D8,   // 0x3550 (13648) pixels
0xA5D8, 0xA5D8, 0xA5D8, 0xA5D8, 0xA5D9, 0xA5D9, 0xA5D9, 0xA5D9, 0xA5D9, 0xA5D9, 0x9D99, 0x9517, 0x6B92, 0x424E, 0x5AD0, 0x7BB4,   // 0x3560 (13664) pixels
0x9456, 0xACD8, 0xACF9, 0xA4B8, 0xA4B8, 0xA4B7, 0x9C77, 0xA498, 0x9C77, 0x9C57, 0x9416, 0x8BD5, 0x8394, 0x7B53, 0x6B12, 0x6AD2,   // 0x3570 (13680) pixels
0x6AB1, 0x6A70, 0x626E, 0x622B, 0x728B, 0x938D, 0xAC2D, 0xC4AE, 0xCCAC, 0xC46B, 0xBC29, 0xB3E9, 0xABA8, 0xABE9, 0xB40B, 0xAC0B,   // 0x3580 (13696) pixels
0xA40C, 0xA42E, 0x9C4F, 0x9491, 0x94D4, 0x8D15, 0x8537, 0x8538, 0x7D38, 0x7D59, 0x7D59, 0x7D59, 0x7D58, 0x7D38, 0x7D58, 0x7D58,   // 0x3590 (13712) pixels
0x7D38, 0x7D38, 0x7D38, 0x7D38, 0x7D38, 0x7D38, 0x7D38, 0x7D38, 0x7D38, 0x7D38, 0x7D38, 0x7D38, 0x7D38, 0x7D38, 0x7D38, 0x7D38,   // 0x35A0 (13728) pixels
0x7D38, 0x7D38, 0x7D38, 0x7D38, 0x7D38, 0x7D38, 0x7D38, 0x7D38, 0x7D38, 0x7D38, 0x7D38, 0x7D38, 0x7D38, 0x7D38, 0x7D38, 0x7D38,   // 0x35B0 (13744) pixels
0x7D38, 0x7D38, 0x7D38, 0x7D38, 0x7D38, 0x7D38, 0x7D38, 0x7D38, 0x7D38, 0x7D38, 0x7D38, 0x7D38, 0x7D38, 0x7D38, 0x7D38, 0x7D38,   // 0x35C0 (13760) pixels
0x7D58, 0x7D58, 0x7D58, 0x7D58, 0x7D58, 0x7D58, 0x7D58, 0x7D58, 0x7D58, 0x7D58, 0x7D58, 0x7D58, 0x7D58, 0x7D58, 0x7D58, 0x7D58,   // 0x35D0 (13776) pixels
0x7D58, 0x7D58, 0x7D58, 0x7D58, 0x7D58, 0x7D58, 0x7D58, 0x7D58, 0x7D58, 0x7D58, 0x7D58, 0x7D58, 0x7D58, 0x7D58, 0x7D58, 0x7D58,   // 0x35E0 (13792) pixels
0x7D58, 0x7D58, 0x7D58, 0x7D58, 0x7D58, 0x7D58, 0x7D58, 0x7D58, 0x7D58, 0x7D58, 0x7D58, 0x7D58, 0x7D58, 0x7D58, 0x7D58, 0x7D58,   // 0x35F0 (13808) pixels
0x7D58, 0x7D58, 0x7D58, 0x7D58, 0x7D58, 0x7D58, 0x7D58, 0x7D58, 0x7D58, 0x7D58, 0x7D58, 0x7D58, 0x7D58, 0x7D58, 0x7D58, 0x7D58,   // 0x3600 (13824) pixels
0x7D58, 0x7D58, 0x7D58, 0x7D58, 0x7D58, 0x7D58, 0x7D58, 0x7D58, 0x7D58, 0x7D58, 0x7D58, 0x7D58, 0x7D58, 0x7D58, 0x7D58, 0x7D58,   // 0x3610 (13840) pixels
0x7D58, 0x7D58, 0x7D58, 0x7D38, 0x7D58, 0x7D58, 0x8558, 0x8558, 0x8537, 0x8537, 0x8538, 0x8D38, 0x9D59, 0xA579, 0xAD7A, 0xB57A,   // 0x3620 (13856) pixels
0xB559, 0xB539, 0xB518, 0xACF8, 0xACF8, 0xB559, 0xAD39, 0x9C97, 0x83D4, 0x6B52, 0x5AF0, 0x7C14, 0xADBA, 0xB63B, 0xADFA, 0xADF9,   // 0x3630 (13872) pixels
0xA5F9, 0xA5D9, 0xA5D9, 0xA5F9, 0xADFA, 0xADFA, 0xADFA, 0xADFA, 0xADF9, 0xADF9, 0xADF9, 0xADF9, 0xADF9, 0xADF9, 0xADF9, 0xADF9,   // 0x3640 (13888) pixels
0xADF9, 0xADF9, 0xADF9, 0xADF9, 0xADF9, 0xA5F9, 0xADF9, 0xADF9, 0xADF9, 0xB619, 0xBE5A, 0xC69B, 0xCEBB, 0xD6DB, 0xD6DB, 0xD6BB,   // 0x3650 (13904) pixels
0xD6BA, 0xD6BA, 0xD6BA, 0xD6BB, 0xD6BB, 0xD6BB, 0xD6BB, 0xD6BB, 0xD69A, 0xD69A, 0xD69A, 0xD69A, 0xD69B, 0xD69B, 0xD69B, 0xD69A,   // 0x3660 (13920) pixels
0xD69B, 0xD69A, 0xCE7A, 0xCE7A, 0xCE7A, 0xCE7A, 0xCE7A, 0xCE7A, 0xCE7A, 0xCE7A, 0xC65A, 0xC659, 0xC65A, 0xC659, 0xC659, 0xCE7A,   // 0x3670 (13936) pixels
0xCE9B, 0xD6BB, 0xD6DB, 0xD6BB, 0xCEBB, 0xCEBB, 0xCE9A, 0xCE7A, 0xC63A, 0xBDD9, 0xAD97, 0xA537, 0x94F6, 0x8494, 0x7C54, 0x7453,   // 0x3680 (13952) pixels
0x7C74, 0x84D5, 0x8D37, 0x9578, 0x9D98, 0x9DB8, 0xA5B9, 0xA5D9, 0xA5D9, 0xA5D9, 0xA5D9, 0xA5D9, 0xA5D8, 0xA5D8, 0xA5D9, 0xA5D9,   // 0x3690 (13968) pixels
0xA5D9, 0xA5D9, 0xA5D9, 0xA5D9, 0xA5D9, 0xA5D9, 0xA5D9, 0xA5D9, 0xA5DA, 0xA5B9, 0x9538, 0x8496, 0x5B31, 0x420D, 0x62F1, 0x9456,   // 0x36A0 (13984) pixels
0xA497, 0xACD8, 0xACD8, 0xA4D8, 0xACD8, 0xA4B7, 0x9C77, 0xA497, 0x9C77, 0x9C56, 0x9416, 0x8BD5, 0x8394, 0x7B53, 0x72F2, 0x6AD1,   // 0x36B0 (14000) pixels
0x6A91, 0x6A6F, 0x6A6E, 0x6A6C, 0x7AEB, 0xA3ED, 0xBC8E, 0xCCCD, 0xCCAC, 0xBC4A, 0xB409, 0xB3E9, 0xABC9, 0xAC0A, 0xB42B, 0xAC0C,   // 0x36C0 (14016) pixels
0xA40D, 0x9C2F, 0x9C70, 0x9492, 0x94D4, 0x8D16, 0x8517, 0x7D38, 0x7D39, 0x7D39, 0x7D59, 0x7D59, 0x7D38, 0x7D58, 0x7D38, 0x7D38,   // 0x36D0 (14032) pixels
0x7D58, 0x7D58, 0x7D58, 0x7D58, 0x7D58, 0x7D58, 0x7D58, 0x7D58, 0x7D58, 0x7D58, 0x7D58, 0x7D58, 0x7D58, 0x7D58, 0x7D58, 0x7D58,   // 0x36E0 (14048) pixels
0x7D58, 0x7D58, 0x7D58, 0x7D58, 0x7D58, 0x7D58, 0x7D58, 0x7D58, 0x7D58, 0x7D58, 0x7D58, 0x7D58, 0x7D58, 0x7D58, 0x7D58, 0x7D58,   // 0x36F0 (14064) pixels
0x7D58, 0x7D58, 0x7D58, 0x7D58, 0x7D58, 0x7D58, 0x7D58, 0x7D58, 0x7D58, 0x7D58, 0x7D58, 0x7D58, 0x7D58, 0x7D58, 0x7D58, 0x7D58,   // 0x3700 (14080) pixels
0x7D58, 0x7D58, 0x7D58, 0x7D58, 0x7D58, 0x7D58, 0x7D58, 0x7D58, 0x7D58, 0x7D58, 0x7D58, 0x7D58, 0x7D58, 0x7D58, 0x7D58, 0x7D58,   // 0x3710 (14096) pixels
0x7D58, 0x7D58, 0x7D58, 0x7D58, 0x7D58, 0x7D58, 0x7D58, 0x7D58, 0x7D58, 0x7D58, 0x7D58, 0x7D58, 0x7D58, 0x7D58, 0x7D58, 0x7D58,   // 0x3720 (14112) pixels
0x7D58, 0x7D58, 0x7D58, 0x7D58, 0x7D58, 0x7D58, 0x7D58, 0x7D58, 0x7D58, 0x7D58, 0x7D58, 0x7D58, 0x7D58, 0x7D58, 0x7D58, 0x7D58,   // 0x3730 (14128) pixels
0x7D58, 0x7D58, 0x7D58, 0x7D58, 0x7D58, 0x7D58, 0x7D58, 0x7D58, 0x7D58, 0x7D58, 0x7D58, 0x7D58, 0x7D58, 0x7D58, 0x7D58, 0x7D58,   // 0x3740 (14144) pixels
0x7D58, 0x7D58, 0x7D58, 0x7D58, 0x7D58, 0x7D58, 0x7D58, 0x7D58, 0x7D58, 0x7D58, 0x7D58, 0x7D58, 0x7D58, 0x7D58, 0x7D58, 0x7D58,   // 0x3750 (14160) pixels
0x7D38, 0x7D58, 0x7D38, 0x7D38, 0x7D38, 0x7D58, 0x7D38, 0x8558, 0x8538, 0x8538, 0x8D38, 0x9558, 0x9D59, 0xA579, 0xAD79, 0xB559,   // 0x3760 (14176) pixels
0xB539, 0xB519, 0xAD18, 0xACF8, 0xAD18, 0xB559, 0xAD18, 0x9476, 0x6B31, 0x6B31, 0x6B72, 0x8C96, 0xB5FB, 0xB63B, 0xADD9, 0xADD9,   // 0x3770 (14192) pixels
0xA5F9, 0xA5F9, 0xA5F9, 0xA5F9, 0xADFA, 0xADFA, 0xADFA, 0xADF9, 0xADF9, 0xADF9, 0xADF9, 0xADF9, 0xADF9, 0xADF9, 0xADF9, 0xADF9,   // 0x3780 (14208) pixels
0xADF9, 0xADF9, 0xADF9, 0xADF9, 0xADF9, 0xADF9, 0xADF9, 0xADF9, 0xB619, 0xB63A, 0xC67B, 0xCEBB, 0xD6DC, 0xD6DB, 0xD6BB, 0xD6BB,   // 0x3790 (14224) pixels
0xD6BA, 0xD6BA, 0xD6BA, 0xD6BB, 0xD6DB, 0xD6BB, 0xD6BB, 0xD6BB, 0xD69A, 0xD69B, 0xD69B, 0xCE7A, 0xCE7A, 0xCE7A, 0xCE7A, 0xCE5A,   // 0x37A0 (14240) pixels
0xCE5A, 0xCE5A, 0xC65A, 0xC659, 0xC65A, 0xC659, 0xC639, 0xC639, 0xBE19, 0xBE19, 0xBE19, 0xBE18, 0xBE19, 0xB5F8, 0xBE19, 0xC659,   // 0x37B0 (14256) pixels
0xCE7A, 0xCE9A, 0xD6BB, 0xCEBB, 0xCE9A, 0xCE9A, 0xCE7A, 0xCE5A, 0xC619, 0xB5B8, 0xAD57, 0x9D16, 0x8CD5, 0x7C74, 0x7453, 0x7453,   // 0x37C0 (14272) pixels
0x7C94, 0x84D6, 0x9537, 0x9D78, 0x9D98, 0x9DB9, 0xA5B9, 0xA5D9, 0xA5D9, 0xA5D9, 0xA5D8, 0xA5D8, 0xA5D8, 0xA5D8, 0xA5D9, 0xA5D9,   // 0x37D0 (14288) pixels
0xA5D9, 0xA5D9, 0xA5D9, 0xA5D9, 0xA5D9, 0xA5D9, 0xA5D9, 0xA5D9, 0xA5DA, 0x9D99, 0x8CD6, 0x73F3, 0x52CF, 0x420D, 0x6B11, 0x9C98,   // 0x37E0 (14304) pixels
0xA4D8, 0xACD8, 0xACD8, 0xACD8, 0xACD8, 0xA4B8, 0xA497, 0xA497, 0x9C57, 0x9436, 0x8BF6, 0x83B5, 0x8374, 0x7B33, 0x72F2, 0x6AB1,   // 0x37F0 (14320) pixels
0x6A90, 0x622E, 0x6A6D, 0x728C, 0x832C, 0xAC4E, 0xC4AE, 0xCCCD, 0xCCCC, 0xBC4A, 0xB3E9, 0xB3E9, 0xB3EA, 0xAC0A, 0xAC2B, 0xA40C,   // 0x3800 (14336) pixels
0x9C0D, 0x9C4F, 0x9C71, 0x94B3, 0x8CF5, 0x8516, 0x8538, 0x7D38, 0x7D39, 0x7D59, 0x7D39, 0x7D59, 0x7D58, 0x7D38, 0x7D38, 0x7D38,   // 0x3810 (14352) pixels
0x7D58, 0x7D58, 0x7D58, 0x7D58, 0x7D58, 0x7D58, 0x7D58, 0x7D58, 0x7D58, 0x7D58, 0x7D58, 0x7D58, 0x7D58, 0x7D58, 0x7D58, 0x7D58,   // 0x3820 (14368) pixels
0x7D58, 0x7D58, 0x7D58, 0x7D58, 0x7D58, 0x7D58, 0x7D58, 0x7D58, 0x7D58, 0x7D58, 0x7D58, 0x7D58, 0x7D58, 0x7D58, 0x7D58, 0x7D58,   // 0x3830 (14384) pixels
0x7D58, 0x7D58, 0x7D58, 0x7D58, 0x7D58, 0x7D58, 0x7D58, 0x7D58, 0x7D58, 0x7D58, 0x7D58, 0x7D58, 0x7D58, 0x7D58, 0x7D58, 0x7D58,   // 0x3840 (14400) pixels
0x7D58, 0x7D58, 0x7D58, 0x7D58, 0x7D58, 0x7D58, 0x7D58, 0x7D58, 0x7D58, 0x7D58, 0x7D58, 0x7D58, 0x7D58, 0x7D58, 0x7D58, 0x7D58,   // 0x3850 (14416) pixels
0x7D58, 0x7D58, 0x7D58, 0x7D58, 0x7D58, 0x7D58, 0x7D58, 0x7D58, 0x7D58, 0x7D58, 0x7D58, 0x7D58, 0x7D58, 0x7D58, 0x7D58, 0x7D58,   // 0x3860 (14432) pixels
0x7D58, 0x7D58, 0x7D58, 0x7D58, 0x7D58, 0x7D58, 0x7D58, 0x7D58, 0x7D58, 0x7D58, 0x7D58, 0x7D58, 0x7D58, 0x7D58, 0x7D58, 0x7D58,   // 0x3870 (14448) pixels
0x7D58, 0x7D58, 0x7D58, 0x7D58, 0x7D58, 0x7D58, 0x7D58, 0x7D58, 0x7D58, 0x7D58, 0x7D58, 0x7D58, 0x7D58, 0x7D58, 0x7D58, 0x7D58,   // 0x3880 (14464) pixels
0x7D58, 0x7D58, 0x7D58, 0x7D58, 0x7D58, 0x7D58, 0x7D58, 0x7D58, 0x7D58, 0x7D58, 0x7D58, 0x7D58, 0x7D58, 0x7D38, 0x7D38, 0x7D58,   // 0x3890 (14480) pixels
0x7D58, 0x7D58, 0x7D38, 0x7D38, 0x7D58, 0x7D58, 0x8558, 0x8558, 0x8538, 0x8538, 0x8D58, 0x9559, 0xA579, 0xAD7A, 0xAD59, 0xAD39,   // 0x38A0 (14496) pixels
0xACF8, 0xACF8, 0xACF8, 0xACF8, 0xAD18, 0xB539, 0xA4D8, 0x8C15, 0x5AAF, 0x6B31, 0x8435, 0x9D18, 0xB5FB, 0xB63B, 0xA5D9, 0xADF9,   // 0x38B0 (14512) pixels
0xA5F9, 0xA5F9, 0xA5F9, 0xA5F9, 0xADFA, 0xADFA, 0xADFA, 0xADF9, 0xADF9, 0xADF9, 0xADF9, 0xADF9, 0xADF9, 0xADF9, 0xADF9, 0xADF9,   // 0x38C0 (14528) pixels
0xADF9, 0xADF9, 0xADF9, 0xADF9, 0xADF9, 0xADF9, 0xADF9, 0xADF9, 0xB61A, 0xBE5A, 0xC6BB, 0xCEDC, 0xD6DC, 0xD6DB, 0xD6BB, 0xCEBA,   // 0x38D0 (14544) pixels
0xD6DB, 0xD6BB, 0xD6BB, 0xD6BB, 0xD6BB, 0xD6BA, 0xCE9A, 0xCE9A, 0xCE7A, 0xCE5A, 0xCE5A, 0xC63A, 0xC639, 0xC619, 0xC619, 0xBDF9,   // 0x38E0 (14560) pixels
0xBDF9, 0xBDF8, 0xBDF8, 0xBDF8, 0xB5D8, 0xB5D8, 0xB5D8, 0xB5D8, 0xB5B8, 0xB5B7, 0xADB7, 0xADB7, 0xADB7, 0xADB7, 0xADD8, 0xBE19,   // 0x38F0 (14576) pixels
0xC659, 0xCE9A, 0xD6BB, 0xCEBB, 0xCE9A, 0xCE9A, 0xCE7A, 0xC639, 0xBDF9, 0xB597, 0xA536, 0x94F5, 0x8C94, 0x7C53, 0x7433, 0x7453,   // 0x3900 (14592) pixels
0x7CB5, 0x8D16, 0x9558, 0x9D98, 0x9D98, 0x9DB9, 0xA5B9, 0xA5D9, 0xA5D9, 0xA5D9, 0xA5D8, 0xA5D8, 0xA5D8, 0xA5D8, 0xA5D8, 0xA5D8,   // 0x3910 (14608) pixels
0xA5D8, 0xA5D8, 0xA5D8, 0xA5D8, 0xA5D9, 0xA5D9, 0xA5B9, 0xA5D9, 0xA5DA, 0xA599, 0x7C55, 0x6351, 0x528F, 0x4A4E, 0x7373, 0xA4B8,   // 0x3920 (14624) pixels
0xACF9, 0xACD8, 0xACD8, 0xACD8, 0xACD8, 0xA4B8, 0xA497, 0x9C97, 0x9C56, 0x9416, 0x8BD5, 0x83B4, 0x7B54, 0x7313, 0x6AF2, 0x6AB1,   // 0x3930 (14640) pixels
0x6A90, 0x5A0D, 0x624C, 0x72AB, 0x8B6C, 0xB46E, 0xC4EE, 0xCCCC, 0xCCAB, 0xBC09, 0xB3C8, 0xB3E9, 0xABEA, 0xAC0B, 0xAC0B, 0xA40C,   // 0x3940 (14656) pixels
0x9C2E, 0x9C50, 0x9C92, 0x94D4, 0x8D15, 0x8D37, 0x8538, 0x7D39, 0x7D59, 0x7D59, 0x7D59, 0x7D59, 0x7D58, 0x8558, 0x8538, 0x8538,   // 0x3950 (14672) pixels
0x8558, 0x8558, 0x8558, 0x8558, 0x8558, 0x8558, 0x8558, 0x8558, 0x8558, 0x8558, 0x8558, 0x8558, 0x8558, 0x8558, 0x8558, 0x8558,   // 0x3960 (14688) pixels
0x8558, 0x8558, 0x8558, 0x8558, 0x8558, 0x8558, 0x8558, 0x8558, 0x8558, 0x8558, 0x8558, 0x8558, 0x8558, 0x8558, 0x8558, 0x8558,   // 0x3970 (14704) pixels
0x8558, 0x8558, 0x8558, 0x8558, 0x8558, 0x8558, 0x8558, 0x8558, 0x8558, 0x8558, 0x8558, 0x8558, 0x8558, 0x8558, 0x8558, 0x8558,   // 0x3980 (14720) pixels
0x8558, 0x8558, 0x8558, 0x8558, 0x8558, 0x8558, 0x8558, 0x8558, 0x8558, 0x8558, 0x8558, 0x8558, 0x8558, 0x8558, 0x8558, 0x8558,   // 0x3990 (14736) pixels
0x8558, 0x8558, 0x8558, 0x8558, 0x8558, 0x8558, 0x8558, 0x8558, 0x8558, 0x8558, 0x8558, 0x8558, 0x8558, 0x8558, 0x8558, 0x8558,   // 0x39A0 (14752) pixels
0x8558, 0x8558, 0x8558, 0x8558, 0x8558, 0x8558, 0x8558, 0x8558, 0x8558, 0x8558, 0x8558, 0x8558, 0x8558, 0x8558, 0x8558, 0x8558,   // 0x39B0 (14768) pixels
0x8558, 0x8558, 0x8558, 0x8558, 0x8558, 0x8558, 0x8558, 0x8558, 0x8558, 0x8558, 0x8558, 0x8558, 0x8558, 0x8558, 0x8558, 0x8558,   // 0x39C0 (14784) pixels
0x8558, 0x8558, 0x8558, 0x8558, 0x8558, 0x8558, 0x8558, 0x8558, 0x8558, 0x8558, 0x8558, 0x8558, 0x7D58, 0x7D58, 0x7D58, 0x7D58,   // 0x39D0 (14800) pixels
0x7D58, 0x7D58, 0x7D58, 0x7D58, 0x7D58, 0x8558, 0x8558, 0x8558, 0x8558, 0x8558, 0x8D58, 0x9D79, 0xA599, 0xAD9A, 0xAD59, 0xAD19,   // 0x39E0 (14816) pixels
0xACF8, 0xACF8, 0xAD18, 0xB518, 0xB539, 0xAD18, 0x9C76, 0x7BB3, 0x526F, 0x7372, 0x9CF8, 0xADBA, 0xB5FA, 0xB61A, 0xADD9, 0xADF9,   // 0x39F0 (14832) pixels
0xADF9, 0xA5F9, 0xA5F9, 0xA5FA, 0xADFA, 0xADFA, 0xADFA, 0xADFA, 0xADF9, 0xADF9, 0xADF9, 0xADF9, 0xADF9, 0xADF9, 0xADF9, 0xADF9,   // 0x3A00 (14848) pixels
0xADFA, 0xAE1A, 0xADFA, 0xADFA, 0xADFA, 0xADF9, 0xADF9, 0xADF9, 0xB63A, 0xC67B, 0xCEBC, 0xD6FC, 0xD6DC, 0xD6BB, 0xD6BB, 0xCEBA,   // 0x3A10 (14864) pixels
0xCE9A, 0xCE9A, 0xCE7A, 0xC67A, 0xC659, 0xC659, 0xC639, 0xBE39, 0xBDF9, 0xBDF8, 0xBDD8, 0xB5D8, 0xB5B8, 0xB597, 0xAD97, 0xAD77,   // 0x3A20 (14880) pixels
0xAD97, 0xAD97, 0xAD77, 0xAD77, 0xAD77, 0xAD77, 0xA577, 0xA576, 0xA576, 0xA576, 0xA556, 0x9D56, 0xA556, 0x9D56, 0xA577, 0xB5F8,   // 0x3A30 (14896) pixels
0xC659, 0xD69A, 0xD6DB, 0xD6BB, 0xD69A, 0xD69A, 0xCE7A, 0xC639, 0xBDD8, 0xAD57, 0x9CF5, 0x94B5, 0x8474, 0x7C33, 0x7433, 0x7474,   // 0x3A40 (14912) pixels
0x84F6, 0x8D37, 0x9D98, 0x9DB9, 0x9DB9, 0x9DB9, 0xA5B9, 0xA5D9, 0xA5D9, 0xA5D9, 0xA5D8, 0xA5D8, 0xA5D8, 0xA5D8, 0xA5D8, 0xA5D8,   // 0x3A50 (14928) pixels
0xA5D8, 0xA5D8, 0xA5D8, 0xA5D8, 0xA5B9, 0xA5D9, 0xA5B9, 0xA5B9, 0xA5B9, 0x9D79, 0x73F3, 0x52CF, 0x52AF, 0x62F1, 0x8BF5, 0xACD9,   // 0x3A60 (14944) pixels
0xACD9, 0xACD8, 0xACD8, 0xACD8, 0xA4D8, 0xA4D8, 0xA497, 0x9C76, 0x9436, 0x8BF5, 0x8BB5, 0x8374, 0x7B33, 0x72F2, 0x6AD2, 0x6AB1,   // 0x3A70 (14960) pixels
0x6A6F, 0x59EC, 0x6A4C, 0x830D, 0x9BCD, 0xBCAE, 0xCCEE, 0xCCCC, 0xC46A, 0xB3E8, 0xABA8, 0xB3E9, 0xB40A, 0xAC0B, 0xAC0C, 0xA40D,   // 0x3A80 (14976) pixels
0x9C2E, 0x9C70, 0x9CB2, 0x94F4, 0x9536, 0x8537, 0x8538, 0x7D59, 0x7D59, 0x7D59, 0x7D59, 0x7D58, 0x8558, 0x8558, 0x8557, 0x8558,   // 0x3A90 (14992) pixels
0x8558, 0x8558, 0x8558, 0x8558, 0x8558, 0x8558, 0x8558, 0x8558, 0x8558, 0x8558, 0x8558, 0x8558, 0x8558, 0x8558, 0x8558, 0x8558,   // 0x3AA0 (15008) pixels
0x8558, 0x8558, 0x8558, 0x8558, 0x8558, 0x8558, 0x8558, 0x8558, 0x8558, 0x8558, 0x8558, 0x8558, 0x8558, 0x8558, 0x8558, 0x8558,   // 0x3AB0 (15024) pixels
0x8558, 0x8558, 0x8558, 0x8558, 0x8558, 0x8558, 0x8558, 0x8558, 0x8558, 0x8558, 0x8558, 0x8558, 0x8558, 0x8558, 0x8558, 0x8558,   // 0x3AC0 (15040) pixels
0x8558, 0x8558, 0x8558, 0x8558, 0x8558, 0x8558, 0x8558, 0x8558, 0x8558, 0x8558, 0x8558, 0x8558, 0x8558, 0x8558, 0x8558, 0x8558,   // 0x3AD0 (15056) pixels
0x8558, 0x8558, 0x8558, 0x8558, 0x8558, 0x8558, 0x8558, 0x8558, 0x8558, 0x8558, 0x8558, 0x8558, 0x8558, 0x8558, 0x8558, 0x8558,   // 0x3AE0 (15072) pixels
0x8558, 0x8558, 0x8558, 0x8558, 0x8558, 0x8558, 0x8558, 0x8558, 0x8558, 0x8558, 0x8558, 0x8558, 0x8558, 0x8558, 0x8558, 0x8558,   // 0x3AF0 (15088) pixels
0x8558, 0x8558, 0x8558, 0x8558, 0x8558, 0x8558, 0x8558, 0x8558, 0x8558, 0x8558, 0x8558, 0x8558, 0x8558, 0x8558, 0x8558, 0x8558,   // 0x3B00 (15104) pixels
0x8558, 0x8558, 0x8558, 0x8558, 0x8558, 0x8558, 0x8558, 0x8558, 0x8558, 0x8558, 0x8558, 0x8558, 0x8558, 0x8558, 0x8558, 0x7D58,   // 0x3B10 (15120) pixels
0x7D58, 0x7D58, 0x7D58, 0x7D58, 0x8558, 0x8558, 0x8558, 0x8558, 0x8538, 0x8D58, 0x9558, 0x9D99, 0xAD9A, 0xB59A, 0xAD59, 0xAD18,   // 0x3B20 (15136) pixels
0xACF8, 0xACF8, 0xB519, 0xB539, 0xB539, 0xA4D8, 0x8C15, 0x6B31, 0x528F, 0x73D3, 0xAD9A, 0xB61B, 0xADDA, 0xAE1A, 0xADD9, 0xADF9,   // 0x3B30 (15152) pixels
0xADF9, 0xA5FA, 0xADFA, 0xADFA, 0xADFA, 0xADFA, 0xADFA, 0xADFA, 0xADFA, 0xADFA, 0xADFA, 0xADFA, 0xADF9, 0xADF9, 0xADF9, 0xADF9,   // 0x3B40 (15168) pixels
0xAE1A, 0xAE1A, 0xADFA, 0xADF9, 0xADF9, 0xADF9, 0xADF9, 0xADF9, 0xBE5A, 0xC69B, 0xCEDC, 0xD6FC, 0xD6DC, 0xD6BB, 0xCEBB, 0xCE9A,   // 0x3B50 (15184) pixels
0xC659, 0xC639, 0xBE19, 0xBDF8, 0xB5D8, 0xB5B8, 0xADB8, 0xADB7, 0xAD97, 0xAD97, 0xAD77, 0xA577, 0xA557, 0xA557, 0xA536, 0xA536,   // 0x3B60 (15200) pixels
0xA556, 0xA556, 0x9D36, 0x9D36, 0xA536, 0x9D56, 0x9D36, 0x9D36, 0x9D36, 0x9516, 0x9515, 0x94F5, 0x94F5, 0x94F5, 0x9D36, 0xAD97,   // 0x3B70 (15216) pixels
0xC65A, 0xD6BB, 0xDEDC, 0xD6BB, 0xD69A, 0xCE9A, 0xCE59, 0xC619, 0xB5B7, 0xA536, 0x9CD5, 0x8CB4, 0x8473, 0x7433, 0x7433, 0x7C74,   // 0x3B80 (15232) pixels
0x8D16, 0x9578, 0x9DB9, 0x9DD9, 0x9DB9, 0x9DB9, 0xA5B9, 0xA5D9, 0xA5B8, 0xA5B8, 0xA5D8, 0xA5D8, 0xA5D8, 0xA5D8, 0xA5D8, 0xA5D8,   // 0x3B90 (15248) pixels
0xA5D8, 0xA5D8, 0xA5D8, 0xA5B8, 0xA5B9, 0xA5B9, 0xA5B9, 0xA5B9, 0x9D79, 0x9538, 0x6392, 0x4A6E, 0x528F, 0x7352, 0x9436, 0xACF9,   // 0x3BA0 (15264) pixels
0xACD8, 0xA4D8, 0xACD8, 0xACD8, 0xA4D8, 0xA4B8, 0xA497, 0x9456, 0x9415, 0x8BD5, 0x8394, 0x7B53, 0x7313, 0x72D2, 0x6AB1, 0x6A91,   // 0x3BB0 (15280) pixels
0x624F, 0x51CC, 0x6A8C, 0x8B6E, 0xAC2E, 0xC4EE, 0xCCED, 0xC4AB, 0xBC49, 0xB3C8, 0xABA8, 0xB3E9, 0xB40B, 0xAC0B, 0xAC2C, 0xA42D,   // 0x3BC0 (15296) pixels
0x944F, 0x9491, 0x94D3, 0x9515, 0x8D36, 0x8D57, 0x7D58, 0x7D59, 0x7D59, 0x7D59, 0x7D58, 0x7D58, 0x8558, 0x8558, 0x8558, 0x8558,   // 0x3BD0 (15312) pixels
0x8558, 0x8558, 0x8558, 0x8558, 0x8558, 0x8558, 0x8558, 0x8558, 0x8558, 0x8558, 0x8558, 0x8558, 0x8558, 0x8558, 0x8558, 0x8558,   // 0x3BE0 (15328) pixels
0x8558, 0x8558, 0x8558, 0x8558, 0x8558, 0x8558, 0x8558, 0x8558, 0x8558, 0x8558, 0x8558, 0x8558, 0x8558, 0x8558, 0x8558, 0x8558,   // 0x3BF0 (15344) pixels
0x8558, 0x8558, 0x8558, 0x8558, 0x8558, 0x8558, 0x8558, 0x8558, 0x8558, 0x8558, 0x8558, 0x8558, 0x8558, 0x8558, 0x8558, 0x8558,   // 0x3C00 (15360) pixels
0x8558, 0x8558, 0x8558, 0x8558, 0x8558, 0x8558, 0x8558, 0x8558, 0x8558, 0x8558, 0x8558, 0x8558, 0x8558, 0x8558, 0x8558, 0x8558,   // 0x3C10 (15376) pixels
0x8558, 0x8558, 0x8558, 0x8558, 0x8558, 0x8558, 0x8558, 0x8558, 0x8558, 0x8558, 0x8558, 0x8558, 0x8558, 0x8558, 0x8558, 0x8558,   // 0x3C20 (15392) pixels
0x8558, 0x8558, 0x8558, 0x8558, 0x8558, 0x8558, 0x8558, 0x8558, 0x8558, 0x8558, 0x8558, 0x8558, 0x8558, 0x8558, 0x8558, 0x8558,   // 0x3C30 (15408) pixels
0x8558, 0x8558, 0x8558, 0x8558, 0x8558, 0x8558, 0x8558, 0x8558, 0x8558, 0x8558, 0x8558, 0x8558, 0x8558, 0x8558, 0x8558, 0x8558,   // 0x3C40 (15424) pixels
0x7D58, 0x7D58, 0x7D58, 0x7D58, 0x7D58, 0x7D58, 0x7D58, 0x7D58, 0x7D58, 0x7D58, 0x7D58, 0x7D58, 0x7D58, 0x7D58, 0x7D58, 0x7D58,   // 0x3C50 (15440) pixels
0x7D58, 0x7D58, 0x7D58, 0x7D58, 0x8558, 0x8558, 0x8558, 0x8558, 0x8D38, 0x9558, 0x9D79, 0xA579, 0xAD7A, 0xB57A, 0xB539, 0xB519,   // 0x3C60 (15456) pixels
0xACF8, 0xB539, 0xB539, 0xB539, 0xBD5A, 0x9C76, 0x6B32, 0x6B52, 0x5B10, 0x8475, 0xADBA, 0xB61B, 0xADFA, 0xADDA, 0xADDA, 0xADD9,   // 0x3C70 (15472) pixels
0xADFA, 0xADFA, 0xADFA, 0xADFA, 0xADFA, 0xADFA, 0xADFA, 0xADFA, 0xADFA, 0xADFA, 0xADFA, 0xADF9, 0xADF9, 0xADF9, 0xADF9, 0xADF9,   // 0x3C80 (15488) pixels
0xAE19, 0xADF9, 0xADF9, 0xADF9, 0xADF9, 0xADF9, 0xB5F9, 0xB619, 0xC67B, 0xCEBB, 0xD6DC, 0xD6DC, 0xD6BB, 0xD6BB, 0xCE9A, 0xC659,   // 0x3C90 (15504) pixels
0xBE18, 0xB5D8, 0xAD77, 0xA536, 0xA516, 0xA536, 0x9D37, 0x9D16, 0x9D16, 0x9D16, 0x94F6, 0x9516, 0x94F6, 0x9516, 0x94F6, 0x94D5,   // 0x3CA0 (15520) pixels
0x94F5, 0x94D5, 0x94F5, 0x94D5, 0x8CF5, 0x8CD5, 0x8CF6, 0x8CF6, 0x84B5, 0x8CD5, 0x84B5, 0x8CB4, 0x8CB4, 0x8494, 0x94D5, 0xAD98,   // 0x3CB0 (15536) pixels
0xCE7A, 0xCE9B, 0xD6BB, 0xD6BB, 0xD69B, 0xCE7A, 0xC619, 0xB5D8, 0xAD77, 0x9D36, 0x94D5, 0x8494, 0x7C53, 0x7C53, 0x7C74, 0x7CB5,   // 0x3CC0 (15552) pixels
0x8D36, 0x9577, 0x9DB8, 0x9DD8, 0x9DB9, 0x9DD8, 0xA5B8, 0xA5B8, 0xA5B8, 0xA5D9, 0xA5D9, 0xA5D9, 0xA5D9, 0xA5D9, 0xA5D9, 0xA5D8,   // 0x3CD0 (15568) pixels
0xA5D9, 0xA5D8, 0xA5D8, 0xA5D8, 0xA5D9, 0xA5D9, 0xA5D9, 0xA5DA, 0xA599, 0x8495, 0x6351, 0x39EC, 0x62D0, 0x8C15, 0x9C77, 0xACB8,   // 0x3CE0 (15584) pixels
0xACD8, 0xA4D8, 0xACD8, 0xACD8, 0xACD8, 0xA4B7, 0x9C77, 0x9C56, 0x93F5, 0x8BD5, 0x8374, 0x7B33, 0x72F2, 0x6AD2, 0x6A91, 0x6270,   // 0x3CF0 (15600) pixels
0x5A50, 0x5A4E, 0x72AC, 0x9BCE, 0xBC6E, 0xC4CD, 0xD50D, 0xC46A, 0xBC29, 0xB3C8, 0xAB88, 0xB3C9, 0xB3EA, 0xAC0B, 0xA42C, 0x9C4E,   // 0x3D00 (15616) pixels
0x9470, 0x94B2, 0x94F4, 0x9536, 0x8D37, 0x8557, 0x8558, 0x7D59, 0x7D59, 0x7D58, 0x7D58, 0x7D58, 0x7D58, 0x7D58, 0x8558, 0x8558,   // 0x3D10 (15632) pixels
0x8558, 0x8558, 0x8558, 0x8558, 0x8558, 0x8558, 0x8558, 0x8558, 0x8558, 0x8558, 0x8558, 0x8558, 0x8558, 0x8558, 0x8558, 0x8558,   // 0x3D20 (15648) pixels
0x8558, 0x8558, 0x8558, 0x8558, 0x8558, 0x8558, 0x8558, 0x8558, 0x8558, 0x8558, 0x8558, 0x8558, 0x8558, 0x8558, 0x8558, 0x8558,   // 0x3D30 (15664) pixels
0x8558, 0x8558, 0x8558, 0x8558, 0x8558, 0x8558, 0x8558, 0x8558, 0x8558, 0x8558, 0x8558, 0x8558, 0x8558, 0x8558, 0x8558, 0x8558,   // 0x3D40 (15680) pixels
0x8558, 0x8558, 0x8558, 0x8558, 0x8558, 0x8558, 0x8558, 0x8558, 0x8558, 0x8558, 0x8558, 0x8558, 0x8558, 0x8558, 0x8558, 0x8558,   // 0x3D50 (15696) pixels
0x8558, 0x8558, 0x8558, 0x8558, 0x8558, 0x8558, 0x8558, 0x8558, 0x8558, 0x8558, 0x8558, 0x8558, 0x8558, 0x8558, 0x8558, 0x8558,   // 0x3D60 (15712) pixels
0x8558, 0x8558, 0x8558, 0x8558, 0x8558, 0x8558, 0x8558, 0x8558, 0x8558, 0x8558, 0x8558, 0x8558, 0x8558, 0x8558, 0x8558, 0x8558,   // 0x3D70 (15728) pixels
0x8558, 0x8558, 0x8558, 0x8558, 0x8558, 0x8558, 0x8558, 0x8558, 0x8558, 0x8558, 0x8558, 0x8558, 0x8558, 0x8558, 0x8558, 0x8558,   // 0x3D80 (15744) pixels
0x8578, 0x8578, 0x8578, 0x8578, 0x8578, 0x8578, 0x8578, 0x8578, 0x7D58, 0x7D58, 0x7D58, 0x7D58, 0x7D58, 0x7D58, 0x7D58, 0x7D58,   // 0x3D90 (15760) pixels
0x7D58, 0x7D58, 0x7D58, 0x7D58, 0x8558, 0x8558, 0x8558, 0x8D38, 0x8D38, 0x9558, 0xA579, 0xAD79, 0xB57A, 0xB55A, 0xB539, 0xAD18,   // 0x3DA0 (15776) pixels
0xB519, 0xAD19, 0xAD19, 0xB519, 0xB53A, 0x8C15, 0x62D0, 0x6B51, 0x73D3, 0x94F7, 0xADFB, 0xB63B, 0xADFA, 0xADDA, 0xADDA, 0xADD9,   // 0x3DB0 (15792) pixels
0xADFA, 0xADFA, 0xADFA, 0xADFA, 0xADFA, 0xADFA, 0xADFA, 0xADFA, 0xADFA, 0xADFA, 0xADFA, 0xADFA, 0xADF9, 0xADF9, 0xADF9, 0xADF9,   // 0x3DC0 (15808) pixels
0xAE19, 0xAE19, 0xADF9, 0xADF9, 0xADF9, 0xADF9, 0xB619, 0xBE39, 0xC67B, 0xCEBB, 0xD6DC, 0xD6DC, 0xD6DB, 0xCEBB, 0xC67A, 0xC619,   // 0x3DD0 (15824) pixels
0xB5B7, 0xAD77, 0x9D15, 0x94D5, 0x94D5, 0x94D5, 0x94D5, 0x8CD5, 0x8CB6, 0x8CB5, 0x8CB5, 0x84B5, 0x8CB5, 0x8CB5, 0x8CB5, 0x84B5,   // 0x3DE0 (15840) pixels
0x84B4, 0x84B4, 0x8494, 0x8494, 0x8494, 0x7C94, 0x7C74, 0x7C74, 0x7C74, 0x7C74, 0x7C53, 0x7C53, 0x8473, 0x8473, 0x94F5, 0xADB8,   // 0x3DF0 (15856) pixels
0xCE7B, 0xCE9B, 0xD6BB, 0xD69B, 0xCE7A, 0xC639, 0xBDF8, 0xAD97, 0xA556, 0x9D15, 0x8CB4, 0x7C73, 0x7C53, 0x7453, 0x7C95, 0x84D5,   // 0x3E00 (15872) pixels
0x8D57, 0x9597, 0x9DB8, 0x9DD8, 0x9DB8, 0x9DB8, 0xA5B8, 0xA5B8, 0xA5B8, 0xA5D9, 0xA5D9, 0xA5D9, 0xA5D9, 0xA5D9, 0xA5D9, 0xA5B8,   // 0x3E10 (15888) pixels
0xA5B8, 0xA5D8, 0xA5D8, 0xA5D9, 0xA5D9, 0xA5FA, 0xA5DA, 0xA5BA, 0x9517, 0x7C14, 0x5AF0, 0x41EC, 0x6B11, 0x9C56, 0xACB8, 0xB4F9,   // 0x3E20 (15904) pixels
0xACD8, 0xA4D8, 0xACD8, 0xACD8, 0xACD8, 0xA497, 0x9C76, 0x9C36, 0x93F5, 0x8BB4, 0x8374, 0x7B33, 0x72F2, 0x6AD2, 0x6291, 0x5A50,   // 0x3E30 (15920) pixels
0x5A70, 0x626E, 0x7AED, 0xAC0F, 0xC4AE, 0xCCED, 0xD4EC, 0xBC49, 0xB3C8, 0xABA8, 0xB3A8, 0xB3C9, 0xB40B, 0xAC0C, 0xA42D, 0x9C6F,   // 0x3E40 (15936) pixels
0x9491, 0x8CD3, 0x9515, 0x8D36, 0x8D57, 0x8558, 0x8558, 0x7D58, 0x7D58, 0x7D58, 0x8558, 0x8558, 0x8558, 0x8558, 0x8558, 0x8558,   // 0x3E50 (15952) pixels
0x8558, 0x8558, 0x8558, 0x8558, 0x8558, 0x8558, 0x8558, 0x8558, 0x8558, 0x8558, 0x8558, 0x8558, 0x8558, 0x8558, 0x8558, 0x8558,   // 0x3E60 (15968) pixels
0x8558, 0x8558, 0x8558, 0x8558, 0x8558, 0x8558, 0x8558, 0x8558, 0x8558, 0x8558, 0x8558, 0x8558, 0x8558, 0x8558, 0x8558, 0x8558,   // 0x3E70 (15984) pixels
0x8558, 0x8558, 0x8558, 0x8558, 0x8558, 0x8558, 0x8558, 0x8558, 0x8558, 0x8558, 0x8558, 0x8558, 0x8558, 0x8558, 0x8558, 0x8558,   // 0x3E80 (16000) pixels
0x8558, 0x8558, 0x8558, 0x8558, 0x8558, 0x8558, 0x8558, 0x8558, 0x8558, 0x8558, 0x8558, 0x8558, 0x8558, 0x8558, 0x8558, 0x8558,   // 0x3E90 (16016) pixels
0x8558, 0x8558, 0x8558, 0x8558, 0x8558, 0x8558, 0x8558, 0x8558, 0x8558, 0x8558, 0x8558, 0x8558, 0x8558, 0x8558, 0x8558, 0x8558,   // 0x3EA0 (16032) pixels
0x8558, 0x8558, 0x8558, 0x8558, 0x8558, 0x8558, 0x8558, 0x8558, 0x8558, 0x8558, 0x8558, 0x8558, 0x8558, 0x8558, 0x8558, 0x8558,   // 0x3EB0 (16048) pixels
0x8558, 0x8558, 0x8558, 0x8558, 0x8558, 0x8558, 0x8558, 0x8558, 0x8558, 0x8558, 0x8558, 0x8558, 0x8558, 0x8558, 0x8558, 0x8558,   // 0x3EC0 (16064) pixels
0x8578, 0x8578, 0x8578, 0x8578, 0x8578, 0x8578, 0x8578, 0x8578, 0x7D58, 0x7D58, 0x7D58, 0x7D58, 0x7D58, 0x7D58, 0x7D58, 0x7D58,   // 0x3ED0 (16080) pixels
0x7D78, 0x7D78, 0x8578, 0x8578, 0x8578, 0x8558, 0x8558, 0x8D38, 0x9558, 0x9D79, 0xA579, 0xAD7A, 0xB57A, 0xB55A, 0xB539, 0xAD18,   // 0x3EE0 (16096) pixels
0xB519, 0xAD19, 0xACF8, 0xB519, 0xACF9, 0x83B3, 0x5A8F, 0x6B72, 0x94D7, 0xA599, 0xB61B, 0xAE1B, 0xADFA, 0xADFA, 0xB5FA, 0xADF9,   // 0x3EF0 (16112) pixels
0xADF9, 0xADF9, 0xADF9, 0xADFA, 0xADFA, 0xADFA, 0xADFA, 0xADFA, 0xADFA, 0xADFA, 0xADFA, 0xAE1A, 0xAE19, 0xAE19, 0xAE19, 0xAE19,   // 0x3F00 (16128) pixels
0xAE19, 0xAE19, 0xADF9, 0xADF9, 0xADF9, 0xB5F9, 0xB619, 0xC65A, 0xCEBB, 0xD6DC, 0xD6DC, 0xD6DC, 0xD6DB, 0xCE9B, 0xC659, 0xBDF8,   // 0x3F10 (16144) pixels
0xAD97, 0xA536, 0x94B4, 0x8C94, 0x8473, 0x7C53, 0x7C53, 0x7C54, 0x7C54, 0x7C54, 0x7434, 0x7433, 0x7453, 0x7453, 0x7C53, 0x7C53,   // 0x3F20 (16160) pixels
0x7C53, 0x7C53, 0x7C54, 0x7C74, 0x7C74, 0x7C94, 0x7C94, 0x7C94, 0x7CB5, 0x84B5, 0x7C94, 0x8494, 0x8CD5, 0x94F5, 0xA577, 0xBE19,   // 0x3F30 (16176) pixels
0xCE9B, 0xD6BB, 0xD6BB, 0xD69B, 0xCE7A, 0xC619, 0xB5D8, 0xAD77, 0xA536, 0x94F5, 0x8494, 0x7C53, 0x7453, 0x7453, 0x7CB5, 0x84F6,   // 0x3F40 (16192) pixels
0x9557, 0x9598, 0x9DB8, 0x9DB8, 0x9DB8, 0x9DB8, 0xA5B8, 0xA5B8, 0xA5B8, 0xA5D9, 0xA5B9, 0xA5D9, 0xA5D9, 0xA5D9, 0xA5D9, 0xA5B8,   // 0x3F50 (16208) pixels
0xA5B8, 0xA5D8, 0xA5D9, 0xA5D9, 0xA5F9, 0xA5FA, 0xA5DA, 0xA5B9, 0x8CB6, 0x6BB2, 0x5AD0, 0x4A4E, 0x7B73, 0xA498, 0xACD9, 0xACD9,   // 0x3F60 (16224) pixels
0xACD8, 0xACD8, 0xACD8, 0xACD8, 0xACB8, 0xA497, 0x9C56, 0x9415, 0x8BD5, 0x8394, 0x7B54, 0x7313, 0x72F2, 0x6AB2, 0x6271, 0x5A50,   // 0x3F70 (16240) pixels
0x5A2E, 0x5A2C, 0x72AB, 0x9B6C, 0xABEB, 0xB40A, 0xB409, 0xA366, 0x9B46, 0xA346, 0xAB88, 0xB3EA, 0xAC0B, 0xA42C, 0x9C4E, 0x9C70,   // 0x3F80 (16256) pixels
0x94B2, 0x8CF4, 0x9535, 0x8D56, 0x8D57, 0x8558, 0x8558, 0x7D59, 0x7D59, 0x7D59, 0x8558, 0x8558, 0x8558, 0x8558, 0x8558, 0x8558,   // 0x3F90 (16272) pixels
0x8559, 0x8559, 0x8559, 0x8559, 0x8559, 0x8559, 0x8559, 0x8559, 0x8559, 0x8559, 0x8559, 0x8559, 0x8559, 0x8559, 0x8559, 0x8559,   // 0x3FA0 (16288) pixels
0x8558, 0x8558, 0x8558, 0x8558, 0x8558, 0x8558, 0x8558, 0x8558, 0x8558, 0x8558, 0x8558, 0x8558, 0x8558, 0x8558, 0x8558, 0x8558,   // 0x3FB0 (16304) pixels
0x8558, 0x8558, 0x8558, 0x8558, 0x8558, 0x8558, 0x8558, 0x8558, 0x8558, 0x8558, 0x8558, 0x8558, 0x8558, 0x8558, 0x8558, 0x8558,   // 0x3FC0 (16320) pixels
0x8558, 0x8558, 0x8558, 0x8558, 0x8558, 0x8558, 0x8558, 0x8558, 0x8558, 0x8558, 0x8558, 0x8558, 0x8558, 0x8558, 0x8558, 0x8558,   // 0x3FD0 (16336) pixels
0x8558, 0x8558, 0x8558, 0x8558, 0x8558, 0x8558, 0x8558, 0x8558, 0x8558, 0x8558, 0x8558, 0x8558, 0x8558, 0x8558, 0x8558, 0x8558,   // 0x3FE0 (16352) pixels
0x8558, 0x8558, 0x8558, 0x8558, 0x8558, 0x8558, 0x8558, 0x8558, 0x8558, 0x8558, 0x8558, 0x8558, 0x8558, 0x8558, 0x8558, 0x8558,   // 0x3FF0 (16368) pixels
0x8558, 0x8558, 0x8558, 0x8558, 0x8558, 0x8558, 0x8558, 0x8558, 0x8558, 0x8558, 0x8558, 0x8558, 0x8558, 0x8558, 0x8558, 0x8558,   // 0x4000 (16384) pixels
0x8578, 0x8578, 0x8578, 0x8578, 0x8578, 0x8578, 0x8578, 0x8578, 0x8578, 0x8578, 0x8578, 0x8578, 0x8578, 0x8578, 0x8578, 0x8578,   // 0x4010 (16400) pixels
0x8579, 0x7D78, 0x8579, 0x8579, 0x8578, 0x8558, 0x8558, 0x8D58, 0x9559, 0x9D79, 0xAD7A, 0xAD7A, 0xB57A, 0xB559, 0xB519, 0xACF8,   // 0x4020 (16416) pixels
0xACF8, 0xAD19, 0xACF9, 0xACD8, 0x9C97, 0x7352, 0x5AAF, 0x73D3, 0xA579, 0xADDA, 0xAE1B, 0xADFA, 0xADFA, 0xADFA, 0xB5FA, 0xB5F9,   // 0x4030 (16432) pixels
0xADF9, 0xADF9, 0xADF9, 0xADF9, 0xADFA, 0xADFA, 0xADFA, 0xADFA, 0xADFA, 0xADFA, 0xAE1A, 0xAE19, 0xAE19, 0xAE19, 0xAE19, 0xAE19,   // 0x4040 (16448) pixels
0xAE19, 0xAE19, 0xADF9, 0xADF9, 0xADF9, 0xB5F9, 0xBE3A, 0xC67B, 0xCEBB, 0xD6DC, 0xD6DC, 0xD6DB, 0xD6BB, 0xCE9A, 0xC639, 0xB5D8,   // 0x4050 (16464) pixels
0xAD97, 0x9D16, 0x8CB4, 0x8473, 0x7C12, 0x6BD1, 0x6BD2, 0x6BF2, 0x6C13, 0x6C13, 0x6C13, 0x7433, 0x7453, 0x7453, 0x7474, 0x7474,   // 0x4060 (16480) pixels
0x7C94, 0x7C94, 0x7CB5, 0x84D5, 0x84F6, 0x8516, 0x8516, 0x8D16, 0x8D36, 0x8D36, 0x9536, 0x9557, 0x9D77, 0xA5B8, 0xB619, 0xC67A,   // 0x4070 (16496) pixels
0xD6BC, 0xD6DB, 0xD6BB, 0xD69B, 0xCE5A, 0xBE19, 0xB5B7, 0xAD76, 0x9CF5, 0x8CB4, 0x8473, 0x7C53, 0x7433, 0x7474, 0x84D6, 0x8D37,   // 0x4080 (16512) pixels
0x9577, 0x9DB8, 0x9DB8, 0x9DB8, 0x9DB8, 0x9DB8, 0xA5B8, 0xA5B8, 0xA5D9, 0xA5D9, 0xA5B9, 0xA5D9, 0xA5D9, 0xA5D9, 0xA5D9, 0xA5D9,   // 0x4090 (16528) pixels
0xA5D8, 0xA5D9, 0xA5D9, 0xA5D9, 0xA5D9, 0xA5DA, 0xA5B9, 0x9D79, 0x7C34, 0x5B10, 0x52D0, 0x5AAF, 0x83D5, 0xACD9, 0xACD9, 0xACB8,   // 0x40A0 (16544) pixels
0xACD8, 0xACD8, 0xA4D8, 0xACD8, 0xA4B8, 0xA497, 0x9436, 0x93F6, 0x8BB5, 0x8374, 0x7B34, 0x72F3, 0x6AD2, 0x6291, 0x6270, 0x5A4F,   // 0x40B0 (16560) pixels
0x5A4E, 0x5A0B, 0x6A29, 0x8289, 0x92E8, 0x9B07, 0x9B06, 0x8AA4, 0x8AA4, 0x92E5, 0x9B47, 0xABC9, 0xAC2C, 0xA44D, 0x9C6F, 0x9C91,   // 0x40C0 (16576) pixels
0x94D3, 0x8CF4, 0x8D36, 0x8D57, 0x8558, 0x8558, 0x8558, 0x7D59, 0x8579, 0x8579, 0x8558, 0x8558, 0x8578, 0x8578, 0x8558, 0x8558,   // 0x40D0 (16592) pixels
0x8559, 0x8559, 0x8559, 0x8559, 0x8559, 0x8559, 0x8559, 0x8559, 0x8559, 0x8559, 0x8559, 0x8559, 0x8559, 0x8559, 0x8559, 0x8559,   // 0x40E0 (16608) pixels
0x8558, 0x8558, 0x8558, 0x8558, 0x8558, 0x8558, 0x8558, 0x8558, 0x8558, 0x8558, 0x8558, 0x8558, 0x8558, 0x8558, 0x8558, 0x8558,   // 0x40F0 (16624) pixels
0x8558, 0x8558, 0x8558, 0x8558, 0x8558, 0x8558, 0x8558, 0x8558, 0x8558, 0x8558, 0x8558, 0x8558, 0x8558, 0x8558, 0x8558, 0x8558,   // 0x4100 (16640) pixels
0x8579, 0x8579, 0x8579, 0x8579, 0x8579, 0x8579, 0x8579, 0x8579, 0x8579, 0x8579, 0x8579, 0x8579, 0x8579, 0x8579, 0x8579, 0x8579,   // 0x4110 (16656) pixels
0x8579, 0x8579, 0x8579, 0x8579, 0x8579, 0x8579, 0x8579, 0x8579, 0x8579, 0x8579, 0x8579, 0x8579, 0x8579, 0x8579, 0x8579, 0x8579,   // 0x4120 (16672) pixels
0x8579, 0x8579, 0x8579, 0x8579, 0x8579, 0x8579, 0x8579, 0x8579, 0x8579, 0x8579, 0x8579, 0x8579, 0x8579, 0x8579, 0x8579, 0x8579,   // 0x4130 (16688) pixels
0x8579, 0x8579, 0x8579, 0x8579, 0x8579, 0x8579, 0x8579, 0x8579, 0x8579, 0x8579, 0x8579, 0x8579, 0x8579, 0x8579, 0x8579, 0x8579,   // 0x4140 (16704) pixels
0x8579, 0x8579, 0x8579, 0x8579, 0x8579, 0x8579, 0x8579, 0x8579, 0x8558, 0x8558, 0x8558, 0x8558, 0x8558, 0x8558, 0x8558, 0x8578,   // 0x4150 (16720) pixels
0x8579, 0x8579, 0x8579, 0x8579, 0x8579, 0x8558, 0x8D58, 0x9559, 0x9D79, 0xA57A, 0xAD9A, 0xB57A, 0xB55A, 0xB539, 0xB519, 0xACF9,   // 0x4160 (16736) pixels
0xACD8, 0xB539, 0xAD19, 0x9C96, 0x83F4, 0x6B51, 0x6330, 0x8434, 0xADDA, 0xADFA, 0xADFA, 0xADFA, 0xADFA, 0xADFA, 0xB5FA, 0xB5F9,   // 0x4170 (16752) pixels
0xADF9, 0xADF9, 0xADF9, 0xADF9, 0xADF9, 0xADF9, 0xADF9, 0xADFA, 0xADFA, 0xADFA, 0xADFA, 0xADF9, 0xAE19, 0xAE19, 0xAE19, 0xAE19,   // 0x4180 (16768) pixels
0xADF9, 0xAE19, 0xADF9, 0xADF9, 0xADF9, 0xB619, 0xBE5A, 0xCE9B, 0xD6BB, 0xD6DC, 0xD6BB, 0xCE9B, 0xCE7A, 0xC659, 0xBE18, 0xB5B7,   // 0x4190 (16784) pixels
0xA577, 0x9D16, 0x8494, 0x7C33, 0x6BD1, 0x6390, 0x63B1, 0x6BF2, 0x6C13, 0x7433, 0x7474, 0x7C95, 0x84D5, 0x84F6, 0x8516, 0x8D16,   // 0x41A0 (16800) pixels
0x8D37, 0x8D57, 0x8D57, 0x9557, 0x9578, 0x9578, 0x9577, 0x9577, 0x9598, 0x9D77, 0x9D97, 0xA598, 0xA5B8, 0xB619, 0xBE5B, 0xC69B,   // 0x41B0 (16816) pixels
0xD6BC, 0xD6BB, 0xD6BB, 0xCE7A, 0xC639, 0xBDF8, 0xAD97, 0xA556, 0x94D5, 0x8C94, 0x7C53, 0x7433, 0x7453, 0x7C94, 0x8CF6, 0x9557,   // 0x41C0 (16832) pixels
0x9598, 0x9DB8, 0x9DB8, 0x9DB8, 0x9DB8, 0x9DB8, 0xA5B8, 0xA5B8, 0xA5D9, 0xA5D9, 0xA5B9, 0xA5B9, 0xA5B9, 0xA5D9, 0xA5D9, 0xA5D9,   // 0x41D0 (16848) pixels
0xA5D8, 0xA5D9, 0xA5D9, 0xA5B9, 0xA5B9, 0xA5D9, 0x9D99, 0x9538, 0x6392, 0x4A8E, 0x5AD0, 0x6B32, 0x9436, 0xACF9, 0xB4F9, 0xACB9,   // 0x41E0 (16864) pixels
0xACD8, 0xACB8, 0xACB8, 0xA4B8, 0xA4B8, 0x9C77, 0x9436, 0x8BF6, 0x83B5, 0x7B54, 0x7313, 0x6AD3, 0x62B2, 0x6271, 0x5A70, 0x6270,   // 0x41F0 (16880) pixels
0x626E, 0x5A0B, 0x61C8, 0x69E7, 0x7A26, 0x8266, 0x8285, 0x8264, 0x8263, 0x82A4, 0x9306, 0xA388, 0xAC0B, 0xA44D, 0xA46F, 0x9CB1,   // 0x4200 (16896) pixels
0x94F4, 0x8D15, 0x8D36, 0x8D57, 0x8558, 0x8558, 0x7D59, 0x7D59, 0x7D59, 0x7D59, 0x8558, 0x8558, 0x8558, 0x8558, 0x8558, 0x8558,   // 0x4210 (16912) pixels
0x8559, 0x8559, 0x8559, 0x8559, 0x8559, 0x8559, 0x8559, 0x8559, 0x8559, 0x8559, 0x8559, 0x8559, 0x8559, 0x8559, 0x8559, 0x8559,   // 0x4220 (16928) pixels
0x8558, 0x8558, 0x8558, 0x8558, 0x8558, 0x8558, 0x8558, 0x8558, 0x8558, 0x8558, 0x8558, 0x8558, 0x8558, 0x8558, 0x8558, 0x8558,   // 0x4230 (16944) pixels
0x8558, 0x8558, 0x8558, 0x8558, 0x8558, 0x8558, 0x8558, 0x8558, 0x8558, 0x8558, 0x8558, 0x8558, 0x8558, 0x8558, 0x8558, 0x8558,   // 0x4240 (16960) pixels
0x8579, 0x8579, 0x8579, 0x8579, 0x8579, 0x8579, 0x8579, 0x8579, 0x8579, 0x8579, 0x8579, 0x8579, 0x8579, 0x8579, 0x8579, 0x8579,   // 0x4250 (16976) pixels
0x8579, 0x8579, 0x8579, 0x8579, 0x8579, 0x8579, 0x8579, 0x8579, 0x8579, 0x8579, 0x8579, 0x8579, 0x8579, 0x8579, 0x8579, 0x8579,   // 0x4260 (16992) pixels
0x8579, 0x8579, 0x8579, 0x8579, 0x8579, 0x8579, 0x8579, 0x8579, 0x8579, 0x8579, 0x8579, 0x8579, 0x8579, 0x8579, 0x8579, 0x8579,   // 0x4270 (17008) pixels
0x8579, 0x8579, 0x8579, 0x8579, 0x8579, 0x8579, 0x8579, 0x8579, 0x8579, 0x8579, 0x8579, 0x8579, 0x8579, 0x8579, 0x8579, 0x8579,   // 0x4280 (17024) pixels
0x8579, 0x8579, 0x8579, 0x8579, 0x8579, 0x8579, 0x8579, 0x8579, 0x8579, 0x8579, 0x8579, 0x8579, 0x8579, 0x8579, 0x8579, 0x8579,   // 0x4290 (17040) pixels
0x8579, 0x7D78, 0x8579, 0x8579, 0x8579, 0x8558, 0x8D58, 0x9579, 0x9D7A, 0xA59A, 0xAD9A, 0xB57A, 0xB53A, 0xB539, 0xB519, 0xB4F9,   // 0x42A0 (17056) pixels
0xACF8, 0xB539, 0xB539, 0x9435, 0x7351, 0x6B51, 0x7BF3, 0x94B6, 0xB61B, 0xB61A, 0xADFA, 0xADFA, 0xADFA, 0xAE1A, 0xADF9, 0xADF9,   // 0x42B0 (17072) pixels
0xADF9, 0xADF9, 0xADF9, 0xADF9, 0xADF9, 0xADF9, 0xADF9, 0xADF9, 0xADFA, 0xADFA, 0xADFA, 0xAE19, 0xADFA, 0xAE19, 0xAE19, 0xAE19,   // 0x42C0 (17088) pixels
0xADFA, 0xADF9, 0xADF9, 0xAE19, 0xB619, 0xB639, 0xC67A, 0xCEDB, 0xD6DC, 0xD6DC, 0xD6BB, 0xCE7A, 0xCE7A, 0xC659, 0xBDF8, 0xB5B7,   // 0x42D0 (17104) pixels
0xA557, 0x94F5, 0x8474, 0x7412, 0x6BD1, 0x63D1, 0x6C13, 0x7474, 0x7CB5, 0x84D6, 0x84F6, 0x8D37, 0x8D57, 0x9578, 0x9578, 0x9578,   // 0x42E0 (17120) pixels
0x9598, 0x95B8, 0x9DB8, 0x9DB9, 0x9DB9, 0x9DB8, 0x9DB8, 0x9DB8, 0x9DB8, 0x9D98, 0x9D98, 0xA5B8, 0xADD8, 0xBE5A, 0xCEBC, 0xCEBC,   // 0x42F0 (17136) pixels
0xD6DB, 0xD6BB, 0xD69B, 0xCE7A, 0xC639, 0xB5D8, 0xAD77, 0x9D15, 0x94B4, 0x8474, 0x7C33, 0x7433, 0x7C74, 0x84D5, 0x8D37, 0x9578,   // 0x4300 (17152) pixels
0x9DB8, 0x9DB8, 0x9DB8, 0x9DB8, 0x9DB8, 0x9DD8, 0xA5D9, 0xA5D9, 0xA5D9, 0xA5D9, 0xA5B9, 0xA5B9, 0xA5B9, 0xA5D9, 0xA5D9, 0xA5D9,   // 0x4310 (17168) pixels
0xA5D8, 0xA5D9, 0xA5D9, 0xA5B9, 0xA5DA, 0xA5DA, 0x9D58, 0x8CF7, 0x5B10, 0x422D, 0x6311, 0x7BD4, 0x9C97, 0xACF9, 0xB4F9, 0xACB9,   // 0x4320 (17184) pixels
0xACD8, 0xACB8, 0xA4B8, 0xA4B8, 0xA497, 0x9C57, 0x9416, 0x8BD6, 0x8395, 0x7B34, 0x6AF3, 0x6AB2, 0x6291, 0x6271, 0x6270, 0x6290,   // 0x4330 (17200) pixels
0x5A6E, 0x5A0B, 0x59C9, 0x5986, 0x61A5, 0x7225, 0x7A45, 0x7A65, 0x8285, 0x8284, 0x8AC5, 0x9B68, 0xA3EB, 0xA44D, 0xA470, 0x9CB2,   // 0x4340 (17216) pixels
0x9515, 0x8D16, 0x8D37, 0x8D57, 0x8558, 0x8558, 0x7D59, 0x7D59, 0x8579, 0x8579, 0x8558, 0x8558, 0x8558, 0x8558, 0x8558, 0x8558,   // 0x4350 (17232) pixels
0x8559, 0x8559, 0x8559, 0x8559, 0x8559, 0x8559, 0x8559, 0x8559, 0x8559, 0x8559, 0x8559, 0x8559, 0x8559, 0x8559, 0x8559, 0x8559,   // 0x4360 (17248) pixels
0x8558, 0x8558, 0x8558, 0x8558, 0x8558, 0x8558, 0x8558, 0x8558, 0x8558, 0x8558, 0x8558, 0x8558, 0x8558, 0x8558, 0x8558, 0x8558,   // 0x4370 (17264) pixels
0x8558, 0x8558, 0x8558, 0x8558, 0x8558, 0x8558, 0x8558, 0x8558, 0x8558, 0x8558, 0x8558, 0x8558, 0x8558, 0x8558, 0x8558, 0x8558,   // 0x4380 (17280) pixels
0x8579, 0x8579, 0x8579, 0x8579, 0x8579, 0x8579, 0x8579, 0x8579, 0x8579, 0x8579, 0x8579, 0x8579, 0x8579, 0x8579, 0x8579, 0x8579,   // 0x4390 (17296) pixels
0x8579, 0x8579, 0x8579, 0x8579, 0x8579, 0x8579, 0x8579, 0x8579, 0x8579, 0x8579, 0x8579, 0x8579, 0x8579, 0x8579, 0x8579, 0x8579,   // 0x43A0 (17312) pixels
0x8579, 0x8579, 0x8579, 0x8579, 0x8579, 0x8579, 0x8579, 0x8579, 0x8579, 0x8579, 0x8579, 0x8579, 0x8579, 0x8579, 0x8579, 0x8579,   // 0x43B0 (17328) pixels
0x8579, 0x8579, 0x8579, 0x8579, 0x8579, 0x8579, 0x8579, 0x8579, 0x8579, 0x8579, 0x8579, 0x8579, 0x8579, 0x8579, 0x8579, 0x8579,   // 0x43C0 (17344) pixels
0x8579, 0x8579, 0x8579, 0x8579, 0x8579, 0x8579, 0x8579, 0x8579, 0x8579, 0x8579, 0x8579, 0x8579, 0x8579, 0x8579, 0x8579, 0x8579,   // 0x43D0 (17360) pixels
0x8579, 0x7D79, 0x8578, 0x8579, 0x8D79, 0x8D58, 0x9559, 0x9D7A, 0xA59A, 0xAD9A, 0xB59B, 0xB55A, 0xB53A, 0xB539, 0xB519, 0xB519,   // 0x43E0 (17376) pixels
0xB519, 0xB539, 0xAD39, 0x83F4, 0x6310, 0x7392, 0x94B6, 0x9D58, 0xB61B, 0xB61A, 0xADFA, 0xADFA, 0xADFA, 0xADF9, 0xADF9, 0xADF9,   // 0x43F0 (17392) pixels
0xAE19, 0xAE19, 0xADF9, 0xADF9, 0xADF9, 0xAE19, 0xADFA, 0xADFA, 0xAE1A, 0xAE1A, 0xAE1A, 0xAE1A, 0xAE1A, 0xAE1A, 0xAE1A, 0xAE1A,   // 0x4400 (17408) pixels
0xAE1A, 0xADFA, 0xADF9, 0xAE19, 0xB61A, 0xBE5A, 0xC69B, 0xCEDC, 0xD6FC, 0xD6DC, 0xD6BB, 0xCE7A, 0xCE7A, 0xCE59, 0xBDF8, 0xAD97,   // 0x4410 (17424) pixels
0x9D36, 0x8CD5, 0x7C54, 0x7412, 0x73F2, 0x7454, 0x84B5, 0x8CF7, 0x9538, 0x9558, 0x9578, 0x9578, 0x9598, 0x9598, 0x9598, 0x9598,   // 0x4420 (17440) pixels
0x9DB8, 0x9DB9, 0x9DD9, 0x9DD9, 0x9DD9, 0x9DD9, 0x9DD9, 0x9DD8, 0xA5D8, 0x9D98, 0xA5B8, 0xADD8, 0xB5F9, 0xC69B, 0xD6FC, 0xD6DC,   // 0x4430 (17456) pixels
0xD6DB, 0xD6DB, 0xCE9A, 0xC659, 0xBE19, 0xB5B8, 0xA556, 0x94F5, 0x8CB4, 0x8453, 0x7433, 0x7453, 0x8495, 0x8CF6, 0x9558, 0x9D99,   // 0x4440 (17472) pixels
0x9DB8, 0x9DB8, 0x9DD9, 0x9DD8, 0x9DD8, 0xA5D9, 0xA5D9, 0xA5D9, 0xA5D9, 0xA5D9, 0xA5B9, 0xA5B9, 0xA5B9, 0xA5B9, 0xA5D9, 0xA5D9,   // 0x4450 (17488) pixels
0xA5D9, 0xA5F9, 0xA5D9, 0xA5D9, 0xA5DA, 0xA5B9, 0x9518, 0x7C55, 0x52F0, 0x422D, 0x6B52, 0x9457, 0xA4B8, 0xACD9, 0xACD9, 0xACB8,   // 0x4460 (17504) pixels
0xACB9, 0xACB8, 0xA498, 0xA497, 0x9C77, 0x9C37, 0x8BF6, 0x8BB6, 0x7B75, 0x7314, 0x6AD3, 0x6AB2, 0x6291, 0x6270, 0x6290, 0x62B0,   // 0x4470 (17520) pixels
0x62AF, 0x5A8D, 0x624B, 0x51A7, 0x5986, 0x69E6, 0x6A05, 0x7A86, 0x82A6, 0x7A85, 0x82A5, 0x9327, 0x9BAA, 0xA40C, 0xA470, 0x9CD2,   // 0x4480 (17536) pixels
0x9515, 0x8D37, 0x8D57, 0x8558, 0x8559, 0x8579, 0x8579, 0x7D79, 0x8579, 0x8579, 0x8579, 0x8578, 0x8578, 0x8578, 0x8579, 0x8579,   // 0x4490 (17552) pixels
0x8579, 0x8579, 0x8579, 0x8579, 0x8579, 0x8579, 0x8579, 0x8579, 0x8579, 0x8579, 0x8579, 0x8579, 0x8579, 0x8579, 0x8579, 0x8579,   // 0x44A0 (17568) pixels
0x8579, 0x8579, 0x8579, 0x8579, 0x8579, 0x8579, 0x8579, 0x8579, 0x8579, 0x8579, 0x8579, 0x8579, 0x8579, 0x8579, 0x8579, 0x8579,   // 0x44B0 (17584) pixels
0x8579, 0x8579, 0x8579, 0x8579, 0x8579, 0x8579, 0x8579, 0x8579, 0x8579, 0x8579, 0x8579, 0x8579, 0x8579, 0x8579, 0x8579, 0x8579,   // 0x44C0 (17600) pixels
0x8579, 0x8579, 0x8579, 0x8579, 0x8579, 0x8579, 0x8579, 0x8579, 0x8579, 0x8579, 0x8579, 0x8579, 0x8579, 0x8579, 0x8579, 0x8579,   // 0x44D0 (17616) pixels
0x8579, 0x8579, 0x8579, 0x8579, 0x8579, 0x8579, 0x8579, 0x8579, 0x8579, 0x8579, 0x8579, 0x8579, 0x8579, 0x8579, 0x8579, 0x8579,   // 0x44E0 (17632) pixels
0x8579, 0x8579, 0x8579, 0x8579, 0x8579, 0x8579, 0x8579, 0x8579, 0x8579, 0x8579, 0x8579, 0x8579, 0x8579, 0x8579, 0x8579, 0x8579,   // 0x44F0 (17648) pixels
0x8579, 0x8579, 0x8579, 0x8579, 0x8579, 0x8579, 0x8579, 0x8579, 0x8579, 0x8579, 0x8579, 0x8579, 0x8579, 0x8579, 0x8579, 0x8579,   // 0x4500 (17664) pixels
0x8579, 0x8579, 0x8579, 0x8579, 0x8579, 0x8579, 0x8579, 0x8579, 0x8579, 0x8579, 0x8579, 0x8579, 0x8579, 0x8579, 0x8579, 0x8579,   // 0x4510 (17680) pixels
0x8579, 0x7D59, 0x8578, 0x8579, 0x8D79, 0x8D38, 0x9559, 0xA59A, 0xAD9A, 0xB59B, 0xB59B, 0xB55A, 0xB53A, 0xB51A, 0xB519, 0xB519,   // 0x4520 (17696) pixels
0xB519, 0xA4F8, 0xA4D8, 0x7BD3, 0x5ACF, 0x73D2, 0x9D17, 0xADB9, 0xB61B, 0xADFA, 0xADD9, 0xADF9, 0xADF9, 0xADF9, 0xADF9, 0xAE1A,   // 0x4530 (17712) pixels
0xAE19, 0xAE19, 0xAE19, 0xAE19, 0xAE19, 0xAE19, 0xADFA, 0xAE1A, 0xAE1A, 0xAE1A, 0xAE1A, 0xAE1A, 0xAE1A, 0xAE1A, 0xAE1A, 0xAE1A,   // 0x4540 (17728) pixels
0xAE1A, 0xAE19, 0xAE19, 0xB619, 0xB63A, 0xBE7A, 0xCEBB, 0xD6DC, 0xD6DB, 0xD6BB, 0xCE9A, 0xCE7A, 0xCE59, 0xC639, 0xB5B7, 0xA556,   // 0x4550 (17744) pixels
0x9D16, 0x8CB5, 0x7C33, 0x73F2, 0x7413, 0x8495, 0x8D17, 0x9538, 0x9558, 0x9579, 0x9D99, 0x9D99, 0x9D99, 0x9D98, 0x9DB9, 0x9DB9,   // 0x4560 (17760) pixels
0x9DD9, 0x9DD9, 0x9DD9, 0x9DD9, 0x9DD9, 0x9DD9, 0xA5B8, 0xA5B8, 0xA598, 0x9D97, 0xADB8, 0xB5F8, 0xBE19, 0xCEBB, 0xD6FC, 0xD6BB,   // 0x4570 (17776) pixels
0xD6BB, 0xD6BB, 0xCE7A, 0xC639, 0xBDF8, 0xAD97, 0x9D15, 0x8CB4, 0x8C94, 0x7C53, 0x7413, 0x7453, 0x84B5, 0x8D37, 0x9578, 0x9DB9,   // 0x4580 (17792) pixels
0x9DB8, 0x9DD8, 0x9DD9, 0x9DD9, 0x9DD9, 0xA5D9, 0xA5D9, 0xA5D9, 0xA5D9, 0xA5D9, 0xA5B9, 0xA5B8, 0xA5B9, 0xA5B9, 0xA5D9, 0xA5D9,   // 0x4590 (17808) pixels
0xA5D9, 0xA5D9, 0xA5D9, 0xA5B9, 0xA5BA, 0x9D79, 0x84B6, 0x73D3, 0x52AF, 0x420D, 0x7393, 0x9C98, 0xA4D9, 0xA4B8, 0xACD9, 0xACD9,   // 0x45A0 (17824) pixels
0xACB9, 0xACB8, 0xA497, 0xA477, 0x9C57, 0x9416, 0x8BD6, 0x83B6, 0x7B55, 0x7314, 0x6AD3, 0x6AB2, 0x6292, 0x6290, 0x6290, 0x62D0,   // 0x45B0 (17840) pixels
0x62EF, 0x62CE, 0x626C, 0x5187, 0x4925, 0x5165, 0x59A5, 0x7266, 0x7AA6, 0x7A85, 0x7AA5, 0x8B07, 0x938A, 0x9C0C, 0xA490, 0xA4F4,   // 0x45C0 (17856) pixels
0x9536, 0x8D57, 0x8558, 0x8558, 0x8579, 0x8579, 0x8579, 0x8579, 0x8579, 0x8579, 0x8579, 0x8578, 0x8578, 0x8578, 0x8579, 0x8579,   // 0x45D0 (17872) pixels
0x8579, 0x8579, 0x8579, 0x8579, 0x8579, 0x8579, 0x8579, 0x8579, 0x8579, 0x8579, 0x8579, 0x8579, 0x8579, 0x8579, 0x8579, 0x8579,   // 0x45E0 (17888) pixels
0x8579, 0x8579, 0x8579, 0x8579, 0x8579, 0x8579, 0x8579, 0x8579, 0x8579, 0x8579, 0x8579, 0x8579, 0x8579, 0x8579, 0x8579, 0x8579,   // 0x45F0 (17904) pixels
0x8579, 0x8579, 0x8579, 0x8579, 0x8579, 0x8579, 0x8579, 0x8579, 0x8579, 0x8579, 0x8579, 0x8579, 0x8579, 0x8579, 0x8579, 0x8579,   // 0x4600 (17920) pixels
0x8579, 0x8579, 0x8579, 0x8579, 0x8579, 0x8579, 0x8579, 0x8579, 0x8579, 0x8579, 0x8579, 0x8579, 0x8579, 0x8579, 0x8579, 0x8579,   // 0x4610 (17936) pixels
0x8579, 0x8579, 0x8579, 0x8579, 0x8579, 0x8579, 0x8579, 0x8579, 0x8579, 0x8579, 0x8579, 0x8579, 0x8579, 0x8579, 0x8579, 0x8579,   // 0x4620 (17952) pixels
0x8579, 0x8579, 0x8579, 0x8579, 0x8579, 0x8579, 0x8579, 0x8579, 0x8579, 0x8579, 0x8579, 0x8579, 0x8579, 0x8579, 0x8579, 0x8579,   // 0x4630 (17968) pixels
0x8579, 0x8579, 0x8579, 0x8579, 0x8579, 0x8579, 0x8579, 0x8579, 0x8579, 0x8579, 0x8579, 0x8579, 0x8579, 0x8579, 0x8579, 0x8579,   // 0x4640 (17984) pixels
0x8579, 0x8579, 0x8579, 0x8579, 0x8579, 0x8579, 0x8579, 0x8579, 0x8579, 0x8579, 0x8579, 0x8579, 0x8579, 0x8579, 0x8579, 0x8579,   // 0x4650 (18000) pixels
0x8579, 0x8579, 0x8579, 0x8558, 0x8D59, 0x9559, 0x9D7A, 0xA57A, 0xAD9A, 0xAD7A, 0xB55A, 0xB53A, 0xB53A, 0xB519, 0xB4F9, 0xB53A,   // 0x4660 (18016) pixels
0xB539, 0xA4F8, 0x9455, 0x7392, 0x6330, 0x7C34, 0xADBA, 0xB61A, 0xB61B, 0xB61A, 0xAE1A, 0xAE1A, 0xADF9, 0xAE1A, 0xAE19, 0xB61A,   // 0x4670 (18032) pixels
0xAE1A, 0xAE19, 0xADF9, 0xADF9, 0xAE1A, 0xAE1A, 0xAE1A, 0xAE1A, 0xAE1A, 0xA61A, 0xA61A, 0xA61A, 0xA61A, 0xAE1A, 0xA61A, 0xA5FA,   // 0x4680 (18048) pixels
0xAE1A, 0xADF9, 0xADF9, 0xB619, 0xBE5A, 0xC69B, 0xCEDC, 0xD6FC, 0xD6DB, 0xD6BB, 0xD69B, 0xCE7A, 0xC639, 0xB5D8, 0xAD76, 0xA556,   // 0x4690 (18064) pixels
0x94D5, 0x8CB5, 0x7C33, 0x73F2, 0x7434, 0x8CF6, 0x9D58, 0x9D58, 0x9D58, 0x9D79, 0x9D99, 0xA5B9, 0xA5B9, 0xA5B9, 0xA5B9, 0xA5B9,   // 0x46A0 (18080) pixels
0xA5B9, 0xA5B9, 0xA5D9, 0xA5B8, 0xA5B8, 0xA5B8, 0xA5B8, 0xA5B8, 0xADD8, 0xADD8, 0xB5F9, 0xBE3A, 0xCE9B, 0xD6BC, 0xD6DC, 0xD6DB,   // 0x46B0 (18096) pixels
0xD6BB, 0xD6BA, 0xCE7A, 0xBE18, 0xAD97, 0xA556, 0x94F5, 0x8C94, 0x8494, 0x7C53, 0x7433, 0x7C74, 0x8CF6, 0x9558, 0x9D98, 0x9DB9,   // 0x46C0 (18112) pixels
0x9DB9, 0x9DB8, 0x9DD8, 0x9DD8, 0xA5D9, 0xA5D9, 0xA5D9, 0xA5D9, 0xA5D9, 0xA5D9, 0xA5D9, 0xA5D9, 0xA5B9, 0xA5B9, 0xA5B9, 0xA5B9,   // 0x46D0 (18128) pixels
0xA5D9, 0xA5F9, 0xA5D9, 0x9D99, 0xADDA, 0xA579, 0x7414, 0x5B11, 0x4A8F, 0x5AD0, 0x7BB4, 0xA4D9, 0xA4D9, 0xA498, 0xACD9, 0xACB9,   // 0x46E0 (18144) pixels
0xACB9, 0xACB8, 0xA498, 0x9C77, 0x9C57, 0x9416, 0x8BB5, 0x8395, 0x7B35, 0x7314, 0x6AB3, 0x6292, 0x6291, 0x6270, 0x62AF, 0x7310,   // 0x46F0 (18160) pixels
0x6B2F, 0x7B90, 0x72ED, 0x51C7, 0x4924, 0x40E3, 0x4944, 0x6206, 0x6A46, 0x7286, 0x7AC6, 0x7AE7, 0x834A, 0x942E, 0x9CB2, 0x9D14,   // 0x4700 (18176) pixels
0x9557, 0x8D58, 0x8558, 0x8558, 0x8559, 0x7D79, 0x7D79, 0x7D79, 0x8579, 0x8579, 0x8559, 0x8558, 0x8559, 0x8559, 0x8579, 0x8579,   // 0x4710 (18192) pixels
0x8579, 0x8579, 0x8579, 0x8579, 0x8579, 0x8579, 0x8579, 0x8579, 0x8579, 0x8579, 0x8579, 0x8559, 0x8559, 0x8579, 0x8579, 0x8579,   // 0x4720 (18208) pixels
0x8579, 0x8579, 0x8579, 0x8579, 0x8579, 0x8579, 0x8579, 0x8579, 0x8579, 0x8579, 0x8579, 0x8579, 0x8579, 0x8579, 0x8579, 0x8579,   // 0x4730 (18224) pixels
0x8579, 0x8579, 0x8579, 0x8579, 0x8579, 0x8579, 0x8579, 0x8579, 0x8579, 0x8579, 0x8579, 0x8579, 0x8579, 0x8579, 0x8579, 0x8579,   // 0x4740 (18240) pixels
0x8579, 0x8579, 0x8579, 0x8579, 0x8579, 0x8579, 0x8579, 0x8579, 0x8579, 0x8579, 0x8579, 0x8579, 0x8579, 0x8579, 0x8579, 0x8579,   // 0x4750 (18256) pixels
0x8579, 0x8579, 0x8579, 0x8579, 0x8579, 0x8579, 0x8579, 0x8579, 0x8579, 0x8579, 0x8579, 0x8579, 0x8579, 0x8579, 0x8579, 0x8579,   // 0x4760 (18272) pixels
0x8579, 0x8579, 0x8579, 0x8579, 0x8579, 0x8579, 0x8579, 0x8579, 0x8579, 0x8579, 0x8579, 0x8579, 0x8579, 0x8579, 0x8579, 0x8579,   // 0x4770 (18288) pixels
0x8579, 0x8579, 0x8579, 0x8579, 0x8579, 0x8579, 0x8579, 0x8579, 0x8579, 0x8579, 0x8579, 0x8579, 0x8579, 0x8579, 0x8579, 0x8579,   // 0x4780 (18304) pixels
0x8579, 0x8579, 0x8579, 0x8579, 0x8579, 0x8579, 0x8579, 0x8579, 0x8579, 0x8579, 0x8579, 0x8579, 0x8579, 0x8579, 0x8579, 0x8579,   // 0x4790 (18320) pixels
0x8579, 0x8579, 0x8579, 0x8558, 0x8D59, 0x9559, 0xA57A, 0xAD9A, 0xAD7A, 0xB57A, 0xB53A, 0xB519, 0xB519, 0xB519, 0xB519, 0xB53A,   // 0x47A0 (18336) pixels
0xB53A, 0x9C76, 0x7BB3, 0x6B71, 0x73B2, 0x8CD6, 0xB61B, 0xB61B, 0xB61A, 0xB61A, 0xB61A, 0xB61A, 0xAE1A, 0xAE1A, 0xAE19, 0xAE1A,   // 0x47B0 (18352) pixels
0xAE1A, 0xAE1A, 0xAE1A, 0xAE1A, 0xAE1A, 0xAE1A, 0xAE1A, 0xAE1A, 0xAE1A, 0xA61A, 0xA61A, 0xA61A, 0xAE1A, 0xAE3A, 0xAE1B, 0xAE1A,   // 0x47C0 (18368) pixels
0xAE1A, 0xADF9, 0xADF9, 0xB639, 0xC69A, 0xCEDB, 0xD6FC, 0xD6FC, 0xD6DB, 0xD6BB, 0xCE9A, 0xCE7A, 0xC639, 0xB5D8, 0xAD77, 0xA536,   // 0x47D0 (18384) pixels
0x94D5, 0x8C95, 0x7C54, 0x7C34, 0x8495, 0x9537, 0xA579, 0x9D79, 0xA579, 0xA599, 0xA5B9, 0xA5D9, 0xA5B9, 0xA5B9, 0xA5B9, 0xA5B8,   // 0x47E0 (18400) pixels
0xA5B9, 0xA5D9, 0xADD9, 0xADF9, 0xADF9, 0xB619, 0xB619, 0xB619, 0xBE3A, 0xBE5A, 0xC65A, 0xCE9B, 0xD6BB, 0xDEDC, 0xDEDC, 0xD6BB,   // 0x47F0 (18416) pixels
0xCE9A, 0xCE7A, 0xC65A, 0xBDF8, 0xAD97, 0xA536, 0x94D5, 0x8C94, 0x8474, 0x7C53, 0x7C54, 0x84B5, 0x8D17, 0x9578, 0x9D99, 0x9DB9,   // 0x4800 (18432) pixels
0x9DB9, 0x9DB8, 0x9DD8, 0x9DD9, 0xA5D9, 0xA5D9, 0xA5D9, 0xA5D9, 0xA5D9, 0xA5D9, 0xA5D9, 0xA5D9, 0xA5D9, 0xA5B9, 0xA5D9, 0xA5D9,   // 0x4810 (18448) pixels
0xA5B8, 0xA5F9, 0xA5FA, 0xA5B9, 0xADDA, 0x9D38, 0x6B92, 0x4A6E, 0x52B0, 0x6B32, 0x8C16, 0xACF9, 0xACF9, 0xA4B8, 0xACD8, 0xACB8,   // 0x4820 (18464) pixels
0xACB9, 0xA498, 0xA498, 0x9C77, 0x9436, 0x8BF5, 0x8395, 0x7B75, 0x7314, 0x72D4, 0x6AB3, 0x6292, 0x6290, 0x626F, 0x6AAE, 0x7B4F,   // 0x4830 (18480) pixels
0x83D0, 0x9431, 0x8BAE, 0x72AA, 0x61E7, 0x5185, 0x5185, 0x6227, 0x6A88, 0x72E9, 0x7B29, 0x7B4A, 0x83AD, 0x8C50, 0x94D3, 0x8D15,   // 0x4840 (18496) pixels
0x8D57, 0x8558, 0x8559, 0x8579, 0x8579, 0x7D79, 0x7D79, 0x8559, 0x8579, 0x8559, 0x8558, 0x8558, 0x8559, 0x8579, 0x8579, 0x8579,   // 0x4850 (18512) pixels
0x8579, 0x8579, 0x8579, 0x8579, 0x8579, 0x8579, 0x8579, 0x8579, 0x8579, 0x8579, 0x8579, 0x8579, 0x8579, 0x8579, 0x8579, 0x8579,   // 0x4860 (18528) pixels
0x8579, 0x8579, 0x8579, 0x8579, 0x8579, 0x8579, 0x8579, 0x8579, 0x8579, 0x8579, 0x8579, 0x8579, 0x8579, 0x8579, 0x8579, 0x8579,   // 0x4870 (18544) pixels
0x8579, 0x8579, 0x8579, 0x8579, 0x8579, 0x8579, 0x8579, 0x8579, 0x8579, 0x8579, 0x8579, 0x8579, 0x8579, 0x8579, 0x8579, 0x8579,   // 0x4880 (18560) pixels
0x8579, 0x8579, 0x8579, 0x8579, 0x8579, 0x8579, 0x8579, 0x8579, 0x8579, 0x8579, 0x8579, 0x8579, 0x8579, 0x8579, 0x8579, 0x8579,   // 0x4890 (18576) pixels
0x8579, 0x8579, 0x8579, 0x8579, 0x8579, 0x8579, 0x8579, 0x8579, 0x8579, 0x8579, 0x8579, 0x8579, 0x8579, 0x8579, 0x8579, 0x8579,   // 0x48A0 (18592) pixels
0x8579, 0x8579, 0x8579, 0x8579, 0x8579, 0x8579, 0x8579, 0x8579, 0x8579, 0x8579, 0x8579, 0x8579, 0x8579, 0x8579, 0x8579, 0x8579,   // 0x48B0 (18608) pixels
0x8579, 0x8579, 0x8579, 0x8579, 0x8579, 0x8579, 0x8579, 0x8579, 0x8579, 0x8579, 0x8579, 0x8579, 0x8579, 0x8579, 0x8579, 0x8579,   // 0x48C0 (18624) pixels
0x8579, 0x8579, 0x8579, 0x8579, 0x8579, 0x8579, 0x8579, 0x8579, 0x8579, 0x8579, 0x8579, 0x8579, 0x8579, 0x8579, 0x8579, 0x8579,   // 0x48D0 (18640) pixels
0x8599, 0x8578, 0x8558, 0x8558, 0x9559, 0x9D79, 0xA59A, 0xAD9B, 0xB57A, 0xB55A, 0xB53A, 0xAD19, 0xACF9, 0xACF9, 0xB519, 0xB51A,   // 0x48E0 (18656) pixels
0xAD19, 0x8BF4, 0x6310, 0x6B71, 0x7C34, 0x9D58, 0xB63C, 0xB63B, 0xB61A, 0xB61A, 0xB61A, 0xB61A, 0xB61A, 0xB61A, 0xAE1A, 0xAE19,   // 0x48F0 (18672) pixels
0xAE1A, 0xAE1A, 0xAE1A, 0xAE3A, 0xAE1A, 0xAE1A, 0xAE1A, 0xAE1A, 0xAE1A, 0xAE1A, 0xAE1A, 0xAE1A, 0xAE1A, 0xAE3A, 0xAE1A, 0xAE1A,   // 0x4900 (18688) pixels
0xAE1A, 0xADF9, 0xB619, 0xBE5A, 0xCEBB, 0xD6FC, 0xD6FC, 0xD6DB, 0xD6BB, 0xCEBB, 0xCE7A, 0xC659, 0xBE19, 0xB5B8, 0xA556, 0x9D16,   // 0x4910 (18704) pixels
0x94B5, 0x8475, 0x7C54, 0x8475, 0x94D6, 0x9D58, 0xA599, 0xA599, 0xA5BA, 0xA5B9, 0xA5B9, 0xA5B9, 0xA5B9, 0xADD9, 0xADD9, 0xADD9,   // 0x4920 (18720) pixels
0xB5FA, 0xB61A, 0xBE3A, 0xBE5A, 0xC67B, 0xC67B, 0xC69B, 0xCE9B, 0xCEBB, 0xD6BB, 0xD6BB, 0xDEDC, 0xDEDC, 0xDEDC, 0xD6BB, 0xD69B,   // 0x4930 (18736) pixels
0xCE7A, 0xCE5A, 0xBE39, 0xB5D8, 0xAD77, 0x9D16, 0x8CB5, 0x8474, 0x7C53, 0x7C54, 0x7C75, 0x84D6, 0x9557, 0x9D98, 0x9DB9, 0x9DD9,   // 0x4940 (18752) pixels
0xA5B8, 0xA5B8, 0xA5D9, 0xA5D9, 0xA5D9, 0xA5D9, 0xA5D9, 0xA5D9, 0xA5D9, 0xA5D9, 0xA5D9, 0xA5D9, 0xA5D9, 0xA5D9, 0xA5D9, 0xA5D9,   // 0x4950 (18768) pixels
0xA5B8, 0xA5D9, 0xADFA, 0xA5DA, 0xA5BA, 0x94D7, 0x5B11, 0x39EC, 0x5AD0, 0x7B94, 0x9457, 0xACF9, 0xB519, 0xACD8, 0xACB8, 0xACB8,   // 0x4960 (18784) pixels
0xACB8, 0xA498, 0x9C77, 0x9C56, 0x9416, 0x8BD5, 0x8375, 0x7B54, 0x72F4, 0x6AD3, 0x6292, 0x6271, 0x626F, 0x626D, 0x72CE, 0x8B8F,   // 0x4970 (18800) pixels
0xA450, 0xBCD2, 0xC4D1, 0xB44F, 0xA3CC, 0x8B2A, 0x7AEA, 0x832B, 0x838D, 0x8BEE, 0x942F, 0x9470, 0x94B2, 0x9515, 0x8D57, 0x8D78,   // 0x4980 (18816) pixels
0x8D78, 0x8558, 0x8559, 0x8579, 0x8579, 0x8579, 0x8559, 0x8559, 0x8579, 0x8559, 0x8558, 0x8558, 0x8559, 0x8579, 0x8579, 0x8579,   // 0x4990 (18832) pixels
0x8579, 0x8579, 0x8579, 0x8579, 0x8579, 0x8579, 0x8579, 0x8579, 0x8579, 0x8579, 0x8579, 0x8579, 0x8579, 0x8579, 0x8579, 0x8579,   // 0x49A0 (18848) pixels
0x8579, 0x8579, 0x8579, 0x8579, 0x8579, 0x8579, 0x8579, 0x8579, 0x8579, 0x8579, 0x8579, 0x8579, 0x8579, 0x8579, 0x8579, 0x8579,   // 0x49B0 (18864) pixels
0x8579, 0x8579, 0x8579, 0x8579, 0x8579, 0x8579, 0x8579, 0x8579, 0x8579, 0x8579, 0x8579, 0x8579, 0x8579, 0x8579, 0x8579, 0x8579,   // 0x49C0 (18880) pixels
0x8579, 0x8579, 0x8579, 0x8579, 0x8579, 0x8579, 0x8579, 0x8579, 0x8579, 0x8579, 0x8579, 0x8579, 0x8579, 0x8579, 0x8579, 0x8579,   // 0x49D0 (18896) pixels
0x8579, 0x8579, 0x8579, 0x8579, 0x8579, 0x8579, 0x8579, 0x8579, 0x8579, 0x8579, 0x8579, 0x8579, 0x8579, 0x8579, 0x8579, 0x8579,   // 0x49E0 (18912) pixels
0x8579, 0x8579, 0x8579, 0x8579, 0x8579, 0x8579, 0x8579, 0x8579, 0x8579, 0x8579, 0x8579, 0x8579, 0x8579, 0x8579, 0x8579, 0x8579,   // 0x49F0 (18928) pixels
0x8579, 0x8579, 0x8579, 0x8579, 0x8579, 0x8579, 0x8579, 0x8579, 0x8579, 0x8579, 0x8579, 0x8579, 0x8579, 0x8579, 0x8579, 0x8579,   // 0x4A00 (18944) pixels
0x8579, 0x8579, 0x8579, 0x8579, 0x8579, 0x8579, 0x8579, 0x8579, 0x8579, 0x8579, 0x8579, 0x8579, 0x8579, 0x8579, 0x8579, 0x8579,   // 0x4A10 (18960) pixels
0x8579, 0x8578, 0x8558, 0x8D58, 0x9579, 0xA59A, 0xAD9B, 0xB5BB, 0xB57A, 0xB55A, 0xB53A, 0xAD19, 0xACF9, 0xB519, 0xB51A, 0xB519,   // 0x4A20 (18976) pixels
0xA4D8, 0x7B93, 0x62F0, 0x73B3, 0x8CD6, 0xA599, 0xB63B, 0xB63B, 0xAE1A, 0xB61A, 0xB61A, 0xB61A, 0xB61A, 0xB61A, 0xAE1A, 0xAE19,   // 0x4A30 (18992) pixels
0xAE1A, 0xAE1A, 0xAE3A, 0xAE3A, 0xAE1A, 0xAE19, 0xAE19, 0xAE1A, 0xAE19, 0xAE19, 0xAE1A, 0xAE1A, 0xAE1A, 0xAE1A, 0xAE1A, 0xAE1A,   // 0x4A40 (19008) pixels
0xB63A, 0xBE3A, 0xBE5A, 0xC67A, 0xCEDB, 0xD6FC, 0xD6FB, 0xD6DB, 0xCEBB, 0xCE9A, 0xC67A, 0xC639, 0xBDF8, 0xAD97, 0xA536, 0x9CF6,   // 0x4A50 (19024) pixels
0x8CB5, 0x8474, 0x8454, 0x8CB5, 0x9517, 0xA558, 0xA599, 0xADBA, 0xADDA, 0xADD9, 0xADB9, 0xADB9, 0xADD9, 0xB5F9, 0xBE3A, 0xBE5A,   // 0x4A60 (19040) pixels
0xC67B, 0xCE7B, 0xCE9C, 0xCEBC, 0xD6BC, 0xD6DC, 0xD6DC, 0xD6DC, 0xD6DC, 0xD6DB, 0xD6DC, 0xDEDC, 0xD6BB, 0xD6BB, 0xD69B, 0xD69B,   // 0x4A70 (19056) pixels
0xCE9A, 0xC65A, 0xBDF8, 0xAD97, 0xA556, 0x94F5, 0x8C94, 0x7C54, 0x7413, 0x7C53, 0x84B5, 0x8D16, 0x9578, 0x9DB8, 0x9DD9, 0x9DD8,   // 0x4A80 (19072) pixels
0xA5D9, 0xA5D9, 0xA5D9, 0xA5D9, 0xA5D9, 0xA5D9, 0xA5D9, 0xA5D9, 0xA5D9, 0xA5D9, 0xA5D9, 0xA5D9, 0xA5D9, 0xA5D9, 0xA5D9, 0xA5D9,   // 0x4A90 (19088) pixels
0xA5D9, 0xA5D9, 0xA5F9, 0xA5B9, 0x9D58, 0x8455, 0x52D0, 0x39CC, 0x62F1, 0x8C16, 0x9C98, 0xACD8, 0xB4F9, 0xACD8, 0xACB8, 0xACB8,   // 0x4AA0 (19104) pixels
0xA498, 0xA498, 0x9C57, 0x9C36, 0x9415, 0x8BD5, 0x7B74, 0x7B54, 0x72F4, 0x6AB3, 0x6271, 0x6250, 0x624E, 0x626C, 0x7B0D, 0x9BEF,   // 0x4AB0 (19120) pixels
0xB46F, 0xC4F0, 0xD530, 0xD50F, 0xCCAE, 0xB42C, 0x9BED, 0x9C0E, 0x9C50, 0xA4B2, 0xA514, 0x9D14, 0x9515, 0x8D57, 0x8578, 0x8579,   // 0x4AC0 (19136) pixels
0x8579, 0x8579, 0x8579, 0x8579, 0x8579, 0x8579, 0x8579, 0x8559, 0x8579, 0x8579, 0x8578, 0x8578, 0x8579, 0x8579, 0x8579, 0x8579,   // 0x4AD0 (19152) pixels
0x8579, 0x8579, 0x8579, 0x8579, 0x8579, 0x8579, 0x8579, 0x8579, 0x8579, 0x8579, 0x8579, 0x8579, 0x8579, 0x8579, 0x8579, 0x8579,   // 0x4AE0 (19168) pixels
0x8579, 0x8579, 0x8579, 0x8579, 0x8579, 0x8579, 0x8579, 0x8579, 0x8579, 0x8579, 0x8579, 0x8579, 0x8579, 0x8579, 0x8579, 0x8579,   // 0x4AF0 (19184) pixels
0x8579, 0x8579, 0x8579, 0x8579, 0x8579, 0x8579, 0x8579, 0x8579, 0x8579, 0x8579, 0x8579, 0x8579, 0x8579, 0x8579, 0x8579, 0x8579,   // 0x4B00 (19200) pixels
0x8579, 0x8579, 0x8579, 0x8579, 0x8579, 0x8579, 0x8579, 0x8579, 0x8579, 0x8579, 0x8579, 0x8579, 0x8579, 0x8579, 0x8579, 0x8579,   // 0x4B10 (19216) pixels
0x8579, 0x8579, 0x8579, 0x8579, 0x8579, 0x8579, 0x8579, 0x8579, 0x8579, 0x8579, 0x8579, 0x8579, 0x8579, 0x8579, 0x8579, 0x8579,   // 0x4B20 (19232) pixels
0x8579, 0x8579, 0x8579, 0x8579, 0x8579, 0x8579, 0x8579, 0x8579, 0x8579, 0x8579, 0x8579, 0x8579, 0x8579, 0x8579, 0x8579, 0x8579,   // 0x4B30 (19248) pixels
0x8579, 0x8579, 0x8579, 0x8579, 0x8579, 0x8579, 0x8579, 0x8579, 0x8579, 0x8579, 0x8579, 0x8579, 0x8579, 0x8579, 0x8579, 0x8579,   // 0x4B40 (19264) pixels
0x8579, 0x8579, 0x8579, 0x8579, 0x8579, 0x8579, 0x8579, 0x8579, 0x8579, 0x8579, 0x8579, 0x8579, 0x8579, 0x8579, 0x8579, 0x8579,   // 0x4B50 (19280) pixels
0x8579, 0x8578, 0x8558, 0x8D79, 0x9D99, 0xA5BA, 0xADBB, 0xB5BB, 0xB55A, 0xB53A, 0xB539, 0xAD19, 0xACF9, 0xB519, 0xB539, 0xA4D8,   // 0x4B60 (19296) pixels
0x9C77, 0x7373, 0x6311, 0x8434, 0x9D79, 0xADDA, 0xAE3B, 0xAE1A, 0xAE1A, 0xAE1A, 0xB5FA, 0xB61A, 0xB61A, 0xB61A, 0xAE1A, 0xAE19,   // 0x4B70 (19312) pixels
0xAE1A, 0xAE1A, 0xAE19, 0xAE19, 0xADF9, 0xAE19, 0xAE19, 0xB619, 0xB619, 0xB639, 0xB639, 0xB63A, 0xBE3A, 0xB63A, 0xBE3A, 0xBE5A,   // 0x4B80 (19328) pixels
0xC67B, 0xC69B, 0xC6BB, 0xCEDB, 0xD6DB, 0xD6FB, 0xD6DB, 0xD6DB, 0xCEBB, 0xCE9A, 0xC659, 0xBDF8, 0xB5D8, 0xAD97, 0xA537, 0x94F5,   // 0x4B90 (19344) pixels
0x8C95, 0x8474, 0x8495, 0x9516, 0x9D58, 0xA579, 0xA599, 0xADDA, 0xADBA, 0xADDA, 0xB5D9, 0xB5FA, 0xBE3A, 0xC65B, 0xCE9B, 0xCEBC,   // 0x4BA0 (19360) pixels
0xD6DC, 0xD6DC, 0xDEFD, 0xDEFD, 0xDEFC, 0xDEFC, 0xDEFC, 0xDEFC, 0xD6DB, 0xD6DB, 0xD6DB, 0xD6BB, 0xD6BB, 0xD6BB, 0xD6BB, 0xD69B,   // 0x4BB0 (19376) pixels
0xCE9B, 0xC639, 0xB5D8, 0xA556, 0x9D16, 0x8CB5, 0x8474, 0x7C54, 0x73F2, 0x7C54, 0x84D5, 0x9537, 0x9D98, 0x9DB8, 0x9DD8, 0x9DD9,   // 0x4BC0 (19392) pixels
0xA5D9, 0xA5D9, 0xA5D9, 0xA5D9, 0xA5D9, 0xA5D9, 0xA5D9, 0xA5D9, 0xA5D9, 0xA5D9, 0xA5D9, 0xA5D9, 0xA5D9, 0xA5D9, 0xA5D9, 0xA5D9,   // 0x4BD0 (19408) pixels
0xA5D9, 0x9DB8, 0xA5D9, 0x9D79, 0x8CB6, 0x73D3, 0x528F, 0x41ED, 0x7353, 0x9C97, 0xA4B8, 0xA4B8, 0xACF9, 0xACD8, 0xACB8, 0xACB8,   // 0x4BE0 (19424) pixels
0xA498, 0xA478, 0x9C57, 0x9436, 0x8BF5, 0x83B4, 0x7B74, 0x7B34, 0x7314, 0x6AD3, 0x6251, 0x622F, 0x624D, 0x6A8C, 0x834D, 0xAC4F,   // 0x4BF0 (19440) pixels
0xC4CF, 0xCCCE, 0xCCAD, 0xC46B, 0xBC2A, 0xAC0A, 0xA40C, 0xA46F, 0xA4B2, 0xA4F4, 0xA535, 0x9D36, 0x8D36, 0x8557, 0x7D79, 0x7D79,   // 0x4C00 (19456) pixels
0x8579, 0x8579, 0x8579, 0x8579, 0x8579, 0x8579, 0x8579, 0x8579, 0x8579, 0x8578, 0x8D58, 0x8578, 0x8579, 0x8579, 0x8579, 0x8579,   // 0x4C10 (19472) pixels
0x8579, 0x8579, 0x8579, 0x8579, 0x8579, 0x8579, 0x8579, 0x8579, 0x8579, 0x8579, 0x8579, 0x8579, 0x8579, 0x8579, 0x8579, 0x8579,   // 0x4C20 (19488) pixels
0x8579, 0x8579, 0x8579, 0x8579, 0x8579, 0x8579, 0x8579, 0x8579, 0x8579, 0x8579, 0x8579, 0x8579, 0x8579, 0x8579, 0x8579, 0x8579,   // 0x4C30 (19504) pixels
0x8579, 0x8579, 0x8579, 0x8579, 0x8579, 0x8579, 0x8579, 0x8579, 0x8579, 0x8579, 0x8579, 0x8579, 0x8579, 0x8579, 0x8579, 0x8579,   // 0x4C40 (19520) pixels
0x8579, 0x8579, 0x8579, 0x8579, 0x8579, 0x8579, 0x8579, 0x8579, 0x8579, 0x8579, 0x8579, 0x8579, 0x8579, 0x8579, 0x8579, 0x8579,   // 0x4C50 (19536) pixels
0x8579, 0x8579, 0x8579, 0x8579, 0x8579, 0x8579, 0x8579, 0x8579, 0x8579, 0x8579, 0x8579, 0x8579, 0x8579, 0x8579, 0x8579, 0x8579,   // 0x4C60 (19552) pixels
0x8579, 0x8579, 0x8579, 0x8579, 0x8579, 0x8579, 0x8579, 0x8579, 0x8579, 0x8579, 0x8579, 0x8579, 0x8579, 0x8579, 0x8579, 0x8579,   // 0x4C70 (19568) pixels
0x8579, 0x8579, 0x8579, 0x8579, 0x8579, 0x8579, 0x8579, 0x8579, 0x8579, 0x8579, 0x8579, 0x8579, 0x8579, 0x8579, 0x8579, 0x8579,   // 0x4C80 (19584) pixels
0x8579, 0x8579, 0x8579, 0x8579, 0x8579, 0x8579, 0x8579, 0x8579, 0x8579, 0x8579, 0x8579, 0x8579, 0x8579, 0x8579, 0x8579, 0x8579,   // 0x4C90 (19600) pixels
0x8579, 0x8578, 0x8D78, 0x9579, 0xA59A, 0xADBB, 0xB59B, 0xB59B, 0xB55A, 0xB519, 0xB539, 0xB519, 0xACF9, 0xB53A, 0xAD19, 0x9C77,   // 0x4CA0 (19616) pixels
0x8C15, 0x7373, 0x6B52, 0x8CB7, 0xB5FB, 0xB63C, 0xAE3B, 0xA5FA, 0xADFA, 0xAE1A, 0xADFA, 0xB5FA, 0xB61A, 0xAE1A, 0xAE1A, 0xAE1A,   // 0x4CB0 (19632) pixels
0xB61A, 0xADF9, 0xADF9, 0xAE19, 0xB619, 0xB619, 0xB639, 0xBE39, 0xBE7A, 0xC67A, 0xC67B, 0xC69B, 0xCE9B, 0xCEBB, 0xCEDC, 0xCEDC,   // 0x4CC0 (19648) pixels
0xCEDC, 0xD6DC, 0xD6FC, 0xD6FC, 0xD6FB, 0xD6FB, 0xD6DB, 0xD6DB, 0xCEBB, 0xCE9A, 0xBE39, 0xB5D8, 0xAD98, 0xA577, 0x9D16, 0x94D5,   // 0x4CD0 (19664) pixels
0x8474, 0x7C94, 0x8CD5, 0x9D58, 0xA599, 0xA599, 0xA599, 0xA5B9, 0xADDA, 0xB5FA, 0xBE3B, 0xC69C, 0xCEBC, 0xCEDC, 0xD6DC, 0xD6DC,   // 0x4CE0 (19680) pixels
0xD6DC, 0xDEDC, 0xDEFD, 0xDEFC, 0xDEFC, 0xDEFC, 0xDEDC, 0xDEFC, 0xDEDB, 0xD6DB, 0xD6DB, 0xD6DB, 0xD6BB, 0xD6DB, 0xD6BB, 0xD6BB,   // 0x4CF0 (19696) pixels
0xCE7A, 0xBE19, 0xAD97, 0x9D36, 0x94D5, 0x8474, 0x7C54, 0x7C53, 0x7413, 0x7C74, 0x8CF6, 0x9557, 0x9D98, 0x9DB8, 0x9DD8, 0xA5D8,   // 0x4D00 (19712) pixels
0xA5D9, 0xA5D9, 0xA5D9, 0xA5D9, 0xA5D9, 0xA5D9, 0xA5D9, 0xA5D9, 0xA5D9, 0xA5D9, 0xA5D9, 0xA5D9, 0xA5D9, 0xA5D9, 0xA5D9, 0xA5B8,   // 0x4D10 (19728) pixels
0xA5D8, 0x9DB8, 0xA5D9, 0x9D58, 0x7C34, 0x5B30, 0x4A6E, 0x4A4E, 0x83F5, 0xA4D9, 0xACF9, 0xA4B8, 0xACD9, 0xACD8, 0xACB8, 0xACB8,   // 0x4D20 (19744) pixels
0xA498, 0xA478, 0x9C36, 0x9415, 0x8BD4, 0x8394, 0x7B54, 0x7314, 0x72F4, 0x6AB2, 0x6250, 0x622E, 0x6A4C, 0x72CC, 0x93AE, 0xB48F,   // 0x4D30 (19760) pixels
0xD52F, 0xD4ED, 0xCCAB, 0xC429, 0xB3E8, 0xAC09, 0xAC2C, 0xA46F, 0xA4D2, 0xA514, 0xA536, 0x9D37, 0x9557, 0x8578, 0x7D99, 0x7D99,   // 0x4D40 (19776) pixels
0x8579, 0x8579, 0x8579, 0x8579, 0x8579, 0x8579, 0x8579, 0x8579, 0x8D79, 0x8D79, 0x8D79, 0x8D79, 0x8579, 0x8579, 0x857A, 0x857A,   // 0x4D50 (19792) pixels
0x8579, 0x8579, 0x8579, 0x8579, 0x8579, 0x8579, 0x8579, 0x8579, 0x8579, 0x8579, 0x8579, 0x8579, 0x8579, 0x8579, 0x8579, 0x8579,   // 0x4D60 (19808) pixels
0x8579, 0x8579, 0x8579, 0x8579, 0x8579, 0x8579, 0x8579, 0x8579, 0x8579, 0x8579, 0x8579, 0x8579, 0x8579, 0x8579, 0x8579, 0x8579,   // 0x4D70 (19824) pixels
0x8579, 0x8579, 0x8579, 0x8579, 0x8579, 0x8579, 0x8579, 0x8579, 0x8579, 0x8579, 0x8579, 0x8579, 0x8579, 0x8579, 0x8579, 0x8579,   // 0x4D80 (19840) pixels
0x8579, 0x8579, 0x8579, 0x8579, 0x8579, 0x8579, 0x8579, 0x8579, 0x8579, 0x8579, 0x8579, 0x8579, 0x8579, 0x8579, 0x8579, 0x8579,   // 0x4D90 (19856) pixels
0x8579, 0x8579, 0x8579, 0x8579, 0x8579, 0x8579, 0x8579, 0x8579, 0x8579, 0x8579, 0x8579, 0x8579, 0x8579, 0x8579, 0x8579, 0x8579,   // 0x4DA0 (19872) pixels
0x8579, 0x8579, 0x8579, 0x8579, 0x8579, 0x8579, 0x8579, 0x8579, 0x8579, 0x8579, 0x8579, 0x8579, 0x8579, 0x8579, 0x8579, 0x8579,   // 0x4DB0 (19888) pixels
0x8579, 0x8579, 0x8579, 0x8579, 0x8579, 0x8579, 0x8579, 0x8579, 0x8579, 0x8579, 0x8579, 0x8579, 0x8579, 0x8579, 0x8579, 0x8579,   // 0x4DC0 (19904) pixels
0x8579, 0x8579, 0x8579, 0x8579, 0x8579, 0x8579, 0x8579, 0x8579, 0x8579, 0x8579, 0x8579, 0x8579, 0x8579, 0x8579, 0x8579, 0x8579,   // 0x4DD0 (19920) pixels
0x8578, 0x8578, 0x8D78, 0x9D99, 0xA5BA, 0xADDB, 0xB59A, 0xB57A, 0xB53A, 0xAD19, 0xB539, 0xB539, 0xAD19, 0xB53A, 0xACF9, 0x8C15,   // 0x4DE0 (19936) pixels
0x7B73, 0x7373, 0x7BD4, 0x9D18, 0xB63C, 0xB65C, 0xAE3B, 0xA61A, 0xAE1A, 0xAE1A, 0xB5FA, 0xB5FA, 0xB5FA, 0xAE1A, 0xAE1A, 0xB61A,   // 0x4DF0 (19952) pixels
0xB619, 0xB619, 0xB619, 0xB639, 0xBE5A, 0xC69A, 0xC69A, 0xC69A, 0xCEBB, 0xCEDB, 0xD6DB, 0xD6DC, 0xD6DC, 0xDEFC, 0xDEFC, 0xDF1D,   // 0x4E00 (19968) pixels
0xD6FC, 0xD6FC, 0xD6DC, 0xD6DB, 0xD6DB, 0xD6DB, 0xD6DB, 0xD6DB, 0xCEBA, 0xC67A, 0xBE19, 0xADB7, 0xA577, 0xA557, 0x9CF6, 0x8CB5,   // 0x4E10 (19984) pixels
0x8494, 0x84B5, 0x8CF6, 0x9D78, 0xA5B9, 0xA5B9, 0xA5B9, 0xADDA, 0xB63B, 0xBE5B, 0xC69C, 0xCEDD, 0xD6FD, 0xD6FD, 0xD6FC, 0xD6DC,   // 0x4E20 (20000) pixels
0xD6DC, 0xDEDC, 0xDEDC, 0xDEDC, 0xDEDB, 0xDEDB, 0xDEDB, 0xDEDB, 0xD6DB, 0xD6DB, 0xD6DB, 0xD6DB, 0xD6DB, 0xD6DB, 0xCEBB, 0xCE9A,   // 0x4E30 (20016) pixels
0xC619, 0xB5D8, 0xAD76, 0x9D15, 0x8CB5, 0x8454, 0x7C33, 0x7C34, 0x7434, 0x84B5, 0x9537, 0x9D78, 0x9D98, 0x9DB8, 0xA5D8, 0xA5F8,   // 0x4E40 (20032) pixels
0xA5D8, 0xA5D9, 0xA5D9, 0xA5D9, 0xA5D9, 0xA5D9, 0xA5D9, 0xA5D9, 0xA5D9, 0xA5D9, 0xA5D9, 0xA5D9, 0xA5D9, 0xA5D9, 0xA5B8, 0x9DB8,   // 0x4E50 (20048) pixels
0xA5F9, 0x9DB8, 0xA5D9, 0x9517, 0x6B91, 0x4A8E, 0x528E, 0x62D0, 0x9436, 0xACF9, 0xACF9, 0xACD8, 0xACD8, 0xACD8, 0xACD8, 0xA4B8,   // 0x4E60 (20064) pixels
0xA498, 0x9C58, 0x9436, 0x8BF5, 0x83B4, 0x7B73, 0x7313, 0x72F3, 0x6AD3, 0x6A92, 0x6230, 0x5A0D, 0x6A6C, 0x830D, 0x9BEE, 0xBCCF,   // 0x4E70 (20080) pixels
0xCCEE, 0xCCCC, 0xCC8A, 0xBC28, 0xB3E7, 0xAC09, 0xAC2B, 0x9C2D, 0x9C71, 0x9CB3, 0x9CF5, 0x9D16, 0x9537, 0x8D78, 0x8598, 0x7D78,   // 0x4E80 (20096) pixels
0x8579, 0x8579, 0x8579, 0x8579, 0x8579, 0x8579, 0x8579, 0x8579, 0x8D79, 0x8D78, 0x8D78, 0x8D79, 0x8579, 0x8579, 0x857A, 0x857A,   // 0x4E90 (20112) pixels
0x8579, 0x8579, 0x8579, 0x8579, 0x8579, 0x8579, 0x8579, 0x8579, 0x8579, 0x8579, 0x8579, 0x8579, 0x8579, 0x8579, 0x8579, 0x8579,   // 0x4EA0 (20128) pixels
0x8579, 0x8579, 0x8579, 0x8579, 0x8579, 0x8579, 0x8579, 0x8579, 0x8579, 0x8579, 0x8579, 0x8579, 0x8579, 0x8579, 0x8579, 0x8579,   // 0x4EB0 (20144) pixels
0x8579, 0x8579, 0x8579, 0x8579, 0x8579, 0x8579, 0x8579, 0x8579, 0x8579, 0x8579, 0x8579, 0x8579, 0x8579, 0x8579, 0x8579, 0x8579,   // 0x4EC0 (20160) pixels
0x8579, 0x8579, 0x8579, 0x8579, 0x8579, 0x8579, 0x8579, 0x8579, 0x8579, 0x8579, 0x8579, 0x8579, 0x8579, 0x8579, 0x8579, 0x8579,   // 0x4ED0 (20176) pixels
0x8579, 0x8579, 0x8579, 0x8579, 0x8579, 0x8579, 0x8579, 0x8579, 0x8579, 0x8579, 0x8579, 0x8579, 0x8579, 0x8579, 0x8579, 0x8579,   // 0x4EE0 (20192) pixels
0x8579, 0x8579, 0x8579, 0x8579, 0x8579, 0x8579, 0x8579, 0x8579, 0x8579, 0x8579, 0x8579, 0x8579, 0x8579, 0x8579, 0x8579, 0x8579,   // 0x4EF0 (20208) pixels
0x8579, 0x8579, 0x8579, 0x8579, 0x8579, 0x8579, 0x8579, 0x8579, 0x8579, 0x8579, 0x8579, 0x8579, 0x8579, 0x8579, 0x8579, 0x8599,   // 0x4F00 (20224) pixels
0x8599, 0x8599, 0x8599, 0x8599, 0x8599, 0x8599, 0x8599, 0x8599, 0x8579, 0x8579, 0x8579, 0x8579, 0x8579, 0x8579, 0x8579, 0x8579,   // 0x4F10 (20240) pixels
0x8D78, 0x8D78, 0x8D78, 0x9D99, 0xADBA, 0xB5BB, 0xB59A, 0xB55A, 0xB53A, 0xAD19, 0xB539, 0xB539, 0xAD19, 0xB53A, 0xA4D8, 0x83D4,   // 0x4F20 (20256) pixels
0x62F0, 0x7B93, 0x8C55, 0xA579, 0xB61B, 0xADFA, 0xADFA, 0xAE3A, 0xAE1A, 0xAE1A, 0xB61A, 0xB5FA, 0xB5FA, 0xB5FA, 0xB61A, 0xB61A,   // 0x4F30 (20272) pixels
0xB619, 0xB619, 0xBE19, 0xC65A, 0xCEBB, 0xD6DB, 0xD6FB, 0xD6DB, 0xD6DB, 0xD6DB, 0xD6DB, 0xD6DB, 0xD6DB, 0xDEDB, 0xDEDB, 0xDEDC,   // 0x4F40 (20288) pixels
0xDEFC, 0xD6DC, 0xCEBB, 0xCEBB, 0xD6BB, 0xD6DB, 0xD6DB, 0xD6BB, 0xCE9A, 0xC65A, 0xB5F9, 0xAD97, 0xA557, 0xA557, 0x94F6, 0x8495,   // 0x4F50 (20304) pixels
0x8CD5, 0x8CF6, 0x9537, 0x9D78, 0xA5B9, 0xA5B9, 0xADFA, 0xBE3A, 0xC67C, 0xC69C, 0xCEBC, 0xD6DD, 0xD6FC, 0xD6DC, 0xD6DC, 0xD6DC,   // 0x4F60 (20320) pixels
0xD6DC, 0xDEDC, 0xDEDC, 0xD6DB, 0xDEDB, 0xD6DB, 0xDEDB, 0xDEDB, 0xDEDB, 0xD6DB, 0xD6DB, 0xD6DB, 0xD6DB, 0xD6DB, 0xCE9A, 0xC659,   // 0x4F70 (20336) pixels
0xB5F8, 0xAD97, 0xA556, 0x94F5, 0x8CB5, 0x8454, 0x7C34, 0x7C34, 0x7C74, 0x8CF6, 0x9558, 0x9D98, 0x9D98, 0x9DB8, 0xA5F8, 0xA5F9,   // 0x4F80 (20352) pixels
0xA5D8, 0xA5D9, 0xA5D9, 0xA5D9, 0xA5D9, 0xA5D9, 0xA5D9, 0xA5D9, 0xA5D9, 0xA5D9, 0xA5D9, 0xA5D9, 0xA5D9, 0xA5D9, 0x9DB8, 0x9DB8,   // 0x4F90 (20368) pixels
0xAE1A, 0xA5D9, 0xA5B9, 0x8CD6, 0x5B30, 0x4A4E, 0x5AAF, 0x7373, 0x9456, 0xACF9, 0xACF9, 0xACD8, 0xACD8, 0xACD8, 0xACD8, 0xA4B8,   // 0x4FA0 (20384) pixels
0xA498, 0x9C58, 0x9416, 0x8BD5, 0x8394, 0x7353, 0x6B12, 0x6AD2, 0x6292, 0x6271, 0x622E, 0x620C, 0x728C, 0x8B4D, 0xA42E, 0xBCCF,   // 0x4FB0 (20400) pixels
0xCD0E, 0xCCCB, 0xC469, 0xB407, 0xABC6, 0xAC08, 0xAC4B, 0x9C2D, 0x9C2F, 0x9C72, 0x9CD4, 0x9D16, 0x9557, 0x8D78, 0x8578, 0x7D78,   // 0x4FC0 (20416) pixels
0x8579, 0x8559, 0x8579, 0x8579, 0x8579, 0x8579, 0x8579, 0x8579, 0x8D79, 0x8D78, 0x8D79, 0x8579, 0x8579, 0x8579, 0x8579, 0x8579,   // 0x4FD0 (20432) pixels
0x8579, 0x8579, 0x8579, 0x8579, 0x8579, 0x8579, 0x8579, 0x8579, 0x8579, 0x8579, 0x8579, 0x8579, 0x8579, 0x8579, 0x8579, 0x8579,   // 0x4FE0 (20448) pixels
0x8579, 0x8579, 0x8579, 0x8579, 0x8579, 0x8579, 0x8579, 0x8579, 0x8579, 0x8579, 0x8579, 0x8579, 0x8579, 0x8579, 0x8579, 0x8579,   // 0x4FF0 (20464) pixels
0x8579, 0x8579, 0x8579, 0x8579, 0x8579, 0x8579, 0x8579, 0x8579, 0x8579, 0x8579, 0x8579, 0x8579, 0x8579, 0x8579, 0x8579, 0x8579,   // 0x5000 (20480) pixels
0x8579, 0x8579, 0x8579, 0x8579, 0x8579, 0x8579, 0x8579, 0x8579, 0x8579, 0x8579, 0x8579, 0x8579, 0x8579, 0x8579, 0x8579, 0x8579,   // 0x5010 (20496) pixels
0x8579, 0x8579, 0x8579, 0x8579, 0x8579, 0x8579, 0x8579, 0x8579, 0x8579, 0x8579, 0x8579, 0x8579, 0x8579, 0x8579, 0x8579, 0x8579,   // 0x5020 (20512) pixels
0x8579, 0x8579, 0x8579, 0x8579, 0x8579, 0x8579, 0x8579, 0x8579, 0x8579, 0x8579, 0x8579, 0x8579, 0x8579, 0x8579, 0x8579, 0x8579,   // 0x5030 (20528) pixels
0x8579, 0x8579, 0x8579, 0x8579, 0x8579, 0x8579, 0x8579, 0x8579, 0x8579, 0x8579, 0x8579, 0x8579, 0x8579, 0x8579, 0x8579, 0x8579,   // 0x5040 (20544) pixels
0x8599, 0x8599, 0x8579, 0x8579, 0x8579, 0x8579, 0x8579, 0x8579, 0x8599, 0x8579, 0x8579, 0x8599, 0x8599, 0x8579, 0x8579, 0x8558,   // 0x5050 (20560) pixels
0x8D58, 0x9579, 0x9D99, 0xA5BA, 0xADDA, 0xB5BA, 0xB57A, 0xB55A, 0xB539, 0xB53A, 0xB53A, 0xB53A, 0xAD19, 0xA4F8, 0x9497, 0x7392,   // 0x5060 (20576) pixels
0x5ACF, 0x83F3, 0xA538, 0xB5BA, 0xB5FA, 0xB61A, 0xAE1A, 0xADFA, 0xB61A, 0xADFA, 0xADDA, 0xB5FA, 0xB5FA, 0xB5FA, 0xB61A, 0xB5F9,   // 0x5070 (20592) pixels
0xBE39, 0xC65A, 0xCE9B, 0xCEDB, 0xD6FC, 0xD6FC, 0xD6FB, 0xD6FB, 0xD6FB, 0xD6FB, 0xDEFB, 0xDEFC, 0xDEFC, 0xDEFC, 0xDEFC, 0xDEFC,   // 0x5080 (20608) pixels
0xDEDC, 0xD6DB, 0xD6DB, 0xD6DB, 0xD6BB, 0xD6DB, 0xD6BB, 0xCE9B, 0xCE7A, 0xC63A, 0xB5B8, 0xA557, 0x9D36, 0x9D16, 0x94D6, 0x8495,   // 0x5090 (20624) pixels
0x84D6, 0x8D17, 0x9557, 0x9D98, 0xA5B9, 0xADD9, 0xBE3A, 0xCE9B, 0xD6DC, 0xD6DC, 0xD6DC, 0xD6DC, 0xDEFC, 0xD6DC, 0xD6DC, 0xD6FC,   // 0x50A0 (20640) pixels
0xD6DC, 0xD6FB, 0xD6FB, 0xD6DB, 0xD6DB, 0xD6BB, 0xD6BB, 0xD6BB, 0xD69B, 0xD6BB, 0xD6BB, 0xD6BB, 0xD6BB, 0xCE9A, 0xC659, 0xBE18,   // 0x50B0 (20656) pixels
0xADD8, 0x9D57, 0x94F5, 0x8CB5, 0x7C74, 0x7413, 0x7413, 0x7434, 0x8495, 0x8D17, 0x9D78, 0x9D99, 0x9DB8, 0x9DB8, 0x9DD8, 0xA5F8,   // 0x50C0 (20672) pixels
0xA5D9, 0xA5D9, 0xA5D9, 0xA5D9, 0xA5D9, 0xA5D9, 0xA5D9, 0xA5D9, 0xA5D9, 0xA5D9, 0xA5D9, 0xA5D9, 0xA5D9, 0xA5D9, 0xA5D9, 0xA5F9,   // 0x50D0 (20688) pixels
0xA5FA, 0xA5B9, 0x9D38, 0x8CB6, 0x52D0, 0x39CC, 0x6B32, 0x9436, 0xA4B8, 0xACD8, 0xACF9, 0xACF9, 0xACD8, 0xACD8, 0xA4D8, 0xA4B8,   // 0x50E0 (20704) pixels
0xA478, 0x9C58, 0x9417, 0x8BD5, 0x7B94, 0x7354, 0x6B13, 0x62F2, 0x62B1, 0x626F, 0x5A2D, 0x624B, 0x7ACB, 0xA3ED, 0xBCAF, 0xC4EE,   // 0x50F0 (20720) pixels
0xCCED, 0xC4AB, 0xBC29, 0xABC7, 0xABA7, 0xB409, 0xB44B, 0xA40C, 0xA44F, 0xA491, 0xA4D4, 0x9D16, 0x9537, 0x8D58, 0x8578, 0x8579,   // 0x5100 (20736) pixels
0x8579, 0x8579, 0x8579, 0x8579, 0x8579, 0x8579, 0x8579, 0x8579, 0x8599, 0x8599, 0x8579, 0x8579, 0x8599, 0x8599, 0x8579, 0x8579,   // 0x5110 (20752) pixels
0x8579, 0x8579, 0x8579, 0x8579, 0x8579, 0x8579, 0x8579, 0x8579, 0x8579, 0x8579, 0x8579, 0x8579, 0x8579, 0x8579, 0x8579, 0x8579,   // 0x5120 (20768) pixels
0x8579, 0x8579, 0x8579, 0x8579, 0x8579, 0x8579, 0x8579, 0x8579, 0x8579, 0x8579, 0x8579, 0x8579, 0x8579, 0x8579, 0x8579, 0x8579,   // 0x5130 (20784) pixels
0x8579, 0x8579, 0x8579, 0x8579, 0x8579, 0x8579, 0x8579, 0x8579, 0x8579, 0x8579, 0x8579, 0x8579, 0x8579, 0x8579, 0x8579, 0x8579,   // 0x5140 (20800) pixels
0x8599, 0x8599, 0x8599, 0x8599, 0x8599, 0x8599, 0x8599, 0x8599, 0x8599, 0x8599, 0x8599, 0x8599, 0x8599, 0x8599, 0x8599, 0x8599,   // 0x5150 (20816) pixels
0x8599, 0x8599, 0x8599, 0x8599, 0x8599, 0x8599, 0x8599, 0x8599, 0x8599, 0x8599, 0x8599, 0x8599, 0x8599, 0x8599, 0x8599, 0x8599,   // 0x5160 (20832) pixels
0x8599, 0x8599, 0x8599, 0x8599, 0x8599, 0x8599, 0x8599, 0x8599, 0x8599, 0x8599, 0x8599, 0x8599, 0x8599, 0x8599, 0x8599, 0x8599,   // 0x5170 (20848) pixels
0x8599, 0x8599, 0x8599, 0x8599, 0x8599, 0x8599, 0x8599, 0x8599, 0x8599, 0x8599, 0x8599, 0x8599, 0x8599, 0x8599, 0x8599, 0x8599,   // 0x5180 (20864) pixels
0x8599, 0x8599, 0x8599, 0x8599, 0x8579, 0x8579, 0x8579, 0x8599, 0x8599, 0x8579, 0x8579, 0x8599, 0x8599, 0x8579, 0x8578, 0x8D58,   // 0x5190 (20880) pixels
0x8D59, 0x9559, 0x9D9A, 0xADBA, 0xB5BA, 0xB5BA, 0xB57A, 0xB539, 0xB519, 0xB53A, 0xB53A, 0xAD1A, 0xACF9, 0x9CB7, 0x8C15, 0x6B71,   // 0x51A0 (20896) pixels
0x6330, 0x8C75, 0xADB9, 0xBE1A, 0xB5FA, 0xB61A, 0xAE1A, 0xAE1A, 0xAE1A, 0xADFA, 0xADFA, 0xADDA, 0xB5FA, 0xB5FA, 0xBE1A, 0xC65A,   // 0x51B0 (20912) pixels
0xCE9B, 0xCEBB, 0xCEBB, 0xD6DC, 0xD6FC, 0xD6FB, 0xD6FB, 0xD6FB, 0xD6FB, 0xD6FB, 0xDEFB, 0xDEFB, 0xDEDC, 0xDEDC, 0xDEDC, 0xDEDB,   // 0x51C0 (20928) pixels
0xDEFC, 0xDEFC, 0xD6DB, 0xD6DB, 0xDEDB, 0xDEDC, 0xD6BB, 0xCE9B, 0xC63A, 0xBDF9, 0xAD98, 0xA537, 0x9D16, 0x94F6, 0x8CB6, 0x8475,   // 0x51D0 (20944) pixels
0x84D6, 0x8D37, 0x9558, 0xA598, 0xB5F9, 0xBE3A, 0xCE7B, 0xD6DC, 0xDEDC, 0xD6BB, 0xD6BB, 0xD6DC, 0xDEDC, 0xD6DC, 0xD6BC, 0xD6DB,   // 0x51E0 (20960) pixels
0xD6DB, 0xD6DB, 0xD6FB, 0xD6DB, 0xD6DB, 0xD6BB, 0xD6BB, 0xD6BB, 0xD6BB, 0xD6BB, 0xD6BB, 0xD69B, 0xCE9A, 0xC67A, 0xBE18, 0xADB7,   // 0x51F0 (20976) pixels
0x9D56, 0x9516, 0x84B5, 0x8494, 0x7C54, 0x7413, 0x6C13, 0x7434, 0x84D6, 0x8D17, 0x9D79, 0x9D99, 0x9DB9, 0x9DB8, 0x9DD8, 0xA5F8,   // 0x5200 (20992) pixels
0xA5D9, 0xA5D8, 0xA5D9, 0xA5D9, 0xA5D9, 0xA5D9, 0xA5D9, 0xA5D9, 0xA5D9, 0xA5D9, 0xA5D9, 0xA5D9, 0xA5D9, 0xA5D9, 0xA5D9, 0xA5F9,   // 0x5210 (21008) pixels
0xADFA, 0xA5DA, 0x8CF7, 0x7C14, 0x528F, 0x41ED, 0x7353, 0x9C77, 0xA4B8, 0xACD8, 0xACD8, 0xACD8, 0xACD8, 0xACD8, 0xA4B8, 0xA498,   // 0x5220 (21024) pixels
0xA477, 0x9C37, 0x8BF6, 0x83B5, 0x7B75, 0x7334, 0x6B13, 0x62D2, 0x62B0, 0x5A6E, 0x624C, 0x6A8B, 0x8B2C, 0xAC2E, 0xC4EF, 0xCCEE,   // 0x5230 (21040) pixels
0xCCCC, 0xC48B, 0xBC29, 0xABC8, 0xABA8, 0xB409, 0xB44B, 0xAC0C, 0xAC4E, 0xA490, 0xA4D3, 0x9D15, 0x9557, 0x8D78, 0x8D79, 0x8579,   // 0x5240 (21056) pixels
0x8579, 0x8579, 0x8579, 0x8579, 0x8579, 0x8579, 0x8579, 0x8579, 0x8599, 0x8599, 0x8599, 0x8599, 0x8599, 0x8599, 0x8579, 0x8579,   // 0x5250 (21072) pixels
0x8599, 0x8599, 0x8599, 0x8599, 0x8599, 0x8599, 0x8599, 0x8599, 0x8599, 0x8599, 0x8599, 0x8599, 0x8599, 0x8599, 0x8599, 0x8599,   // 0x5260 (21088) pixels
0x8599, 0x8599, 0x8599, 0x8599, 0x8599, 0x8599, 0x8599, 0x8599, 0x8599, 0x8599, 0x8599, 0x8599, 0x8599, 0x8599, 0x8599, 0x8599,   // 0x5270 (21104) pixels
0x8599, 0x8599, 0x8599, 0x8599, 0x8599, 0x8599, 0x8599, 0x8599, 0x8599, 0x8599, 0x8599, 0x8599, 0x8599, 0x8599, 0x8599, 0x8599,   // 0x5280 (21120) pixels
0x8599, 0x8599, 0x8599, 0x8599, 0x8599, 0x8599, 0x8599, 0x8599, 0x8599, 0x8599, 0x8599, 0x8599, 0x8599, 0x8599, 0x8599, 0x8599,   // 0x5290 (21136) pixels
0x8599, 0x8599, 0x8599, 0x8599, 0x8599, 0x8599, 0x8599, 0x8599, 0x8599, 0x8599, 0x8599, 0x8599, 0x8599, 0x8599, 0x8599, 0x8599,   // 0x52A0 (21152) pixels
0x8599, 0x8599, 0x8599, 0x8599, 0x8599, 0x8599, 0x8599, 0x8599, 0x8599, 0x8599, 0x8599, 0x8599, 0x8599, 0x8599, 0x8599, 0x8599,   // 0x52B0 (21168) pixels
0x8599, 0x8599, 0x8599, 0x8599, 0x8599, 0x8599, 0x8599, 0x8599, 0x8599, 0x8599, 0x8599, 0x8599, 0x8599, 0x8599, 0x8599, 0x8599,   // 0x52C0 (21184) pixels
0x8599, 0x8599, 0x8599, 0x8599, 0x8579, 0x8579, 0x8579, 0x8599, 0x8599, 0x8579, 0x8579, 0x8599, 0x8599, 0x8579, 0x8579, 0x8D79,   // 0x52D0 (21200) pixels
0x9559, 0x9D79, 0xA59A, 0xADBA, 0xB5BA, 0xB59A, 0xB559, 0xB539, 0xAD19, 0xB53A, 0xB53A, 0xAD19, 0xACF9, 0x9456, 0x7B93, 0x6B52,   // 0x52E0 (21216) pixels
0x73B2, 0x9CF7, 0xBE1B, 0xBE5B, 0xB61A, 0xADFA, 0xAE1A, 0xAE1A, 0xAE1A, 0xADFA, 0xADFA, 0xB5FA, 0xB5FA, 0xBE1A, 0xC65B, 0xCE9B,   // 0x52F0 (21232) pixels
0xD6DC, 0xD6DC, 0xD6DB, 0xD6DB, 0xD6FB, 0xD6FB, 0xD6FB, 0xD6FB, 0xD6FB, 0xD6FB, 0xDEFB, 0xDEFB, 0xDEDB, 0xDEDB, 0xDEDB, 0xDEDB,   // 0x5300 (21248) pixels
0xDEDC, 0xD6DC, 0xD6DB, 0xD6BB, 0xD6DC, 0xD6DB, 0xCE9B, 0xC65A, 0xBDF9, 0xAD98, 0xA537, 0x9D16, 0x94F6, 0x8CD6, 0x8495, 0x8495,   // 0x5310 (21264) pixels
0x84D6, 0x8D57, 0x9D78, 0xA5B9, 0xB63A, 0xCE9B, 0xD6DC, 0xDEFD, 0xDEDC, 0xD6BB, 0xDEDB, 0xDEDC, 0xDEFC, 0xD6DB, 0xD6DB, 0xD6DB,   // 0x5320 (21280) pixels
0xD6DB, 0xD6DB, 0xD6DB, 0xD6DB, 0xD6DB, 0xD6BB, 0xD6BB, 0xD6BB, 0xD6DB, 0xD6BB, 0xD69B, 0xCE7A, 0xC659, 0xBDF8, 0xAD96, 0x9D36,   // 0x5330 (21296) pixels
0x8CF5, 0x84B4, 0x7C74, 0x7C53, 0x7413, 0x6BF3, 0x7413, 0x7C75, 0x8D17, 0x9558, 0x9D79, 0x9D99, 0x9DB9, 0x9DD9, 0x9DD8, 0xA5D8,   // 0x5340 (21312) pixels
0xA5D8, 0xA5D8, 0xA5D8, 0xA5D8, 0xA5D9, 0xA5D9, 0xA5D9, 0xA5D9, 0xA5D9, 0xA5D9, 0xA5D9, 0xA5D9, 0xA5D9, 0xA5D9, 0xA5D9, 0xA5D9,   // 0x5350 (21328) pixels
0xADFA, 0xA5BA, 0x7C75, 0x6372, 0x4A6F, 0x4A4E, 0x7BB4, 0xA4B9, 0xACD8, 0xACD8, 0xACD8, 0xACD8, 0xACD8, 0xACD8, 0xA4B8, 0xA497,   // 0x5360 (21344) pixels
0x9C57, 0x9417, 0x8BD5, 0x7B95, 0x7354, 0x6B13, 0x62D3, 0x62B2, 0x5A70, 0x5A4D, 0x626C, 0x7AEC, 0x9BAD, 0xBCAF, 0xCD0F, 0xCCEE,   // 0x5370 (21360) pixels
0xC4AC, 0xBC6A, 0xB429, 0xABC8, 0xABC8, 0xB40A, 0xB44C, 0xAC2C, 0xA44E, 0xA491, 0xA4D3, 0x9D16, 0x9557, 0x8D78, 0x8D79, 0x8579,   // 0x5380 (21376) pixels
0x8579, 0x8579, 0x8579, 0x8579, 0x8579, 0x8579, 0x8579, 0x8579, 0x8599, 0x8599, 0x8599, 0x8599, 0x8599, 0x8599, 0x8599, 0x8599,   // 0x5390 (21392) pixels
0x8599, 0x8599, 0x8599, 0x8599, 0x8599, 0x8599, 0x8599, 0x8599, 0x8599, 0x8599, 0x8599, 0x8599, 0x8599, 0x8599, 0x8599, 0x8599,   // 0x53A0 (21408) pixels
0x8599, 0x8599, 0x8599, 0x8599, 0x8599, 0x8599, 0x8599, 0x8599, 0x8599, 0x8599, 0x8599, 0x8599, 0x8599, 0x8599, 0x8599, 0x8599,   // 0x53B0 (21424) pixels
0x8599, 0x8599, 0x8599, 0x8599, 0x8599, 0x8599, 0x8599, 0x8599, 0x8599, 0x8599, 0x8599, 0x8599, 0x8599, 0x8599, 0x8599, 0x8599,   // 0x53C0 (21440) pixels
0x8599, 0x8599, 0x8599, 0x8599, 0x8599, 0x8599, 0x8599, 0x8599, 0x8599, 0x8599, 0x8599, 0x8599, 0x8599, 0x8599, 0x8599, 0x8599,   // 0x53D0 (21456) pixels
0x8599, 0x8599, 0x8599, 0x8599, 0x8599, 0x8599, 0x8599, 0x8599, 0x8599, 0x8599, 0x8599, 0x8599, 0x8599, 0x8599, 0x8599, 0x8599,   // 0x53E0 (21472) pixels
0x8599, 0x8599, 0x8599, 0x8599, 0x8599, 0x8599, 0x8599, 0x8599, 0x8599, 0x8599, 0x8599, 0x8599, 0x8599, 0x8599, 0x8599, 0x8599,   // 0x53F0 (21488) pixels
0x8599, 0x8599, 0x8599, 0x8599, 0x8599, 0x8599, 0x8599, 0x8599, 0x8599, 0x8599, 0x8599, 0x8599, 0x8599, 0x8599, 0x8599, 0x8599,   // 0x5400 (21504) pixels
0x8599, 0x8599, 0x8599, 0x8599, 0x8579, 0x8579, 0x8579, 0x8599, 0x8599, 0x8599, 0x8599, 0x8599, 0x8579, 0x8579, 0x8579, 0x8D79,   // 0x5410 (21520) pixels
0x9579, 0x9D79, 0xA59A, 0xADBA, 0xB5BA, 0xB57A, 0xB559, 0xB539, 0xB519, 0xB51A, 0xB51A, 0xB53A, 0xAD19, 0x83F5, 0x6311, 0x7392,   // 0x5420 (21536) pixels
0x8434, 0xA558, 0xC63C, 0xBE5B, 0xB5FA, 0xADFA, 0xAE1A, 0xAE1A, 0xAE1A, 0xADFA, 0xADFA, 0xB61A, 0xBE1A, 0xC65B, 0xCE9C, 0xD6DC,   // 0x5430 (21552) pixels
0xD6FC, 0xD6FC, 0xD6DC, 0xD6DB, 0xD6DB, 0xD6FB, 0xD6FB, 0xD6FB, 0xD6FB, 0xD6FB, 0xDEFB, 0xDEDB, 0xDEDB, 0xDEDB, 0xDEDB, 0xDEBB,   // 0x5440 (21568) pixels
0xD6BB, 0xD6BB, 0xD6BB, 0xD6BB, 0xD6BB, 0xD69B, 0xC63A, 0xBDF9, 0xAD98, 0xA557, 0x9D16, 0x94F6, 0x8CD6, 0x8495, 0x8495, 0x84B5,   // 0x5450 (21584) pixels
0x8D16, 0x9578, 0x9DB8, 0xA5D9, 0xBE5B, 0xCEDC, 0xD6FD, 0xDEFC, 0xDEDC, 0xDEDB, 0xDEDB, 0xDEDB, 0xDEDC, 0xD6DB, 0xD6DB, 0xD6DB,   // 0x5460 (21600) pixels
0xD6DB, 0xD6DB, 0xD6DB, 0xD6DB, 0xD6DB, 0xD6DB, 0xD6BB, 0xD69B, 0xD6BB, 0xCE9B, 0xC65A, 0xBE19, 0xB5D8, 0xAD97, 0x9D15, 0x8CD4,   // 0x5470 (21616) pixels
0x84B4, 0x7C74, 0x7C53, 0x7433, 0x7413, 0x7413, 0x7C75, 0x8CD6, 0x9538, 0x9D78, 0x9D99, 0x9DB9, 0x9DB9, 0xA5D9, 0xA5F9, 0x9DD8,   // 0x5480 (21632) pixels
0x9DD8, 0xA5D8, 0xA5D8, 0xA5D8, 0xA5D9, 0xA5D9, 0xA5D9, 0xA5D9, 0xA5D9, 0xA5D9, 0xA5D9, 0xA5D9, 0xA5D9, 0xA5D9, 0xA5D9, 0xA5D9,   // 0x5490 (21648) pixels
0xA5B9, 0x9D79, 0x6BD3, 0x52CF, 0x4A8F, 0x5AD1, 0x8C15, 0xAD19, 0xACD9, 0xACD8, 0xACD8, 0xACD8, 0xACD8, 0xACD8, 0xA4B8, 0x9C77,   // 0x54A0 (21664) pixels
0x9436, 0x93F6, 0x83B5, 0x7B54, 0x7334, 0x6B13, 0x62D2, 0x5AB1, 0x5A6F, 0x5A4D, 0x6A8C, 0x834D, 0xA40E, 0xC4EF, 0xCD0F, 0xCCED,   // 0x54B0 (21680) pixels
0xC48B, 0xBC29, 0xB3E8, 0xABC8, 0xABE9, 0xB42A, 0xB44C, 0xAC4D, 0xA44E, 0xA491, 0x9CD4, 0x9D36, 0x9558, 0x8D78, 0x8579, 0x8579,   // 0x54C0 (21696) pixels
0x8579, 0x8579, 0x8579, 0x8579, 0x8579, 0x8579, 0x8579, 0x8579, 0x8599, 0x8599, 0x8599, 0x8599, 0x8599, 0x8599, 0x8599, 0x8599,   // 0x54D0 (21712) pixels
0x8599, 0x8599, 0x8599, 0x8599, 0x8599, 0x8599, 0x8599, 0x8599, 0x8599, 0x8599, 0x8599, 0x8599, 0x8599, 0x8599, 0x8599, 0x8599,   // 0x54E0 (21728) pixels
0x8599, 0x8599, 0x8599, 0x8599, 0x8599, 0x8599, 0x8599, 0x8599, 0x8599, 0x8599, 0x8599, 0x8599, 0x8599, 0x8599, 0x8599, 0x8599,   // 0x54F0 (21744) pixels
0x8599, 0x8599, 0x8599, 0x8599, 0x8599, 0x8599, 0x8599, 0x8599, 0x8599, 0x8599, 0x8599, 0x8599, 0x8599, 0x8599, 0x8599, 0x8599,   // 0x5500 (21760) pixels
0x8599, 0x8599, 0x8599, 0x8599, 0x8599, 0x8599, 0x8599, 0x8599, 0x8599, 0x8599, 0x8599, 0x8599, 0x8599, 0x8599, 0x8599, 0x8599,   // 0x5510 (21776) pixels
0x8599, 0x8599, 0x8599, 0x8599, 0x8599, 0x8599, 0x8599, 0x8599, 0x8599, 0x8599, 0x8599, 0x8599, 0x8599, 0x8599, 0x8599, 0x8599,   // 0x5520 (21792) pixels
0x8599, 0x8599, 0x8599, 0x8599, 0x8599, 0x8599, 0x8599, 0x8599, 0x8599, 0x8599, 0x8599, 0x8599, 0x8599, 0x8599, 0x8599, 0x8599,   // 0x5530 (21808) pixels
0x8599, 0x8599, 0x8599, 0x8599, 0x8599, 0x8599, 0x8599, 0x8599, 0x8599, 0x8599, 0x8599, 0x8599, 0x8599, 0x8599, 0x8599, 0x8599,   // 0x5540 (21824) pixels
0x8599, 0x8599, 0x8599, 0x8599, 0x8579, 0x8579, 0x8579, 0x8579, 0x859A, 0x8599, 0x8599, 0x8599, 0x8579, 0x8579, 0x8D79, 0x9579,   // 0x5550 (21840) pixels
0x9D79, 0xA599, 0xA59A, 0xADBA, 0xB59A, 0xB579, 0xB539, 0xAD19, 0xB519, 0xACF9, 0xAD1A, 0xB53A, 0xA4F9, 0x7B93, 0x5AD0, 0x7BD3,   // 0x5560 (21856) pixels
0x94D7, 0xADB9, 0xBE3B, 0xBE3B, 0xADFA, 0xADFA, 0xAE1A, 0xAE1A, 0xAE1A, 0xADFA, 0xB5FA, 0xBE3B, 0xC67B, 0xCEBC, 0xD6DC, 0xDEFD,   // 0x5570 (21872) pixels
0xDEFC, 0xDEFC, 0xDEFC, 0xDEFC, 0xDEFC, 0xD6FC, 0xDEFB, 0xDEFB, 0xD6FB, 0xDEFB, 0xDEDB, 0xDEDB, 0xDEDB, 0xDEDB, 0xDEDB, 0xDEDB,   // 0x5580 (21888) pixels
0xD6BB, 0xD6BB, 0xD6BB, 0xD6BB, 0xCE9B, 0xC65A, 0xBDF9, 0xAD97, 0xA557, 0x9516, 0x94F6, 0x8CD6, 0x84B5, 0x7C75, 0x8495, 0x8CF6,   // 0x5590 (21904) pixels
0x9537, 0x9D99, 0xA5D9, 0xADF9, 0xBE7B, 0xD6FD, 0xDEFD, 0xDEFC, 0xDEDC, 0xDEDB, 0xDEBB, 0xD6BB, 0xD6DB, 0xDEDB, 0xDEDB, 0xD6DB,   // 0x55A0 (21920) pixels
0xD6DB, 0xD6DB, 0xD6DB, 0xD6DB, 0xDEDB, 0xD6BB, 0xD69B, 0xCE7B, 0xCE7B, 0xC63A, 0xB5F9, 0xADB8, 0xA577, 0x9D36, 0x8CD4, 0x8494,   // 0x55B0 (21936) pixels
0x7C74, 0x7C53, 0x7413, 0x7413, 0x7413, 0x7434, 0x84B6, 0x9518, 0x9D78, 0x9D79, 0x9D99, 0x9DB9, 0x9DD9, 0xA5D9, 0xA5D8, 0x9DD8,   // 0x55C0 (21952) pixels
0xA5D8, 0xA5D8, 0xA5D8, 0xA5D8, 0xA5D8, 0xA5D8, 0xA5D9, 0xA5D9, 0xA5D9, 0xA5D9, 0xA5D9, 0xA5D9, 0xA5D9, 0xA5D9, 0xA5D9, 0xA5B9,   // 0x55D0 (21968) pixels
0xA5B9, 0x9517, 0x6351, 0x424D, 0x52AF, 0x7373, 0x9456, 0xB53A, 0xACF9, 0xACD8, 0xACD8, 0xACD8, 0xACD8, 0xACD8, 0xA497, 0x9C56,   // 0x55E0 (21984) pixels
0x9416, 0x8BD5, 0x8394, 0x7354, 0x6B14, 0x6AF3, 0x62B2, 0x6291, 0x5A4F, 0x5A4D, 0x6A8C, 0x8B6D, 0xAC4E, 0xC4EF, 0xCD0E, 0xCCCC,   // 0x55F0 (22000) pixels
0xC46A, 0xB3E8, 0xABA7, 0xABC8, 0xB409, 0xB44B, 0xB44C, 0xAC2D, 0xA44F, 0x9C91, 0x9CD4, 0x9D36, 0x9557, 0x8D78, 0x8579, 0x8579,   // 0x5600 (22016) pixels
0x8579, 0x8579, 0x8579, 0x8579, 0x8579, 0x8579, 0x8579, 0x8579, 0x8599, 0x8599, 0x8599, 0x8599, 0x8599, 0x8599, 0x8599, 0x8599,   // 0x5610 (22032) pixels
0x8599, 0x8599, 0x8599, 0x8599, 0x8599, 0x8599, 0x8599, 0x8599, 0x8599, 0x8599, 0x8599, 0x8599, 0x8599, 0x8599, 0x8599, 0x8599,   // 0x5620 (22048) pixels
0x8599, 0x8599, 0x8599, 0x8599, 0x8599, 0x8599, 0x8599, 0x8599, 0x8599, 0x8599, 0x8599, 0x8599, 0x8599, 0x8599, 0x8599, 0x8599,   // 0x5630 (22064) pixels
0x8599, 0x8599, 0x8599, 0x8599, 0x8599, 0x8599, 0x8599, 0x8599, 0x8599, 0x8599, 0x8599, 0x8599, 0x8599, 0x8599, 0x8599, 0x8599,   // 0x5640 (22080) pixels
0x8599, 0x8599, 0x8599, 0x8599, 0x8599, 0x8599, 0x8599, 0x8599, 0x8599, 0x8599, 0x8599, 0x8599, 0x8599, 0x8599, 0x8599, 0x8599,   // 0x5650 (22096) pixels
0x8599, 0x8599, 0x8599, 0x8599, 0x8599, 0x8599, 0x8599, 0x8599, 0x8599, 0x8599, 0x8599, 0x8599, 0x8599, 0x8599, 0x8599, 0x8599,   // 0x5660 (22112) pixels
0x8599, 0x8599, 0x8599, 0x8599, 0x8599, 0x8599, 0x8599, 0x8599, 0x8599, 0x8599, 0x8599, 0x8599, 0x8599, 0x8599, 0x8599, 0x8599,   // 0x5670 (22128) pixels
0x8599, 0x8599, 0x8599, 0x8599, 0x8599, 0x8599, 0x8599, 0x8599, 0x8599, 0x8599, 0x8599, 0x8599, 0x8599, 0x8599, 0x8599, 0x8599,   // 0x5680 (22144) pixels
0x8599, 0x8599, 0x8599, 0x8599, 0x8579, 0x8579, 0x8579, 0x8579, 0x8599, 0x8599, 0x8599, 0x8599, 0x8D79, 0x8D59, 0x8D79, 0x9579,   // 0x5690 (22160) pixels
0xA59A, 0xA59A, 0xAD9A, 0xAD9A, 0xB579, 0xB559, 0xB539, 0xB519, 0xB51A, 0xACF9, 0xAD1A, 0xA4D9, 0x9477, 0x7372, 0x5AD0, 0x8435,   // 0x56A0 (22176) pixels
0xAD9A, 0xB5FB, 0xB61B, 0xB61A, 0xAE1A, 0xAE1A, 0xAE1A, 0xADFA, 0xB61A, 0xADFA, 0xB61A, 0xBE5B, 0xCEBD, 0xD6FD, 0xDEFD, 0xDEFC,   // 0x56B0 (22192) pixels
0xDEFC, 0xDEFC, 0xDEFC, 0xDEFC, 0xD6FB, 0xD6FB, 0xD6FB, 0xD6FB, 0xDEFB, 0xDEFB, 0xDEDB, 0xDEDB, 0xDEDB, 0xDEDB, 0xDEBB, 0xD6BB,   // 0x56C0 (22208) pixels
0xDEDC, 0xD6BC, 0xD6BB, 0xCE7B, 0xC65A, 0xBDF9, 0xAD97, 0x9D36, 0x9516, 0x8CD5, 0x8CB5, 0x84B5, 0x7C75, 0x7C74, 0x84D6, 0x8D37,   // 0x56D0 (22224) pixels
0x9578, 0xA5B9, 0xA5D9, 0xADF9, 0xC67B, 0xD6FD, 0xD6FD, 0xD6DC, 0xDEFC, 0xDEFC, 0xDEDB, 0xDEBB, 0xD6DB, 0xDEDB, 0xDEDB, 0xDEDB,   // 0x56E0 (22240) pixels
0xD6DB, 0xD6DB, 0xD6DB, 0xD6DB, 0xD6BB, 0xD69B, 0xCE7A, 0xC65A, 0xBE19, 0xB5D8, 0xA577, 0x9D36, 0x9516, 0x8CD5, 0x8494, 0x7C73,   // 0x56F0 (22256) pixels
0x7433, 0x7413, 0x6BF2, 0x6BF3, 0x7434, 0x7C75, 0x8CF7, 0x9558, 0x9D79, 0x9D99, 0x9DB9, 0x9DB9, 0x9DD9, 0xA5D9, 0xA5D9, 0x9DD8,   // 0x5700 (22272) pixels
0xA5D9, 0xA5D9, 0xA5D8, 0xA5D8, 0xA5D9, 0xA5D9, 0xA5D9, 0xA5D9, 0xA5D9, 0xA5D9, 0xA5D9, 0xA5D9, 0xA5D9, 0xA5F9, 0xA5D9, 0xA5B9,   // 0x5710 (22288) pixels
0x9D79, 0x8496, 0x52F0, 0x3A0D, 0x5AD0, 0x83F5, 0x9C98, 0xB53A, 0xACF9, 0xACD8, 0xACD8, 0xACD8, 0xACD8, 0xACD8, 0xA497, 0x9436,   // 0x5720 (22304) pixels
0x93F6, 0x8BB5, 0x7B74, 0x7334, 0x6B13, 0x6AF3, 0x62B2, 0x6270, 0x5A4E, 0x5A4C, 0x72CC, 0x9BCE, 0xBC8F, 0xCD0F, 0xCD0D, 0xCCCB,   // 0x5730 (22320) pixels
0xC44A, 0xB3C8, 0xABA7, 0xB3E9, 0xB40A, 0xB44B, 0xB44C, 0xA42D, 0xA470, 0x9C92, 0x9CF4, 0x9D36, 0x9558, 0x8D78, 0x8579, 0x8599,   // 0x5740 (22336) pixels
0x8579, 0x8579, 0x8579, 0x8579, 0x8579, 0x8579, 0x8579, 0x8579, 0x8599, 0x8599, 0x8599, 0x8599, 0x8599, 0x8599, 0x8599, 0x8599,   // 0x5750 (22352) pixels
0x8599, 0x8599, 0x8599, 0x8599, 0x8599, 0x8599, 0x8599, 0x8599, 0x8599, 0x8599, 0x8599, 0x8599, 0x8599, 0x8599, 0x8599, 0x8599,   // 0x5760 (22368) pixels
0x8599, 0x8599, 0x8599, 0x8599, 0x8599, 0x8599, 0x8599, 0x8599, 0x8599, 0x8599, 0x8599, 0x8599, 0x8599, 0x8599, 0x8599, 0x8599,   // 0x5770 (22384) pixels
0x8599, 0x8599, 0x8599, 0x8599, 0x8599, 0x8599, 0x8599, 0x8599, 0x8599, 0x8599, 0x8599, 0x8599, 0x8599, 0x8599, 0x8599, 0x8599,   // 0x5780 (22400) pixels
0x8599, 0x8599, 0x8599, 0x8599, 0x8599, 0x8599, 0x8599, 0x8599, 0x8599, 0x8599, 0x8599, 0x8599, 0x8599, 0x8599, 0x8599, 0x8599,   // 0x5790 (22416) pixels
0x8599, 0x8599, 0x8599, 0x8599, 0x8599, 0x8599, 0x8599, 0x8599, 0x8599, 0x8599, 0x8599, 0x8599, 0x8599, 0x8599, 0x8599, 0x8599,   // 0x57A0 (22432) pixels
0x8599, 0x8599, 0x8599, 0x8599, 0x8599, 0x8599, 0x8599, 0x8599, 0x8599, 0x8599, 0x8599, 0x8599, 0x8599, 0x8599, 0x8599, 0x8599,   // 0x57B0 (22448) pixels
0x8599, 0x8599, 0x8599, 0x8599, 0x8599, 0x8599, 0x8599, 0x8599, 0x8599, 0x8599, 0x8599, 0x8599, 0x8599, 0x8599, 0x8599, 0x8599,   // 0x57C0 (22464) pixels
0x8599, 0x8599, 0x8599, 0x8599, 0x8579, 0x8579, 0x8579, 0x8579, 0x8579, 0x8579, 0x8599, 0x8D79, 0x8D79, 0x8D79, 0x9579, 0x9D7A,   // 0x57D0 (22480) pixels
0xA59A, 0xAD9A, 0xAD9A, 0xB59A, 0xB579, 0xB559, 0xB539, 0xB539, 0xB51A, 0xB519, 0xAD1A, 0x9457, 0x7BD4, 0x7352, 0x6B52, 0x94B7,   // 0x57E0 (22496) pixels
0xBE1C, 0xB61B, 0xB5FB, 0xB61A, 0xB61A, 0xB61A, 0xAE1A, 0xADFA, 0xB61A, 0xAE1A, 0xB61B, 0xC67C, 0xD6DD, 0xDF1D, 0xDEFD, 0xDEFC,   // 0x57F0 (22512) pixels
0xD6FC, 0xD6FC, 0xD6DB, 0xD6DB, 0xD6DB, 0xD6DB, 0xD6DB, 0xD6DB, 0xDEFB, 0xDEFB, 0xDEFC, 0xDEDB, 0xDEDB, 0xD6BB, 0xD6BB, 0xD6BB,   // 0x5800 (22528) pixels
0xD69B, 0xCE7B, 0xC65A, 0xBE19, 0xB5D8, 0xAD97, 0x9D36, 0x94F5, 0x8CD5, 0x84B5, 0x7C74, 0x7474, 0x7474, 0x7C95, 0x8517, 0x9558,   // 0x5810 (22544) pixels
0x9D98, 0xA5D9, 0xA5D9, 0xADF9, 0xBE7B, 0xCEBC, 0xCEBC, 0xD6BB, 0xD6DC, 0xDEDB, 0xDEDB, 0xDEBB, 0xDEBB, 0xDEDB, 0xDEDB, 0xD6BB,   // 0x5820 (22560) pixels
0xD6BB, 0xD6BA, 0xCE9A, 0xCE9A, 0xCE7A, 0xC639, 0xBDF9, 0xB5D8, 0xAD77, 0x9D36, 0x94F5, 0x8CD5, 0x84B4, 0x7C74, 0x7453, 0x7433,   // 0x5830 (22576) pixels
0x6BF2, 0x6BF2, 0x6BF3, 0x7434, 0x7C95, 0x8CF6, 0x9537, 0x9558, 0x9D99, 0x9DB9, 0xA5B9, 0xA5B9, 0xA5D9, 0xA5D9, 0xA5F9, 0xA5D8,   // 0x5840 (22592) pixels
0xA5D9, 0xA5D9, 0xA5D8, 0xA5D8, 0xA5D9, 0xA5D9, 0xA5F9, 0xA5F9, 0xA5D9, 0xA5F9, 0xA5D9, 0xA5D9, 0xA5D9, 0xA5F9, 0xA5D9, 0x9D99,   // 0x5850 (22608) pixels
0x94F7, 0x73F3, 0x4A8E, 0x422D, 0x6B32, 0x9477, 0xA4D8, 0xACF9, 0xACD8, 0xACD8, 0xACD8, 0xACD8, 0xACD8, 0xA4B8, 0x9C77, 0x9416,   // 0x5860 (22624) pixels
0x8BD5, 0x8394, 0x7B54, 0x7313, 0x6AF3, 0x6AD3, 0x6291, 0x5A6F, 0x5A4E, 0x626C, 0x832D, 0xAC2F, 0xC4EF, 0xCD0E, 0xCCEC, 0xC4AA,   // 0x5870 (22640) pixels
0xBC29, 0xB3C8, 0xB3C8, 0xB409, 0xB42A, 0xB42B, 0xAC4D, 0xA44E, 0xA490, 0x9CD2, 0x9D15, 0x9536, 0x9578, 0x8D79, 0x8599, 0x8599,   // 0x5880 (22656) pixels
0x8579, 0x8579, 0x8579, 0x8579, 0x8579, 0x8579, 0x8579, 0x8579, 0x8579, 0x8579, 0x8579, 0x8579, 0x8579, 0x8579, 0x859A, 0x859A,   // 0x5890 (22672) pixels
0x8599, 0x8599, 0x8599, 0x8599, 0x8599, 0x8599, 0x8599, 0x8599, 0x8599, 0x8599, 0x8599, 0x8599, 0x8599, 0x8599, 0x8599, 0x8599,   // 0x58A0 (22688) pixels
0x8599, 0x8599, 0x8599, 0x8599, 0x8599, 0x8599, 0x8599, 0x8599, 0x8599, 0x8599, 0x8599, 0x8599, 0x8599, 0x8599, 0x8599, 0x8599,   // 0x58B0 (22704) pixels
0x8599, 0x8599, 0x8599, 0x8599, 0x8599, 0x8599, 0x8599, 0x8599, 0x8599, 0x8599, 0x8599, 0x8599, 0x8599, 0x8599, 0x8599, 0x8599,   // 0x58C0 (22720) pixels
0x8599, 0x8599, 0x8599, 0x8599, 0x8599, 0x8599, 0x8599, 0x8599, 0x8599, 0x8599, 0x8599, 0x8599, 0x8599, 0x8599, 0x8599, 0x8599,   // 0x58D0 (22736) pixels
0x8599, 0x8599, 0x8599, 0x8599, 0x8599, 0x8599, 0x8599, 0x8599, 0x8599, 0x8599, 0x8599, 0x8599, 0x8599, 0x8599, 0x8599, 0x8599,   // 0x58E0 (22752) pixels
0x8599, 0x8599, 0x8599, 0x8599, 0x8599, 0x8599, 0x8599, 0x8599, 0x8599, 0x8599, 0x8599, 0x8599, 0x8599, 0x8599, 0x8599, 0x8599,   // 0x58F0 (22768) pixels
0x8599, 0x8599, 0x8599, 0x8599, 0x8599, 0x8599, 0x8599, 0x8599, 0x8599, 0x8599, 0x8599, 0x8599, 0x8599, 0x8599, 0x8599, 0x8599,   // 0x5900 (22784) pixels
0x8599, 0x8599, 0x8599, 0x8599, 0x859A, 0x859A, 0x859A, 0x859A, 0x8579, 0x8579, 0x8579, 0x8D79, 0x8D79, 0x9559, 0x9579, 0xA59A,   // 0x5910 (22800) pixels
0xAD9A, 0xAD9A, 0xB59A, 0xB579, 0xB559, 0xB539, 0xB539, 0xB539, 0xB51A, 0xB51A, 0xAD1A, 0x83F5, 0x6B52, 0x7372, 0x7BD4, 0x9D18,   // 0x5920 (22816) pixels
0xBE3C, 0xB61B, 0xADFA, 0xB61A, 0xB63B, 0xB61A, 0xAE1A, 0xAE1A, 0xB61A, 0xB61A, 0xBE3B, 0xC69C, 0xD6DD, 0xDF1D, 0xDEFD, 0xDEFC,   // 0x5930 (22832) pixels
0xD6FC, 0xD6DB, 0xD6DB, 0xD6FB, 0xDEFB, 0xDEFC, 0xDEFC, 0xDF1C, 0xDF1C, 0xDEFC, 0xDEFC, 0xDEDC, 0xDEDB, 0xD6BB, 0xD69B, 0xD69B,   // 0x5940 (22848) pixels
0xC65A, 0xC63A, 0xBDF9, 0xADB8, 0xA577, 0x9D36, 0x94F5, 0x8CD5, 0x84B5, 0x7C74, 0x7453, 0x6C33, 0x7454, 0x7CB5, 0x8D37, 0x9578,   // 0x5950 (22864) pixels
0x9DB9, 0xA5D9, 0xA5D9, 0xADF9, 0xBE5B, 0xC69B, 0xCE9B, 0xCE9B, 0xCE9B, 0xD69B, 0xD6BB, 0xD6BB, 0xD6BB, 0xD6BB, 0xD69A, 0xCE7A,   // 0x5960 (22880) pixels
0xC659, 0xC659, 0xC639, 0xBE39, 0xBDF8, 0xB5B8, 0xAD77, 0xA536, 0x9CF5, 0x8CB5, 0x8494, 0x7C74, 0x7C74, 0x7433, 0x6C13, 0x6BF2,   // 0x5970 (22896) pixels
0x6BD2, 0x6BD2, 0x7413, 0x7C75, 0x8CF7, 0x9538, 0x9558, 0x9558, 0x9D99, 0x9DB9, 0xA5D9, 0xA5D9, 0xA5D9, 0xA5F9, 0xA5F9, 0xA5D9,   // 0x5980 (22912) pixels
0xA5D9, 0xA5D8, 0xA5D8, 0xA5D8, 0xA5D8, 0xA5D9, 0xA5D9, 0xA5F9, 0xA5D9, 0xA5F9, 0xA5D9, 0xA5D9, 0xA5D9, 0xA5FA, 0xA5D9, 0x9D99,   // 0x5990 (22928) pixels
0x7C75, 0x6371, 0x426E, 0x4A6E, 0x7BB4, 0xA4D9, 0xACF9, 0xACD8, 0xACB8, 0xACD8, 0xACB8, 0xACB8, 0xACB8, 0xA498, 0x9C57, 0x9416,   // 0x59A0 (22944) pixels
0x8BD5, 0x8374, 0x7333, 0x6AF3, 0x6AF3, 0x6AB2, 0x6270, 0x5A4E, 0x624D, 0x6A8C, 0x8B6D, 0xB48F, 0xCD0F, 0xCD0E, 0xC4CB, 0xC469,   // 0x59B0 (22960) pixels
0xBC09, 0xB3C8, 0xB3C9, 0xBC2A, 0xB42B, 0xAC2C, 0xAC4D, 0xA46F, 0xA4B1, 0x9CF3, 0x9D15, 0x9557, 0x8D78, 0x8D79, 0x8599, 0x8599,   // 0x59C0 (22976) pixels
0x8579, 0x8579, 0x8579, 0x8579, 0x8579, 0x8579, 0x8579, 0x8579, 0x8579, 0x8579, 0x8579, 0x8579, 0x8579, 0x8579, 0x859A, 0x859A,   // 0x59D0 (22992) pixels
0x8599, 0x8599, 0x8599, 0x8599, 0x8599, 0x8599, 0x8599, 0x8599, 0x8599, 0x8599, 0x8599, 0x8599, 0x8599, 0x8599, 0x8599, 0x8599,   // 0x59E0 (23008) pixels
0x8599, 0x8599, 0x8599, 0x8599, 0x8599, 0x8599, 0x8599, 0x8599, 0x8599, 0x8599, 0x8599, 0x8599, 0x8599, 0x8599, 0x8599, 0x8599,   // 0x59F0 (23024) pixels
0x8599, 0x8599, 0x8599, 0x8599, 0x8599, 0x8599, 0x8599, 0x8599, 0x8599, 0x8599, 0x8599, 0x8599, 0x8599, 0x8599, 0x8599, 0x8599,   // 0x5A00 (23040) pixels
0x8599, 0x8599, 0x8599, 0x8599, 0x8599, 0x8599, 0x8599, 0x8599, 0x8599, 0x8599, 0x8599, 0x8599, 0x8599, 0x8599, 0x8599, 0x8599,   // 0x5A10 (23056) pixels
0x8599, 0x8599, 0x8599, 0x8599, 0x8599, 0x8599, 0x8599, 0x8599, 0x8599, 0x8599, 0x8599, 0x8599, 0x8599, 0x8599, 0x8599, 0x8599,   // 0x5A20 (23072) pixels
0x8599, 0x8599, 0x8599, 0x8599, 0x8599, 0x8599, 0x8599, 0x8599, 0x8599, 0x8599, 0x8599, 0x8599, 0x8599, 0x8599, 0x8599, 0x8599,   // 0x5A30 (23088) pixels
0x8599, 0x8599, 0x8599, 0x8599, 0x8599, 0x8599, 0x8599, 0x8599, 0x8599, 0x8599, 0x8599, 0x8599, 0x8599, 0x8599, 0x8599, 0x8599,   // 0x5A40 (23104) pixels
0x8599, 0x8599, 0x8599, 0x8599, 0x859A, 0x859A, 0x859A, 0x859A, 0x8579, 0x8579, 0x8579, 0x8D79, 0x8D79, 0x9559, 0x9D79, 0xA59A,   // 0x5A50 (23120) pixels
0xAD7A, 0xB59A, 0xB59A, 0xB579, 0xB559, 0xB539, 0xB539, 0xB53A, 0xB51A, 0xB53A, 0xACF9, 0x7B93, 0x5AF1, 0x73B3, 0x94B7, 0xAD9A,   // 0x5A60 (23136) pixels
0xBE3C, 0xB61B, 0xADFA, 0xADFA, 0xAE1A, 0xB63A, 0xAE3A, 0xAE1A, 0xB61A, 0xB61A, 0xBE5B, 0xC69C, 0xD6DD, 0xDF1D, 0xDF1D, 0xDF1C,   // 0x5A70 (23152) pixels
0xDEFC, 0xDEFC, 0xDEFC, 0xDEFC, 0xDEFC, 0xDEFC, 0xDEFC, 0xDEFC, 0xD6DB, 0xD6DB, 0xD6DB, 0xD6BB, 0xD6BB, 0xCE9B, 0xCE5A, 0xC63A,   // 0x5A80 (23168) pixels
0xBE19, 0xADB8, 0xA556, 0x9D16, 0x9516, 0x8CF5, 0x8CB5, 0x84B5, 0x7C74, 0x7453, 0x6C33, 0x6C33, 0x7CB5, 0x8D37, 0x9578, 0x9598,   // 0x5A90 (23184) pixels
0x9DD9, 0xA5D9, 0xA5D9, 0xADF9, 0xB619, 0xB63A, 0xBE5A, 0xC65A, 0xC65A, 0xC63A, 0xC659, 0xC659, 0xC639, 0xC619, 0xBDF8, 0xBDF8,   // 0x5AA0 (23200) pixels
0xBDD8, 0xB5D7, 0xB5B7, 0xAD97, 0xA577, 0x9D36, 0x94F5, 0x8CB5, 0x8494, 0x8494, 0x8474, 0x7C54, 0x7433, 0x6BF2, 0x6BF2, 0x63F2,   // 0x5AB0 (23216) pixels
0x63D2, 0x7434, 0x84B6, 0x8D17, 0x9D78, 0xA5B9, 0xA5B9, 0xA5B9, 0xA5DA, 0xA5D9, 0xA5D9, 0xA5D9, 0xA5D9, 0xA5D9, 0xA5D9, 0xA5D9,   // 0x5AC0 (23232) pixels
0xA5D9, 0xA5D9, 0xA5D9, 0xA5D9, 0xA5D9, 0xA5D9, 0xA5F9, 0xA5F9, 0xA5F9, 0xA5F9, 0xA5D9, 0xADFA, 0xA5DA, 0xA5DA, 0xADFA, 0x9D58,   // 0x5AD0 (23248) pixels
0x6BD3, 0x4AAF, 0x52AF, 0x5AF0, 0x8C16, 0xB55B, 0xACD9, 0xACD8, 0xACB8, 0xACD8, 0xACD8, 0xACD8, 0xACB8, 0xA498, 0x9437, 0x8BF6,   // 0x5AE0 (23264) pixels
0x8394, 0x7B74, 0x7333, 0x6B13, 0x6AD3, 0x62B2, 0x5A50, 0x5A0D, 0x626C, 0x7B0D, 0x9BCE, 0xBCCF, 0xCD2F, 0xCD0D, 0xCCEB, 0xBC49,   // 0x5AF0 (23280) pixels
0xB3E8, 0xBBE9, 0xB3E9, 0xB40A, 0xB44B, 0xAC4C, 0xA44E, 0xA490, 0x9CD2, 0x9D15, 0x9D36, 0x9557, 0x8D78, 0x8D79, 0x8599, 0x85B9,   // 0x5B00 (23296) pixels
0x8579, 0x8579, 0x8579, 0x8579, 0x8579, 0x8579, 0x8579, 0x8579, 0x8579, 0x8579, 0x8579, 0x8579, 0x859A, 0x859A, 0x859A, 0x859A,   // 0x5B10 (23312) pixels
0x8599, 0x8599, 0x8599, 0x8599, 0x8599, 0x8599, 0x8599, 0x8599, 0x8599, 0x8599, 0x8599, 0x8599, 0x8599, 0x8599, 0x8599, 0x8599,   // 0x5B20 (23328) pixels
0x8599, 0x8599, 0x8599, 0x8599, 0x8599, 0x8599, 0x8599, 0x8599, 0x8599, 0x8599, 0x8599, 0x8599, 0x8599, 0x8599, 0x8599, 0x8599,   // 0x5B30 (23344) pixels
0x8599, 0x8599, 0x8599, 0x8599, 0x8599, 0x8599, 0x8599, 0x8599, 0x8599, 0x8599, 0x8599, 0x8599, 0x8599, 0x8599, 0x8599, 0x8599,   // 0x5B40 (23360) pixels
0x8599, 0x8599, 0x8599, 0x8599, 0x8599, 0x8599, 0x8599, 0x8599, 0x8599, 0x8599, 0x8599, 0x8599, 0x8599, 0x8599, 0x8599, 0x8599,   // 0x5B50 (23376) pixels
0x8599, 0x8599, 0x8599, 0x8599, 0x8599, 0x8599, 0x8599, 0x8599, 0x8599, 0x8599, 0x8599, 0x8599, 0x8599, 0x8599, 0x8599, 0x8599,   // 0x5B60 (23392) pixels
0x8599, 0x8599, 0x8599, 0x8599, 0x8599, 0x8599, 0x8599, 0x8599, 0x8599, 0x8599, 0x8599, 0x8599, 0x8599, 0x8599, 0x8599, 0x8599,   // 0x5B70 (23408) pixels
0x8599, 0x8599, 0x8599, 0x8599, 0x8599, 0x8599, 0x8599, 0x8599, 0x8599, 0x8599, 0x8599, 0x8599, 0x8599, 0x8599, 0x8599, 0x8599,   // 0x5B80 (23424) pixels
0x8599, 0x8599, 0x8599, 0x8599, 0x859A, 0x859A, 0x859A, 0x859A, 0x859A, 0x8579, 0x8579, 0x8D79, 0x9559, 0x9559, 0x9D79, 0xAD9A,   // 0x5B90 (23440) pixels
0xB59A, 0xB57A, 0xB57A, 0xB579, 0xB559, 0xB539, 0xB519, 0xB51A, 0xB53A, 0xACF9, 0x9477, 0x6B32, 0x5AD0, 0x8435, 0xA539, 0xB5DB,   // 0x5BA0 (23456) pixels
0xB63B, 0xB61B, 0xAE1A, 0xAE1A, 0xAE1A, 0xAE1A, 0xAE1A, 0xAE1A, 0xAE1A, 0xB61A, 0xB63B, 0xC67B, 0xCEBC, 0xD6DC, 0xD6FC, 0xD6DB,   // 0x5BB0 (23472) pixels
0xD6FC, 0xD6DC, 0xD6DB, 0xD6DB, 0xD6DC, 0xD6DB, 0xD6DB, 0xD6BB, 0xCE9B, 0xCE9B, 0xCE7B, 0xCE7A, 0xC65A, 0xBE19, 0xBDF9, 0xB5D8,   // 0x5BC0 (23488) pixels
0xA577, 0x9D36, 0x94F5, 0x94D5, 0x8CD5, 0x84B5, 0x8494, 0x7C74, 0x7433, 0x6C53, 0x7454, 0x7C95, 0x8516, 0x9578, 0x9DB9, 0x9DB9,   // 0x5BD0 (23504) pixels
0x9DD9, 0xA5D9, 0xA5D8, 0xA5D9, 0xADF9, 0xADF9, 0xB5F9, 0xB5F9, 0xB5D8, 0xB5D8, 0xB5D8, 0xB5D8, 0xB5D8, 0xB5B7, 0xAD76, 0xAD76,   // 0x5BE0 (23520) pixels
0xA556, 0xA556, 0x9D36, 0x9D35, 0x9515, 0x94D5, 0x8CB4, 0x8473, 0x7C53, 0x7C53, 0x7413, 0x6BF2, 0x63D2, 0x63D2, 0x63D2, 0x63F2,   // 0x5BF0 (23536) pixels
0x7454, 0x7C95, 0x8CF7, 0x9558, 0x9D99, 0xA5B9, 0xA5DA, 0xA5B9, 0xA5D9, 0xA5D9, 0xA5D9, 0xA5D9, 0xA5D9, 0xA5D9, 0xA5D9, 0xA5D9,   // 0x5C00 (23552) pixels
0xA5D9, 0xA5D9, 0xA5D9, 0xA5D8, 0xA5D9, 0xA5D9, 0xA5F9, 0xA5F9, 0xA5D9, 0xA5D9, 0xA5D9, 0xA5FA, 0xA5B9, 0xA5B9, 0xA5B9, 0x8CF7,   // 0x5C10 (23568) pixels
0x6351, 0x424E, 0x52AF, 0x6331, 0x8C36, 0xB53A, 0xACD8, 0xACD8, 0xACD8, 0xACD8, 0xACB8, 0xACB8, 0xA497, 0x9C77, 0x9416, 0x8BD6,   // 0x5C20 (23584) pixels
0x83B5, 0x7B74, 0x7313, 0x6AF3, 0x6AD2, 0x6291, 0x5A4F, 0x5A0C, 0x6A8C, 0x8B4D, 0xAC2E, 0xC4EF, 0xD52F, 0xCCEC, 0xC48A, 0xB3E7,   // 0x5C30 (23600) pixels
0xB3A8, 0xB3C9, 0xB3EA, 0xB40B, 0xB44C, 0xAC4D, 0xA46E, 0xA4B1, 0x9CF3, 0x9D35, 0x9557, 0x9578, 0x8D79, 0x8D99, 0x8599, 0x8599,   // 0x5C40 (23616) pixels
0x8599, 0x8579, 0x8579, 0x8579, 0x8579, 0x8579, 0x8579, 0x8579, 0x8579, 0x8579, 0x8579, 0x8579, 0x859A, 0x859A, 0x859A, 0x859A,   // 0x5C50 (23632) pixels
0x8599, 0x8599, 0x8599, 0x8599, 0x8599, 0x8599, 0x8599, 0x8599, 0x8599, 0x8599, 0x8599, 0x8599, 0x8599, 0x8599, 0x8599, 0x8599,   // 0x5C60 (23648) pixels
0x8599, 0x8599, 0x8599, 0x8599, 0x8599, 0x8599, 0x8599, 0x8599, 0x8599, 0x8599, 0x8599, 0x8599, 0x8599, 0x8599, 0x8599, 0x8599,   // 0x5C70 (23664) pixels
0x8599, 0x8599, 0x8599, 0x8599, 0x8599, 0x8599, 0x8599, 0x8599, 0x8599, 0x8599, 0x8599, 0x8599, 0x8599, 0x8599, 0x8599, 0x8599,   // 0x5C80 (23680) pixels
0x8599, 0x8599, 0x8599, 0x8599, 0x8599, 0x8599, 0x8599, 0x8599, 0x8599, 0x8599, 0x8599, 0x8599, 0x8599, 0x8599, 0x8599, 0x8599,   // 0x5C90 (23696) pixels
0x8599, 0x8599, 0x8599, 0x8599, 0x8599, 0x8599, 0x8599, 0x8599, 0x8599, 0x8599, 0x8599, 0x8599, 0x8599, 0x8599, 0x8599, 0x8599,   // 0x5CA0 (23712) pixels
0x8599, 0x8599, 0x8599, 0x8599, 0x8599, 0x8599, 0x8599, 0x8599, 0x8599, 0x8599, 0x8599, 0x8599, 0x8599, 0x8599, 0x8599, 0x8599,   // 0x5CB0 (23728) pixels
0x8599, 0x8599, 0x8599, 0x8599, 0x8599, 0x8599, 0x8599, 0x8599, 0x8599, 0x8599, 0x8599, 0x8599, 0x8599, 0x8599, 0x8599, 0x8599,   // 0x5CC0 (23744) pixels
0x8599, 0x8599, 0x8599, 0x8599, 0x8599, 0x8599, 0x8599, 0x8599, 0x8599, 0x8579, 0x8579, 0x8D58, 0x9559, 0x9D59, 0xA579, 0xAD9A,   // 0x5CD0 (23760) pixels
0xB59A, 0xB55A, 0xB559, 0xB559, 0xB559, 0xB539, 0xB519, 0xB519, 0xB51A, 0x9C77, 0x83F5, 0x6311, 0x6311, 0x8C96, 0xB5DB, 0xB61B,   // 0x5CE0 (23776) pixels
0xB61B, 0xAE1B, 0xB63B, 0xAE3A, 0xAE1A, 0xAE1A, 0xAE1A, 0xAE1A, 0xB61A, 0xB61A, 0xB63B, 0xBE5B, 0xC67B, 0xCE9B, 0xCE9B, 0xCE9B,   // 0x5CF0 (23792) pixels
0xCEBB, 0xCE9B, 0xCE9B, 0xCEBB, 0xD6BB, 0xCEBB, 0xCE9B, 0xCE7A, 0xC65A, 0xC63A, 0xBE19, 0xB5F9, 0xB5B8, 0xAD77, 0xA536, 0x9D16,   // 0x5D00 (23808) pixels
0x94F5, 0x8CD5, 0x8494, 0x8494, 0x8494, 0x7C53, 0x7433, 0x6C12, 0x6C13, 0x7454, 0x7CB5, 0x8516, 0x9578, 0x9DB9, 0x9DD9, 0x9DD9,   // 0x5D10 (23824) pixels
0xA5D9, 0xA5D8, 0xA5D8, 0xA5D8, 0xA5D8, 0xA5B8, 0xA5B8, 0xA597, 0xAD97, 0xA597, 0xAD97, 0xAD97, 0xA597, 0xA556, 0x9D35, 0x9D15,   // 0x5D20 (23840) pixels
0x9515, 0x94F5, 0x94F5, 0x8CD5, 0x8CB4, 0x8494, 0x7C73, 0x7C33, 0x7412, 0x6C12, 0x6BF2, 0x63D2, 0x63D2, 0x6BF3, 0x7434, 0x7475,   // 0x5D30 (23856) pixels
0x8CF6, 0x8D37, 0x9578, 0x9D99, 0x9DB9, 0xA5D9, 0xA5D9, 0xA5B9, 0xA5D9, 0xA5D9, 0xA5D9, 0xA5D9, 0xA5D9, 0xA5D9, 0xA5D9, 0xA5D9,   // 0x5D40 (23872) pixels
0xA5D9, 0xA5D9, 0xA5D9, 0xA5D9, 0xA5D8, 0xA5D9, 0xA5D9, 0xA5D9, 0xA5D9, 0xADF9, 0xA5D9, 0xA5DA, 0xA5B9, 0xA599, 0x9D58, 0x8496,   // 0x5D50 (23888) pixels
0x52D0, 0x3A0D, 0x5AF1, 0x7BB4, 0x9477, 0xB53A, 0xACD9, 0xACD8, 0xACD8, 0xACB8, 0xACB7, 0xA497, 0xA477, 0x9C57, 0x93F6, 0x8BB5,   // 0x5D60 (23904) pixels
0x8395, 0x7B54, 0x6AF3, 0x6AB2, 0x6291, 0x6270, 0x5A2E, 0x5A0C, 0x72AC, 0x938D, 0xB46E, 0xCCEF, 0xD52E, 0xCCEC, 0xC48A, 0xB3C7,   // 0x5D70 (23920) pixels
0xB3A8, 0xB3C9, 0xB3EA, 0xB40B, 0xAC4C, 0xA44E, 0xA490, 0xA4D2, 0x9D14, 0x9D56, 0x9578, 0x8D78, 0x8D79, 0x8D99, 0x8599, 0x8599,   // 0x5D80 (23936) pixels
0x8599, 0x8599, 0x8599, 0x8599, 0x8599, 0x8599, 0x8599, 0x8599, 0x8599, 0x8599, 0x8599, 0x8599, 0x8599, 0x8599, 0x8599, 0x8599,   // 0x5D90 (23952) pixels
0x8599, 0x8599, 0x8599, 0x8599, 0x8599, 0x8599, 0x8599, 0x8599, 0x8599, 0x8599, 0x8599, 0x8599, 0x8599, 0x8599, 0x8599, 0x8599,   // 0x5DA0 (23968) pixels
0x8599, 0x8599, 0x8599, 0x8599, 0x8599, 0x8599, 0x8599, 0x8599, 0x8599, 0x8599, 0x8599, 0x8599, 0x8599, 0x8599, 0x8599, 0x8599,   // 0x5DB0 (23984) pixels
0x8599, 0x8599, 0x8599, 0x8599, 0x8599, 0x8599, 0x8599, 0x8599, 0x8599, 0x8599, 0x8599, 0x8599, 0x8599, 0x8599, 0x8599, 0x8599,   // 0x5DC0 (24000) pixels
0x8599, 0x8599, 0x8599, 0x8599, 0x8599, 0x8599, 0x8599, 0x8599, 0x8599, 0x8599, 0x8599, 0x8599, 0x8599, 0x8599, 0x8599, 0x8599,   // 0x5DD0 (24016) pixels
0x8599, 0x8599, 0x8599, 0x8599, 0x8599, 0x8599, 0x8599, 0x8599, 0x8599, 0x8599, 0x8599, 0x8599, 0x8599, 0x8599, 0x8599, 0x8599,   // 0x5DE0 (24032) pixels
0x8599, 0x8599, 0x8599, 0x8599, 0x8599, 0x8599, 0x8599, 0x8599, 0x8599, 0x8599, 0x8599, 0x8599, 0x8599, 0x8599, 0x8599, 0x8599,   // 0x5DF0 (24048) pixels
0x8599, 0x8599, 0x8599, 0x8599, 0x8599, 0x8599, 0x8599, 0x8599, 0x8599, 0x8599, 0x8599, 0x8599, 0x8599, 0x8599, 0x8599, 0x8599,   // 0x5E00 (24064) pixels
0x8599, 0x8599, 0x8599, 0x8599, 0x8599, 0x8599, 0x8599, 0x8599, 0x8599, 0x8579, 0x8558, 0x8D58, 0x9559, 0x9D79, 0xA59A, 0xAD9A,   // 0x5E10 (24080) pixels
0xB59A, 0xB55A, 0xB539, 0xB559, 0xB539, 0xAD19, 0xB519, 0xB53A, 0xAD1A, 0x8C16, 0x7B94, 0x6B72, 0x7393, 0x94F7, 0xBE1B, 0xBE3C,   // 0x5E20 (24096) pixels
0xB61B, 0xB63B, 0xB63B, 0xB63A, 0xAE3A, 0xAE3A, 0xAE1A, 0xAE1A, 0xB61A, 0xB61A, 0xB63A, 0xBE5B, 0xBE5A, 0xBE5A, 0xBE5A, 0xBE59,   // 0x5E30 (24112) pixels
0xC65A, 0xC65A, 0xC67A, 0xC67A, 0xC67A, 0xC65A, 0xBE3A, 0xBE19, 0xB5D8, 0xB5D8, 0xADB8, 0xA577, 0xA557, 0x9D16, 0x94F5, 0x8CD5,   // 0x5E40 (24128) pixels
0x8CD5, 0x8494, 0x7C73, 0x7C53, 0x7433, 0x7413, 0x6BF2, 0x63F2, 0x7454, 0x7CB5, 0x8D37, 0x9578, 0x9DB9, 0x9DD9, 0xA5D9, 0x9DD9,   // 0x5E50 (24144) pixels
0xA5F9, 0xA5D9, 0xA5D9, 0xA5D9, 0xA5D8, 0xA5B8, 0xA598, 0xA597, 0xA577, 0x9D77, 0x9D57, 0x9D57, 0x9D56, 0x9515, 0x9515, 0x9515,   // 0x5E60 (24160) pixels
0x8CD5, 0x8CD5, 0x84B4, 0x8494, 0x7C74, 0x7C53, 0x7433, 0x7413, 0x6BF2, 0x6BF2, 0x6C13, 0x7433, 0x7454, 0x7C95, 0x84F7, 0x8D37,   // 0x5E70 (24176) pixels
0x9558, 0x9D78, 0x9D99, 0x9DB9, 0xA5B9, 0xA5D9, 0xA5D9, 0xA5D9, 0xA5D9, 0xA5D9, 0xA5D9, 0xA5D9, 0xA5D9, 0xA5D9, 0xA5D9, 0xA5D9,   // 0x5E80 (24192) pixels
0xA5D9, 0xA5D9, 0xA5D9, 0xA5D9, 0xA5D9, 0xA5D9, 0xA5D9, 0xA5D9, 0xA5D9, 0xA5F9, 0xA5D9, 0xA5DA, 0xADDA, 0xA5BA, 0x8D17, 0x7414,   // 0x5E90 (24208) pixels
0x4A6E, 0x420D, 0x6B52, 0x9477, 0xA4B8, 0xB519, 0xACF9, 0xACD8, 0xACD8, 0xACB8, 0xACB7, 0xA497, 0xA457, 0x9C37, 0x8BF6, 0x83B5,   // 0x5EA0 (24224) pixels
0x7B74, 0x7334, 0x6AD3, 0x62B2, 0x6271, 0x624F, 0x5A2D, 0x622B, 0x7AEC, 0xA3EE, 0xBCAE, 0xCCEE, 0xD50D, 0xCCCB, 0xC46A, 0xB3E8,   // 0x5EB0 (24240) pixels
0xB3A8, 0xB3EA, 0xB40B, 0xB42B, 0xAC4D, 0xA46E, 0x9C90, 0x9CF3, 0x9D35, 0x9D57, 0x9578, 0x8D79, 0x8D79, 0x8D99, 0x8599, 0x8599,   // 0x5EC0 (24256) pixels
0x8599, 0x8599, 0x8599, 0x8599, 0x8599, 0x8599, 0x8599, 0x8599, 0x8599, 0x8599, 0x8599, 0x8599, 0x8599, 0x8599, 0x8599, 0x8599,   // 0x5ED0 (24272) pixels
0x8599, 0x8599, 0x8599, 0x8599, 0x8599, 0x8599, 0x8599, 0x8599, 0x8599, 0x8599, 0x8599, 0x8599, 0x8599, 0x8599, 0x8599, 0x8599,   // 0x5EE0 (24288) pixels
0x8599, 0x8599, 0x8599, 0x8599, 0x8599, 0x8599, 0x8599, 0x8599, 0x8599, 0x8599, 0x8599, 0x8599, 0x8599, 0x8599, 0x8599, 0x8599,   // 0x5EF0 (24304) pixels
0x8599, 0x8599, 0x8599, 0x8599, 0x8599, 0x8599, 0x8599, 0x8599, 0x8599, 0x8599, 0x8599, 0x8599, 0x8599, 0x8599, 0x8599, 0x8599,   // 0x5F00 (24320) pixels
0x8599, 0x8599, 0x8599, 0x8599, 0x8599, 0x8599, 0x8599, 0x8599, 0x8599, 0x8599, 0x8599, 0x8599, 0x8599, 0x8599, 0x8599, 0x8599,   // 0x5F10 (24336) pixels
0x8599, 0x8599, 0x8599, 0x8599, 0x8599, 0x8599, 0x8599, 0x8599, 0x8599, 0x8599, 0x8599, 0x8599, 0x8599, 0x8599, 0x8599, 0x8599,   // 0x5F20 (24352) pixels
0x8599, 0x8599, 0x8599, 0x8599, 0x8599, 0x8599, 0x8599, 0x8599, 0x8599, 0x8599, 0x8599, 0x8599, 0x8599, 0x8599, 0x8599, 0x8599,   // 0x5F30 (24368) pixels
0x8599, 0x8599, 0x8599, 0x8599, 0x8599, 0x8599, 0x8599, 0x8599, 0x8599, 0x8599, 0x8599, 0x8599, 0x8599, 0x8599, 0x8599, 0x8599,   // 0x5F40 (24384) pixels
0x8599, 0x8599, 0x8599, 0x8599, 0x8599, 0x8599, 0x8599, 0x8599, 0x8599, 0x8599, 0x8D58, 0x9559, 0x9D79, 0xA59A, 0xAD9A, 0xB59B,   // 0x5F50 (24400) pixels
0xB57A, 0xB55A, 0xB539, 0xB539, 0xB519, 0xAD19, 0xB519, 0xB55A, 0xACF9, 0x7BB4, 0x6312, 0x73B3, 0x8455, 0xA559, 0xBE3C, 0xBE3B,   // 0x5F60 (24416) pixels
0xB63B, 0xAE1A, 0xAE1A, 0xAE1A, 0xAE3A, 0xAE3A, 0xAE1A, 0xAE1A, 0xAE1A, 0xB61A, 0xB61A, 0xB61A, 0xB61A, 0xB619, 0xB5F9, 0xB5F8,   // 0x5F70 (24432) pixels
0xB619, 0xB619, 0xBE39, 0xBE19, 0xB5F8, 0xADB8, 0xAD97, 0xAD97, 0xA577, 0xA577, 0xA557, 0x9D36, 0x9516, 0x94F5, 0x8CD5, 0x8CB5,   // 0x5F80 (24448) pixels
0x8494, 0x7C53, 0x7433, 0x6C12, 0x6C12, 0x6C13, 0x7433, 0x7454, 0x84D5, 0x8D17, 0x9578, 0x9D98, 0x9DB9, 0xA5D9, 0xA5F9, 0xA5F9,   // 0x5F90 (24464) pixels
0xA5F9, 0xA5F9, 0xA5F9, 0xA5D9, 0xA5D9, 0xA5D8, 0xA5B8, 0xA598, 0x9D77, 0x9D57, 0x9516, 0x9516, 0x8CF5, 0x8CD5, 0x84B4, 0x84B4,   // 0x5FA0 (24480) pixels
0x7C94, 0x7C74, 0x7453, 0x7433, 0x6C13, 0x6C13, 0x6C13, 0x6C13, 0x7433, 0x7454, 0x7C95, 0x84B5, 0x84F6, 0x8D17, 0x9558, 0x9D79,   // 0x5FB0 (24496) pixels
0x9578, 0x9DB9, 0x9DB9, 0x9DB9, 0x9DD9, 0xA5D9, 0xA5D9, 0xA5D9, 0xA5D9, 0xA5D9, 0xA5D9, 0xA5D9, 0xA5D9, 0xA5D9, 0xA5DA, 0xA5DA,   // 0x5FC0 (24512) pixels
0xA5D9, 0xA5D9, 0xA5D9, 0xA5D9, 0xA5D9, 0xA5D9, 0xA5D9, 0xA5D9, 0xA5D9, 0xA5B9, 0xA5B9, 0xA5B9, 0xADDA, 0xA59A, 0x8476, 0x6372,   // 0x5FD0 (24528) pixels
0x424E, 0x422E, 0x7BB4, 0xA4D9, 0xACF9, 0xB519, 0xACF9, 0xACD8, 0xACB8, 0xACB7, 0xACB7, 0xA497, 0xA477, 0x9C37, 0x8BD6, 0x8395,   // 0x5FE0 (24544) pixels
0x7354, 0x7313, 0x6AD2, 0x6291, 0x6270, 0x5A2E, 0x5A2D, 0x622B, 0x832C, 0xAC6F, 0xC4EF, 0xCD0E, 0xCD0D, 0xC4AB, 0xBC29, 0xB3C8,   // 0x5FF0 (24560) pixels
0xB3A8, 0xBC0A, 0xBC2B, 0xB42C, 0xA44D, 0x9C6F, 0x9CB1, 0x9D14, 0x9D56, 0x9578, 0x9599, 0x8D79, 0x8D9A, 0x8D9A, 0x859A, 0x8579,   // 0x6000 (24576) pixels
0x8599, 0x8599, 0x8599, 0x8599, 0x8599, 0x8599, 0x8599, 0x8599, 0x8599, 0x8599, 0x8599, 0x8599, 0x8599, 0x8599, 0x8599, 0x8599,   // 0x6010 (24592) pixels
0x8599, 0x8599, 0x8599, 0x8599, 0x8599, 0x8599, 0x8599, 0x8599, 0x8599, 0x8599, 0x8599, 0x8599, 0x8599, 0x8599, 0x8599, 0x8599,   // 0x6020 (24608) pixels
0x8599, 0x8599, 0x8599, 0x8599, 0x8599, 0x8599, 0x8599, 0x8599, 0x8599, 0x8599, 0x8599, 0x8599, 0x8599, 0x8599, 0x8599, 0x8599,   // 0x6030 (24624) pixels
0x8599, 0x8599, 0x8599, 0x8599, 0x8599, 0x8599, 0x8599, 0x8599, 0x8599, 0x8599, 0x8599, 0x8599, 0x8599, 0x8599, 0x8599, 0x8599,   // 0x6040 (24640) pixels
0x8599, 0x8599, 0x8599, 0x8599, 0x8599, 0x8599, 0x8599, 0x8599, 0x8599, 0x8599, 0x8599, 0x8599, 0x8599, 0x8599, 0x8599, 0x8599,   // 0x6050 (24656) pixels
0x8599, 0x8599, 0x8599, 0x8599, 0x8599, 0x8599, 0x8599, 0x8599, 0x8599, 0x8599, 0x8599, 0x8599, 0x8599, 0x8599, 0x8599, 0x8599,   // 0x6060 (24672) pixels
0x8599, 0x8599, 0x8599, 0x8599, 0x8599, 0x8599, 0x8599, 0x8599, 0x8599, 0x8599, 0x8599, 0x8599, 0x8599, 0x8599, 0x8599, 0x8599,   // 0x6070 (24688) pixels
0x8599, 0x8599, 0x8599, 0x8599, 0x8599, 0x8599, 0x8599, 0x8599, 0x8599, 0x8599, 0x8599, 0x8599, 0x8599, 0x8599, 0x8599, 0x8599,   // 0x6080 (24704) pixels
0x8599, 0x8599, 0x8599, 0x8599, 0x8599, 0x8599, 0x8599, 0x8599, 0x8599, 0x8599, 0x8D79, 0x9579, 0xA599, 0xADBA, 0xB5BA, 0xB59A,   // 0x6090 (24720) pixels
0xB57A, 0xB55A, 0xB539, 0xAD19, 0xB519, 0xB519, 0xB519, 0xAD1A, 0xA4D9, 0x6B32, 0x5290, 0x7BD4, 0x9D18, 0xADBA, 0xBE3C, 0xB63B,   // 0x60A0 (24736) pixels
0xB61A, 0xAE1A, 0xADFA, 0xAE19, 0xAE19, 0xAE1A, 0xAE1A, 0xAE19, 0xAE1A, 0xAE1A, 0xADFA, 0xADF9, 0xADF9, 0xADF8, 0xADD8, 0xADB7,   // 0x60B0 (24752) pixels
0xADB8, 0xADB8, 0xADD8, 0xADD8, 0xAD97, 0xA577, 0xA577, 0xA557, 0x9D36, 0x9D36, 0x94F6, 0x8CD5, 0x84B5, 0x8494, 0x7C74, 0x7C54,   // 0x60C0 (24768) pixels
0x6C12, 0x6BF2, 0x6BD2, 0x6BF2, 0x6C13, 0x7474, 0x7CB5, 0x84F6, 0x8D57, 0x9578, 0x9D98, 0x9DB9, 0xA5D9, 0xA5F9, 0xA5F9, 0xA5F9,   // 0x60D0 (24784) pixels
0xA5F9, 0xA5F9, 0xA5D9, 0xA5F9, 0xA5D9, 0xA5D9, 0xA5D9, 0xA5B8, 0x9D77, 0x9557, 0x8D16, 0x8CF5, 0x84B5, 0x8494, 0x7C94, 0x7C94,   // 0x60E0 (24800) pixels
0x7C74, 0x7454, 0x7454, 0x6C53, 0x7454, 0x7474, 0x7C95, 0x7CB5, 0x84D6, 0x84F6, 0x8D37, 0x9558, 0x9558, 0x9578, 0x9D79, 0x9D99,   // 0x60F0 (24816) pixels
0x9DB9, 0x9DB9, 0x9DD9, 0x9DD9, 0xA5D9, 0xA5F9, 0xA5F9, 0xA5F9, 0xA5D9, 0xA5D9, 0xA5F9, 0xA5F9, 0xA5D9, 0xA5D9, 0xA5DA, 0xA5DA,   // 0x6100 (24832) pixels
0xA5DA, 0xA5D9, 0xA5D9, 0xA5D9, 0xA5D9, 0xA5D9, 0xA5D9, 0xA5F9, 0xA5D9, 0xA5B9, 0xA5B9, 0xA5B9, 0xADDB, 0x9D79, 0x73F4, 0x5310,   // 0x6110 (24848) pixels
0x424E, 0x5290, 0x83F5, 0xA4F9, 0xACF9, 0xACF9, 0xACD9, 0xB4D8, 0xACB8, 0xACB7, 0xACB7, 0xA497, 0xA457, 0x9437, 0x8BD6, 0x7B95,   // 0x6120 (24864) pixels
0x7354, 0x6B13, 0x6AD2, 0x6291, 0x5A50, 0x5A2E, 0x622C, 0x6A6B, 0x8B6C, 0xB48F, 0xCD0F, 0xD52E, 0xD50D, 0xC46A, 0xBC09, 0xB3C8,   // 0x6130 (24880) pixels
0xB3C9, 0xBC0B, 0xBC2B, 0xAC4C, 0xA44D, 0x9C8F, 0x9CB2, 0x9D14, 0x9D77, 0x9578, 0x9599, 0x8D79, 0x8D7A, 0x8D9A, 0x859A, 0x8579,   // 0x6140 (24896) pixels
0x8599, 0x8599, 0x8599, 0x8599, 0x8599, 0x8599, 0x8599, 0x8599, 0x8599, 0x8599, 0x8599, 0x8599, 0x8599, 0x8599, 0x8599, 0x8599,   // 0x6150 (24912) pixels
0x8599, 0x8599, 0x8599, 0x8599, 0x8599, 0x8599, 0x8599, 0x8599, 0x8599, 0x8599, 0x8599, 0x8599, 0x8599, 0x8599, 0x8599, 0x8599,   // 0x6160 (24928) pixels
0x8599, 0x8599, 0x8599, 0x8599, 0x8599, 0x8599, 0x8599, 0x8599, 0x8599, 0x8599, 0x8599, 0x8599, 0x8599, 0x8599, 0x8599, 0x8599,   // 0x6170 (24944) pixels
0x8599, 0x8599, 0x8599, 0x8599, 0x8599, 0x8599, 0x8599, 0x8599, 0x8599, 0x8599, 0x8599, 0x8599, 0x8599, 0x8599, 0x8599, 0x8599,   // 0x6180 (24960) pixels
0x8599, 0x8599, 0x8599, 0x8599, 0x8599, 0x8599, 0x8599, 0x8599, 0x8599, 0x8599, 0x8599, 0x8599, 0x8599, 0x8599, 0x8599, 0x8599,   // 0x6190 (24976) pixels
0x8599, 0x8599, 0x8599, 0x8599, 0x8599, 0x8599, 0x8599, 0x8599, 0x8599, 0x8599, 0x8599, 0x8599, 0x8599, 0x8599, 0x8599, 0x8599,   // 0x61A0 (24992) pixels
0x8599, 0x8599, 0x8599, 0x8599, 0x8599, 0x8599, 0x8599, 0x8599, 0x8599, 0x8599, 0x8599, 0x8599, 0x8599, 0x8599, 0x8599, 0x8599,   // 0x61B0 (25008) pixels
0x8599, 0x8599, 0x8599, 0x8599, 0x8599, 0x8599, 0x8599, 0x8599, 0x8599, 0x8599, 0x8599, 0x8599, 0x8599, 0x8599, 0x8599, 0x8599,   // 0x61C0 (25024) pixels
0x8599, 0x8599, 0x8599, 0x8599, 0x8599, 0x8599, 0x8599, 0x8599, 0x8599, 0x8D99, 0x8D79, 0x9599, 0xA5BA, 0xADDA, 0xB5BA, 0xB59A,   // 0x61D0 (25040) pixels
0xB55A, 0xB53A, 0xB519, 0xAD19, 0xB519, 0xB53A, 0xAD19, 0xA4B8, 0x9436, 0x6B12, 0x52B0, 0x8435, 0xAD9A, 0xB5FB, 0xB63B, 0xAE1A,   // 0x61E0 (25056) pixels
0xAE1A, 0xAE1A, 0xAE1A, 0xAE1A, 0xAE1A, 0xAE1A, 0xAE1A, 0xAE1A, 0xAE1A, 0xADFA, 0xADFA, 0xADFA, 0xADF9, 0xADF9, 0xA5D8, 0xA597,   // 0x61F0 (25072) pixels
0x9D97, 0x9D77, 0x9D77, 0x9D56, 0x9D56, 0x9D56, 0x9D36, 0x9516, 0x94F5, 0x8CD5, 0x84B4, 0x7C74, 0x7C53, 0x7433, 0x6C13, 0x6BF2,   // 0x6200 (25088) pixels
0x6BF2, 0x6C12, 0x6C13, 0x7454, 0x7C95, 0x84F6, 0x8D37, 0x9598, 0x9DB9, 0x9DB9, 0x9DD9, 0xA5D9, 0xA5D9, 0xADF9, 0xADF9, 0xA5F9,   // 0x6210 (25104) pixels
0xA5F9, 0xA5F9, 0xA5F9, 0xA5F9, 0xA5F9, 0xA5F9, 0xA5F9, 0xA5D9, 0xA5B9, 0x9D98, 0x9558, 0x9537, 0x8D17, 0x8CF6, 0x84F5, 0x84F6,   // 0x6220 (25120) pixels
0x84F6, 0x84F6, 0x84F6, 0x84F6, 0x84F6, 0x8D17, 0x8D58, 0x9578, 0x9578, 0x9D99, 0x9DB9, 0x9DB9, 0xA5B9, 0x9DB9, 0x9DB9, 0x9DB9,   // 0x6230 (25136) pixels
0x9DB9, 0xA5D9, 0xA5F9, 0xA5F9, 0xA5F9, 0xA5F9, 0xA5F9, 0xA5F9, 0xA5F9, 0xA5F9, 0xA5F9, 0xA5F9, 0xA5D9, 0xA5FA, 0xA5DA, 0xA5DA,   // 0x6240 (25152) pixels
0xA5FA, 0xA5DA, 0xA5DA, 0xA5D9, 0xA5D9, 0xA5F9, 0xADD9, 0xADFA, 0xADD9, 0xA5B9, 0xADDA, 0xADDA, 0xADDB, 0x9518, 0x6372, 0x4AAF,   // 0x6250 (25168) pixels
0x52B0, 0x6B32, 0x9477, 0xAD1A, 0xAD1A, 0xACF9, 0xACD8, 0xB4F8, 0xB4B8, 0xACB7, 0xAC97, 0xA477, 0x9C36, 0x9416, 0x8395, 0x7B74,   // 0x6260 (25184) pixels
0x7334, 0x6B13, 0x6AD2, 0x6291, 0x5A4F, 0x5A0D, 0x624C, 0x72CC, 0x938C, 0xBCAE, 0xCD0E, 0xCCED, 0xCCAB, 0xB408, 0xB3C8, 0xB3C9,   // 0x6270 (25200) pixels
0xB3C9, 0xBC2B, 0xBC4C, 0xAC4C, 0xA46E, 0xA490, 0x9CF2, 0x9D35, 0x9D77, 0x9578, 0x8D79, 0x8D7A, 0x8D7A, 0x8D9A, 0x859A, 0x8579,   // 0x6280 (25216) pixels
0x8599, 0x8599, 0x8599, 0x8599, 0x8599, 0x8599, 0x8599, 0x8599, 0x8599, 0x8599, 0x8599, 0x8599, 0x8599, 0x8599, 0x8599, 0x8599,   // 0x6290 (25232) pixels
0x8599, 0x8599, 0x8599, 0x8599, 0x8599, 0x8599, 0x8599, 0x8599, 0x8599, 0x8599, 0x8599, 0x8599, 0x8599, 0x8599, 0x8599, 0x8599,   // 0x62A0 (25248) pixels
0x8599, 0x8599, 0x8599, 0x8599, 0x8599, 0x8599, 0x8599, 0x8599, 0x8599, 0x8599, 0x8599, 0x8599, 0x8599, 0x8599, 0x8599, 0x8599,   // 0x62B0 (25264) pixels
0x8599, 0x8599, 0x8599, 0x8599, 0x8599, 0x8599, 0x8599, 0x8599, 0x8599, 0x8599, 0x8599, 0x8599, 0x8599, 0x8599, 0x8599, 0x8599,   // 0x62C0 (25280) pixels
0x8599, 0x8599, 0x8599, 0x8599, 0x8599, 0x8599, 0x8599, 0x8599, 0x8599, 0x8599, 0x8599, 0x8599, 0x8599, 0x8599, 0x8599, 0x8599,   // 0x62D0 (25296) pixels
0x8599, 0x8599, 0x8599, 0x8599, 0x8599, 0x8599, 0x8599, 0x8599, 0x8599, 0x8599, 0x8599, 0x8599, 0x8599, 0x8599, 0x8599, 0x8599,   // 0x62E0 (25312) pixels
0x8599, 0x8599, 0x8599, 0x8599, 0x8599, 0x8599, 0x8599, 0x8599, 0x8599, 0x8599, 0x8599, 0x8599, 0x8599, 0x8599, 0x8599, 0x8599,   // 0x62F0 (25328) pixels
0x8599, 0x8599, 0x8599, 0x8599, 0x8599, 0x8599, 0x8599, 0x8599, 0x8599, 0x8599, 0x8599, 0x8599, 0x8599, 0x8599, 0x8599, 0x8599,   // 0x6300 (25344) pixels
0x8599, 0x85B9, 0x8599, 0x8599, 0x85B9, 0x85B9, 0x85B9, 0x85B9, 0x8599, 0x8D99, 0x9579, 0x9D99, 0xA59A, 0xB5BA, 0xB5BA, 0xB57A,   // 0x6310 (25360) pixels
0xB53A, 0xB53A, 0xB519, 0xACF9, 0xB53A, 0xB55A, 0xACF9, 0x9C77, 0x7BB4, 0x6B32, 0x6331, 0x94B7, 0xB5FB, 0xB5FB, 0xB61B, 0xADFA,   // 0x6320 (25376) pixels
0xADFA, 0xAE1A, 0xB63A, 0xB63A, 0xAE3A, 0xAE3A, 0xB61A, 0xB63A, 0xB61A, 0xAE1A, 0xAE1A, 0xB61A, 0xB61A, 0xADF9, 0xADD8, 0xA597,   // 0x6330 (25392) pixels
0x9D77, 0x9D56, 0x9516, 0x9515, 0x94F5, 0x94F5, 0x8CB5, 0x8494, 0x8494, 0x7C74, 0x7C74, 0x7C53, 0x7433, 0x7433, 0x7433, 0x6C13,   // 0x6340 (25408) pixels
0x7474, 0x7C74, 0x84B5, 0x8D16, 0x9557, 0x9578, 0x9DB9, 0xA5FA, 0xA5FA, 0xA5FA, 0xA5DA, 0xA5F9, 0xADF9, 0xAE19, 0xADF9, 0xA5D9,   // 0x6350 (25424) pixels
0xA5F9, 0xA5F9, 0xA5F9, 0xA5F9, 0xADF9, 0xADF9, 0xA5FA, 0xA5F9, 0xA5F9, 0xA5D9, 0x9DB9, 0x9DB8, 0x9D98, 0x9D78, 0x9558, 0x9558,   // 0x6360 (25440) pixels
0x9578, 0x9578, 0x9578, 0x9578, 0x9578, 0x9599, 0x9DB9, 0x9DB9, 0x9DB9, 0xA5D9, 0xA5DA, 0xA5FA, 0xA5DA, 0xA5DA, 0xA5DA, 0xA5DA,   // 0x6370 (25456) pixels
0xA5D9, 0xA5F9, 0xA619, 0xA5F9, 0xA5F9, 0xA5F9, 0xA5F9, 0xA5F9, 0xA5F9, 0xA5F9, 0xA5F9, 0xA5F9, 0xA5F9, 0xA5FA, 0xA5FA, 0xA5FA,   // 0x6380 (25472) pixels
0xA5FA, 0xA5FA, 0xA5FA, 0xA5FA, 0xA5F9, 0xA5F9, 0xADFA, 0xADFA, 0xA5B9, 0xA5B9, 0xADFA, 0xADDA, 0xA5BA, 0x8CB7, 0x5310, 0x426E,   // 0x6390 (25488) pixels
0x6311, 0x7BB4, 0x9CB8, 0xB53A, 0xB53A, 0xACF9, 0xB4D9, 0xB4F9, 0xACD8, 0xACB7, 0xA497, 0x9C56, 0x9416, 0x8BD6, 0x8395, 0x7B54,   // 0x63A0 (25504) pixels
0x7314, 0x6AF3, 0x62B2, 0x6271, 0x5A2F, 0x5A2D, 0x6A8D, 0x830D, 0x9BED, 0xBCCF, 0xC4CD, 0xC48B, 0xBC2A, 0xAB87, 0xA367, 0xB3C9,   // 0x63B0 (25520) pixels
0xB3E9, 0xB42B, 0xB44C, 0xA44D, 0xA46E, 0x9CB1, 0x9CF3, 0x9D56, 0x9577, 0x9579, 0x8D79, 0x8D7A, 0x857A, 0x859A, 0x859A, 0x8599,   // 0x63C0 (25536) pixels
0x8599, 0x8599, 0x8599, 0x8599, 0x8599, 0x8599, 0x8599, 0x8599, 0x8599, 0x8599, 0x8599, 0x8599, 0x8599, 0x8599, 0x8599, 0x8599,   // 0x63D0 (25552) pixels
0x8599, 0x8599, 0x8599, 0x8599, 0x8599, 0x8599, 0x8599, 0x8599, 0x8599, 0x8599, 0x8599, 0x8599, 0x8599, 0x8599, 0x8599, 0x8599,   // 0x63E0 (25568) pixels
0x8599, 0x8599, 0x8599, 0x8599, 0x8599, 0x8599, 0x8599, 0x8599, 0x8599, 0x8599, 0x8599, 0x8599, 0x8599, 0x8599, 0x8599, 0x8599,   // 0x63F0 (25584) pixels
0x8599, 0x8599, 0x8599, 0x8599, 0x8599, 0x8599, 0x8599, 0x8599, 0x859A, 0x859A, 0x859A, 0x859A, 0x859A, 0x859A, 0x859A, 0x859A,   // 0x6400 (25600) pixels
0x8599, 0x8599, 0x8599, 0x8599, 0x8599, 0x8599, 0x8599, 0x8599, 0x8599, 0x8599, 0x8599, 0x8599, 0x8599, 0x8599, 0x8599, 0x8599,   // 0x6410 (25616) pixels
0x8599, 0x8599, 0x8599, 0x8599, 0x8599, 0x8599, 0x8599, 0x8599, 0x8599, 0x8599, 0x8599, 0x8599, 0x8599, 0x8599, 0x8599, 0x8599,   // 0x6420 (25632) pixels
0x8599, 0x8599, 0x8599, 0x8599, 0x8599, 0x8599, 0x8599, 0x8599, 0x8599, 0x8599, 0x8599, 0x8599, 0x8599, 0x8599, 0x8599, 0x8599,   // 0x6430 (25648) pixels
0x8599, 0x8599, 0x8599, 0x8599, 0x8599, 0x8599, 0x8599, 0x8599, 0x8D99, 0x8D99, 0x8D99, 0x8D99, 0x8D99, 0x8D99, 0x8D99, 0x8599,   // 0x6440 (25664) pixels
0x8599, 0x8599, 0x8599, 0x8599, 0x859A, 0x859A, 0x8599, 0x8599, 0x8D79, 0x8D79, 0x9579, 0xA59A, 0xB5BB, 0xB5BA, 0xB57A, 0xB55A,   // 0x6450 (25680) pixels
0xB53A, 0xAD19, 0xB53A, 0xAD19, 0xACF9, 0xB55A, 0xAD19, 0x83D4, 0x6B31, 0x6B52, 0x7BF4, 0x9D18, 0xB61B, 0xB63C, 0xADFA, 0xAE1A,   // 0x6460 (25696) pixels
0xAE3A, 0xAE3A, 0xAE3A, 0xAE1A, 0xAE1A, 0xAE1A, 0xAE1A, 0xAE1A, 0xAE1A, 0xAE1A, 0xB61A, 0xB61A, 0xADFA, 0xADF9, 0xADD9, 0xA5B8,   // 0x6470 (25712) pixels
0x9D98, 0x9D77, 0x9536, 0x9516, 0x8CF5, 0x84D5, 0x84B5, 0x84B5, 0x7C94, 0x7C74, 0x7C74, 0x7474, 0x7C74, 0x7C95, 0x84B5, 0x84D6,   // 0x6480 (25728) pixels
0x9537, 0x9557, 0x9578, 0x9D78, 0x9D98, 0x9DB9, 0xA5D9, 0xA5F9, 0xA5F9, 0xA5F9, 0xA5F9, 0xA5F9, 0xA5F9, 0xA5F9, 0xA5F9, 0xA5F9,   // 0x6490 (25744) pixels
0xA5F9, 0xA5F9, 0xA5D9, 0xA5D9, 0xA5F9, 0xA5F9, 0xA5D9, 0xA5D9, 0xA5F9, 0xA5F9, 0xA5D9, 0xA5D9, 0xA5D9, 0xA5D9, 0xA5D9, 0xA5D9,   // 0x64A0 (25760) pixels
0xA5B9, 0x9DB9, 0x9DB9, 0x9DB9, 0x9DB9, 0x9DD9, 0xA5D9, 0xA5D9, 0xA5DA, 0xA5DA, 0xA5DA, 0xA5DA, 0xA5DA, 0xA5DA, 0xA5DA, 0xA5F9,   // 0x64B0 (25776) pixels
0xA5F9, 0xA5F9, 0xA5F9, 0xA5F9, 0xA5F9, 0xA5F9, 0xA5F9, 0xA5F9, 0xA5F9, 0xA5F9, 0xA5F9, 0xA5F9, 0xA5F9, 0xA5F9, 0xA5F9, 0xA5F9,   // 0x64C0 (25792) pixels
0xADD9, 0xADD9, 0xADD9, 0xA5F9, 0xA5FA, 0xA5FA, 0xA5FA, 0xA5FA, 0xA5DA, 0xADFA, 0xAE1B, 0xA5BA, 0x9D59, 0x7C14, 0x426E, 0x422D,   // 0x64D0 (25808) pixels
0x6B52, 0x8C36, 0xA4B8, 0xAD19, 0xB519, 0xACD8, 0xB4F9, 0xB4F8, 0xACB8, 0xAC98, 0xA477, 0x9C37, 0x93F6, 0x8BB5, 0x7B74, 0x7334,   // 0x64E0 (25824) pixels
0x6AF3, 0x62D2, 0x6291, 0x5A50, 0x51EE, 0x51ED, 0x6A6D, 0x82ED, 0x9BAD, 0xB42D, 0xBC4C, 0xB40A, 0xABA8, 0x9B26, 0x9B26, 0xABC9,   // 0x64F0 (25840) pixels
0xB40A, 0xAC2B, 0xAC4C, 0xA46E, 0x9C90, 0x9CF2, 0x9D35, 0x9D77, 0x9578, 0x8D79, 0x8D79, 0x8D99, 0x8D99, 0x859A, 0x859A, 0x8599,   // 0x6500 (25856) pixels
0x8599, 0x8599, 0x8599, 0x8599, 0x8599, 0x8599, 0x8599, 0x8599, 0x8599, 0x8599, 0x8599, 0x8599, 0x8599, 0x8599, 0x8599, 0x8599,   // 0x6510 (25872) pixels
0x8599, 0x8599, 0x8599, 0x8599, 0x8599, 0x8599, 0x8599, 0x8599, 0x8599, 0x8599, 0x8599, 0x8599, 0x8599, 0x8599, 0x8599, 0x8599,   // 0x6520 (25888) pixels
0x8599, 0x8599, 0x8599, 0x8599, 0x8599, 0x8599, 0x8599, 0x8599, 0x8599, 0x8599, 0x8599, 0x8599, 0x8599, 0x8599, 0x8599, 0x8599,   // 0x6530 (25904) pixels
0x8599, 0x8599, 0x8599, 0x8599, 0x8599, 0x8599, 0x8599, 0x8599, 0x8599, 0x8599, 0x8599, 0x8599, 0x8599, 0x8599, 0x8599, 0x8599,   // 0x6540 (25920) pixels
0x8599, 0x8599, 0x8599, 0x8599, 0x8599, 0x8599, 0x8599, 0x8599, 0x8599, 0x8599, 0x8599, 0x8599, 0x8599, 0x8599, 0x8599, 0x8599,   // 0x6550 (25936) pixels
0x8599, 0x8599, 0x8599, 0x8599, 0x8599, 0x8599, 0x8599, 0x8599, 0x8599, 0x8599, 0x8599, 0x8599, 0x8599, 0x8599, 0x8599, 0x8599,   // 0x6560 (25952) pixels
0x8599, 0x8599, 0x8599, 0x8599, 0x8599, 0x8599, 0x8599, 0x8599, 0x8599, 0x8599, 0x8599, 0x8599, 0x8599, 0x8599, 0x8599, 0x8599,   // 0x6570 (25968) pixels
0x8599, 0x8599, 0x8599, 0x8599, 0x8599, 0x8599, 0x8599, 0x8599, 0x8D99, 0x8D99, 0x8D99, 0x8D99, 0x8D99, 0x8D99, 0x8D99, 0x8D99,   // 0x6580 (25984) pixels
0x8599, 0x8599, 0x8599, 0x8599, 0x8599, 0x8599, 0x8D99, 0x8D79, 0x8D59, 0x9559, 0x9D7A, 0xAD9A, 0xB5BB, 0xBDBB, 0xBD7A, 0xB559,   // 0x6590 (26000) pixels
0xB539, 0xAD19, 0xB53A, 0xB519, 0xACF9, 0xB53A, 0xA4B8, 0x7352, 0x62F0, 0x73B3, 0x9496, 0xAD9A, 0xBE3C, 0xB63B, 0xADFA, 0xADFA,   // 0x65A0 (26016) pixels
0xAE1A, 0xAE1A, 0xAE1A, 0xAE1A, 0xAE1A, 0xAE1A, 0xAE1A, 0xAE1A, 0xAE1A, 0xAE1A, 0xB61A, 0xAE1A, 0xADFA, 0xADFA, 0xADD9, 0xADD9,   // 0x65B0 (26032) pixels
0xA5B8, 0xA5B8, 0x9D77, 0x9D57, 0x9537, 0x9536, 0x8D16, 0x8D16, 0x8CF6, 0x8CF6, 0x8CF6, 0x8D16, 0x8D37, 0x9558, 0x9D78, 0x9D99,   // 0x65C0 (26048) pixels
0x9D99, 0x9DB9, 0xA5B9, 0xA5B9, 0xA5B9, 0xA5D9, 0xA5D9, 0xA5F9, 0xA5F9, 0xA5F9, 0xA5F9, 0xA5F9, 0xA5F9, 0xA5F9, 0xA5F9, 0xA5F9,   // 0x65D0 (26064) pixels
0xADF9, 0xA5F9, 0xA5D9, 0xA5F9, 0xA5F9, 0xA5F9, 0xA5F9, 0xA5D9, 0xA5F9, 0xA5D9, 0xA5D9, 0xA5D9, 0xA5D9, 0xA5D9, 0xA5D9, 0xA5D9,   // 0x65E0 (26080) pixels
0xA5D9, 0xA5D9, 0xA5D9, 0xA5D9, 0xA5D9, 0xA5F9, 0xA5F9, 0xA5FA, 0xA5F9, 0xA5F9, 0xA5F9, 0xA5F9, 0xA5F9, 0xA5F9, 0xA5F9, 0xA5F9,   // 0x65F0 (26096) pixels
0xA5F9, 0xA5F9, 0xA5F9, 0xA5F9, 0xA5F9, 0xA5F9, 0xA5F9, 0xA5F9, 0xA5F9, 0xA5F9, 0xA5F9, 0xA5F9, 0xA5F9, 0xA5F9, 0xA5F9, 0xADF9,   // 0x6600 (26112) pixels
0xADD9, 0xADD9, 0xADD9, 0xA5F9, 0xADFA, 0xA5FA, 0xA5FA, 0xA5FA, 0xA5DA, 0xA5DA, 0xADFB, 0x9D79, 0x8CD7, 0x6BB3, 0x426E, 0x422D,   // 0x6610 (26128) pixels
0x7BB4, 0x9C77, 0xA4D8, 0xACF9, 0xACF9, 0xACD8, 0xB4F8, 0xACD8, 0xACB8, 0xA498, 0x9C57, 0x9416, 0x8BD6, 0x83B5, 0x7B54, 0x7314,   // 0x6620 (26144) pixels
0x6AD3, 0x62B2, 0x5A71, 0x5A50, 0x51EE, 0x51ED, 0x5A0C, 0x6A6B, 0x82CA, 0x934A, 0x9B48, 0x9B27, 0x92E5, 0x8AA4, 0x92E5, 0xA388,   // 0x6630 (26160) pixels
0xB42A, 0xAC4B, 0xAC6D, 0xA46E, 0x9CB1, 0x9CF3, 0x9D36, 0x9557, 0x9578, 0x8D99, 0x8D99, 0x8D99, 0x859A, 0x859A, 0x85BA, 0x85BA,   // 0x6640 (26176) pixels
0x8599, 0x8599, 0x8599, 0x8599, 0x8599, 0x8599, 0x8599, 0x8599, 0x8599, 0x8599, 0x8599, 0x8599, 0x8599, 0x8599, 0x8599, 0x8599,   // 0x6650 (26192) pixels
0x8599, 0x8599, 0x8599, 0x8599, 0x8599, 0x8599, 0x8599, 0x8599, 0x8599, 0x8599, 0x8599, 0x8599, 0x8599, 0x8599, 0x8599, 0x8599,   // 0x6660 (26208) pixels
0x8599, 0x8599, 0x8599, 0x8599, 0x8599, 0x8599, 0x8599, 0x8599, 0x8599, 0x8599, 0x8599, 0x8599, 0x8599, 0x8599, 0x8599, 0x8599,   // 0x6670 (26224) pixels
0x8599, 0x8599, 0x8599, 0x8599, 0x8599, 0x8599, 0x8599, 0x8599, 0x8599, 0x8599, 0x8599, 0x8599, 0x8599, 0x8599, 0x8599, 0x8599,   // 0x6680 (26240) pixels
0x8599, 0x8599, 0x8599, 0x8599, 0x8599, 0x8599, 0x8599, 0x8599, 0x8599, 0x8599, 0x8599, 0x8599, 0x8599, 0x8599, 0x8599, 0x8599,   // 0x6690 (26256) pixels
0x8599, 0x8599, 0x8599, 0x8599, 0x8599, 0x8599, 0x8599, 0x8599, 0x8599, 0x8599, 0x8599, 0x8599, 0x8599, 0x8599, 0x8599, 0x8599,   // 0x66A0 (26272) pixels
0x8599, 0x8599, 0x8599, 0x8599, 0x8599, 0x8599, 0x8599, 0x8599, 0x8599, 0x8599, 0x8599, 0x8599, 0x8599, 0x8599, 0x8599, 0x8599,   // 0x66B0 (26288) pixels
0x8599, 0x8599, 0x8599, 0x8599, 0x8599, 0x8599, 0x8599, 0x8599, 0x8D99, 0x8D99, 0x8D99, 0x8D99, 0x8D99, 0x8D99, 0x8D99, 0x8D99,   // 0x66C0 (26304) pixels
0x8599, 0x8599, 0x8599, 0x8599, 0x8599, 0x8599, 0x8D79, 0x8D79, 0x8D79, 0x9579, 0xA59A, 0xADBB, 0xB5BB, 0xBD9B, 0xBD7A, 0xB539,   // 0x66D0 (26320) pixels
0xB53A, 0xB519, 0xB53A, 0xB53A, 0xAD19, 0xACF9, 0x9456, 0x6B32, 0x5AD0, 0x8415, 0xA559, 0xB5FB, 0xBE3C, 0xB61B, 0xADFA, 0xAE1A,   // 0x66E0 (26336) pixels
0xAE1A, 0xAE1A, 0xAE1A, 0xAE1A, 0xAE1A, 0xAE1A, 0xB61A, 0xB61A, 0xAE1A, 0xAE1A, 0xAE1A, 0xAE1A, 0xAE1A, 0xADFA, 0xADFA, 0xADF9,   // 0x66F0 (26352) pixels
0xADF9, 0xADD9, 0xA5D9, 0xA5B8, 0x9DB8, 0x9D98, 0x9D98, 0x9D98, 0x9D98, 0x9D98, 0x9D98, 0x9D98, 0x9DB9, 0xA5D9, 0xA5DA, 0xA5FA,   // 0x6700 (26368) pixels
0xA5FA, 0xA5FA, 0xA5FA, 0xA5FA, 0xA5F9, 0xA5F9, 0xA5F9, 0xA5F9, 0xA5F9, 0xA5F9, 0xA5F9, 0xA5F9, 0xA5F9, 0xA5F9, 0xA5F9, 0xA5F9,   // 0x6710 (26384) pixels
0xADF9, 0xADF9, 0xA5F9, 0xA5F9, 0xADF9, 0xADF9, 0xA5F9, 0xA5F9, 0xA5D9, 0xA5D9, 0xA5D9, 0xA5F9, 0xA5F9, 0xA5F9, 0xADF9, 0xADF9,   // 0x6720 (26400) pixels
0xA5FA, 0xA5F9, 0xA5F9, 0xA5F9, 0xA5F9, 0xA5FA, 0xADFA, 0xADFA, 0xA5F9, 0xA5F9, 0xA5F9, 0xA5F9, 0xA5F9, 0xA5F9, 0xA5F9, 0xA5F9,   // 0x6730 (26416) pixels
0xA5F9, 0xA5F9, 0xA5F9, 0xA5F9, 0xA5F9, 0xA5F9, 0xA5F9, 0xA5F9, 0xA5F9, 0xA5F9, 0xA5F9, 0xA5F9, 0xA5F9, 0xA5F9, 0xA5F9, 0xADF9,   // 0x6740 (26432) pixels
0xADD9, 0xADD9, 0xADF9, 0xA5F9, 0xADFA, 0xA5FA, 0xA5FA, 0xA5FA, 0xA5DA, 0xA5DA, 0xADFB, 0x9D59, 0x7C34, 0x5B31, 0x4A8E, 0x4A8E,   // 0x6750 (26448) pixels
0x8C36, 0xA4D9, 0xAD19, 0xACF9, 0xACF8, 0xACD8, 0xB4F9, 0xACD8, 0xAC98, 0xA477, 0x9C37, 0x9416, 0x8BB5, 0x8395, 0x7334, 0x6AF3,   // 0x6760 (26464) pixels
0x62D2, 0x6292, 0x5A51, 0x5A50, 0x520F, 0x51ED, 0x51CA, 0x59C9, 0x6A28, 0x7A87, 0x82A6, 0x8A84, 0x8A84, 0x8A84, 0x9AE5, 0xA368,   // 0x6770 (26480) pixels
0xABEA, 0xAC2B, 0xAC4D, 0xA46F, 0x9CB1, 0xA514, 0x9D77, 0x9D98, 0x9578, 0x8D99, 0x8D99, 0x8D99, 0x859A, 0x859A, 0x85BA, 0x85BA,   // 0x6780 (26496) pixels
0x8599, 0x8599, 0x8599, 0x8599, 0x8599, 0x8599, 0x8599, 0x8599, 0x8599, 0x8599, 0x8599, 0x8599, 0x8599, 0x8599, 0x8599, 0x8599,   // 0x6790 (26512) pixels
0x8599, 0x8599, 0x8599, 0x8599, 0x8599, 0x8599, 0x8599, 0x8599, 0x8599, 0x8599, 0x8599, 0x8599, 0x8599, 0x8599, 0x8599, 0x8599,   // 0x67A0 (26528) pixels
0x8599, 0x8599, 0x8599, 0x8599, 0x8599, 0x8599, 0x8599, 0x8599, 0x8599, 0x8599, 0x8599, 0x8599, 0x8599, 0x8599, 0x8599, 0x8599,   // 0x67B0 (26544) pixels
0x8599, 0x8599, 0x8599, 0x8599, 0x8599, 0x8599, 0x8599, 0x8599, 0x8599, 0x8599, 0x8599, 0x8599, 0x8599, 0x8599, 0x8599, 0x8599,   // 0x67C0 (26560) pixels
0x8599, 0x8599, 0x8599, 0x8599, 0x8599, 0x8599, 0x8599, 0x8599, 0x8599, 0x8599, 0x8599, 0x8599, 0x8599, 0x8599, 0x8599, 0x8599,   // 0x67D0 (26576) pixels
0x8599, 0x8599, 0x8599, 0x8599, 0x8599, 0x8599, 0x8599, 0x8599, 0x8599, 0x8599, 0x8599, 0x8599, 0x8599, 0x8599, 0x8599, 0x8599,   // 0x67E0 (26592) pixels
0x8599, 0x8599, 0x8599, 0x8599, 0x8599, 0x8599, 0x8599, 0x8599, 0x8599, 0x8599, 0x8599, 0x8599, 0x8599, 0x8599, 0x8599, 0x8599,   // 0x67F0 (26608) pixels
0x859A, 0x859A, 0x859A, 0x859A, 0x859A, 0x859A, 0x859A, 0x859A, 0x8D9A, 0x8D9A, 0x8D9A, 0x8D9A, 0x8D9A, 0x8D9A, 0x8D9A, 0x8D9A,   // 0x6800 (26624) pixels
0x8599, 0x8599, 0x8599, 0x8599, 0x8599, 0x8D99, 0x8D79, 0x8D79, 0x9579, 0x9D7A, 0xA59A, 0xB5BB, 0xBDBB, 0xBD9B, 0xB55A, 0xB539,   // 0x6810 (26640) pixels
0xB55A, 0xB519, 0xB539, 0xB53A, 0xAD19, 0xA4B8, 0x83F5, 0x6B31, 0x6310, 0x9496, 0xB5DB, 0xB61B, 0xB5FB, 0xADFA, 0xAE1A, 0xAE1B,   // 0x6820 (26656) pixels
0xAE1A, 0xAE1A, 0xAE1A, 0xAE1A, 0xAE1A, 0xAE1A, 0xAE1A, 0xAE1A, 0xAE1A, 0xAE1A, 0xADFA, 0xADFA, 0xADFA, 0xADFA, 0xADFA, 0xAE1A,   // 0x6830 (26672) pixels
0xAE1A, 0xADF9, 0xADF9, 0xADF9, 0xA5F9, 0xA5D9, 0xA5D9, 0xA5D9, 0xA5D9, 0xA5D9, 0xA5D9, 0xA5D9, 0xA5DA, 0xA5DA, 0xA5DA, 0xA5DA,   // 0x6840 (26688) pixels
0xADFA, 0xADFA, 0xADFA, 0xA5FA, 0xA5FA, 0xADFA, 0xADF9, 0xAE1A, 0xADF9, 0xADF9, 0xADF9, 0xADF9, 0xAE19, 0xAE19, 0xAE19, 0xAE19,   // 0x6850 (26704) pixels
0xADFA, 0xADF9, 0xADF9, 0xADF9, 0xADF9, 0xADF9, 0xADF9, 0xA5F9, 0xA5D9, 0xA5D9, 0xA5D9, 0xA5F9, 0xA5F9, 0xADF9, 0xADF9, 0xADF9,   // 0x6860 (26720) pixels
0xA5FA, 0xA5F9, 0xA5F9, 0xA5F9, 0xA5F9, 0xA5F9, 0xA5F9, 0xA5FA, 0xA5F9, 0xA5F9, 0xA5F9, 0xA5F9, 0xA5F9, 0xA5F9, 0xA5F9, 0xA5F9,   // 0x6870 (26736) pixels
0xA5F9, 0xA5F9, 0xA5F9, 0xA5F9, 0xA5F9, 0xA5F9, 0xA5F9, 0xA5F9, 0xA5F9, 0xA5F9, 0xA5F9, 0xA5F9, 0xA5F9, 0xA5F9, 0xA5F9, 0xA5F9,   // 0x6880 (26752) pixels
0xADF9, 0xADF9, 0xADF9, 0xA5F9, 0xA5F9, 0xA5F9, 0xA5FA, 0xA5FA, 0xA5FA, 0xA5DA, 0xADFB, 0x9538, 0x6392, 0x4AAF, 0x52D0, 0x6311,   // 0x6890 (26768) pixels
0x9477, 0xAD1A, 0xB519, 0xACF9, 0xACD8, 0xACD8, 0xACF9, 0xACB8, 0xA498, 0xA477, 0x9C37, 0x8BD6, 0x83B5, 0x7B74, 0x7313, 0x6AD2,   // 0x68A0 (26784) pixels
0x62B2, 0x5A92, 0x5A51, 0x5A51, 0x5A30, 0x520E, 0x51AB, 0x4988, 0x5986, 0x61E5, 0x7224, 0x7A44, 0x8264, 0x8A84, 0x92C5, 0x9B06,   // 0x68B0 (26800) pixels
0xA389, 0xABEC, 0xAC4E, 0xA490, 0xA4D2, 0xA555, 0xA577, 0x9D98, 0x9599, 0x8D99, 0x8D99, 0x8599, 0x859A, 0x859A, 0x85BA, 0x85BA,   // 0x68C0 (26816) pixels
0x85B9, 0x8599, 0x8599, 0x8599, 0x8599, 0x8599, 0x8599, 0x8599, 0x8599, 0x8599, 0x8599, 0x8599, 0x8599, 0x8599, 0x8599, 0x8599,   // 0x68D0 (26832) pixels
0x859A, 0x859A, 0x859A, 0x859A, 0x859A, 0x859A, 0x859A, 0x859A, 0x859A, 0x859A, 0x859A, 0x859A, 0x859A, 0x859A, 0x859A, 0x859A,   // 0x68E0 (26848) pixels
0x859A, 0x859A, 0x859A, 0x859A, 0x859A, 0x859A, 0x859A, 0x859A, 0x859A, 0x859A, 0x859A, 0x859A, 0x859A, 0x859A, 0x859A, 0x859A,   // 0x68F0 (26864) pixels
0x859A, 0x859A, 0x859A, 0x859A, 0x859A, 0x859A, 0x859A, 0x859A, 0x859A, 0x859A, 0x859A, 0x859A, 0x859A, 0x859A, 0x859A, 0x859A,   // 0x6900 (26880) pixels
0x8599, 0x8599, 0x8599, 0x8599, 0x8599, 0x8599, 0x8599, 0x8599, 0x8599, 0x8599, 0x8599, 0x8599, 0x8599, 0x8599, 0x8599, 0x8599,   // 0x6910 (26896) pixels
0x8DB9, 0x8DB9, 0x8DB9, 0x8DB9, 0x8DB9, 0x8DB9, 0x8DB9, 0x8DB9, 0x8DB9, 0x8DB9, 0x8DB9, 0x8DB9, 0x8DB9, 0x8DB9, 0x8DB9, 0x8DB9,   // 0x6920 (26912) pixels
0x8DB9, 0x8DB9, 0x8DB9, 0x8DB9, 0x8DB9, 0x8DB9, 0x8DB9, 0x8DB9, 0x8599, 0x8599, 0x8599, 0x8599, 0x8599, 0x8599, 0x8599, 0x8599,   // 0x6930 (26928) pixels
0x859A, 0x859A, 0x859A, 0x859A, 0x859A, 0x859A, 0x859A, 0x859A, 0x8D9A, 0x8D9A, 0x8D9A, 0x8D9A, 0x8D9A, 0x8D9A, 0x8D9A, 0x859A,   // 0x6940 (26944) pixels
0x85B9, 0x85B9, 0x8599, 0x8599, 0x8599, 0x8D99, 0x8D79, 0x8D79, 0x957A, 0x9D9A, 0xADBB, 0xB5BB, 0xBDBB, 0xBD7A, 0xBD5A, 0xB539,   // 0x6950 (26960) pixels
0xB53A, 0xB519, 0xB519, 0xB53A, 0xACF9, 0x8C35, 0x7372, 0x6B31, 0x7392, 0x9CF8, 0xBE1C, 0xB61B, 0xADFA, 0xADFA, 0xAE1A, 0xAE1B,   // 0x6960 (26976) pixels
0xAE1A, 0xAE1A, 0xAE1A, 0xAE1A, 0xAE1A, 0xAE1A, 0xAE1A, 0xAE1A, 0xAE1A, 0xAE1A, 0xADFA, 0xADFA, 0xADFA, 0xADFA, 0xADFA, 0xADFA,   // 0x6970 (26992) pixels
0xAE1A, 0xAE19, 0xAE1A, 0xADFA, 0xADFA, 0xADF9, 0xA5F9, 0xA5F9, 0xA5F9, 0xA5F9, 0xA5FA, 0xA5FA, 0xA5FA, 0xA5FA, 0xA5FA, 0xA5FA,   // 0x6980 (27008) pixels
0xA5FA, 0xA5FA, 0xA5F9, 0xA5F9, 0xA5FA, 0xADFA, 0xAE1A, 0xAE1A, 0xAE1A, 0xAE1A, 0xAE19, 0xAE19, 0xAE19, 0xAE19, 0xAE19, 0xAE19,   // 0x6990 (27024) pixels
0xADFA, 0xADF9, 0xADF9, 0xADF9, 0xADF9, 0xADF9, 0xADF9, 0xADF9, 0xA5F9, 0xA5F9, 0xA5F9, 0xA5F9, 0xA5F9, 0xA5F9, 0xA5F9, 0xA5F9,   // 0x69A0 (27040) pixels
0xA5F9, 0xA5F9, 0xA5D9, 0xA5D9, 0xA5D9, 0xA5D9, 0xA5D9, 0xA5D9, 0xA5F9, 0xA5F9, 0xA5F9, 0xA5F9, 0xA5F9, 0xA5F9, 0xA5F9, 0xA5F9,   // 0x69B0 (27056) pixels
0xA5F9, 0xA5F9, 0xA5F9, 0xA5F9, 0xA5F9, 0xA5F9, 0xA5F9, 0xA5F9, 0xA5F9, 0xA5F9, 0xA5F9, 0xA5F9, 0xADF9, 0xADF9, 0xADF9, 0xADF9,   // 0x69C0 (27072) pixels
0xADF9, 0xADF9, 0xADF9, 0xA5D9, 0xA5F9, 0xA5F9, 0xA5DA, 0xA5DA, 0xA5DA, 0xA5DA, 0xA5BA, 0x8CD7, 0x52F0, 0x424E, 0x6331, 0x73D4,   // 0x69D0 (27088) pixels
0x9C97, 0xAD1A, 0xAD19, 0xACD8, 0xACD8, 0xACD8, 0xACD9, 0xA498, 0xA498, 0xA457, 0x9416, 0x8BD5, 0x8395, 0x7B54, 0x7313, 0x62B2,   // 0x69E0 (27104) pixels
0x62B2, 0x5A72, 0x5A51, 0x5A51, 0x5A71, 0x5A4F, 0x51EC, 0x4989, 0x5186, 0x5985, 0x69C4, 0x7A24, 0x8244, 0x8A64, 0x8A84, 0x8AA5,   // 0x69F0 (27120) pixels
0x9308, 0x9B8B, 0xA42E, 0xA471, 0xA4D3, 0xA556, 0x9D77, 0x9558, 0x8D99, 0x8D99, 0x8D99, 0x8599, 0x85B9, 0x85B9, 0x85BA, 0x85BA,   // 0x6A00 (27136) pixels
0x85B9, 0x8599, 0x8599, 0x8599, 0x8599, 0x8599, 0x8599, 0x8599, 0x8599, 0x8599, 0x8599, 0x8599, 0x8599, 0x8599, 0x8599, 0x8599,   // 0x6A10 (27152) pixels
0x859A, 0x859A, 0x859A, 0x859A, 0x859A, 0x859A, 0x859A, 0x859A, 0x859A, 0x859A, 0x859A, 0x859A, 0x859A, 0x859A, 0x859A, 0x859A,   // 0x6A20 (27168) pixels
0x859A, 0x859A, 0x859A, 0x859A, 0x859A, 0x859A, 0x859A, 0x859A, 0x859A, 0x859A, 0x859A, 0x859A, 0x859A, 0x859A, 0x859A, 0x859A,   // 0x6A30 (27184) pixels
0x859A, 0x859A, 0x859A, 0x859A, 0x859A, 0x859A, 0x859A, 0x859A, 0x859A, 0x859A, 0x859A, 0x859A, 0x859A, 0x859A, 0x859A, 0x859A,   // 0x6A40 (27200) pixels
0x8DB9, 0x8DB9, 0x8DB9, 0x8DB9, 0x8DB9, 0x8DB9, 0x8DB9, 0x8DB9, 0x8DB9, 0x8DB9, 0x8DB9, 0x8DB9, 0x8DB9, 0x8DB9, 0x8DB9, 0x8DB9,   // 0x6A50 (27216) pixels
0x8DB9, 0x8DB9, 0x8DB9, 0x8DB9, 0x8DB9, 0x8DB9, 0x8DB9, 0x8DB9, 0x8DB9, 0x8DB9, 0x8DB9, 0x8DB9, 0x8DB9, 0x8DB9, 0x8DB9, 0x8DB9,   // 0x6A60 (27232) pixels
0x8DB9, 0x8DB9, 0x8DB9, 0x8DB9, 0x8DB9, 0x8DB9, 0x8DB9, 0x8DB9, 0x8DB9, 0x8DB9, 0x8DB9, 0x8DB9, 0x8DB9, 0x8DB9, 0x8DB9, 0x8DB9,   // 0x6A70 (27248) pixels
0x8DBA, 0x8DBA, 0x8DBA, 0x8DBA, 0x8DBA, 0x8DBA, 0x8DBA, 0x8DBA, 0x8D9A, 0x8D9A, 0x8D9A, 0x8D9A, 0x8D9A, 0x8D9A, 0x8D9A, 0x8DB9,   // 0x6A80 (27264) pixels
0x85B9, 0x85B9, 0x8599, 0x8599, 0x8D99, 0x8D99, 0x8D79, 0x9579, 0x9D9A, 0xA59A, 0xB5BB, 0xB5BB, 0xBD9B, 0xB57A, 0xB55A, 0xB539,   // 0x6A90 (27280) pixels
0xB519, 0xB53A, 0xB539, 0xB53A, 0xA4D8, 0x7BB3, 0x6311, 0x6B72, 0x8435, 0xA579, 0xBE3C, 0xB61B, 0xAE1B, 0xAE1A, 0xAE1A, 0xAE1A,   // 0x6AA0 (27296) pixels
0xAE1A, 0xAE1A, 0xAE1A, 0xAE1A, 0xAE1A, 0xAE1A, 0xAE1A, 0xAE1A, 0xAE1A, 0xAE1A, 0xAE1A, 0xADFA, 0xADFA, 0xADFA, 0xADFA, 0xADFA,   // 0x6AB0 (27312) pixels
0xADFA, 0xAE19, 0xADFA, 0xADFA, 0xADF9, 0xADF9, 0xADFA, 0xA5F9, 0xADFA, 0xADFA, 0xADFA, 0xADFA, 0xADFA, 0xADFA, 0xADFA, 0xADFA,   // 0x6AC0 (27328) pixels
0xADFA, 0xA5FA, 0xA5F9, 0xA5F9, 0xADFA, 0xAE1A, 0xAE1A, 0xADF9, 0xAE1A, 0xAE1A, 0xAE19, 0xAE19, 0xAE19, 0xAE19, 0xAE19, 0xAE19,   // 0x6AD0 (27344) pixels
0xADFA, 0xADF9, 0xADF9, 0xADF9, 0xADF9, 0xADF9, 0xADF9, 0xADF9, 0xA5F9, 0xA5F9, 0xA5F9, 0xA5F9, 0xA5F9, 0xA5F9, 0xA5F9, 0xA5F9,   // 0x6AE0 (27360) pixels
0xA5F9, 0xA5F9, 0xA5F9, 0xA5F9, 0xA5F9, 0xA5F9, 0xA5F9, 0xA5F9, 0xA5F9, 0xA5F9, 0xA5F9, 0xA5F9, 0xA5F9, 0xA5F9, 0xA5F9, 0xA5F9,   // 0x6AF0 (27376) pixels
0xA5F9, 0xA5F9, 0xA5F9, 0xA5F9, 0xA5F9, 0xA5F9, 0xA5F9, 0xA5F9, 0xA5F9, 0xA5F9, 0xA5F9, 0xA5F9, 0xADF9, 0xADF9, 0xADF9, 0xADF9,   // 0x6B00 (27392) pixels
0xADF9, 0xADF9, 0xA5F9, 0xA5F9, 0xA5F9, 0xA5F9, 0xA5D9, 0xA5DA, 0xA5FA, 0xA5BA, 0x9539, 0x7C35, 0x4A8F, 0x424E, 0x6B93, 0x8C56,   // 0x6B10 (27408) pixels
0xA4D8, 0xAD1A, 0xACF9, 0xACF9, 0xACF9, 0xACD9, 0xACD8, 0xA498, 0xA477, 0x9C57, 0x93F6, 0x8BB5, 0x8375, 0x7B54, 0x6AF3, 0x62B2,   // 0x6B20 (27424) pixels
0x6292, 0x5A72, 0x5A51, 0x5A51, 0x6291, 0x62B1, 0x624F, 0x51EB, 0x51A8, 0x4945, 0x5164, 0x69E4, 0x7224, 0x7A44, 0x8265, 0x8285,   // 0x6B30 (27440) pixels
0x82A7, 0x8B2B, 0x9BEE, 0xA491, 0xA514, 0x9D56, 0x9577, 0x8D78, 0x8D99, 0x8D99, 0x8599, 0x8599, 0x85B9, 0x85B9, 0x859A, 0x859A,   // 0x6B40 (27456) pixels
0x8DB9, 0x8DB9, 0x8DB9, 0x8DB9, 0x8DB9, 0x8DB9, 0x8DB9, 0x8DB9, 0x8DB9, 0x8DB9, 0x8DB9, 0x8DB9, 0x8DB9, 0x8DB9, 0x8DB9, 0x8DB9,   // 0x6B50 (27472) pixels
0x8DBA, 0x8DBA, 0x8DBA, 0x8DBA, 0x8DBA, 0x8DBA, 0x8DBA, 0x8DBA, 0x8DBA, 0x8DBA, 0x8DBA, 0x8DBA, 0x8DBA, 0x8DBA, 0x8DBA, 0x8DBA,   // 0x6B60 (27488) pixels
0x8DBA, 0x8DBA, 0x8DBA, 0x8DBA, 0x8DBA, 0x8DBA, 0x8DBA, 0x8DBA, 0x8DBA, 0x8DBA, 0x8DBA, 0x8DBA, 0x8DBA, 0x8DBA, 0x8DBA, 0x8DBA,   // 0x6B70 (27504) pixels
0x8DBA, 0x8DBA, 0x8DBA, 0x8DBA, 0x8DBA, 0x8DBA, 0x8DBA, 0x8DBA, 0x8DBA, 0x8DBA, 0x8DBA, 0x8DBA, 0x8DBA, 0x8DBA, 0x8DBA, 0x8DBA,   // 0x6B80 (27520) pixels
0x8DB9, 0x8DB9, 0x8DB9, 0x8DB9, 0x8DB9, 0x8DB9, 0x8DB9, 0x8DB9, 0x8DB9, 0x8DB9, 0x8DB9, 0x8DB9, 0x8DB9, 0x8DB9, 0x8DB9, 0x8DB9,   // 0x6B90 (27536) pixels
0x8DB9, 0x8DB9, 0x8DB9, 0x8DB9, 0x8DB9, 0x8DB9, 0x8DB9, 0x8DB9, 0x8DB9, 0x8DB9, 0x8DB9, 0x8DB9, 0x8DB9, 0x8DB9, 0x8DB9, 0x8DB9,   // 0x6BA0 (27552) pixels
0x8DB9, 0x8DB9, 0x8DB9, 0x8DB9, 0x8DB9, 0x8DB9, 0x8DB9, 0x8DB9, 0x8DB9, 0x8DB9, 0x8DB9, 0x8DB9, 0x8DB9, 0x8DB9, 0x8DB9, 0x8DB9,   // 0x6BB0 (27568) pixels
0x8DB9, 0x8DB9, 0x8DB9, 0x8DB9, 0x8DB9, 0x8DB9, 0x8DB9, 0x8DB9, 0x8D99, 0x8D99, 0x8D99, 0x8D99, 0x8D99, 0x8D99, 0x8D99, 0x8DB9,   // 0x6BC0 (27584) pixels
0x8DBA, 0x85B9, 0x8599, 0x8599, 0x8D99, 0x8D99, 0x9599, 0x9579, 0xA59A, 0xAD9A, 0xB5BB, 0xBD9B, 0xB57B, 0xB55A, 0xB53A, 0xB539,   // 0x6BD0 (27600) pixels
0xB53A, 0xBD3A, 0xB539, 0xAD19, 0x9C97, 0x6B52, 0x62F0, 0x7C14, 0x9D18, 0xADBA, 0xB63B, 0xB61B, 0xAE1B, 0xAE1A, 0xAE1A, 0xAE1A,   // 0x6BE0 (27616) pixels
0xAE1A, 0xAE1A, 0xAE1A, 0xAE1A, 0xAE1A, 0xAE1A, 0xAE1A, 0xAE1A, 0xAE1A, 0xAE1A, 0xAE1A, 0xAE1A, 0xAE1A, 0xAE1A, 0xAE1A, 0xAE1A,   // 0x6BF0 (27632) pixels
0xADFA, 0xAE1A, 0xAE1A, 0xADF9, 0xADF9, 0xADF9, 0xADFA, 0xADFA, 0xAE1A, 0xAE1A, 0xADFA, 0xADFA, 0xA5FA, 0xA5FA, 0xA5FA, 0xA5FA,   // 0x6C00 (27648) pixels
0xADFA, 0xA5FA, 0xA5F9, 0xA5FA, 0xADFA, 0xAE1A, 0xAE1A, 0xADF9, 0xAE1A, 0xAE1A, 0xAE19, 0xAE19, 0xAE19, 0xAE19, 0xAE19, 0xAE19,   // 0x6C10 (27664) pixels
0xADFA, 0xADF9, 0xADF9, 0xADF9, 0xADF9, 0xADF9, 0xADF9, 0xADF9, 0xADF9, 0xADF9, 0xADF9, 0xADF9, 0xADF9, 0xADF9, 0xADF9, 0xADF9,   // 0x6C20 (27680) pixels
0xADFA, 0xADFA, 0xADFA, 0xADFA, 0xADFA, 0xADFA, 0xADFA, 0xADFA, 0xA5F9, 0xA5F9, 0xA5F9, 0xA5F9, 0xA5F9, 0xA5F9, 0xA5F9, 0xA5F9,   // 0x6C30 (27696) pixels
0xA5F9, 0xA5F9, 0xA5F9, 0xA5F9, 0xA5F9, 0xA5F9, 0xA5F9, 0xA5F9, 0xA5F9, 0xA5F9, 0xA5F9, 0xA5F9, 0xADF9, 0xADF9, 0xADF9, 0xADF9,   // 0x6C40 (27712) pixels
0xADF9, 0xADF9, 0xADF9, 0xA5F9, 0xA5F9, 0xA5F9, 0xA5FA, 0xA5DA, 0xADFB, 0x9D9A, 0x84B6, 0x6BB3, 0x4A6E, 0x4A6F, 0x7BF5, 0x9CD8,   // 0x6C50 (27728) pixels
0xA4F9, 0xB51A, 0xACD9, 0xACF9, 0xACF9, 0xACB8, 0xACB8, 0xA498, 0x9C57, 0x9C37, 0x8BD6, 0x8395, 0x7B74, 0x7B34, 0x6AF3, 0x6292,   // 0x6C60 (27744) pixels
0x6271, 0x6272, 0x5A72, 0x5A71, 0x62D2, 0x6AF3, 0x6AD1, 0x626E, 0x49A9, 0x38E5, 0x40E3, 0x5985, 0x61E5, 0x6A25, 0x7266, 0x7A87,   // 0x6C70 (27760) pixels
0x7AC9, 0x832C, 0x93EF, 0x9CD3, 0xA556, 0x9D77, 0x9598, 0x8D99, 0x8D99, 0x8599, 0x85B9, 0x85B9, 0x8599, 0x8599, 0x8599, 0x8599,   // 0x6C80 (27776) pixels
0x8DB9, 0x8DB9, 0x8DB9, 0x8DB9, 0x8DB9, 0x8DB9, 0x8DB9, 0x8DB9, 0x8DB9, 0x8DB9, 0x8DB9, 0x8DB9, 0x8DB9, 0x8DB9, 0x8DB9, 0x8DB9,   // 0x6C90 (27792) pixels
0x8DB9, 0x8DB9, 0x8DB9, 0x8DB9, 0x8DB9, 0x8DB9, 0x8DB9, 0x8DB9, 0x8DB9, 0x8DB9, 0x8DB9, 0x8DB9, 0x8DB9, 0x8DB9, 0x8DB9, 0x8DB9,   // 0x6CA0 (27808) pixels
0x8DB9, 0x8DB9, 0x8DB9, 0x8DB9, 0x8DB9, 0x8DB9, 0x8DB9, 0x8DB9, 0x8DB9, 0x8DB9, 0x8DB9, 0x8DB9, 0x8DB9, 0x8DB9, 0x8DB9, 0x8DB9,   // 0x6CB0 (27824) pixels
0x8DB9, 0x8DB9, 0x8DB9, 0x8DB9, 0x8DB9, 0x8DB9, 0x8DB9, 0x8DB9, 0x8DB9, 0x8DB9, 0x8DB9, 0x8DB9, 0x8DB9, 0x8DB9, 0x8DB9, 0x8DB9,   // 0x6CC0 (27840) pixels
0x8DB9, 0x8DB9, 0x8DB9, 0x8DB9, 0x8DB9, 0x8DB9, 0x8DB9, 0x8DB9, 0x8DB9, 0x8DB9, 0x8DB9, 0x8DB9, 0x8DB9, 0x8DB9, 0x8DB9, 0x8DB9,   // 0x6CD0 (27856) pixels
0x8DBA, 0x8DBA, 0x8DBA, 0x8DBA, 0x8DBA, 0x8DBA, 0x8DBA, 0x8DBA, 0x8DBA, 0x8DBA, 0x8DBA, 0x8DBA, 0x8DBA, 0x8DBA, 0x8DBA, 0x8DBA,   // 0x6CE0 (27872) pixels
0x8DBA, 0x8DBA, 0x8DBA, 0x8DBA, 0x8DBA, 0x8DBA, 0x8DBA, 0x8DBA, 0x8DB9, 0x8DB9, 0x8DB9, 0x8DB9, 0x8DB9, 0x8DB9, 0x8DB9, 0x8DB9,   // 0x6CF0 (27888) pixels
0x8DB9, 0x8DB9, 0x8DB9, 0x8DB9, 0x8DB9, 0x8DB9, 0x8DB9, 0x8DB9, 0x8D99, 0x8D99, 0x8D99, 0x8D99, 0x8D99, 0x8D99, 0x8D99, 0x8DB9,   // 0x6D00 (27904) pixels
0x8DB9, 0x85B9, 0x8599, 0x8D99, 0x8D99, 0x9599, 0x9599, 0x9D79, 0xA59A, 0xAD9B, 0xB5BB, 0xBD9B, 0xB57A, 0xB53A, 0xB539, 0xB53A,   // 0x6D10 (27920) pixels
0xB53A, 0xB53A, 0xACF9, 0xA4D8, 0x8C36, 0x6310, 0x6310, 0x8C96, 0xAD9A, 0xB5FB, 0xB61B, 0xAE1A, 0xAE1A, 0xAE1A, 0xAE1A, 0xAE3A,   // 0x6D20 (27936) pixels
0xAE1A, 0xAE1A, 0xAE1A, 0xAE1A, 0xAE1A, 0xAE1A, 0xAE1A, 0xAE1A, 0xAE1A, 0xAE1A, 0xAE1A, 0xAE1A, 0xAE1A, 0xAE1A, 0xAE1A, 0xAE1A,   // 0x6D30 (27952) pixels
0xAE1A, 0xAE1A, 0xAE1A, 0xAE1A, 0xAE1A, 0xAE1A, 0xAE1A, 0xAE1A, 0xADFA, 0xADFA, 0xADFA, 0xADFA, 0xADFA, 0xADFA, 0xADFA, 0xADFA,   // 0x6D40 (27968) pixels
0xADFA, 0xA5F9, 0xA5F9, 0xA5F9, 0xADFA, 0xAE1A, 0xAE1A, 0xADF9, 0xAE1A, 0xAE1A, 0xAE19, 0xAE19, 0xAE19, 0xAE19, 0xAE19, 0xAE19,   // 0x6D50 (27984) pixels
0xADF9, 0xADF9, 0xADF9, 0xADF9, 0xADF9, 0xADF9, 0xADF9, 0xA5F9, 0xADF9, 0xADF9, 0xADF9, 0xADF9, 0xADF9, 0xADFA, 0xADFA, 0xADFA,   // 0x6D60 (28000) pixels
0xADFA, 0xADFA, 0xADFA, 0xADFA, 0xADFA, 0xADFA, 0xADFA, 0xADFA, 0xADFA, 0xADFA, 0xADFA, 0xADFA, 0xADFA, 0xADFA, 0xADFA, 0xA5FA,   // 0x6D70 (28016) pixels
0xADF9, 0xA619, 0xA619, 0xA619, 0xADF9, 0xADF9, 0xADF9, 0xADF9, 0xA5F9, 0xA5F9, 0xA5F9, 0xA5F9, 0xADF9, 0xADF9, 0xADF9, 0xADF9,   // 0x6D80 (28032) pixels
0xADF9, 0xADF9, 0xA5F9, 0xA5F9, 0xA5F9, 0xA5FA, 0xA5FA, 0xA5FA, 0xADFB, 0x9D79, 0x7C35, 0x5B51, 0x4A6F, 0x528F, 0x8415, 0xA4F9,   // 0x6D90 (28048) pixels
0xACF9, 0xAD19, 0xA4B8, 0xACD8, 0xACD9, 0xA498, 0xA498, 0xA478, 0x9C57, 0x9417, 0x8BD6, 0x8375, 0x7B54, 0x7B34, 0x6AF3, 0x6292,   // 0x6DA0 (28064) pixels
0x6271, 0x6272, 0x6272, 0x6292, 0x6AF3, 0x7334, 0x7312, 0x62D0, 0x51EB, 0x3906, 0x3905, 0x51C7, 0x6248, 0x6A68, 0x72C9, 0x7AEA,   // 0x6DB0 (28080) pixels
0x836C, 0x83AE, 0x9472, 0xA535, 0xA597, 0x9598, 0x8D98, 0x8DB9, 0x8DB9, 0x85B9, 0x85B9, 0x8DB9, 0x8DB9, 0x8D99, 0x8D99, 0x8D99,   // 0x6DC0 (28096) pixels
0x8DB9, 0x8DB9, 0x8DB9, 0x8DB9, 0x8DB9, 0x8DB9, 0x8DB9, 0x8DB9, 0x8DB9, 0x8DB9, 0x8DB9, 0x8DB9, 0x8DB9, 0x8DB9, 0x8DB9, 0x8DB9,   // 0x6DD0 (28112) pixels
0x8DB9, 0x8DB9, 0x8DB9, 0x8DB9, 0x8DB9, 0x8DB9, 0x8DB9, 0x8DB9, 0x8DB9, 0x8DB9, 0x8DB9, 0x8DB9, 0x8DB9, 0x8DB9, 0x8DB9, 0x8DB9,   // 0x6DE0 (28128) pixels
0x8DB9, 0x8DB9, 0x8DB9, 0x8DB9, 0x8DB9, 0x8DB9, 0x8DB9, 0x8DB9, 0x8DB9, 0x8DB9, 0x8DB9, 0x8DB9, 0x8DB9, 0x8DB9, 0x8DB9, 0x8DB9,   // 0x6DF0 (28144) pixels
0x8DB9, 0x8DB9, 0x8DB9, 0x8DB9, 0x8DB9, 0x8DB9, 0x8DB9, 0x8DB9, 0x8DB9, 0x8DB9, 0x8DB9, 0x8DB9, 0x8DB9, 0x8DB9, 0x8DB9, 0x8DB9,   // 0x6E00 (28160) pixels
0x8DB9, 0x8DB9, 0x8DB9, 0x8DB9, 0x8DB9, 0x8DB9, 0x8DB9, 0x8DB9, 0x8DB9, 0x8DB9, 0x8DB9, 0x8DB9, 0x8DB9, 0x8DB9, 0x8DB9, 0x8DB9,   // 0x6E10 (28176) pixels
0x8599, 0x8599, 0x8599, 0x8599, 0x8599, 0x8599, 0x8599, 0x8599, 0x8599, 0x8599, 0x8599, 0x8599, 0x8599, 0x8599, 0x8599, 0x8599,   // 0x6E20 (28192) pixels
0x8599, 0x8599, 0x8599, 0x8599, 0x8599, 0x8599, 0x8599, 0x8599, 0x8DB9, 0x8DB9, 0x8DB9, 0x8DB9, 0x8DB9, 0x8DB9, 0x8DB9, 0x8DB9,   // 0x6E30 (28208) pixels
0x8DBA, 0x8DBA, 0x8DBA, 0x8DBA, 0x8DBA, 0x8DBA, 0x8DBA, 0x8DBA, 0x8DBA, 0x8DBA, 0x8DBA, 0x8DBA, 0x8DBA, 0x8DBA, 0x8DBA, 0x8DBA,   // 0x6E40 (28224) pixels
0x85B9, 0x8599, 0x8599, 0x8DB9, 0x9599, 0x9579, 0x9D79, 0xA59A, 0xADBB, 0xB5BB, 0xBDBB, 0xBD9B, 0xBD5A, 0xB55A, 0xB53A, 0xB51A,   // 0x6E50 (28240) pixels
0xB51A, 0xBD5A, 0xAD19, 0x8C36, 0x7BB3, 0x6310, 0x6B51, 0x9D38, 0xBE3C, 0xB61B, 0xADDA, 0xADFA, 0xAE1A, 0xAE1A, 0xA61A, 0xAE3A,   // 0x6E60 (28256) pixels
0xAE1A, 0xAE1A, 0xAE1A, 0xAE1A, 0xAE1A, 0xAE1A, 0xAE1A, 0xAE1A, 0xAE1A, 0xAE1A, 0xAE1A, 0xAE1A, 0xAE1A, 0xAE1A, 0xAE1A, 0xAE1A,   // 0x6E70 (28272) pixels
0xAE1A, 0xAE1A, 0xAE1A, 0xAE1A, 0xAE1A, 0xAE1A, 0xADFA, 0xADFA, 0xADFA, 0xADFA, 0xADFA, 0xADFA, 0xADFA, 0xADFA, 0xADFA, 0xADFA,   // 0x6E80 (28288) pixels
0xADFA, 0xADFA, 0xADFA, 0xADFA, 0xADF9, 0xADF9, 0xADF9, 0xADF9, 0xAE1A, 0xAE1A, 0xAE1A, 0xAE1A, 0xAE19, 0xAE19, 0xAE19, 0xAE19,   // 0x6E90 (28304) pixels
0xADF9, 0xADF9, 0xADF9, 0xADF9, 0xADF9, 0xADF9, 0xADF9, 0xADF9, 0xA5F9, 0xA5F9, 0xA5F9, 0xA5F9, 0xA5F9, 0xADF9, 0xADF9, 0xADF9,   // 0x6EA0 (28320) pixels
0xADFA, 0xADFA, 0xADFA, 0xADFA, 0xADFA, 0xADFA, 0xADFA, 0xADFA, 0xADFA, 0xADFA, 0xADFA, 0xADFA, 0xADFA, 0xADFA, 0xADFA, 0xA5FA,   // 0x6EB0 (28336) pixels
0xA5F9, 0xA5F9, 0xA5F9, 0xA5F9, 0xA5F9, 0xA5F9, 0xA5F9, 0xA5F9, 0xA5F9, 0xA5F9, 0xA5F9, 0xA5F9, 0xADF9, 0xADF9, 0xADF9, 0xADF9,   // 0x6EC0 (28352) pixels
0xA5F9, 0xADF9, 0xA5F9, 0xAE19, 0xA5F9, 0xA5F9, 0xAE1A, 0xA5DA, 0xAE1B, 0x9518, 0x6B92, 0x52F0, 0x528F, 0x6311, 0x9477, 0xAD19,   // 0x6ED0 (28368) pixels
0xA4D9, 0xACD9, 0xACD9, 0xACD9, 0xACB9, 0xACB9, 0xA498, 0x9C57, 0x9C37, 0x93F6, 0x8BB6, 0x8375, 0x7B34, 0x72F3, 0x6AB2, 0x6272,   // 0x6EE0 (28384) pixels
0x6251, 0x6271, 0x6292, 0x6AB2, 0x7314, 0x7B95, 0x7333, 0x5A70, 0x49EC, 0x398A, 0x49CA, 0x62AC, 0x730D, 0x7B8E, 0x83EF, 0x8C0F,   // 0x6EF0 (28400) pixels
0x9492, 0x94D3, 0x9D15, 0x9D77, 0x9D98, 0x95B9, 0x8DB9, 0x8599, 0x85B9, 0x85B9, 0x8DB9, 0x8DB9, 0x8DB9, 0x8DB9, 0x8D9A, 0x8D9A,   // 0x6F00 (28416) pixels
0x8DB9, 0x8DB9, 0x8DB9, 0x8DB9, 0x8DB9, 0x8DB9, 0x8DB9, 0x8DB9, 0x8DB9, 0x8DB9, 0x8DB9, 0x8DB9, 0x8DB9, 0x8DB9, 0x8DB9, 0x8DB9,   // 0x6F10 (28432) pixels
0x8DBA, 0x8DBA, 0x8DBA, 0x8DBA, 0x8DBA, 0x8DBA, 0x8DBA, 0x8DBA, 0x8DBA, 0x8DBA, 0x8DBA, 0x8DBA, 0x8DBA, 0x8DBA, 0x8DBA, 0x8DBA,   // 0x6F20 (28448) pixels
0x8DBA, 0x8DBA, 0x8DBA, 0x8DBA, 0x8DBA, 0x8DBA, 0x8DBA, 0x8DBA, 0x8DBA, 0x8DBA, 0x8DBA, 0x8DBA, 0x8DBA, 0x8DBA, 0x8DBA, 0x8DBA,   // 0x6F30 (28464) pixels
0x8DBA, 0x8DBA, 0x8DBA, 0x8DBA, 0x8DBA, 0x8DBA, 0x8DBA, 0x8DBA, 0x8DBA, 0x8DBA, 0x8DBA, 0x8DBA, 0x8DBA, 0x8DBA, 0x8DBA, 0x8DBA,   // 0x6F40 (28480) pixels
0x8DB9, 0x8DB9, 0x8DB9, 0x8DB9, 0x8DB9, 0x8DB9, 0x8DB9, 0x8DB9, 0x8DB9, 0x8DB9, 0x8DB9, 0x8DB9, 0x8DB9, 0x8DB9, 0x8DB9, 0x8DB9,   // 0x6F50 (28496) pixels
0x8DB9, 0x8DB9, 0x8DB9, 0x8DB9, 0x8DB9, 0x8DB9, 0x8DB9, 0x8DB9, 0x8DB9, 0x8DB9, 0x8DB9, 0x8DB9, 0x8DB9, 0x8DB9, 0x8DB9, 0x8DB9,   // 0x6F60 (28512) pixels
0x8DB9, 0x8DB9, 0x8DB9, 0x8DB9, 0x8DB9, 0x8DB9, 0x8DB9, 0x8DB9, 0x8DB9, 0x8DB9, 0x8DB9, 0x8DB9, 0x8DB9, 0x8DB9, 0x8DB9, 0x8DB9,   // 0x6F70 (28528) pixels
0x8DBA, 0x8DBA, 0x8DBA, 0x8DBA, 0x8DBA, 0x8DBA, 0x8DBA, 0x8DBA, 0x8DBA, 0x8DBA, 0x8DBA, 0x8DBA, 0x8DBA, 0x8DBA, 0x8DBA, 0x8DBA,   // 0x6F80 (28544) pixels
0x85B9, 0x85B9, 0x8D99, 0x8D99, 0x9599, 0x9579, 0x9D79, 0xA59A, 0xB5BB, 0xB5BB, 0xBD9B, 0xBD7B, 0xBD5A, 0xBD3A, 0xBD3A, 0xBD3A,   // 0x6F90 (28560) pixels
0xB53A, 0xBD5A, 0xACF8, 0x83D4, 0x6B52, 0x6351, 0x73F3, 0xA558, 0xBE5C, 0xB61B, 0xADFA, 0xAE1A, 0xAE3A, 0xAE1A, 0xAE1A, 0xAE3A,   // 0x6FA0 (28576) pixels
0xAE1A, 0xAE1A, 0xAE1A, 0xAE1A, 0xAE1A, 0xAE1A, 0xAE1A, 0xAE1A, 0xAE1A, 0xAE1A, 0xAE1A, 0xAE1A, 0xAE1A, 0xAE1A, 0xAE1A, 0xAE1A,   // 0x6FB0 (28592) pixels
0xAE1A, 0xAE1A, 0xAE1A, 0xAE1A, 0xAE1A, 0xAE1A, 0xAE1A, 0xAE1A, 0xAE1A, 0xAE1A, 0xAE1A, 0xAE1A, 0xADFA, 0xADFA, 0xADFA, 0xAE1A,   // 0x6FC0 (28608) pixels
0xAE1A, 0xAE1A, 0xAE1A, 0xAE1A, 0xAE1A, 0xAE1A, 0xAE1A, 0xAE1A, 0xAE1A, 0xAE1A, 0xAE1A, 0xAE1A, 0xAE19, 0xAE19, 0xAE19, 0xAE19,   // 0x6FD0 (28624) pixels
0xAE1A, 0xAE1A, 0xAE1A, 0xAE1A, 0xAE1A, 0xAE1A, 0xAE1A, 0xAE1A, 0xA5F9, 0xADF9, 0xADF9, 0xADF9, 0xADF9, 0xADF9, 0xADF9, 0xADF9,   // 0x6FE0 (28640) pixels
0xADFA, 0xADFA, 0xADFA, 0xADFA, 0xADFA, 0xADFA, 0xADFA, 0xADFA, 0xADFA, 0xADFA, 0xADFA, 0xADFA, 0xADFA, 0xADFA, 0xADFA, 0xAE1A,   // 0x6FF0 (28656) pixels
0xAE1A, 0xA61A, 0xA61A, 0xA61A, 0xAE1A, 0xAE1A, 0xAE1A, 0xAE1A, 0xAE1A, 0xAE1A, 0xAE1A, 0xAE1A, 0xADFA, 0xADFA, 0xADFA, 0xADF9,   // 0x7000 (28672) pixels
0xA5F9, 0xADF9, 0xA5F9, 0xAE1A, 0xA61A, 0xA5FA, 0xAE3B, 0xA5DA, 0xADDA, 0x8CD7, 0x5B31, 0x4AAF, 0x5AD0, 0x7393, 0x9C98, 0xAD1A,   // 0x7010 (28688) pixels
0xACF9, 0xACF9, 0xACD9, 0xACD9, 0xACD9, 0xACD9, 0xA498, 0x9C58, 0x9437, 0x93F7, 0x8396, 0x7B55, 0x7334, 0x6AF3, 0x62B2, 0x6271,   // 0x7020 (28704) pixels
0x6251, 0x6271, 0x6A92, 0x6AD3, 0x7334, 0x7B95, 0x7334, 0x524F, 0x522E, 0x4A2D, 0x5AAE, 0x7391, 0x8433, 0x94B4, 0x9D15, 0x9D35,   // 0x7030 (28720) pixels
0x9D56, 0x9D56, 0x9577, 0x9597, 0x8D98, 0x8DB9, 0x85B9, 0x85B9, 0x85B9, 0x85B9, 0x8DB9, 0x8DB9, 0x8DB9, 0x8DB9, 0x8D9A, 0x8D9A,   // 0x7040 (28736) pixels
0x8DB9, 0x8DB9, 0x8DB9, 0x8DB9, 0x8DB9, 0x8DB9, 0x8DB9, 0x8DB9, 0x8DB9, 0x8DB9, 0x8DB9, 0x8DB9, 0x8DB9, 0x8DB9, 0x8DB9, 0x8DB9,   // 0x7050 (28752) pixels
0x8DBA, 0x8DBA, 0x8DBA, 0x8DBA, 0x8DBA, 0x8DBA, 0x8DBA, 0x8DBA, 0x8DBA, 0x8DBA, 0x8DBA, 0x8DBA, 0x8DBA, 0x8DBA, 0x8DBA, 0x8DBA,   // 0x7060 (28768) pixels
0x8DBA, 0x8DBA, 0x8DBA, 0x8DBA, 0x8DBA, 0x8DBA, 0x8DBA, 0x8DBA, 0x8DBA, 0x8DBA, 0x8DBA, 0x8DBA, 0x8DBA, 0x8DBA, 0x8DBA, 0x8DBA,   // 0x7070 (28784) pixels
0x8DBA, 0x8DBA, 0x8DBA, 0x8DBA, 0x8DBA, 0x8DBA, 0x8DBA, 0x8DBA, 0x8DBA, 0x8DBA, 0x8DBA, 0x8DBA, 0x8DBA, 0x8DBA, 0x8DBA, 0x8DBA,   // 0x7080 (28800) pixels
0x8DB9, 0x8DB9, 0x8DB9, 0x8DB9, 0x8DB9, 0x8DB9, 0x8DB9, 0x8DB9, 0x8DB9, 0x8DB9, 0x8DB9, 0x8DB9, 0x8DB9, 0x8DB9, 0x8DB9, 0x8DB9,   // 0x7090 (28816) pixels
0x8DB9, 0x8DB9, 0x8DB9, 0x8DB9, 0x8DB9, 0x8DB9, 0x8DB9, 0x8DB9, 0x8DB9, 0x8DB9, 0x8DB9, 0x8DB9, 0x8DB9, 0x8DB9, 0x8DB9, 0x8DB9,   // 0x70A0 (28832) pixels
0x8DB9, 0x8DB9, 0x8DB9, 0x8DB9, 0x8DB9, 0x8DB9, 0x8DB9, 0x8DB9, 0x8DB9, 0x8DB9, 0x8DB9, 0x8DB9, 0x8DB9, 0x8DB9, 0x8DB9, 0x8DB9,   // 0x70B0 (28848) pixels
0x8DBA, 0x8DBA, 0x8DBA, 0x8DBA, 0x8DBA, 0x8DBA, 0x8DBA, 0x8DBA, 0x8DBA, 0x8DBA, 0x8DBA, 0x8DBA, 0x8DBA, 0x8DBA, 0x8DBA, 0x8DBA,   // 0x70C0 (28864) pixels
0x85B9, 0x8DB9, 0x8D99, 0x8D99, 0x9599, 0x9579, 0xA59A, 0xADBA, 0xB5BB, 0xB59B, 0xB57B, 0xB55A, 0xB53A, 0xB53A, 0xB51A, 0xB53A,   // 0x70D0 (28880) pixels
0xB53A, 0xB53A, 0x9CB8, 0x7372, 0x6310, 0x73F3, 0x94D6, 0xA599, 0xB65C, 0xAE1B, 0xADFA, 0xAE1A, 0xAE3A, 0xAE1A, 0xAE1A, 0xAE1A,   // 0x70E0 (28896) pixels
0xAE1A, 0xAE1A, 0xAE1A, 0xAE1A, 0xAE1A, 0xAE1A, 0xAE1A, 0xAE1A, 0xAE1A, 0xAE1A, 0xAE1A, 0xAE1A, 0xAE1A, 0xAE1A, 0xAE1A, 0xAE1A,   // 0x70F0 (28912) pixels
0xAE1A, 0xAE1A, 0xAE1A, 0xAE1A, 0xAE1A, 0xAE1A, 0xAE1A, 0xAE1A, 0xAE1A, 0xAE1A, 0xAE1A, 0xAE1A, 0xAE1A, 0xAE1A, 0xAE1A, 0xAE1A,   // 0x7100 (28928) pixels
0xAE1A, 0xAE1A, 0xAE1A, 0xAE1A, 0xAE1A, 0xAE1A, 0xAE1A, 0xAE1A, 0xAE1A, 0xAE1A, 0xAE1A, 0xAE1A, 0xAE1A, 0xAE1A, 0xAE1A, 0xAE1A,   // 0x7110 (28944) pixels
0xAE1A, 0xAE1A, 0xAE1A, 0xAE1A, 0xAE1A, 0xAE1A, 0xAE1A, 0xAE1A, 0xAE1A, 0xAE1A, 0xAE1A, 0xADF9, 0xADF9, 0xADF9, 0xADF9, 0xADF9,   // 0x7120 (28960) pixels
0xADFA, 0xADFA, 0xADFA, 0xADFA, 0xADFA, 0xADFA, 0xADFA, 0xADFA, 0xADFA, 0xADFA, 0xADFA, 0xADFA, 0xADFA, 0xADFA, 0xADFA, 0xAE1A,   // 0x7130 (28976) pixels
0xAE1A, 0xAE1A, 0xAE1A, 0xAE1A, 0xAE1A, 0xAE1A, 0xAE1A, 0xAE1A, 0xAE1A, 0xAE1A, 0xAE1A, 0xAE1A, 0xADFA, 0xADFA, 0xADFA, 0xADFA,   // 0x7140 (28992) pixels
0xADF9, 0xADF9, 0xA5D9, 0xADF9, 0xADFA, 0xADFA, 0xAE1B, 0xA5DA, 0x9D79, 0x7C55, 0x4A8F, 0x4A6E, 0x6B52, 0x8C36, 0xA4D9, 0xB53A,   // 0x7150 (29008) pixels
0xACF9, 0xACF9, 0xACD9, 0xACD9, 0xACD9, 0xACD9, 0xA498, 0x9C57, 0x9417, 0x8BD6, 0x8395, 0x7B55, 0x7314, 0x6AD3, 0x6292, 0x6251,   // 0x7160 (29024) pixels
0x6251, 0x6271, 0x6AB2, 0x6AF3, 0x7B54, 0x83B6, 0x6B33, 0x4A0F, 0x4A2E, 0x526F, 0x6331, 0x7BF4, 0x8C95, 0x9537, 0x9D78, 0x9D97,   // 0x7170 (29040) pixels
0x9DB7, 0x9597, 0x9597, 0x8D98, 0x8599, 0x85B9, 0x85B9, 0x85DA, 0x85B9, 0x8DB9, 0x8DB9, 0x8DB9, 0x8DB9, 0x8D99, 0x8D9A, 0x8D9A,   // 0x7180 (29056) pixels
0x8DB9, 0x8DB9, 0x8DB9, 0x8DB9, 0x8DB9, 0x8DB9, 0x8DB9, 0x8DB9, 0x8DB9, 0x8DB9, 0x8DB9, 0x8DB9, 0x8DB9, 0x8DB9, 0x8DB9, 0x8DB9,   // 0x7190 (29072) pixels
0x8DBA, 0x8DBA, 0x8DBA, 0x8DBA, 0x8DBA, 0x8DBA, 0x8DBA, 0x8DBA, 0x8DBA, 0x8DBA, 0x8DBA, 0x8DBA, 0x8DBA, 0x8DBA, 0x8DBA, 0x8DBA,   // 0x71A0 (29088) pixels
0x8DBA, 0x8DBA, 0x8DBA, 0x8DBA, 0x8DBA, 0x8DBA, 0x8DBA, 0x8DBA, 0x8DBA, 0x8DBA, 0x8DBA, 0x8DBA, 0x8DBA, 0x8DBA, 0x8DBA, 0x8DBA,   // 0x71B0 (29104) pixels
0x8DBA, 0x8DBA, 0x8DBA, 0x8DBA, 0x8DBA, 0x8DBA, 0x8DBA, 0x8DBA, 0x8DBA, 0x8DBA, 0x8DBA, 0x8DBA, 0x8DBA, 0x8DBA, 0x8DBA, 0x8DBA,   // 0x71C0 (29120) pixels
0x8DB9, 0x8DB9, 0x8DB9, 0x8DB9, 0x8DB9, 0x8DB9, 0x8DB9, 0x8DB9, 0x8DB9, 0x8DB9, 0x8DB9, 0x8DB9, 0x8DB9, 0x8DB9, 0x8DB9, 0x8DB9,   // 0x71D0 (29136) pixels
0x8DB9, 0x8DB9, 0x8DB9, 0x8DB9, 0x8DB9, 0x8DB9, 0x8DB9, 0x8DB9, 0x8DB9, 0x8DB9, 0x8DB9, 0x8DB9, 0x8DB9, 0x8DB9, 0x8DB9, 0x8DB9,   // 0x71E0 (29152) pixels
0x8DB9, 0x8DB9, 0x8DB9, 0x8DB9, 0x8DB9, 0x8DB9, 0x8DB9, 0x8DB9, 0x8DB9, 0x8DB9, 0x8DB9, 0x8DB9, 0x8DB9, 0x8DB9, 0x8DB9, 0x8DB9,   // 0x71F0 (29168) pixels
0x8DBA, 0x8DBA, 0x8DBA, 0x8DBA, 0x8DBA, 0x8DBA, 0x8DBA, 0x8DBA, 0x8DBA, 0x8DBA, 0x8DBA, 0x8DBA, 0x8DBA, 0x8DBA, 0x8DBA, 0x8DBA,   // 0x7200 (29184) pixels
0x8DB9, 0x8DB9, 0x8DB9, 0x9599, 0x9579, 0x9D79, 0xA59A, 0xB5BB, 0xB5BB, 0xB59A, 0xB55A, 0xB53A, 0xB519, 0xB519, 0xB519, 0xB519,   // 0x7210 (29200) pixels
0xAD19, 0xACF9, 0x9477, 0x6B31, 0x6310, 0x8C96, 0xADBA, 0xADDA, 0xB63B, 0xAE1A, 0xAE1A, 0xAE1A, 0xAE1A, 0xAE1A, 0xAE1A, 0xAE1A,   // 0x7220 (29216) pixels
0xAE1A, 0xAE1A, 0xAE1A, 0xAE1A, 0xAE1A, 0xAE1A, 0xAE1A, 0xAE1A, 0xAE3A, 0xAE3A, 0xAE3A, 0xAE3A, 0xAE3A, 0xAE3A, 0xAE3A, 0xAE3A,   // 0x7230 (29232) pixels
0xAE1A, 0xAE1A, 0xAE1A, 0xAE1A, 0xAE1A, 0xAE1A, 0xAE1A, 0xAE1A, 0xAE1A, 0xAE1A, 0xAE1A, 0xAE1A, 0xAE1A, 0xAE1A, 0xAE1A, 0xAE1A,   // 0x7240 (29248) pixels
0xADF9, 0xADF9, 0xADF9, 0xADF9, 0xADF9, 0xADF9, 0xADF9, 0xADF9, 0xAE1A, 0xAE1A, 0xAE1A, 0xAE1A, 0xAE1A, 0xAE1A, 0xAE1A, 0xAE1A,   // 0x7250 (29264) pixels
0xAE1A, 0xAE1A, 0xAE1A, 0xAE1A, 0xAE1A, 0xAE1A, 0xAE1A, 0xAE1A, 0xAE1A, 0xAE1A, 0xAE1A, 0xADF9, 0xADF9, 0xADF9, 0xADF9, 0xADF9,   // 0x7260 (29280) pixels
0xADFA, 0xADFA, 0xADFA, 0xADFA, 0xADFA, 0xADFA, 0xADFA, 0xADFA, 0xADFA, 0xADFA, 0xADFA, 0xADFA, 0xADFA, 0xADFA, 0xADFA, 0xAE1A,   // 0x7270 (29296) pixels
0xA61A, 0xA61A, 0xA61A, 0xA61A, 0xAE1A, 0xAE1A, 0xAE1A, 0xAE1A, 0xAE1A, 0xAE1A, 0xAE1A, 0xADF9, 0xADF9, 0xADF9, 0xADF9, 0xADF9,   // 0x7280 (29312) pixels
0xADFA, 0xADFA, 0xA5D9, 0xA5FA, 0xA5FA, 0xA5FA, 0xADFA, 0x9D79, 0x8CD7, 0x6BB2, 0x422D, 0x4A4E, 0x7BD4, 0x9CB8, 0xACF9, 0xAD1A,   // 0x7290 (29328) pixels
0xACF9, 0xACD9, 0xACD9, 0xACD9, 0xACD9, 0xACB9, 0xA478, 0x9437, 0x93F7, 0x8BD6, 0x8395, 0x7B34, 0x72F4, 0x6AB3, 0x6272, 0x5A51,   // 0x72A0 (29344) pixels
0x5A51, 0x6271, 0x6AB2, 0x7313, 0x7B75, 0x7B95, 0x62F2, 0x41EE, 0x4A2F, 0x5AD1, 0x7394, 0x7C36, 0x8CD7, 0x9558, 0x9599, 0x9598,   // 0x72B0 (29360) pixels
0x8D98, 0x8D97, 0x8D98, 0x8598, 0x85B9, 0x85B9, 0x85B9, 0x85B9, 0x8DB9, 0x8DB9, 0x8DB9, 0x8D99, 0x8D99, 0x8D99, 0x8D9A, 0x8D9A,   // 0x72C0 (29376) pixels
0x8DB9, 0x8DB9, 0x8DB9, 0x8DB9, 0x8DB9, 0x8DB9, 0x8DB9, 0x8DB9, 0x8DB9, 0x8DB9, 0x8DB9, 0x8DB9, 0x8DB9, 0x8DB9, 0x8DB9, 0x8DB9,   // 0x72D0 (29392) pixels
0x8DBA, 0x8DBA, 0x8DBA, 0x8DBA, 0x8DBA, 0x8DBA, 0x8DBA, 0x8DBA, 0x8DBA, 0x8DBA, 0x8DBA, 0x8DBA, 0x8DBA, 0x8DBA, 0x8DBA, 0x8DBA,   // 0x72E0 (29408) pixels
0x8DBA, 0x8DBA, 0x8DBA, 0x8DBA, 0x8DBA, 0x8DBA, 0x8DBA, 0x8DBA, 0x8DBA, 0x8DBA, 0x8DBA, 0x8DBA, 0x8DBA, 0x8DBA, 0x8DBA, 0x8DBA,   // 0x72F0 (29424) pixels
0x8DBA, 0x8DBA, 0x8DBA, 0x8DBA, 0x8DBA, 0x8DBA, 0x8DBA, 0x8DBA, 0x8DBA, 0x8DBA, 0x8DBA, 0x8DBA, 0x8DBA, 0x8DBA, 0x8DBA, 0x8DBA,   // 0x7300 (29440) pixels
0x8DB9, 0x8DB9, 0x8DB9, 0x8DB9, 0x8DB9, 0x8DB9, 0x8DB9, 0x8DB9, 0x8DB9, 0x8DB9, 0x8DB9, 0x8DB9, 0x8DB9, 0x8DB9, 0x8DB9, 0x8DB9,   // 0x7310 (29456) pixels
0x8DB9, 0x8DB9, 0x8DB9, 0x8DB9, 0x8DB9, 0x8DB9, 0x8DB9, 0x8DB9, 0x8DB9, 0x8DB9, 0x8DB9, 0x8DB9, 0x8DB9, 0x8DB9, 0x8DB9, 0x8DB9,   // 0x7320 (29472) pixels
0x8DB9, 0x8DB9, 0x8DB9, 0x8DB9, 0x8DB9, 0x8DB9, 0x8DB9, 0x8DB9, 0x8DB9, 0x8DB9, 0x8DB9, 0x8DB9, 0x8DB9, 0x8DB9, 0x8DB9, 0x8DB9,   // 0x7330 (29488) pixels
0x8DB9, 0x8DB9, 0x8DB9, 0x8DB9, 0x8DB9, 0x8DB9, 0x8DB9, 0x8DB9, 0x8DB9, 0x8DB9, 0x8DB9, 0x8DB9, 0x8DB9, 0x8DB9, 0x8DB9, 0x8DB9,   // 0x7340 (29504) pixels
0x8DB9, 0x8DB9, 0x8DB9, 0x9599, 0x9579, 0xA599, 0xADBA, 0xB5BB, 0xB59A, 0xB57A, 0xB55A, 0xB539, 0xB519, 0xB519, 0xB519, 0xB53A,   // 0x7350 (29520) pixels
0xAD1A, 0x9C97, 0x8415, 0x6331, 0x6331, 0x9D18, 0xBE3C, 0xB61B, 0xAE1B, 0xAE1A, 0xAE1A, 0xAE1A, 0xAE1A, 0xAE1A, 0xAE1A, 0xB61A,   // 0x7360 (29536) pixels
0xAE1A, 0xAE1A, 0xAE1A, 0xAE1A, 0xAE1A, 0xAE1A, 0xAE1A, 0xAE1A, 0xAE1A, 0xAE1A, 0xAE1A, 0xAE1A, 0xAE3A, 0xAE3A, 0xAE3A, 0xAE3A,   // 0x7370 (29552) pixels
0xAE1A, 0xAE1A, 0xAE1A, 0xAE1A, 0xAE1A, 0xAE1A, 0xAE1A, 0xAE1A, 0xAE1A, 0xAE1A, 0xAE1A, 0xAE1A, 0xAE1A, 0xAE1A, 0xAE1A, 0xAE1A,   // 0x7380 (29568) pixels
0xAE1A, 0xAE1A, 0xAE1A, 0xAE1A, 0xAE1A, 0xAE1A, 0xAE1A, 0xAE1A, 0xAE1A, 0xAE1A, 0xAE1A, 0xAE1A, 0xAE1A, 0xAE1A, 0xAE1A, 0xAE1A,   // 0x7390 (29584) pixels
0xAE1A, 0xAE1A, 0xAE1A, 0xAE1A, 0xAE1A, 0xAE1A, 0xAE1A, 0xAE1A, 0xAE1A, 0xAE1A, 0xAE1A, 0xAE1A, 0xAE1A, 0xAE1A, 0xAE1A, 0xAE1A,   // 0x73A0 (29600) pixels
0xAE1A, 0xAE1A, 0xAE1A, 0xAE1A, 0xAE1A, 0xAE1A, 0xAE1A, 0xAE1A, 0xAE1A, 0xAE1A, 0xAE1A, 0xAE1A, 0xAE1A, 0xAE1A, 0xAE1A, 0xAE1A,   // 0x73B0 (29616) pixels
0xA619, 0xA619, 0xA619, 0xA619, 0xADF9, 0xADF9, 0xADF9, 0xADF9, 0xADF9, 0xADF9, 0xADF9, 0xADF9, 0xADF9, 0xADF9, 0xADF9, 0xADF9,   // 0x73C0 (29632) pixels
0xADFA, 0xADFA, 0xA5D9, 0xADFA, 0xADFA, 0xADFA, 0xADDA, 0x9558, 0x7434, 0x5B30, 0x422D, 0x528F, 0x8C36, 0xAD1A, 0xACF9, 0xACF9,   // 0x73D0 (29648) pixels
0xACD9, 0xACD9, 0xACB9, 0xACB9, 0xACB9, 0xA499, 0x9C58, 0x9417, 0x8BF7, 0x8BB6, 0x8375, 0x7334, 0x6AF3, 0x6AB3, 0x6272, 0x5A51,   // 0x73E0 (29664) pixels
0x5A51, 0x6291, 0x6AF3, 0x7354, 0x7B74, 0x7374, 0x62B1, 0x41CE, 0x524F, 0x6332, 0x7BF5, 0x8497, 0x8D18, 0x959A, 0x95BA, 0x95B9,   // 0x73F0 (29680) pixels
0x8D98, 0x8DB8, 0x8DB9, 0x8DB9, 0x85B9, 0x859A, 0x8599, 0x8599, 0x8DB9, 0x8DB9, 0x8D99, 0x8D99, 0x8D99, 0x8DB9, 0x8DBA, 0x8DBA,   // 0x7400 (29696) pixels
0x8DB9, 0x8DB9, 0x8DB9, 0x8DB9, 0x8DB9, 0x8DB9, 0x8DB9, 0x8DB9, 0x8DB9, 0x8DB9, 0x8DB9, 0x8DB9, 0x8DB9, 0x8DB9, 0x8DB9, 0x8DB9,   // 0x7410 (29712) pixels
0x8DB9, 0x8DB9, 0x8DB9, 0x8DB9, 0x8DB9, 0x8DB9, 0x8DB9, 0x8DB9, 0x8DB9, 0x8DB9, 0x8DB9, 0x8DB9, 0x8DB9, 0x8DB9, 0x8DB9, 0x8DB9,   // 0x7420 (29728) pixels
0x8DB9, 0x8DB9, 0x8DB9, 0x8DB9, 0x8DB9, 0x8DB9, 0x8DB9, 0x8DB9, 0x8DB9, 0x8DB9, 0x8DB9, 0x8DB9, 0x8DB9, 0x8DB9, 0x8DB9, 0x8DB9,   // 0x7430 (29744) pixels
0x8DB9, 0x8DB9, 0x8DB9, 0x8DB9, 0x8DB9, 0x8DB9, 0x8DB9, 0x8DB9, 0x8DB9, 0x8DB9, 0x8DB9, 0x8DB9, 0x8DB9, 0x8DB9, 0x8DB9, 0x8DB9,   // 0x7440 (29760) pixels
0x8DB9, 0x8DB9, 0x8DB9, 0x8DB9, 0x8DB9, 0x8DB9, 0x8DB9, 0x8DB9, 0x8DB9, 0x8DB9, 0x8DB9, 0x8DB9, 0x8DB9, 0x8DB9, 0x8DB9, 0x8DB9,   // 0x7450 (29776) pixels
0x8DB9, 0x8DB9, 0x8DB9, 0x8DB9, 0x8DB9, 0x8DB9, 0x8DB9, 0x8DB9, 0x8DB9, 0x8DB9, 0x8DB9, 0x8DB9, 0x8DB9, 0x8DB9, 0x8DB9, 0x8DB9,   // 0x7460 (29792) pixels
0x8DB9, 0x8DB9, 0x8DB9, 0x8DB9, 0x8DB9, 0x8DB9, 0x8DB9, 0x8DB9, 0x8DB9, 0x8DB9, 0x8DB9, 0x8DB9, 0x8DB9, 0x8DB9, 0x8DB9, 0x8DB9,   // 0x7470 (29808) pixels
0x8DB9, 0x8DB9, 0x8DB9, 0x8DB9, 0x8DB9, 0x8DB9, 0x8DB9, 0x8DB9, 0x8DB9, 0x8DB9, 0x8DB9, 0x8DB9, 0x8DB9, 0x8DB9, 0x8DB9, 0x8DB9,   // 0x7480 (29824) pixels
0x8DB9, 0x8DB9, 0x8D99, 0x9599, 0x9D99, 0xA5BA, 0xB5BA, 0xBDBB, 0xB59A, 0xB559, 0xB539, 0xB539, 0xB53A, 0xB53A, 0xB53A, 0xB55A,   // 0x7490 (29840) pixels
0xB53A, 0x8C35, 0x7BB3, 0x6B51, 0x73B3, 0xA558, 0xBE5C, 0xB65B, 0xAE3A, 0xAE3A, 0xAE3A, 0xAE3A, 0xAE1A, 0xAE1A, 0xB61A, 0xB63A,   // 0x74A0 (29856) pixels
0xAE1A, 0xAE1A, 0xAE1A, 0xAE1A, 0xAE1A, 0xAE1A, 0xAE3A, 0xAE3A, 0xAE3A, 0xAE3A, 0xAE3A, 0xAE3A, 0xAE3A, 0xAE3A, 0xAE3A, 0xAE3A,   // 0x74B0 (29872) pixels
0xAE3A, 0xAE3A, 0xAE3A, 0xAE3A, 0xAE3A, 0xAE3A, 0xAE3A, 0xAE3A, 0xAE3A, 0xAE3A, 0xAE1A, 0xAE1A, 0xAE1A, 0xAE1A, 0xAE1A, 0xAE1A,   // 0x74C0 (29888) pixels
0xAE1A, 0xAE1A, 0xAE1A, 0xAE1A, 0xAE1A, 0xAE1A, 0xAE1A, 0xAE1A, 0xAE1A, 0xAE1A, 0xAE1A, 0xAE1A, 0xAE1A, 0xAE1A, 0xAE1A, 0xAE1A,   // 0x74D0 (29904) pixels
0xAE1A, 0xAE1A, 0xAE1A, 0xAE1A, 0xAE1A, 0xAE1A, 0xAE1A, 0xAE1A, 0xAE1A, 0xAE1A, 0xAE1A, 0xAE1A, 0xAE1A, 0xAE1A, 0xAE1A, 0xAE1A,   // 0x74E0 (29920) pixels
0xAE1A, 0xAE1A, 0xAE1A, 0xAE1A, 0xAE1A, 0xAE1A, 0xAE1A, 0xAE1A, 0xAE1A, 0xAE1A, 0xAE1A, 0xAE1A, 0xAE1A, 0xAE1A, 0xAE1A, 0xAE1A,   // 0x74F0 (29936) pixels
0xA61A, 0xA61A, 0xA61A, 0xA61A, 0xAE1A, 0xAE1A, 0xAE1A, 0xAE1A, 0xAE1A, 0xAE1A, 0xAE1A, 0xAE1A, 0xADFA, 0xADFA, 0xADFA, 0xADFA,   // 0x7500 (29952) pixels
0xADFA, 0xADFA, 0xA5D9, 0xADFA, 0xADFA, 0xADFA, 0xA5BA, 0x9517, 0x6371, 0x52CF, 0x4A8E, 0x6331, 0x9C77, 0xB53A, 0xACD9, 0xACD9,   // 0x7510 (29968) pixels
0xACD9, 0xACD9, 0xACD9, 0xACB9, 0xA4B9, 0xA498, 0x9C57, 0x93F7, 0x8BD7, 0x83B6, 0x7B55, 0x7314, 0x6AD3, 0x6292, 0x6272, 0x5A51,   // 0x7520 (29984) pixels
0x5A72, 0x62B2, 0x7334, 0x7B95, 0x7B74, 0x6B12, 0x5A90, 0x4A0E, 0x5A90, 0x7374, 0x8436, 0x8CB7, 0x8D19, 0x957A, 0x8D9A, 0x8DB9,   // 0x7530 (30000) pixels
0x8DB9, 0x8DB9, 0x8DB9, 0x8599, 0x8599, 0x859A, 0x8D9A, 0x8D9A, 0x8D99, 0x8D99, 0x8D99, 0x8D99, 0x8DB9, 0x8DB9, 0x8DBA, 0x8DBA,   // 0x7540 (30016) pixels
0x8DB9, 0x8DB9, 0x8DB9, 0x8DB9, 0x8DB9, 0x8DB9, 0x8DB9, 0x8DB9, 0x8DB9, 0x8DB9, 0x8DB9, 0x8DB9, 0x8DB9, 0x8DB9, 0x8DB9, 0x8DB9,   // 0x7550 (30032) pixels
0x8DB9, 0x8DB9, 0x8DB9, 0x8DB9, 0x8DB9, 0x8DB9, 0x8DB9, 0x8DB9, 0x8DB9, 0x8DB9, 0x8DB9, 0x8DB9, 0x8DB9, 0x8DB9, 0x8DB9, 0x8DB9,   // 0x7560 (30048) pixels
0x8DB9, 0x8DB9, 0x8DB9, 0x8DB9, 0x8DB9, 0x8DB9, 0x8DB9, 0x8DB9, 0x8DB9, 0x8DB9, 0x8DB9, 0x8DB9, 0x8DB9, 0x8DB9, 0x8DB9, 0x8DB9,   // 0x7570 (30064) pixels
0x8DB9, 0x8DB9, 0x8DB9, 0x8DB9, 0x8DB9, 0x8DB9, 0x8DB9, 0x8DB9, 0x8DB9, 0x8DB9, 0x8DB9, 0x8DB9, 0x8DB9, 0x8DB9, 0x8DB9, 0x8DB9,   // 0x7580 (30080) pixels
0x8DB9, 0x8DB9, 0x8DB9, 0x8DB9, 0x8DB9, 0x8DB9, 0x8DB9, 0x8DB9, 0x8DB9, 0x8DB9, 0x8DB9, 0x8DB9, 0x8DB9, 0x8DB9, 0x8DB9, 0x8DB9,   // 0x7590 (30096) pixels
0x8DB9, 0x8DB9, 0x8DB9, 0x8DB9, 0x8DB9, 0x8DB9, 0x8DB9, 0x8DB9, 0x8DB9, 0x8DB9, 0x8DB9, 0x8DB9, 0x8DB9, 0x8DB9, 0x8DB9, 0x8DB9,   // 0x75A0 (30112) pixels
0x8DB9, 0x8DB9, 0x8DB9, 0x8DB9, 0x8DB9, 0x8DB9, 0x8DB9, 0x8DB9, 0x8DB9, 0x8DB9, 0x8DB9, 0x8DB9, 0x8DB9, 0x8DB9, 0x8DB9, 0x8DB9,   // 0x75B0 (30128) pixels
0x8DB9, 0x8DB9, 0x8DB9, 0x8DB9, 0x8DB9, 0x8DB9, 0x8DB9, 0x8DB9, 0x8DB9, 0x8DB9, 0x8DB9, 0x8DB9, 0x8DB9, 0x8DB9, 0x8DB9, 0x8DB9,   // 0x75C0 (30144) pixels
0x8DB9, 0x8DB9, 0x9599, 0x9599, 0x9D99, 0xADBA, 0xB5DB, 0xBDBB, 0xB57A, 0xB539, 0xB519, 0xB539, 0xB53A, 0xB51A, 0xB53A, 0xB55A,   // 0x75D0 (30160) pixels
0xA4F9, 0x7393, 0x6B52, 0x73B3, 0x8C76, 0xA599, 0xB63B, 0xB63B, 0xAE1A, 0xAE3A, 0xAE3A, 0xAE3A, 0xAE3A, 0xAE3A, 0xB63A, 0xB63A,   // 0x75E0 (30176) pixels
0xAE3A, 0xAE3A, 0xAE3A, 0xAE3A, 0xAE3A, 0xAE3A, 0xAE3A, 0xAE3A, 0xAE3A, 0xAE3A, 0xAE3A, 0xAE3A, 0xAE3A, 0xAE3A, 0xAE3A, 0xAE3A,   // 0x75F0 (30192) pixels
0xAE3A, 0xAE3A, 0xAE3A, 0xAE3A, 0xAE3A, 0xAE3A, 0xAE3A, 0xAE3A, 0xAE3A, 0xAE3A, 0xAE1A, 0xAE1A, 0xAE1A, 0xAE1A, 0xAE1A, 0xAE1A,   // 0x7600 (30208) pixels
0xAE3A, 0xAE3A, 0xAE3A, 0xAE3A, 0xAE3A, 0xAE3A, 0xAE3A, 0xAE3A, 0xAE1A, 0xAE1A, 0xAE1A, 0xAE1A, 0xAE1A, 0xAE1A, 0xAE1A, 0xAE1A,   // 0x7610 (30224) pixels
0xAE1A, 0xAE1A, 0xAE1A, 0xAE1A, 0xAE1A, 0xAE1A, 0xAE1A, 0xAE1A, 0xAE1A, 0xAE1A, 0xAE1A, 0xAE1A, 0xAE1A, 0xAE1A, 0xAE1A, 0xAE1A,   // 0x7620 (30240) pixels
0xAE1A, 0xAE1A, 0xAE1A, 0xAE1A, 0xAE1A, 0xAE1A, 0xAE1A, 0xAE1A, 0xAE1A, 0xAE1A, 0xAE1A, 0xAE1A, 0xAE1A, 0xAE1A, 0xAE1A, 0xAE1A,   // 0x7630 (30256) pixels
0xA61A, 0xA61A, 0xA61A, 0xA61A, 0xAE1A, 0xAE1A, 0xAE1A, 0xAE1A, 0xAE1A, 0xAE1A, 0xAE1A, 0xAE1A, 0xAE1A, 0xAE1A, 0xAE1A, 0xAE1A,   // 0x7640 (30272) pixels
0xADD9, 0xADFA, 0xA5D9, 0xADFA, 0xADFA, 0xA5DA, 0x9D79, 0x8496, 0x52EF, 0x4AAE, 0x6311, 0x83D4, 0xA4D8, 0xB55A, 0xACD9, 0xACB8,   // 0x7650 (30288) pixels
0xACD8, 0xACD9, 0xACD9, 0xACB9, 0xA498, 0xA478, 0x9437, 0x93F7, 0x8BB6, 0x8395, 0x7B34, 0x72F3, 0x6AB3, 0x6272, 0x6272, 0x5A72,   // 0x7660 (30304) pixels
0x6292, 0x62B2, 0x7354, 0x83B5, 0x7353, 0x62B0, 0x524F, 0x524F, 0x6AF2, 0x83D5, 0x8C77, 0x94F8, 0x955A, 0x959A, 0x8D99, 0x8DB9,   // 0x7670 (30320) pixels
0x8D99, 0x8D99, 0x8D99, 0x8D99, 0x8D99, 0x8D9A, 0x8D9A, 0x95BA, 0x9599, 0x9599, 0x9599, 0x8D99, 0x8DB9, 0x8DB9, 0x8DBA, 0x85BA,   // 0x7680 (30336) pixels
0x8DB9, 0x8DB9, 0x8DB9, 0x8DB9, 0x8DB9, 0x8DB9, 0x8DB9, 0x8DB9, 0x8DB9, 0x8DB9, 0x8DB9, 0x8DB9, 0x8DB9, 0x8DB9, 0x8DB9, 0x8DB9,   // 0x7690 (30352) pixels
0x8DB9, 0x8DB9, 0x8DB9, 0x8DB9, 0x8DB9, 0x8DB9, 0x8DB9, 0x8DB9, 0x8DB9, 0x8DB9, 0x8DB9, 0x8DB9, 0x8DB9, 0x8DB9, 0x8DB9, 0x8DB9,   // 0x76A0 (30368) pixels
0x8DB9, 0x8DB9, 0x8DB9, 0x8DB9, 0x8DB9, 0x8DB9, 0x8DB9, 0x8DB9, 0x8DB9, 0x8DB9, 0x8DB9, 0x8DB9, 0x8DB9, 0x8DB9, 0x8DB9, 0x8DB9,   // 0x76B0 (30384) pixels
0x8DB9, 0x8DB9, 0x8DB9, 0x8DB9, 0x8DB9, 0x8DB9, 0x8DB9, 0x8DB9, 0x8DB9, 0x8DB9, 0x8DB9, 0x8DB9, 0x8DB9, 0x8DB9, 0x8DB9, 0x8DB9,   // 0x76C0 (30400) pixels
0x8DB9, 0x8DB9, 0x8DB9, 0x8DB9, 0x8DB9, 0x8DB9, 0x8DB9, 0x8DB9, 0x8DB9, 0x8DB9, 0x8DB9, 0x8DB9, 0x8DB9, 0x8DB9, 0x8DB9, 0x8DB9,   // 0x76D0 (30416) pixels
0x8DB9, 0x8DB9, 0x8DB9, 0x8DB9, 0x8DB9, 0x8DB9, 0x8DB9, 0x8DB9, 0x8DB9, 0x8DB9, 0x8DB9, 0x8DB9, 0x8DB9, 0x8DB9, 0x8DB9, 0x8DB9,   // 0x76E0 (30432) pixels
0x8DB9, 0x8DB9, 0x8DB9, 0x8DB9, 0x8DB9, 0x8DB9, 0x8DB9, 0x8DB9, 0x8DB9, 0x8DB9, 0x8DB9, 0x8DB9, 0x8DB9, 0x8DB9, 0x8DB9, 0x8DB9,   // 0x76F0 (30448) pixels
0x8DB9, 0x8DB9, 0x8DB9, 0x8DB9, 0x8DB9, 0x8DB9, 0x8DB9, 0x8DB9, 0x8DB9, 0x8DB9, 0x8DB9, 0x8DB9, 0x8DB9, 0x8DB9, 0x8DB9, 0x8DB9,   // 0x7700 (30464) pixels
0x8DB9, 0x8D99, 0x9599, 0x9579, 0xA59A, 0xADBB, 0xBDDB, 0xBDBB, 0xBD7A, 0xB539, 0xB519, 0xB539, 0xB51A, 0xAD19, 0xAD19, 0xB53A,   // 0x7710 (30480) pixels
0x9C97, 0x6311, 0x6311, 0x7C15, 0x9D18, 0xADDA, 0xAE1B, 0xAE3A, 0xAE1A, 0xAE3A, 0xAE3A, 0xAE3A, 0xAE1A, 0xAE1A, 0xB61A, 0xB61A,   // 0x7720 (30496) pixels
0xB63B, 0xB63A, 0xB63B, 0xB63A, 0xB63B, 0xB63B, 0xAE3B, 0xAE3B, 0xAE3B, 0xAE3B, 0xAE3B, 0xAE3B, 0xAE3B, 0xAE3B, 0xAE3B, 0xAE3B,   // 0x7730 (30512) pixels
0xAE3A, 0xAE3A, 0xAE3A, 0xAE3A, 0xAE3A, 0xAE3A, 0xAE1A, 0xAE1A, 0xAE1A, 0xAE1A, 0xAE1A, 0xAE1A, 0xAE1A, 0xAE1A, 0xAE1A, 0xAE1A,   // 0x7740 (30528) pixels
0xAE1A, 0xAE1A, 0xAE1A, 0xAE1A, 0xAE1A, 0xAE1A, 0xAE1A, 0xAE1A, 0xAE1A, 0xAE1A, 0xAE1A, 0xAE1A, 0xAE1A, 0xAE1A, 0xAE1A, 0xAE1A,   // 0x7750 (30544) pixels
0xAE1A, 0xAE1A, 0xAE1A, 0xAE1A, 0xAE1A, 0xAE1A, 0xAE1A, 0xAE1A, 0xAE1A, 0xAE1A, 0xAE1A, 0xAE1A, 0xADF9, 0xADF9, 0xA5F9, 0xA5F9,   // 0x7760 (30560) pixels
0xADFA, 0xADFA, 0xADFA, 0xADFA, 0xADFA, 0xADFA, 0xA5FA, 0xA5FA, 0xA5FA, 0xA5FA, 0xA5FA, 0xA5FA, 0xA5FA, 0xA5FA, 0xA5FA, 0xA5FA,   // 0x7770 (30576) pixels
0xA619, 0xA619, 0xA619, 0xA619, 0xA619, 0xADF9, 0xADF9, 0xADF9, 0xADF9, 0xADF9, 0xADF9, 0xAE1A, 0xADFA, 0xAE1A, 0xAE1A, 0xAE1A,   // 0x7780 (30592) pixels
0xA5F9, 0xADFA, 0xA5D9, 0xA5FA, 0xA5DA, 0xA599, 0x9538, 0x7C34, 0x4A8E, 0x4A8E, 0x7393, 0x9456, 0xACF9, 0xB53A, 0xACD9, 0xACB9,   // 0x7790 (30608) pixels
0xACB8, 0xACD9, 0xACD9, 0xACB9, 0xA498, 0x9C58, 0x9417, 0x8BF6, 0x83B6, 0x8375, 0x7334, 0x6AD3, 0x6292, 0x6272, 0x5A52, 0x5A72,   // 0x77A0 (30624) pixels
0x6292, 0x62D3, 0x7355, 0x83B6, 0x7333, 0x524F, 0x522E, 0x5A6F, 0x6B12, 0x83F5, 0x8C97, 0x9519, 0x9D9A, 0x95BA, 0x8D99, 0x8DDA,   // 0x77B0 (30640) pixels
0x8DB9, 0x8DB9, 0x8DB9, 0x8DBA, 0x8DBA, 0x8D9A, 0x8D9A, 0x8D99, 0x9599, 0x9599, 0x9599, 0x8D99, 0x8DB9, 0x8DB9, 0x8DBA, 0x8DBA,   // 0x77C0 (30656) pixels
0x8DB9, 0x8DB9, 0x8DB9, 0x8DB9, 0x8DB9, 0x8DB9, 0x8DB9, 0x8DB9, 0x8DB9, 0x8DB9, 0x8DB9, 0x8DB9, 0x8DB9, 0x8DB9, 0x8DB9, 0x8DB9,   // 0x77D0 (30672) pixels
0x8DB9, 0x8DB9, 0x8DB9, 0x8DB9, 0x8DB9, 0x8DB9, 0x8DB9, 0x8DB9, 0x8DB9, 0x8DB9, 0x8DB9, 0x8DB9, 0x8DB9, 0x8DB9, 0x8DB9, 0x8DB9,   // 0x77E0 (30688) pixels
0x8DB9, 0x8DB9, 0x8DB9, 0x8DB9, 0x8DB9, 0x8DB9, 0x8DB9, 0x8DB9, 0x8DB9, 0x8DB9, 0x8DB9, 0x8DB9, 0x8DB9, 0x8DB9, 0x8DB9, 0x8DB9,   // 0x77F0 (30704) pixels
0x8DB9, 0x8DB9, 0x8DB9, 0x8DB9, 0x8DB9, 0x8DB9, 0x8DB9, 0x8DB9, 0x8DB9, 0x8DB9, 0x8DB9, 0x8DB9, 0x8DB9, 0x8DB9, 0x8DB9, 0x8DB9,   // 0x7800 (30720) pixels
0x8DBA, 0x8DBA, 0x8DBA, 0x8DBA, 0x8DBA, 0x8DBA, 0x8DBA, 0x8DBA, 0x8DBA, 0x8DBA, 0x8DBA, 0x8DBA, 0x8DBA, 0x8DBA, 0x8DBA, 0x8DBA,   // 0x7810 (30736) pixels
0x8DB9, 0x8DB9, 0x8DB9, 0x8DB9, 0x8DB9, 0x8DB9, 0x8DB9, 0x8DB9, 0x8DB9, 0x8DB9, 0x8DB9, 0x8DB9, 0x8DB9, 0x8DB9, 0x8DB9, 0x8DB9,   // 0x7820 (30752) pixels
0x8DB9, 0x8DB9, 0x8DB9, 0x8DB9, 0x8DB9, 0x8DB9, 0x8DB9, 0x8DB9, 0x8DB9, 0x8DB9, 0x8DB9, 0x8DB9, 0x8DB9, 0x8DB9, 0x8DB9, 0x8DB9,   // 0x7830 (30768) pixels
0x8DB9, 0x8DB9, 0x8DB9, 0x8DB9, 0x8DB9, 0x8DB9, 0x8DB9, 0x8DB9, 0x8DB9, 0x8DB9, 0x8DBA, 0x8DDA, 0x8DB9, 0x8DB9, 0x8DB9, 0x8599,   // 0x7840 (30784) pixels
0x8DBA, 0x959A, 0x9579, 0x9D79, 0xAD9A, 0xB5BB, 0xBDBB, 0xBD9A, 0xBD7A, 0xB519, 0xB539, 0xB55A, 0xB55A, 0xB55A, 0xAD3A, 0xA4F9,   // 0x7850 (30800) pixels
0x8C56, 0x5B11, 0x5AF0, 0x8C97, 0xADBA, 0xADDA, 0xB63B, 0xAE3A, 0xAE1A, 0xAE1A, 0xAE1A, 0xAE3A, 0xB63A, 0xB63B, 0xB63B, 0xB61A,   // 0x7860 (30816) pixels
0xB63A, 0xAE3A, 0xAE3A, 0xAE3A, 0xAE1A, 0xAE1A, 0xAE1A, 0xAE1A, 0xAE3A, 0xAE3A, 0xAE3A, 0xAE3A, 0xAE3A, 0xAE3A, 0xAE3A, 0xAE3A,   // 0x7870 (30832) pixels
0xAE3A, 0xAE3A, 0xAE3A, 0xAE3A, 0xAE3A, 0xAE3A, 0xAE3A, 0xAE3A, 0xAE3A, 0xAE3A, 0xAE3A, 0xAE3A, 0xAE3A, 0xAE3A, 0xAE3A, 0xAE3A,   // 0x7880 (30848) pixels
0xAE1A, 0xAE1A, 0xAE1A, 0xAE3A, 0xAE3A, 0xAE3A, 0xAE3A, 0xAE3A, 0xAE1A, 0xAE1A, 0xAE1A, 0xAE1A, 0xAE1A, 0xAE1A, 0xAE1A, 0xAE1A,   // 0x7890 (30864) pixels
0xAE3A, 0xAE3A, 0xAE1A, 0xAE1A, 0xAE1A, 0xAE1A, 0xAE1A, 0xAE1A, 0xAE1A, 0xAE1A, 0xAE1A, 0xAE1A, 0xAE1A, 0xAE1A, 0xAE1A, 0xAE1A,   // 0x78A0 (30880) pixels
0xAE1A, 0xAE1A, 0xAE1A, 0xAE1A, 0xAE1A, 0xAE1A, 0xAE1A, 0xAE1A, 0xAE1A, 0xAE1A, 0xAE1A, 0xAE1A, 0xAE1A, 0xAE1A, 0xAE1A, 0xAE1A,   // 0x78B0 (30896) pixels
0xAE1A, 0xA61A, 0xA61A, 0xA61A, 0xA619, 0xA619, 0xA619, 0xAE19, 0xAE19, 0xA619, 0xA619, 0xA619, 0xAE19, 0xAE19, 0xAE19, 0xAE19,   // 0x78C0 (30912) pixels
0xAE19, 0xA619, 0xA5F9, 0xAE1A, 0xADFA, 0x9D99, 0x8CD7, 0x6BB3, 0x426E, 0x528F, 0x83F5, 0xAD19, 0xA4D9, 0xACD9, 0xB51A, 0xACB8,   // 0x78D0 (30928) pixels
0xACD9, 0xACF9, 0xACD9, 0xA4B9, 0xA498, 0x9C58, 0x9417, 0x8BD6, 0x8395, 0x7B54, 0x72F3, 0x6AB2, 0x6292, 0x6271, 0x6271, 0x6271,   // 0x78E0 (30944) pixels
0x62B3, 0x6AF3, 0x7B55, 0x83B6, 0x6AF2, 0x4A0E, 0x524F, 0x6311, 0x73B3, 0x8435, 0x8CD7, 0x9539, 0x9579, 0x9599, 0x8D99, 0x8DB9,   // 0x78F0 (30960) pixels
0x8DB9, 0x8DB9, 0x8DB9, 0x8DB9, 0x8DB9, 0x8DB9, 0x8D99, 0x8D99, 0x8D99, 0x8D99, 0x8D99, 0x8DB9, 0x8DB9, 0x8DB9, 0x8DB9, 0x8DB9,   // 0x7900 (30976) pixels
0x8DB9, 0x8DB9, 0x8DB9, 0x8DB9, 0x8DB9, 0x8DB9, 0x8DB9, 0x8DB9, 0x8DB9, 0x8DB9, 0x8DB9, 0x8DB9, 0x8DB9, 0x8DB9, 0x8DB9, 0x8DB9,   // 0x7910 (30992) pixels
0x8DB9, 0x8DB9, 0x8DB9, 0x8DB9, 0x8DB9, 0x8DB9, 0x8DB9, 0x8DB9, 0x8DB9, 0x8DB9, 0x8DB9, 0x8DB9, 0x8DB9, 0x8DB9, 0x8DB9, 0x8DB9,   // 0x7920 (31008) pixels
0x8DB9, 0x8DB9, 0x8DB9, 0x8DB9, 0x8DB9, 0x8DB9, 0x8DB9, 0x8DB9, 0x8DB9, 0x8DB9, 0x8DB9, 0x8DB9, 0x8DB9, 0x8DB9, 0x8DB9, 0x8DB9,   // 0x7930 (31024) pixels
0x8DB9, 0x8DB9, 0x8DB9, 0x8DB9, 0x8DB9, 0x8DB9, 0x8DB9, 0x8DB9, 0x8DB9, 0x8DB9, 0x8DB9, 0x8DB9, 0x8DB9, 0x8DB9, 0x8DB9, 0x8DB9,   // 0x7940 (31040) pixels
0x8DBA, 0x8DBA, 0x8DBA, 0x8DBA, 0x8DBA, 0x8DBA, 0x8DBA, 0x8DBA, 0x8DBA, 0x8DBA, 0x8DBA, 0x8DBA, 0x8DBA, 0x8DBA, 0x8DBA, 0x8DBA,   // 0x7950 (31056) pixels
0x8DB9, 0x8DB9, 0x8DB9, 0x8DB9, 0x8DB9, 0x8DB9, 0x8DB9, 0x8DB9, 0x8DB9, 0x8DB9, 0x8DB9, 0x8DB9, 0x8DB9, 0x8DB9, 0x8DB9, 0x8DB9,   // 0x7960 (31072) pixels
0x8DB9, 0x8DB9, 0x8DB9, 0x8DB9, 0x8DB9, 0x8DB9, 0x8DB9, 0x8DB9, 0x8DB9, 0x8DB9, 0x8DB9, 0x8DB9, 0x8DB9, 0x8DB9, 0x8DB9, 0x8DB9,   // 0x7970 (31088) pixels
0x8DB9, 0x8DB9, 0x8DB9, 0x8DB9, 0x8DB9, 0x8DB9, 0x8DB9, 0x8DB9, 0x8DB9, 0x8DB9, 0x8DB9, 0x8DB9, 0x8DB9, 0x8DB9, 0x8DB9, 0x8DB9,   // 0x7980 (31104) pixels
0x8DBA, 0x959A, 0x9D79, 0xA59A, 0xAD9A, 0xBDBB, 0xBDBB, 0xBD7A, 0xBD59, 0xB539, 0xB53A, 0xBD7A, 0xB55A, 0xB55A, 0xAD19, 0x9477,   // 0x7990 (31120) pixels
0x7BF5, 0x5B11, 0x6352, 0x9518, 0xB5FB, 0xADFA, 0xADFA, 0xA5F9, 0xAE1A, 0xAE1A, 0xAE1A, 0xAE1A, 0xAE3A, 0xB63B, 0xB63B, 0xB63B,   // 0x79A0 (31136) pixels
0xAE3A, 0xAE3A, 0xAE3A, 0xAE1A, 0xAE1A, 0xAE1A, 0xAE1A, 0xAE3A, 0xAE1A, 0xAE1A, 0xAE1A, 0xAE1A, 0xAE3A, 0xAE3A, 0xAE3A, 0xAE3A,   // 0x79B0 (31152) pixels
0xAE3B, 0xAE3A, 0xAE3B, 0xAE3A, 0xAE3A, 0xAE3A, 0xAE3A, 0xAE3A, 0xAE1A, 0xAE3A, 0xAE1A, 0xAE3A, 0xAE1A, 0xAE3A, 0xAE1A, 0xAE3A,   // 0x79C0 (31168) pixels
0xAE3A, 0xAE3A, 0xAE3A, 0xAE3A, 0xAE3A, 0xAE3A, 0xAE3A, 0xAE3A, 0xAE3A, 0xAE3A, 0xAE3A, 0xAE3A, 0xAE3A, 0xAE3A, 0xAE3A, 0xAE3A,   // 0x79D0 (31184) pixels
0xAE1A, 0xAE1A, 0xAE1A, 0xAE1A, 0xAE1A, 0xADF9, 0xADFA, 0xADF9, 0xADFA, 0xADF9, 0xADFA, 0xADF9, 0xADFA, 0xADF9, 0xADFA, 0xADF9,   // 0x79E0 (31200) pixels
0xA61A, 0xA61A, 0xA61A, 0xA61A, 0xA61A, 0xA61A, 0xA61A, 0xA61A, 0xA61A, 0xA619, 0xA61A, 0xA619, 0xA61A, 0xA61A, 0xA61A, 0xA61A,   // 0x79F0 (31216) pixels
0xAE1A, 0xA61A, 0xA61A, 0xA61A, 0xA61A, 0xAE1A, 0xAE1A, 0xAE1A, 0xAE1A, 0xA61A, 0xA61A, 0xAE1A, 0xAE1A, 0xAE1A, 0xAE1A, 0xAE19,   // 0x7A00 (31232) pixels
0xA5F9, 0xA5F9, 0xA5F9, 0xA5F9, 0xA5DA, 0x9D58, 0x7C34, 0x5B31, 0x4A6E, 0x5AF1, 0x8C56, 0xAD3A, 0xACF9, 0xACD9, 0xB4F9, 0xACD9,   // 0x7A10 (31248) pixels
0xACD9, 0xACD9, 0xACD9, 0xA4B8, 0x9C78, 0x9C37, 0x8BF6, 0x83B5, 0x7B75, 0x7B34, 0x6AF3, 0x6AB2, 0x6291, 0x6271, 0x6271, 0x6291,   // 0x7A20 (31264) pixels
0x6AD3, 0x7334, 0x7B55, 0x7B75, 0x62D2, 0x4A0E, 0x5270, 0x6352, 0x7C15, 0x8496, 0x9518, 0x9579, 0x9599, 0x95B9, 0x8DB9, 0x8DB9,   // 0x7A30 (31280) pixels
0x8DB9, 0x8DB9, 0x8DB9, 0x8DB9, 0x8DB9, 0x8DB9, 0x8DB9, 0x8DB9, 0x8DB9, 0x8DB9, 0x8DB9, 0x8DB9, 0x8DB9, 0x8DB9, 0x8DB9, 0x8DB9,   // 0x7A40 (31296) pixels
0x8DB9, 0x8DB9, 0x8DB9, 0x8DB9, 0x8DB9, 0x8DB9, 0x8DB9, 0x8DB9, 0x8DB9, 0x8DB9, 0x8DB9, 0x8DB9, 0x8DB9, 0x8DB9, 0x8DB9, 0x8DB9,   // 0x7A50 (31312) pixels
0x8DB9, 0x8DB9, 0x8DB9, 0x8DB9, 0x8DB9, 0x8DB9, 0x8DB9, 0x8DB9, 0x8DB9, 0x8DB9, 0x8DB9, 0x8DB9, 0x8DB9, 0x8DB9, 0x8DB9, 0x8DB9,   // 0x7A60 (31328) pixels
0x8DB9, 0x8DB9, 0x8DB9, 0x8DB9, 0x8DB9, 0x8DB9, 0x8DB9, 0x8DB9, 0x8DB9, 0x8DB9, 0x8DB9, 0x8DB9, 0x8DB9, 0x8DB9, 0x8DB9, 0x8DB9,   // 0x7A70 (31344) pixels
0x8DB9, 0x8DB9, 0x8DB9, 0x8DB9, 0x8DB9, 0x8DB9, 0x8DB9, 0x8DB9, 0x8DB9, 0x8DB9, 0x8DB9, 0x8DB9, 0x8DB9, 0x8DB9, 0x8DB9, 0x8DB9,   // 0x7A80 (31360) pixels
0x8DBA, 0x8DBA, 0x8DBA, 0x8DBA, 0x8DBA, 0x8DBA, 0x8DBA, 0x8DBA, 0x8DBA, 0x8DBA, 0x8DBA, 0x8DBA, 0x8DBA, 0x8DBA, 0x8DBA, 0x8DBA,   // 0x7A90 (31376) pixels
0x8DB9, 0x8DB9, 0x8DB9, 0x8DB9, 0x8DB9, 0x8DB9, 0x8DB9, 0x8DB9, 0x8DB9, 0x8DB9, 0x8DB9, 0x8DB9, 0x8DB9, 0x8DB9, 0x8DB9, 0x8DB9,   // 0x7AA0 (31392) pixels
0x8DB9, 0x8DB9, 0x8DB9, 0x8DB9, 0x8DB9, 0x8DB9, 0x8DB9, 0x8DB9, 0x8DB9, 0x8DB9, 0x8DB9, 0x8DB9, 0x8DB9, 0x8DB9, 0x8DB9, 0x8DB9,   // 0x7AB0 (31408) pixels
0x8DB9, 0x8DB9, 0x8DB9, 0x8DB9, 0x8DB9, 0x8DB9, 0x8DB9, 0x8DB9, 0x8DB9, 0x8DB9, 0x8DB9, 0x8DB9, 0x8DB9, 0x8DB9, 0x8DB9, 0x8DB9,   // 0x7AC0 (31424) pixels
0x8D9A, 0x959A, 0x9D9A, 0xA59A, 0xB5BB, 0xBDBB, 0xBD9B, 0xBD7A, 0xB539, 0xB539, 0xBD5A, 0xB55A, 0xB55A, 0xB57B, 0xA4F9, 0x83F5,   // 0x7AD0 (31440) pixels
0x6352, 0x5B31, 0x73D3, 0xA57A, 0xC67D, 0xB63C, 0xAE1B, 0xAE1A, 0xAE1A, 0xAE1A, 0xAE1A, 0xAE1A, 0xAE1A, 0xB63B, 0xB63B, 0xB63B,   // 0x7AE0 (31456) pixels
0xAE1A, 0xAE3A, 0xAE3A, 0xAE3A, 0xAE3A, 0xAE3A, 0xAE3A, 0xAE3A, 0xAE1A, 0xAE1A, 0xAE1A, 0xAE1A, 0xAE3B, 0xAE3B, 0xAE3B, 0xAE3B,   // 0x7AF0 (31472) pixels
0xAE3B, 0xAE3B, 0xAE3B, 0xAE3B, 0xAE3B, 0xAE3B, 0xAE3B, 0xAE3B, 0xAE1B, 0xAE1A, 0xAE1B, 0xAE1A, 0xAE1B, 0xAE1A, 0xAE1B, 0xAE1A,   // 0x7B00 (31488) pixels
0xAE1A, 0xAE1A, 0xAE1A, 0xAE1A, 0xADFA, 0xADFA, 0xADFA, 0xADFA, 0xAE1A, 0xAE1A, 0xAE1A, 0xAE1A, 0xAE1A, 0xAE1A, 0xAE1A, 0xAE1A,   // 0x7B10 (31504) pixels
0xAE1B, 0xAE3A, 0xAE1B, 0xAE1A, 0xAE1A, 0xAE1A, 0xAE1A, 0xAE1A, 0xAE1A, 0xAE1A, 0xAE1A, 0xAE1A, 0xAE1A, 0xAE1A, 0xAE1A, 0xAE1A,   // 0x7B20 (31520) pixels
0xADFA, 0xAE1A, 0xADFA, 0xAE1A, 0xADFA, 0xAE1A, 0xADFA, 0xADFA, 0xADFA, 0xADFA, 0xADFA, 0xAE1A, 0xADFA, 0xAE1A, 0xADFA, 0xA61A,   // 0x7B30 (31536) pixels
0xA5FA, 0xA5FA, 0xA5FA, 0xA5FA, 0xA5FA, 0xADFA, 0xADFA, 0xAE1A, 0xA5FA, 0xADFA, 0xADFA, 0xADFA, 0xAE1A, 0xADFA, 0xA5F9, 0xA5D9,   // 0x7B40 (31552) pixels
0xA5F9, 0xA5D9, 0xAE1A, 0xADFA, 0xADDA, 0x8CF7, 0x5B31, 0x4A8F, 0x5AB0, 0x7393, 0x9CB8, 0xB55A, 0xAD19, 0xACD9, 0xACF9, 0xACD8,   // 0x7B50 (31568) pixels
0xACD9, 0xACD9, 0xACD9, 0xA498, 0x9C58, 0x9417, 0x8BB6, 0x8375, 0x7B34, 0x7313, 0x6AD2, 0x62B2, 0x6271, 0x5A71, 0x6271, 0x6292,   // 0x7B60 (31584) pixels
0x7314, 0x7B55, 0x7B54, 0x7334, 0x5A91, 0x420E, 0x5AB0, 0x73B4, 0x8456, 0x8CD7, 0x9559, 0x9599, 0x95B9, 0x95B9, 0x8DB9, 0x8DB9,   // 0x7B70 (31600) pixels
0x8DB9, 0x8DB9, 0x8DB9, 0x8DB9, 0x8DB9, 0x8DB9, 0x8DB9, 0x8DB9, 0x8DB9, 0x8DB9, 0x8DB9, 0x8DB9, 0x8DB9, 0x8DB9, 0x8DB9, 0x8DB9,   // 0x7B80 (31616) pixels
0x8DB9, 0x8DB9, 0x8DB9, 0x8DB9, 0x8DB9, 0x8DB9, 0x8DB9, 0x8DB9, 0x8DB9, 0x8DB9, 0x8DB9, 0x8DB9, 0x8DB9, 0x8DB9, 0x8DB9, 0x8DB9,   // 0x7B90 (31632) pixels
0x8DBA, 0x8DBA, 0x8DBA, 0x8DBA, 0x8DBA, 0x8DBA, 0x8DBA, 0x8DBA, 0x8DBA, 0x8DBA, 0x8DBA, 0x8DBA, 0x8DBA, 0x8DBA, 0x8DBA, 0x8DBA,   // 0x7BA0 (31648) pixels
0x8DBA, 0x8DBA, 0x8DBA, 0x8DBA, 0x8DBA, 0x8DBA, 0x8DBA, 0x8DBA, 0x8DB9, 0x8DB9, 0x8DB9, 0x8DB9, 0x8DB9, 0x8DB9, 0x8DB9, 0x8DB9,   // 0x7BB0 (31664) pixels
0x8DB9, 0x8DB9, 0x8DB9, 0x8DB9, 0x8DB9, 0x8DB9, 0x8DB9, 0x8DB9, 0x8DB9, 0x8DB9, 0x8DB9, 0x8DB9, 0x8DB9, 0x8DB9, 0x8DB9, 0x8DB9,   // 0x7BC0 (31680) pixels
0x8DBA, 0x8DBA, 0x8DBA, 0x8DBA, 0x8DBA, 0x8DBA, 0x8DBA, 0x8DBA, 0x8DBA, 0x8DBA, 0x8DBA, 0x8DBA, 0x8DBA, 0x8DBA, 0x8DBA, 0x8DBA,   // 0x7BD0 (31696) pixels
0x8DB9, 0x8DB9, 0x8DB9, 0x8DB9, 0x8DB9, 0x8DB9, 0x8DB9, 0x8DB9, 0x8DB9, 0x8DB9, 0x8DB9, 0x8DB9, 0x8DB9, 0x8DB9, 0x8DB9, 0x8DB9,   // 0x7BE0 (31712) pixels
0x8DB9, 0x8DB9, 0x8DB9, 0x8DB9, 0x8DB9, 0x8DB9, 0x8DB9, 0x8DB9, 0x8DB9, 0x8DB9, 0x8DB9, 0x8DB9, 0x8DB9, 0x8DB9, 0x8DB9, 0x8DB9,   // 0x7BF0 (31728) pixels
0x8DB9, 0x8DB9, 0x8DB9, 0x8DB9, 0x8DB9, 0x8DB9, 0x8DB9, 0x8DB9, 0x8DB9, 0x8DB9, 0x8DB9, 0x8DB9, 0x8DB9, 0x8DB9, 0x8DB9, 0x8DB9,   // 0x7C00 (31744) pixels
0x8D99, 0x9599, 0x9D9A, 0xADBA, 0xB5BB, 0xBDBB, 0xBD7A, 0xB559, 0xB539, 0xB539, 0xB53A, 0xB539, 0xB53A, 0xBD9B, 0xA4B8, 0x7373,   // 0x7C10 (31760) pixels
0x6311, 0x6352, 0x7C35, 0xADBA, 0xC69D, 0xB61B, 0xADFA, 0xAE1A, 0xAE3A, 0xAE3A, 0xAE1A, 0xAE1A, 0xB63B, 0xB63B, 0xB63B, 0xB63B,   // 0x7C20 (31776) pixels
0xB63B, 0xB63B, 0xB63B, 0xAE3B, 0xB63B, 0xB63B, 0xB63B, 0xB63B, 0xB63B, 0xB63B, 0xB63B, 0xB63B, 0xB63B, 0xB63B, 0xB63B, 0xB63B,   // 0x7C30 (31792) pixels
0xB63B, 0xB63B, 0xB63B, 0xAE3B, 0xAE3B, 0xAE3B, 0xAE3B, 0xAE3B, 0xAE1B, 0xAE1B, 0xAE1B, 0xAE1B, 0xAE1B, 0xAE1B, 0xAE1B, 0xAE1B,   // 0x7C40 (31808) pixels
0xAE1B, 0xAE1B, 0xAE1B, 0xAE1B, 0xAE1B, 0xB63B, 0xB63B, 0xB63B, 0xAE1B, 0xAE1B, 0xAE1B, 0xAE1B, 0xAE1B, 0xAE1B, 0xAE1B, 0xAE1B,   // 0x7C50 (31824) pixels
0xAE1B, 0xAE1B, 0xAE1B, 0xAE1B, 0xAE1B, 0xAE1B, 0xAE1B, 0xAE1B, 0xAE1B, 0xAE1B, 0xAE1B, 0xAE1B, 0xAE1B, 0xAE1B, 0xAE1B, 0xAE1B,   // 0x7C60 (31840) pixels
0xB63B, 0xB63B, 0xB63B, 0xB63B, 0xAE1B, 0xAE1B, 0xAE1B, 0xAE1B, 0xAE1B, 0xAE1B, 0xAE1B, 0xAE1B, 0xAE1B, 0xAE1B, 0xAE1B, 0xAE1B,   // 0x7C70 (31856) pixels
0xAE3B, 0xAE3B, 0xAE3B, 0xAE3B, 0xAE1B, 0xB63B, 0xB63B, 0xB63B, 0xB63B, 0xB63B, 0xB63B, 0xB63B, 0xB63B, 0xB61B, 0xAE1B, 0xADFA,   // 0x7C80 (31872) pixels
0xA5D9, 0xA5D9, 0xADFB, 0xA599, 0x9518, 0x7414, 0x424D, 0x422D, 0x6B53, 0x8C36, 0xACF9, 0xB53A, 0xB519, 0xACF9, 0xACD9, 0xACF9,   // 0x7C90 (31888) pixels
0xACD9, 0xACD9, 0xA4B8, 0xA478, 0x9C57, 0x9416, 0x83B5, 0x7B54, 0x7313, 0x72F3, 0x6AB2, 0x6292, 0x6271, 0x6271, 0x6291, 0x62B2,   // 0x7CA0 (31904) pixels
0x7334, 0x7B95, 0x7354, 0x62F2, 0x5270, 0x4A2E, 0x5B12, 0x7C15, 0x8476, 0x8CF7, 0x9559, 0x9599, 0x95B9, 0x95B9, 0x8DB9, 0x8DB9,   // 0x7CB0 (31920) pixels
0x8DB9, 0x8DB9, 0x8DB9, 0x8DB9, 0x8DB9, 0x8DB9, 0x8DB9, 0x8DB9, 0x8DB9, 0x8DB9, 0x8DB9, 0x8DB9, 0x8DB9, 0x8DB9, 0x8DB9, 0x8DB9,   // 0x7CC0 (31936) pixels
0x8DB9, 0x8DB9, 0x8DB9, 0x8DB9, 0x8DB9, 0x8DB9, 0x8DB9, 0x8DB9, 0x8DB9, 0x8DB9, 0x8DB9, 0x8DB9, 0x8DB9, 0x8DB9, 0x8DB9, 0x8DB9,   // 0x7CD0 (31952) pixels
0x8DB9, 0x8DB9, 0x8DB9, 0x8DB9, 0x8DB9, 0x8DB9, 0x8DB9, 0x8DB9, 0x8DB9, 0x8DB9, 0x8DB9, 0x8DB9, 0x8DB9, 0x8DB9, 0x8DB9, 0x8DB9,   // 0x7CE0 (31968) pixels
0x8DB9, 0x8DB9, 0x8DB9, 0x8DB9, 0x8DB9, 0x8DB9, 0x8DB9, 0x8DB9, 0x8DB9, 0x8DB9, 0x8DB9, 0x8DB9, 0x8DB9, 0x8DB9, 0x8DB9, 0x8DB9,   // 0x7CF0 (31984) pixels
0x8DB9, 0x8DB9, 0x8DB9, 0x8DB9, 0x8DB9, 0x8DB9, 0x8DB9, 0x8DB9, 0x8DB9, 0x8DB9, 0x8DB9, 0x8DB9, 0x8DB9, 0x8DB9, 0x8DB9, 0x8DB9,   // 0x7D00 (32000) pixels
0x8DBA, 0x8DBA, 0x8DBA, 0x8DBA, 0x8DBA, 0x8DBA, 0x8DBA, 0x8DBA, 0x8DBA, 0x8DBA, 0x8DBA, 0x8DBA, 0x8DBA, 0x8DBA, 0x8DBA, 0x8DBA,   // 0x7D10 (32016) pixels
0x8DBA, 0x8DBA, 0x8DBA, 0x8DBA, 0x8DBA, 0x8DBA, 0x8DBA, 0x8DBA, 0x8DBA, 0x8DBA, 0x8DBA, 0x8DBA, 0x8DBA, 0x8DBA, 0x8DBA, 0x8DBA,   // 0x7D20 (32032) pixels
0x8DBA, 0x8DBA, 0x8DBA, 0x8DBA, 0x8DBA, 0x8DBA, 0x8DBA, 0x8DBA, 0x8DB9, 0x8DB9, 0x8DB9, 0x8DB9, 0x8DB9, 0x8DB9, 0x8DB9, 0x8DB9,   // 0x7D30 (32048) pixels
0x8DBA, 0x8DBA, 0x8DBA, 0x8DBA, 0x8DBA, 0x8DBA, 0x8DDA, 0x8DDA, 0x8DBA, 0x8DBA, 0x8DBA, 0x8DB9, 0x8DB9, 0x8DB9, 0x8DB9, 0x8D99,   // 0x7D40 (32064) pixels
0x9599, 0x9D99, 0xA59A, 0xADBB, 0xB5BB, 0xBD9A, 0xBD7A, 0xB539, 0xB539, 0xB539, 0xB539, 0xAD19, 0xB53A, 0xBD7B, 0x9C97, 0x6B11,   // 0x7D50 (32080) pixels
0x52AF, 0x6331, 0x7C14, 0xA579, 0xBE3C, 0xB61B, 0xADFA, 0xB61B, 0xADFA, 0xADFA, 0xADFA, 0xADFA, 0xADFA, 0xADFA, 0xADFA, 0xADFA,   // 0x7D60 (32096) pixels
0xADFA, 0xADFA, 0xADDA, 0xADDA, 0xADDA, 0xADDA, 0xADDA, 0xADDA, 0xADFB, 0xADFB, 0xADDA, 0xADDA, 0xADDA, 0xADDA, 0xADDA, 0xADDA,   // 0x7D70 (32112) pixels
0xADDA, 0xA5DA, 0xA5DA, 0xA5DA, 0xA5DA, 0xA5DA, 0xA5DA, 0xA5DA, 0xA5BA, 0xA5BA, 0xA5BA, 0xA5BA, 0xA5BA, 0xA5BA, 0xA5BA, 0xA5BA,   // 0x7D80 (32128) pixels
0xA5BA, 0xA5BA, 0xA5BA, 0xA5BA, 0xA5BA, 0xA59A, 0xA59A, 0xA59A, 0xA5BA, 0xA5BA, 0xA5BA, 0xA5BA, 0xA5BA, 0xA5BA, 0xA5BA, 0xA5BA,   // 0x7D90 (32144) pixels
0xA5BA, 0xA5BA, 0xA5BA, 0xA5BA, 0xA5BA, 0xA5BA, 0xA5BA, 0xA5BA, 0xA5BA, 0xA5BA, 0xA5BA, 0xA5BA, 0xA5BA, 0xA5BA, 0xA59A, 0xA59A,   // 0x7DA0 (32160) pixels
0xA59A, 0xA59A, 0xA59A, 0xA59A, 0xA59A, 0xA59A, 0xA599, 0xA579, 0xA599, 0xA579, 0xA579, 0xA579, 0x9D79, 0x9D79, 0x9D79, 0x9D79,   // 0x7DB0 (32176) pixels
0x9D99, 0x9D79, 0x9D79, 0x9D79, 0x9D79, 0x9D79, 0x9D79, 0x9D79, 0x9D59, 0x9D59, 0x9D59, 0x9D59, 0x9D59, 0x9D59, 0x9D38, 0x9538,   // 0x7DC0 (32192) pixels
0x9537, 0x9517, 0x9518, 0x8455, 0x73D3, 0x5B11, 0x422D, 0x5AD0, 0x8C36, 0xA4D8, 0xAD1A, 0xACF9, 0xACF9, 0xACF9, 0xACD9, 0xACF9,   // 0x7DD0 (32208) pixels
0xACD9, 0xACD9, 0xA4B9, 0x9C78, 0x9437, 0x8BF6, 0x8395, 0x7B54, 0x7313, 0x6AF3, 0x6AB2, 0x6292, 0x6271, 0x6271, 0x6292, 0x6AD2,   // 0x7DE0 (32224) pixels
0x7B55, 0x83B6, 0x7334, 0x5AB1, 0x5270, 0x526F, 0x6353, 0x7C35, 0x84B7, 0x8D18, 0x9579, 0x9599, 0x95B9, 0x8DB9, 0x8DD9, 0x8DB9,   // 0x7DF0 (32240) pixels
0x8DB9, 0x8DB9, 0x8DB9, 0x8DB9, 0x8DB9, 0x8DB9, 0x8DB9, 0x8DB9, 0x8DB9, 0x8DB9, 0x8DB9, 0x8DB9, 0x8DB9, 0x8DB9, 0x8DB9, 0x8DB9,   // 0x7E00 (32256) pixels
0x8DB9, 0x8DB9, 0x8DB9, 0x8DB9, 0x8DB9, 0x8DB9, 0x8DB9, 0x8DB9, 0x8DB9, 0x8DB9, 0x8DB9, 0x8DB9, 0x8DB9, 0x8DB9, 0x8DB9, 0x8DB9,   // 0x7E10 (32272) pixels
0x8DB9, 0x8DB9, 0x8DB9, 0x8DB9, 0x8DB9, 0x8DB9, 0x8DB9, 0x8DB9, 0x8DB9, 0x8DB9, 0x8DB9, 0x8DB9, 0x8DB9, 0x8DB9, 0x8DB9, 0x8DB9,   // 0x7E20 (32288) pixels
0x8DB9, 0x8DB9, 0x8DB9, 0x8DB9, 0x8DB9, 0x8DB9, 0x8DB9, 0x8DB9, 0x8DB9, 0x8DB9, 0x8DB9, 0x8DB9, 0x8DB9, 0x8DB9, 0x8DB9, 0x8DB9,   // 0x7E30 (32304) pixels
0x8DB9, 0x8DB9, 0x8DB9, 0x8DB9, 0x8DB9, 0x8DB9, 0x8DB9, 0x8DB9, 0x8DB9, 0x8DB9, 0x8DB9, 0x8DB9, 0x8DB9, 0x8DB9, 0x8DB9, 0x8DB9,   // 0x7E40 (32320) pixels
0x8DBA, 0x8DBA, 0x8DBA, 0x8DBA, 0x8DBA, 0x8DBA, 0x8DBA, 0x8DBA, 0x8DBA, 0x8DBA, 0x8DBA, 0x8DBA, 0x8DBA, 0x8DBA, 0x8DBA, 0x8DBA,   // 0x7E50 (32336) pixels
0x8DDA, 0x8DDA, 0x8DDA, 0x8DDA, 0x8DDA, 0x8DDA, 0x8DDA, 0x8DDA, 0x8DDA, 0x8DDA, 0x8DDA, 0x8DDA, 0x8DDA, 0x8DDA, 0x8DDA, 0x8DDA,   // 0x7E60 (32352) pixels
0x8DDA, 0x8DDA, 0x8DDA, 0x8DDA, 0x8DDA, 0x8DDA, 0x8DDA, 0x8DDA, 0x8DBA, 0x8DBA, 0x8DBA, 0x8DBA, 0x8DBA, 0x8DBA, 0x8DBA, 0x8DBA,   // 0x7E70 (32368) pixels
0x8DBA, 0x8DBA, 0x8DBA, 0x8DBA, 0x8DBA, 0x8DBA, 0x8DDA, 0x8DDA, 0x8DDA, 0x8DDA, 0x8DBA, 0x8DB9, 0x8DB9, 0x8DB9, 0x8D99, 0x9599,   // 0x7E80 (32384) pixels
0x9D9A, 0x9DBA, 0xADDA, 0xB5DB, 0xBDDB, 0xBD9A, 0xBD59, 0xBD59, 0xB539, 0xB539, 0xB539, 0xB53A, 0xB55A, 0xBD5A, 0x9C77, 0x6B11,   // 0x7E90 (32400) pixels
0x4A4E, 0x52AF, 0x6B72, 0x8C96, 0x9D18, 0x9D18, 0x9D38, 0x9D38, 0x9D58, 0x9D58, 0x9538, 0x9538, 0x9D38, 0x9D58, 0x9D38, 0x9D38,   // 0x7EA0 (32416) pixels
0x9D38, 0x9D38, 0x9D38, 0x9538, 0x9518, 0x9518, 0x9518, 0x9518, 0x9518, 0x9518, 0x9518, 0x9518, 0x9518, 0x9518, 0x9518, 0x94F8,   // 0x7EB0 (32432) pixels
0x94F8, 0x94F8, 0x94F8, 0x94F8, 0x94F8, 0x94F8, 0x94F8, 0x94F8, 0x94D7, 0x94D7, 0x94D7, 0x94D7, 0x94D7, 0x94D7, 0x94D7, 0x94D7,   // 0x7EC0 (32448) pixels
0x8CB7, 0x8CB7, 0x8CB7, 0x8CB7, 0x8C96, 0x8496, 0x8496, 0x8496, 0x8496, 0x8496, 0x8496, 0x8496, 0x8496, 0x8496, 0x8496, 0x8496,   // 0x7ED0 (32464) pixels
0x8476, 0x8475, 0x8476, 0x8476, 0x8476, 0x8476, 0x8476, 0x8476, 0x7C75, 0x7C55, 0x7C55, 0x7C55, 0x7C35, 0x7C35, 0x7C35, 0x7C14,   // 0x7EE0 (32480) pixels
0x7414, 0x7414, 0x73F4, 0x7414, 0x73F4, 0x73F4, 0x73F4, 0x73F4, 0x73F4, 0x73F4, 0x73D4, 0x73F3, 0x73D3, 0x73D3, 0x73D3, 0x73D3,   // 0x7EF0 (32496) pixels
0x6BB3, 0x6BD3, 0x6BB3, 0x6BB3, 0x6BB3, 0x6BB3, 0x6BB3, 0x6BB3, 0x6BB3, 0x6BB3, 0x6B93, 0x6BB3, 0x6BB3, 0x6B93, 0x6B92, 0x6B92,   // 0x7F00 (32512) pixels
0x6351, 0x6331, 0x5B10, 0x4A6E, 0x4A4E, 0x4A6E, 0x5A90, 0x7B94, 0x9CB8, 0xACF9, 0xACFA, 0xACD9, 0xACD9, 0xACF9, 0xACD9, 0xACF9,   // 0x7F10 (32528) pixels
0xACD9, 0xACD9, 0xA498, 0x9C78, 0x9437, 0x8BF6, 0x8395, 0x7B54, 0x72F3, 0x6AD3, 0x62B2, 0x6291, 0x6271, 0x6291, 0x6AD2, 0x6AF3,   // 0x7F20 (32544) pixels
0x7B75, 0x83D6, 0x6B13, 0x5270, 0x5270, 0x5AD1, 0x6B93, 0x7C56, 0x8CF8, 0x8D38, 0x9599, 0x95B9, 0x95B9, 0x8DB9, 0x8DD9, 0x8DB9,   // 0x7F30 (32560) pixels
0x8DB9, 0x8DB9, 0x8DB9, 0x8DB9, 0x8DB9, 0x8DB9, 0x8DB9, 0x8DB9, 0x8DB9, 0x8DB9, 0x8DB9, 0x8DB9, 0x8DB9, 0x8DB9, 0x8DB9, 0x8DB9,   // 0x7F40 (32576) pixels
0x8DB9, 0x8DB9, 0x8DB9, 0x8DB9, 0x8DB9, 0x8DB9, 0x8DB9, 0x8DB9, 0x8DB9, 0x8DB9, 0x8DB9, 0x8DB9, 0x8DB9, 0x8DB9, 0x8DB9, 0x8DB9,   // 0x7F50 (32592) pixels
0x8DB9, 0x8DB9, 0x8DB9, 0x8DB9, 0x8DB9, 0x8DB9, 0x8DB9, 0x8DB9, 0x8DB9, 0x8DB9, 0x8DB9, 0x8DB9, 0x8DB9, 0x8DB9, 0x8DB9, 0x8DB9,   // 0x7F60 (32608) pixels
0x8DB9, 0x8DB9, 0x8DB9, 0x8DB9, 0x8DB9, 0x8DB9, 0x8DB9, 0x8DB9, 0x8DB9, 0x8DB9, 0x8DB9, 0x8DB9, 0x8DB9, 0x8DB9, 0x8DB9, 0x8DB9,   // 0x7F70 (32624) pixels
0x8DB9, 0x8DB9, 0x8DB9, 0x8DB9, 0x8DB9, 0x8DB9, 0x8DB9, 0x8DB9, 0x8DB9, 0x8DB9, 0x8DB9, 0x8DB9, 0x8DB9, 0x8DB9, 0x8DB9, 0x8DB9,   // 0x7F80 (32640) pixels
0x8DBA, 0x8DBA, 0x8DBA, 0x8DBA, 0x8DBA, 0x8DBA, 0x8DBA, 0x8DBA, 0x8DDA, 0x8DDA, 0x8DDA, 0x8DDA, 0x8DDA, 0x8DDA, 0x8DDA, 0x8DDA,   // 0x7F90 (32656) pixels
0x8DDA, 0x8DDA, 0x8DDA, 0x8DDA, 0x8DDA, 0x8DDA, 0x8DDA, 0x8DDA, 0x8DDA, 0x8DDA, 0x8DDA, 0x8DDA, 0x8DDA, 0x8DDA, 0x8DDA, 0x8DDA,   // 0x7FA0 (32672) pixels
0x8DDA, 0x8DDA, 0x8DDA, 0x8DDA, 0x8DDA, 0x8DDA, 0x8DDA, 0x8DDA, 0x8DDA, 0x8DDA, 0x8DDA, 0x8DDA, 0x8DDA, 0x8DDA, 0x8DDA, 0x8DDA,   // 0x7FB0 (32688) pixels
0x8DDA, 0x8DDA, 0x8DDA, 0x8DDA, 0x8DDA, 0x8DDA, 0x8DDA, 0x8DDA, 0x8DDA, 0x8DBA, 0x8DBA, 0x8DB9, 0x8DB9, 0x8DB9, 0x9599, 0x959A,   // 0x7FC0 (32704) pixels
0x9DBA, 0xA5BA, 0xADDB, 0xB5FB, 0xBDDB, 0xBD9A, 0xBD5A, 0xBD5A, 0xB539, 0xB519, 0xB55A, 0xBD5A, 0xBD5A, 0xBD5A, 0xACD8, 0x83D5,   // 0x7FD0 (32720) pixels
0x6B52, 0x6311, 0x6311, 0x6B92, 0x6B92, 0x6B71, 0x6B92, 0x5B50, 0x6351, 0x6351, 0x6351, 0x6351, 0x6351, 0x6351, 0x6351, 0x6351,   // 0x7FE0 (32736) pixels
0x6351, 0x6351, 0x6351, 0x6331, 0x6331, 0x6331, 0x6331, 0x6331, 0x5B31, 0x5B11, 0x5B11, 0x5B31, 0x6331, 0x6331, 0x6331, 0x6331,   // 0x7FF0 (32752) pixels
0x6331, 0x6331, 0x6331, 0x6331, 0x6331, 0x6331, 0x6311, 0x6331, 0x5B11, 0x5B10, 0x5B11, 0x5B10, 0x5B11, 0x5B10, 0x5B11, 0x5B11,   // 0x8000 (32768) pixels
0x6331, 0x5B31, 0x5B11, 0x5B11, 0x5B11, 0x5AF0, 0x5AF0, 0x5AF0, 0x5AF0, 0x5AF0, 0x5AF0, 0x5AF0, 0x5AF0, 0x5AF0, 0x5AF0, 0x5AF0,   // 0x8010 (32784) pixels
0x5B11, 0x5B10, 0x5B11, 0x5B11, 0x5B11, 0x5B11, 0x5B11, 0x5B11, 0x5AF0, 0x5AF0, 0x5AF0, 0x5AF0, 0x5AF0, 0x5AF0, 0x5AF0, 0x5AF0,   // 0x8020 (32800) pixels
0x5AF0, 0x5AF0, 0x5AF1, 0x5B10, 0x5B11, 0x5B10, 0x5B11, 0x5B10, 0x5AF1, 0x5B10, 0x5AF1, 0x5B10, 0x5AF1, 0x5B10, 0x5AF1, 0x5B10,   // 0x8030 (32816) pixels
0x5B10, 0x5B10, 0x5B10, 0x5B10, 0x5B11, 0x5B11, 0x5B11, 0x6311, 0x6311, 0x6311, 0x6311, 0x6311, 0x6331, 0x6331, 0x6331, 0x6332,   // 0x8040 (32832) pixels
0x6331, 0x6311, 0x62F1, 0x62F1, 0x6B12, 0x7B94, 0x9437, 0xA4D9, 0xACF9, 0xACFA, 0xACF9, 0xACD9, 0xACD9, 0xACF9, 0xACF9, 0xACD9,   // 0x8050 (32848) pixels
0xACD9, 0xA4B9, 0xA498, 0x9C57, 0x9416, 0x8BD5, 0x7B74, 0x7313, 0x6AF3, 0x6AD2, 0x6292, 0x6271, 0x6271, 0x6292, 0x6AF3, 0x7334,   // 0x8060 (32864) pixels
0x7B75, 0x83B6, 0x62D2, 0x4A0F, 0x5290, 0x6352, 0x73F5, 0x8476, 0x8D38, 0x9579, 0x959A, 0x95BA, 0x8DB9, 0x8DD9, 0x8DD9, 0x8DB9,   // 0x8070 (32880) pixels
0x8DB9, 0x8DB9, 0x8DB9, 0x8DB9, 0x8DB9, 0x8DB9, 0x8DB9, 0x8DB9, 0x8DB9, 0x8DB9, 0x8DB9, 0x8DB9, 0x8DB9, 0x8DB9, 0x8DB9, 0x8DB9,   // 0x8080 (32896) pixels
0x8DB9, 0x8DB9, 0x8DB9, 0x8DB9, 0x8DB9, 0x8DB9, 0x8DB9, 0x8DB9, 0x8DB9, 0x8DB9, 0x8DB9, 0x8DB9, 0x8DB9, 0x8DB9, 0x8DB9, 0x8DB9,   // 0x8090 (32912) pixels
0x8DB9, 0x8DB9, 0x8DB9, 0x8DB9, 0x8DB9, 0x8DB9, 0x8DB9, 0x8DB9, 0x8DB9, 0x8DB9, 0x8DB9, 0x8DB9, 0x8DB9, 0x8DB9, 0x8DB9, 0x8DB9,   // 0x80A0 (32928) pixels
0x8DB9, 0x8DB9, 0x8DB9, 0x8DB9, 0x8DB9, 0x8DB9, 0x8DB9, 0x8DB9, 0x8DB9, 0x8DB9, 0x8DB9, 0x8DB9, 0x8DB9, 0x8DB9, 0x8DB9, 0x8DB9,   // 0x80B0 (32944) pixels
0x8DB9, 0x8DB9, 0x8DB9, 0x8DB9, 0x8DB9, 0x8DB9, 0x8DB9, 0x8DB9, 0x8DB9, 0x8DB9, 0x8DB9, 0x8DB9, 0x8DB9, 0x8DB9, 0x8DB9, 0x8DB9,   // 0x80C0 (32960) pixels
0x8DDA, 0x8DDA, 0x8DDA, 0x8DDA, 0x8DDA, 0x8DDA, 0x8DDA, 0x8DDA, 0x8DDA, 0x8DDA, 0x8DDA, 0x8DDA, 0x8DDA, 0x8DDA, 0x8DDA, 0x8DDA,   // 0x80D0 (32976) pixels
0x8DDA, 0x8DDA, 0x8DDA, 0x8DDA, 0x8DDA, 0x8DDA, 0x8DDA, 0x8DDA, 0x8DDA, 0x8DDA, 0x8DDA, 0x8DDA, 0x8DDA, 0x8DDA, 0x8DDA, 0x8DDA,   // 0x80E0 (32992) pixels
0x8DDA, 0x8DDA, 0x8DDA, 0x8DDA, 0x8DDA, 0x8DDA, 0x8DDA, 0x8DDA, 0x8DDA, 0x8DDA, 0x8DDA, 0x8DDA, 0x8DDA, 0x8DDA, 0x8DDA, 0x8DDA,   // 0x80F0 (33008) pixels
0x8DDA, 0x8DDA, 0x8DDA, 0x8DDA, 0x8DDA, 0x8DDA, 0x8DDA, 0x8DDA, 0x8DBA, 0x8DBA, 0x8DB9, 0x8DB9, 0x9599, 0x9599, 0x95BA, 0x9D9A,   // 0x8100 (33024) pixels
0xA5BA, 0xA5BA, 0xB5BA, 0xBDDB, 0xBDBB, 0xBD7A, 0xBD59, 0xBD59, 0xBD39, 0xB539, 0xB55A, 0xBD5A, 0xB53A, 0xBD5A, 0xB53A, 0xA4B8,   // 0x8110 (33040) pixels
0x9477, 0x7BD4, 0x6B52, 0x6B31, 0x62F0, 0x5AF0, 0x6331, 0x5ACF, 0x5ACF, 0x52CF, 0x5AD0, 0x5AF0, 0x5AF0, 0x5AF0, 0x5AD0, 0x5AD0,   // 0x8120 (33056) pixels
0x5AD0, 0x5AD0, 0x5AD0, 0x5AAF, 0x52AF, 0x52AF, 0x52AF, 0x52AF, 0x52AF, 0x52AF, 0x5AB0, 0x5AD0, 0x5AF0, 0x5AF1, 0x5AF1, 0x5AF1,   // 0x8130 (33072) pixels
0x5AF0, 0x5AF0, 0x5AF0, 0x5AD0, 0x5AD0, 0x5AD0, 0x5AD0, 0x5AD0, 0x62D0, 0x62D0, 0x62D0, 0x62D0, 0x62D0, 0x62D0, 0x62D0, 0x62D0,   // 0x8140 (33088) pixels
0x5AD1, 0x5AD1, 0x5AD1, 0x5AD0, 0x5AD0, 0x5AD0, 0x5AD0, 0x5AD0, 0x5AF1, 0x5AF1, 0x5AF1, 0x5AF1, 0x5AF1, 0x5AF1, 0x5AF1, 0x5AF1,   // 0x8150 (33104) pixels
0x5AF0, 0x5AF0, 0x5AF0, 0x5AF1, 0x62F1, 0x62F1, 0x62F1, 0x6311, 0x6311, 0x6311, 0x6311, 0x6331, 0x6331, 0x6B32, 0x6B52, 0x6B52,   // 0x8160 (33120) pixels
0x6331, 0x6331, 0x6B32, 0x6B32, 0x6B32, 0x6B52, 0x6B52, 0x6B52, 0x6B52, 0x6B52, 0x7352, 0x6B52, 0x7352, 0x6B72, 0x7373, 0x7373,   // 0x8170 (33136) pixels
0x7373, 0x7373, 0x7373, 0x7373, 0x7373, 0x7373, 0x7393, 0x7393, 0x7393, 0x7393, 0x7373, 0x7393, 0x7B94, 0x7BB4, 0x7BB4, 0x83D5,   // 0x8180 (33152) pixels
0x7BB4, 0x7BB4, 0x83D5, 0x8C36, 0x9477, 0x9CB8, 0xAD1A, 0xACFA, 0xACFA, 0xACD9, 0xACF9, 0xACF9, 0xACD9, 0xACD9, 0xACF9, 0xACD8,   // 0x8190 (33168) pixels
0xACB9, 0xA4B8, 0xA478, 0x9437, 0x8BF6, 0x8395, 0x7B54, 0x7313, 0x6AD2, 0x62B2, 0x6291, 0x6271, 0x6271, 0x6292, 0x72F3, 0x7B54,   // 0x81A0 (33184) pixels
0x7375, 0x7B95, 0x5A91, 0x41EE, 0x52B0, 0x6B94, 0x7C56, 0x84D7, 0x8D38, 0x8D79, 0x9599, 0x95B9, 0x8DB9, 0x8DDA, 0x8DDA, 0x8DD9,   // 0x81B0 (33200) pixels
0x8DBA, 0x8DBA, 0x8DBA, 0x8DBA, 0x8DBA, 0x8DBA, 0x8DBA, 0x8DBA, 0x8DBA, 0x8DBA, 0x8DBA, 0x8DBA, 0x8DBA, 0x8DBA, 0x8DBA, 0x8DBA,   // 0x81C0 (33216) pixels
0x8DB9, 0x8DB9, 0x8DB9, 0x8DB9, 0x8DB9, 0x8DB9, 0x8DB9, 0x8DB9, 0x8DB9, 0x8DB9, 0x8DB9, 0x8DB9, 0x8DB9, 0x8DB9, 0x8DB9, 0x8DB9,   // 0x81D0 (33232) pixels
0x8DBA, 0x8DBA, 0x8DBA, 0x8DBA, 0x8DBA, 0x8DBA, 0x8DBA, 0x8DBA, 0x8DBA, 0x8DBA, 0x8DBA, 0x8DBA, 0x8DBA, 0x8DBA, 0x8DBA, 0x8DBA,   // 0x81E0 (33248) pixels
0x8DBA, 0x8DBA, 0x8DBA, 0x8DBA, 0x8DBA, 0x8DBA, 0x8DBA, 0x8DBA, 0x8DB9, 0x8DB9, 0x8DB9, 0x8DB9, 0x8DB9, 0x8DB9, 0x8DB9, 0x8DB9,   // 0x81F0 (33264) pixels
0x8DB9, 0x8DB9, 0x8DB9, 0x8DB9, 0x8DB9, 0x8DB9, 0x8DB9, 0x8DB9, 0x8DBA, 0x8DBA, 0x8DBA, 0x8DBA, 0x8DBA, 0x8DBA, 0x8DBA, 0x8DBA,   // 0x8200 (33280) pixels
0x8DDA, 0x8DDA, 0x8DDA, 0x8DDA, 0x8DDA, 0x8DDA, 0x8DDA, 0x8DDA, 0x95DA, 0x95DA, 0x95DA, 0x95DA, 0x95DA, 0x95DA, 0x95DA, 0x95DA,   // 0x8210 (33296) pixels
0x95DA, 0x95DA, 0x95DA, 0x95DA, 0x95DA, 0x95DA, 0x95DA, 0x95DA, 0x95DA, 0x95DA, 0x95DA, 0x95DA, 0x95DA, 0x95DA, 0x95DA, 0x95DA,   // 0x8220 (33312) pixels
0x95DA, 0x95DA, 0x95DA, 0x95DA, 0x95DA, 0x95DA, 0x95DA, 0x95DA, 0x95DA, 0x95DA, 0x95DA, 0x95DA, 0x95DA, 0x95DA, 0x95DA, 0x95DA,   // 0x8230 (33328) pixels
0x8DDA, 0x8DDA, 0x8DDA, 0x8DDA, 0x8DDA, 0x8DDA, 0x8DDA, 0x8DDA, 0x95DA, 0x8DDA, 0x8DB9, 0x8DB9, 0x95BA, 0x95BA, 0x9DBA, 0x9DBA,   // 0x8240 (33344) pixels
0xA5DA, 0xB5DB, 0xB5FB, 0xBDBB, 0xBD9A, 0xB55A, 0xB539, 0xB519, 0xB539, 0xB539, 0xB539, 0xBD5A, 0xBD5A, 0xB53A, 0xB53A, 0xBD5A,   // 0x8250 (33360) pixels
0xB55A, 0xB53A, 0xACF9, 0xA4D8, 0xA4B8, 0x9CB7, 0x9CB7, 0x9CB7, 0x9497, 0x9497, 0x9497, 0x9497, 0x9497, 0x9C98, 0x9C98, 0x9C98,   // 0x8260 (33376) pixels
0x9C97, 0x9C97, 0x9C97, 0x9C97, 0x9C97, 0x9C97, 0x9C97, 0x9C97, 0x9C97, 0x9C97, 0x9CB8, 0x9CB8, 0x9CB8, 0x9CB8, 0x9CD8, 0x9CD8,   // 0x8270 (33392) pixels
0x9CB8, 0x9CB8, 0x9CB8, 0x9CB8, 0x9CB8, 0x9CB8, 0x9CB8, 0x9CB8, 0xA4B8, 0xA4B8, 0xA4B8, 0xA4B8, 0xA4B8, 0xA4B8, 0xA4B8, 0xA4B8,   // 0x8280 (33408) pixels
0xA4B8, 0xA4B8, 0xA4D8, 0xA4D8, 0xA4D8, 0xA4D8, 0xA4D8, 0xA4D8, 0xA4D8, 0xA4D9, 0xA4D9, 0xA4D9, 0xA4D9, 0xA4D9, 0xA4D9, 0xA4D9,   // 0x8290 (33424) pixels
0xA4D8, 0xA4D8, 0xA4F9, 0xA4F9, 0xA4F9, 0xA4F9, 0xA4F9, 0xA4F9, 0xA4F9, 0xA4F9, 0xA4F9, 0xAD19, 0xAD19, 0xAD19, 0xAD19, 0xAD19,   // 0x82A0 (33440) pixels
0xAD1A, 0xAD19, 0xAD19, 0xAD19, 0xAD19, 0xAD19, 0xAD19, 0xAD19, 0xACF9, 0xACF9, 0xACF9, 0xACF9, 0xACF9, 0xAD19, 0xAD19, 0xAD19,   // 0x82B0 (33456) pixels
0xAD19, 0xAD19, 0xAD19, 0xAD19, 0xAD19, 0xAD19, 0xAD1A, 0xACF9, 0xAD1A, 0xAD1A, 0xAD1A, 0xAD1A, 0xACFA, 0xACFA, 0xACFA, 0xAD1A,   // 0x82C0 (33472) pixels
0xAD1A, 0xAD1A, 0xB53A, 0xAD1A, 0xACFA, 0xACD9, 0xA4D9, 0xACD9, 0xACF9, 0xACF9, 0xACF9, 0xB4F9, 0xB4F9, 0xACF9, 0xACD9, 0xACD8,   // 0x82D0 (33488) pixels
0xA4B8, 0xA498, 0x9C58, 0x9417, 0x8BD6, 0x8374, 0x7313, 0x6AD3, 0x6AB2, 0x6292, 0x6271, 0x6271, 0x6271, 0x6AB2, 0x7314, 0x8375,   // 0x82E0 (33504) pixels
0x7354, 0x7334, 0x5A91, 0x41EE, 0x52D1, 0x7C15, 0x8497, 0x8CF8, 0x8D59, 0x959A, 0x95BA, 0x8DBA, 0x8DB9, 0x8DDA, 0x8DDA, 0x8DB9,   // 0x82F0 (33520) pixels
0x8DBA, 0x8DBA, 0x8DBA, 0x8DBA, 0x95DA, 0x8DBA, 0x8DBA, 0x8DBA, 0x8DBA, 0x8DBA, 0x8DBA, 0x8DBA, 0x8DBA, 0x8DBA, 0x8DBA, 0x8DDA,   // 0x8300 (33536) pixels
0x8DBA, 0x8DBA, 0x8DBA, 0x8DBA, 0x8DBA, 0x8DBA, 0x8DBA, 0x8DBA, 0x8DBA, 0x8DBA, 0x8DBA, 0x8DBA, 0x8DBA, 0x8DBA, 0x8DBA, 0x8DBA,   // 0x8310 (33552) pixels
0x8DBA, 0x8DBA, 0x8DBA, 0x8DBA, 0x8DBA, 0x8DBA, 0x8DBA, 0x8DBA, 0x8DBA, 0x8DBA, 0x8DBA, 0x8DBA, 0x8DBA, 0x8DBA, 0x8DBA, 0x8DBA,   // 0x8320 (33568) pixels
0x8DBA, 0x8DBA, 0x8DBA, 0x8DBA, 0x8DBA, 0x8DBA, 0x8DBA, 0x8DBA, 0x8DBA, 0x8DBA, 0x8DBA, 0x8DBA, 0x8DBA, 0x8DBA, 0x8DBA, 0x8DBA,   // 0x8330 (33584) pixels
0x8DBA, 0x8DBA, 0x8DBA, 0x8DBA, 0x8DBA, 0x8DBA, 0x8DBA, 0x8DBA, 0x8DBA, 0x8DBA, 0x8DBA, 0x8DBA, 0x8DBA, 0x8DBA, 0x8DBA, 0x8DBA,   // 0x8340 (33600) pixels
0x8DDA, 0x8DDA, 0x8DDA, 0x8DDA, 0x8DDA, 0x8DDA, 0x8DDA, 0x8DDA, 0x8DDA, 0x8DDA, 0x8DDA, 0x8DDA, 0x8DDA, 0x8DDA, 0x8DDA, 0x8DDA,   // 0x8350 (33616) pixels
0x95DA, 0x95DA, 0x95DA, 0x95DA, 0x95DA, 0x95DA, 0x95DA, 0x95DA, 0x95DA, 0x95DA, 0x95DA, 0x95DA, 0x95DA, 0x95DA, 0x95DA, 0x95DA,   // 0x8360 (33632) pixels
0x95DA, 0x95DA, 0x95DA, 0x95DA, 0x95DA, 0x95DA, 0x95DA, 0x95DA, 0x95DA, 0x95DA, 0x95DA, 0x95DA, 0x95DA, 0x95DA, 0x95DA, 0x95DA,   // 0x8370 (33648) pixels
0x8DDA, 0x8DDA, 0x8DDA, 0x8DDA, 0x8DDA, 0x8DDA, 0x8DDA, 0x8DDA, 0x8DDA, 0x8DBA, 0x95BA, 0x9599, 0x9599, 0x959A, 0x9DBA, 0xA5BA,   // 0x8380 (33664) pixels
0xADDB, 0xB5DB, 0xB5DB, 0xBDBA, 0xB57A, 0xB559, 0xB539, 0xB539, 0xB539, 0xB539, 0xBD5A, 0xBD7A, 0xBD5A, 0xB53A, 0xB53A, 0xB53A,   // 0x8390 (33680) pixels
0xBD3A, 0xB53A, 0xB53A, 0xB53A, 0xB53A, 0xB53A, 0xB53A, 0xB53A, 0xAD1A, 0xAD1A, 0xAD1A, 0xAD3A, 0xAD3A, 0xAD3A, 0xB53A, 0xB53A,   // 0x83A0 (33696) pixels
0xB53A, 0xB539, 0xB53A, 0xB539, 0xB519, 0xB519, 0xB519, 0xB519, 0xB519, 0xB519, 0xB51A, 0xB519, 0xB53A, 0xB53A, 0xB53A, 0xB53A,   // 0x83B0 (33712) pixels
0xB53A, 0xB53A, 0xB51A, 0xB53A, 0xB51A, 0xB51A, 0xB51A, 0xB51A, 0xB51A, 0xB51A, 0xB51A, 0xB51A, 0xB51A, 0xB51A, 0xB51A, 0xB51A,   // 0x83C0 (33728) pixels
0xB51A, 0xB51A, 0xB53A, 0xB53A, 0xB53A, 0xB53A, 0xB53A, 0xB53A, 0xB51A, 0xB51A, 0xB51A, 0xB51A, 0xB51A, 0xB51A, 0xB519, 0xAD19,   // 0x83D0 (33744) pixels
0xAD1A, 0xAD19, 0xAD1A, 0xAD19, 0xAD1A, 0xAD19, 0xAD1A, 0xAD19, 0xAD1A, 0xB519, 0xB53A, 0xB53A, 0xB53A, 0xB53A, 0xB53A, 0xB53A,   // 0x83E0 (33760) pixels
0xB51A, 0xB519, 0xB519, 0xB519, 0xB519, 0xB519, 0xB519, 0xB519, 0xB51A, 0xB519, 0xB51A, 0xB519, 0xB51A, 0xB51A, 0xB53A, 0xB53A,   // 0x83F0 (33776) pixels
0xB51A, 0xB51A, 0xB53A, 0xB53A, 0xB51A, 0xB51A, 0xB51A, 0xB51A, 0xB51A, 0xB51A, 0xB51A, 0xB51A, 0xB51A, 0xB51A, 0xB51A, 0xB51A,   // 0x8400 (33792) pixels
0xB51A, 0xB51A, 0xAD1A, 0xAD1A, 0xACFA, 0xACF9, 0xACD9, 0xACD9, 0xACF9, 0xACF9, 0xACD9, 0xB4F9, 0xACF9, 0xACD9, 0xACD9, 0xACD9,   // 0x8410 (33808) pixels
0xA4B9, 0xA478, 0x9C37, 0x93F6, 0x8BB5, 0x7B54, 0x7313, 0x6AD2, 0x6292, 0x6271, 0x6271, 0x6271, 0x6271, 0x6AB2, 0x7314, 0x8395,   // 0x8420 (33824) pixels
0x7314, 0x62F2, 0x5290, 0x4A4F, 0x5B12, 0x7415, 0x8497, 0x8D18, 0x9579, 0x95BA, 0x95DA, 0x8DB9, 0x8DB9, 0x8DD9, 0x8DDA, 0x8DD9,   // 0x8430 (33840) pixels
0x8DBA, 0x8DBA, 0x8DBA, 0x8DBA, 0x95DA, 0x8DBA, 0x8DBA, 0x8DBA, 0x8DBA, 0x8DBA, 0x8DBA, 0x8DBA, 0x8DBA, 0x8DBA, 0x8DBA, 0x8DBA,   // 0x8440 (33856) pixels
0x8DDA, 0x8DDA, 0x8DDA, 0x8DDA, 0x8DDA, 0x8DDA, 0x8DDA, 0x8DDA, 0x8DDA, 0x8DDA, 0x8DDA, 0x8DDA, 0x8DDA, 0x8DDA, 0x8DDA, 0x8DDA,   // 0x8450 (33872) pixels
0x8DBA, 0x8DBA, 0x8DBA, 0x8DBA, 0x8DBA, 0x8DBA, 0x8DBA, 0x8DBA, 0x8DBA, 0x8DBA, 0x8DBA, 0x8DBA, 0x8DBA, 0x8DBA, 0x8DBA, 0x8DBA,   // 0x8460 (33888) pixels
0x8DBA, 0x8DBA, 0x8DBA, 0x8DBA, 0x8DBA, 0x8DBA, 0x8DBA, 0x8DBA, 0x8DBA, 0x8DBA, 0x8DBA, 0x8DBA, 0x8DBA, 0x8DBA, 0x8DBA, 0x8DBA,   // 0x8470 (33904) pixels
0x8DBA, 0x8DBA, 0x8DBA, 0x8DBA, 0x8DBA, 0x8DBA, 0x8DBA, 0x8DBA, 0x8DBA, 0x8DBA, 0x8DBA, 0x8DBA, 0x8DBA, 0x8DBA, 0x8DBA, 0x8DBA,   // 0x8480 (33920) pixels
0x8DDA, 0x8DDA, 0x8DDA, 0x8DDA, 0x8DDA, 0x8DDA, 0x8DDA, 0x8DDA, 0x8DDA, 0x8DDA, 0x8DDA, 0x8DDA, 0x8DDA, 0x8DDA, 0x8DDA, 0x8DDA,   // 0x8490 (33936) pixels
0x8DDA, 0x8DDA, 0x8DDA, 0x8DDA, 0x8DDA, 0x8DDA, 0x8DDA, 0x8DDA, 0x8DDA, 0x8DDA, 0x8DDA, 0x8DDA, 0x8DDA, 0x8DDA, 0x8DDA, 0x8DDA,   // 0x84A0 (33952) pixels
0x8DDA, 0x8DDA, 0x8DDA, 0x8DDA, 0x8DDA, 0x8DDA, 0x8DDA, 0x8DDA, 0x8DDA, 0x8DDA, 0x8DDA, 0x8DDA, 0x8DDA, 0x8DDA, 0x8DDA, 0x8DDA,   // 0x84B0 (33968) pixels
0x95DA, 0x95DA, 0x8DDA, 0x8DDA, 0x8DDA, 0x8DDA, 0x8DDA, 0x8DDA, 0x8DDA, 0x8DBA, 0x95BA, 0x9599, 0x9599, 0x9D9A, 0x9DBA, 0xA5DB,   // 0x84C0 (33984) pixels
0xB5DB, 0xB5DB, 0xB5BB, 0xB59A, 0xB559, 0xB539, 0xB539, 0xB539, 0xB519, 0xB519, 0xB539, 0xB559, 0xB539, 0xB539, 0xB539, 0xBD3A,   // 0x84D0 (34000) pixels
0xB53A, 0xB53A, 0xB53A, 0xBD3A, 0xBD5A, 0xBD5A, 0xBD5A, 0xB53A, 0xB53A, 0xB53A, 0xB55A, 0xB55A, 0xB55A, 0xB55A, 0xB53B, 0xB55A,   // 0x84E0 (34016) pixels
0xB53A, 0xB53A, 0xB53A, 0xB53A, 0xB53A, 0xB53A, 0xB55A, 0xB55A, 0xB53A, 0xB53A, 0xB53A, 0xB53A, 0xB53A, 0xB53A, 0xB51A, 0xB51A,   // 0x84F0 (34032) pixels
0xB51A, 0xB51A, 0xB51A, 0xB51A, 0xB51A, 0xB51A, 0xB51A, 0xB51A, 0xB51A, 0xB519, 0xB51A, 0xB51A, 0xB51A, 0xB51A, 0xB51A, 0xB53A,   // 0x8500 (34048) pixels
0xB519, 0xB519, 0xB519, 0xB519, 0xB519, 0xB519, 0xB519, 0xB519, 0xB519, 0xB519, 0xB519, 0xB519, 0xB519, 0xB519, 0xB519, 0xB4F9,   // 0x8510 (34064) pixels
0xB519, 0xB519, 0xB519, 0xAD19, 0xACF9, 0xACF9, 0xACF9, 0xACF9, 0xACF9, 0xB519, 0xB519, 0xB519, 0xB519, 0xB519, 0xACF9, 0xACF9,   // 0x8520 (34080) pixels
0xACD9, 0xACD8, 0xACD9, 0xACD8, 0xACD9, 0xACD8, 0xACD9, 0xACD8, 0xACD8, 0xACD8, 0xACD8, 0xACD8, 0xACD8, 0xACD8, 0xACD8, 0xACD8,   // 0x8530 (34096) pixels
0xACD8, 0xACD8, 0xACD8, 0xACD8, 0xACD8, 0xACD8, 0xACD8, 0xACB8, 0xACD8, 0xACB9, 0xACD9, 0xACD9, 0xACD9, 0xACD9, 0xACB9, 0xACD9,   // 0x8540 (34112) pixels
0xACF9, 0xACF9, 0xACD9, 0xACD9, 0xACF9, 0xACF9, 0xACD9, 0xACD9, 0xACF9, 0xACF9, 0xACD9, 0xACD9, 0xACD9, 0xACD9, 0xACD9, 0xACB8,   // 0x8550 (34128) pixels
0xA498, 0x9C58, 0x9417, 0x8BD6, 0x8375, 0x7B34, 0x72F3, 0x6AD3, 0x6291, 0x6271, 0x6271, 0x6271, 0x6291, 0x6AB2, 0x7B34, 0x8396,   // 0x8560 (34144) pixels
0x6AF3, 0x5A70, 0x5270, 0x5AB1, 0x6B73, 0x7C36, 0x84D8, 0x8D39, 0x959A, 0x95BA, 0x95DA, 0x8DDA, 0x8DB9, 0x8DDA, 0x8DDA, 0x8DDA,   // 0x8570 (34160) pixels
0x8DBA, 0x8DBA, 0x8DBA, 0x8DBA, 0x95BA, 0x8DBA, 0x8DBA, 0x8DBA, 0x8DBA, 0x8DBA, 0x8DBA, 0x8DBA, 0x8DBA, 0x8DBA, 0x8DBA, 0x8DBA,   // 0x8580 (34176) pixels
0x8DDA, 0x8DDA, 0x8DDA, 0x8DDA, 0x8DDA, 0x8DDA, 0x8DDA, 0x8DDA, 0x8DDA, 0x8DDA, 0x8DDA, 0x8DDA, 0x8DDA, 0x8DDA, 0x8DDA, 0x8DDA,   // 0x8590 (34192) pixels
0x8DBA, 0x8DBA, 0x8DBA, 0x8DBA, 0x8DBA, 0x8DBA, 0x8DBA, 0x8DBA, 0x8DBA, 0x8DBA, 0x8DBA, 0x8DBA, 0x8DBA, 0x8DBA, 0x8DBA, 0x8DBA,   // 0x85A0 (34208) pixels
0x8DBA, 0x8DBA, 0x8DBA, 0x8DBA, 0x8DBA, 0x8DBA, 0x8DBA, 0x8DBA, 0x8DBA, 0x8DBA, 0x8DBA, 0x8DBA, 0x8DBA, 0x8DBA, 0x8DBA, 0x8DBA,   // 0x85B0 (34224) pixels
0x8DBA, 0x8DBA, 0x8DBA, 0x8DBA, 0x8DBA, 0x8DBA, 0x8DBA, 0x8DBA, 0x8DBA, 0x8DBA, 0x8DBA, 0x8DBA, 0x8DBA, 0x8DBA, 0x8DBA, 0x8DBA,   // 0x85C0 (34240) pixels
0x8DDA, 0x8DDA, 0x8DDA, 0x8DDA, 0x8DDA, 0x8DDA, 0x8DDA, 0x8DDA, 0x8DBA, 0x8DBA, 0x8DBA, 0x8DBA, 0x8DBA, 0x8DBA, 0x8DBA, 0x8DBA,   // 0x85D0 (34256) pixels
0x8DDA, 0x8DDA, 0x8DDA, 0x8DDA, 0x8DDA, 0x8DDA, 0x8DDA, 0x8DDA, 0x8DDA, 0x8DDA, 0x8DDA, 0x8DDA, 0x8DDA, 0x8DDA, 0x8DDA, 0x8DDA,   // 0x85E0 (34272) pixels
0x8DDA, 0x8DDA, 0x8DDA, 0x8DDA, 0x8DDA, 0x8DDA, 0x8DDA, 0x8DDA, 0x8DDA, 0x8DDA, 0x8DDA, 0x8DDA, 0x8DDA, 0x8DDA, 0x8DDA, 0x8DDA,   // 0x85F0 (34288) pixels
0x95DA, 0x95DA, 0x8DDA, 0x8DDA, 0x8DDA, 0x8DDA, 0x8DDA, 0x8DDA, 0x8DBA, 0x95BA, 0x95BA, 0x9599, 0x9599, 0x9D9A, 0xA5BA, 0xADDB,   // 0x8600 (34304) pixels
0xB5DB, 0xB5DB, 0xB5BB, 0xB57A, 0xB55A, 0xB539, 0xB539, 0xB539, 0xB559, 0xB559, 0xB559, 0xB539, 0xB539, 0xB519, 0xB539, 0xB539,   // 0x8610 (34320) pixels
0xB539, 0xB539, 0xB539, 0xBD3A, 0xB53A, 0xB53A, 0xB53A, 0xB519, 0xB53A, 0xB53A, 0xB53A, 0xB53A, 0xB53A, 0xB53A, 0xB53A, 0xB53A,   // 0x8620 (34336) pixels
0xB539, 0xB539, 0xB539, 0xB539, 0xB539, 0xB539, 0xB539, 0xB539, 0xB519, 0xB519, 0xB519, 0xB519, 0xB519, 0xB519, 0xB519, 0xB519,   // 0x8630 (34352) pixels
0xB519, 0xB519, 0xB519, 0xB519, 0xB4F9, 0xB4F9, 0xB4F9, 0xB4F9, 0xB4F9, 0xB519, 0xB519, 0xB519, 0xB519, 0xB519, 0xBD1A, 0xBD1A,   // 0x8640 (34368) pixels
0xB519, 0xB519, 0xB519, 0xB519, 0xB519, 0xB519, 0xB519, 0xB4F9, 0xB519, 0xB519, 0xB519, 0xB519, 0xB519, 0xB519, 0xB519, 0xB4F9,   // 0x8650 (34384) pixels
0xB519, 0xB519, 0xB519, 0xB4F9, 0xACF9, 0xACF9, 0xACF8, 0xACF8, 0xACF9, 0xB4F9, 0xB4F9, 0xB4F9, 0xB4F9, 0xACF9, 0xACF8, 0xACD8,   // 0x8660 (34400) pixels
0xACF8, 0xACF8, 0xACF8, 0xACF8, 0xACF8, 0xACD8, 0xACD8, 0xACD8, 0xACD8, 0xACD8, 0xACD8, 0xACD8, 0xACD8, 0xACD8, 0xACD8, 0xACD8,   // 0x8670 (34416) pixels
0xACF8, 0xACF8, 0xACF8, 0xACF8, 0xACF8, 0xACF8, 0xACD8, 0xACD8, 0xB4D9, 0xB4D9, 0xB4D9, 0xB4D9, 0xB4D9, 0xB4F9, 0xB4F9, 0xB4F9,   // 0x8680 (34432) pixels
0xACF9, 0xACF9, 0xACF9, 0xACF9, 0xACD9, 0xACD9, 0xACD9, 0xACD9, 0xACF9, 0xACF9, 0xACD9, 0xACD9, 0xACD9, 0xACD9, 0xACB9, 0xACB8,   // 0x8690 (34448) pixels
0xA478, 0x9C37, 0x93F6, 0x83B5, 0x7B54, 0x7313, 0x6AD3, 0x6AB2, 0x6292, 0x6292, 0x6291, 0x6291, 0x6292, 0x72F3, 0x7B55, 0x83B6,   // 0x86A0 (34464) pixels
0x6AD2, 0x4A0F, 0x5250, 0x6332, 0x73B4, 0x8476, 0x8CF8, 0x957A, 0x9579, 0x95BA, 0x95DA, 0x95DA, 0x8DDA, 0x8DDA, 0x8DDA, 0x8DBA,   // 0x86B0 (34480) pixels
0x8DBA, 0x8DBA, 0x8DBA, 0x8DBA, 0x95BA, 0x8DBA, 0x8DBA, 0x8DBA, 0x8DBA, 0x8DBA, 0x8DBA, 0x8DBA, 0x8DBA, 0x8DBA, 0x8DBA, 0x8DBA,   // 0x86C0 (34496) pixels
0x8DDA, 0x8DDA, 0x8DDA, 0x8DDA, 0x8DDA, 0x8DDA, 0x8DDA, 0x8DDA, 0x8DDA, 0x8DDA, 0x8DDA, 0x8DDA, 0x8DDA, 0x8DDA, 0x8DDA, 0x8DDA,   // 0x86D0 (34512) pixels
0x8DDA, 0x8DDA, 0x8DDA, 0x8DDA, 0x8DDA, 0x8DDA, 0x8DDA, 0x8DDA, 0x8DDA, 0x8DDA, 0x8DDA, 0x8DDA, 0x8DDA, 0x8DDA, 0x8DDA, 0x8DDA,   // 0x86E0 (34528) pixels
0x8DDA, 0x8DDA, 0x8DDA, 0x8DDA, 0x8DDA, 0x8DDA, 0x8DDA, 0x8DDA, 0x8DDA, 0x8DDA, 0x8DDA, 0x8DDA, 0x8DDA, 0x8DDA, 0x8DDA, 0x8DDA,   // 0x86F0 (34544) pixels
0x8DDA, 0x8DDA, 0x8DDA, 0x8DDA, 0x8DDA, 0x8DDA, 0x8DDA, 0x8DDA, 0x8DDA, 0x8DDA, 0x8DDA, 0x8DDA, 0x8DDA, 0x8DDA, 0x8DDA, 0x8DDA,   // 0x8700 (34560) pixels
0x8DDA, 0x8DDA, 0x8DDA, 0x8DDA, 0x8DDA, 0x8DDA, 0x8DDA, 0x8DDA, 0x8DBA, 0x8DBA, 0x8DBA, 0x8DBA, 0x8DBA, 0x8DBA, 0x8DBA, 0x8DBA,   // 0x8710 (34576) pixels
0x8DDA, 0x8DDA, 0x8DDA, 0x8DDA, 0x8DDA, 0x8DDA, 0x8DDA, 0x8DDA, 0x8DDA, 0x8DDA, 0x8DDA, 0x8DDA, 0x8DDA, 0x8DDA, 0x8DDA, 0x8DDA,   // 0x8720 (34592) pixels
0x8DDA, 0x8DDA, 0x8DDA, 0x8DDA, 0x8DDA, 0x8DDA, 0x8DDA, 0x8DDA, 0x8DDA, 0x8DDA, 0x8DDA, 0x8DDA, 0x8DDA, 0x8DDA, 0x8DDA, 0x8DDA,   // 0x8730 (34608) pixels
0x95DA, 0x95DA, 0x8DDA, 0x8DDA, 0x8DDA, 0x8DDA, 0x8DDA, 0x8DDA, 0x8DBA, 0x95BA, 0x95BA, 0x959A, 0x9599, 0x9D9A, 0xA5DB, 0xADDB,   // 0x8740 (34624) pixels
0xB5DB, 0xBDDB, 0xBDBB, 0xB57A, 0xB55A, 0xB53A, 0xB53A, 0xB539, 0xB519, 0xB539, 0xB559, 0xB559, 0xB559, 0xBD59, 0xBD5A, 0xBD7A,   // 0x8750 (34640) pixels
0xB539, 0xB539, 0xB539, 0xB539, 0xB539, 0xB539, 0xB539, 0xB539, 0xB539, 0xB539, 0xB539, 0xB539, 0xB539, 0xB539, 0xB539, 0xB539,   // 0x8760 (34656) pixels
0xB539, 0xB539, 0xB539, 0xB539, 0xB539, 0xB539, 0xB518, 0xB518, 0xB519, 0xB519, 0xB519, 0xB519, 0xB519, 0xB519, 0xB519, 0xB519,   // 0x8770 (34672) pixels
0xB519, 0xB519, 0xB519, 0xB519, 0xB519, 0xB4F9, 0xB4F9, 0xB4F9, 0xB519, 0xB519, 0xB4F9, 0xB4F9, 0xB4F9, 0xB4F9, 0xB4F9, 0xB4F8,   // 0x8780 (34688) pixels
0xB519, 0xB519, 0xB519, 0xB519, 0xB519, 0xB519, 0xB519, 0xB518, 0xACF8, 0xB4F8, 0xB4F8, 0xB4F8, 0xB4F8, 0xB4F8, 0xB4F8, 0xB4F8,   // 0x8790 (34704) pixels
0xB518, 0xAD18, 0xAD18, 0xACF8, 0xACF8, 0xACF8, 0xACF8, 0xACF8, 0xACF8, 0xACF8, 0xACF8, 0xACF8, 0xACF8, 0xACF8, 0xACF8, 0xACF8,   // 0x87A0 (34720) pixels
0xACF8, 0xACF8, 0xACD7, 0xACF7, 0xACD7, 0xACD7, 0xACD7, 0xACD7, 0xACD7, 0xACD7, 0xACD7, 0xACD7, 0xACD7, 0xA4D7, 0xACD7, 0xACD7,   // 0x87B0 (34736) pixels
0xACD7, 0xACD7, 0xACD7, 0xACD7, 0xACD7, 0xACD7, 0xACD7, 0xACB7, 0xACB7, 0xACB7, 0xA4B7, 0xA4B7, 0xACB8, 0xACD8, 0xACF9, 0xB4F9,   // 0x87C0 (34752) pixels
0xB4F9, 0xB519, 0xB53A, 0xB519, 0xACF9, 0xACD8, 0xACD8, 0xACD8, 0xACF9, 0xACF9, 0xACD9, 0xACD9, 0xACD9, 0xACD9, 0xACB9, 0xA498,   // 0x87D0 (34768) pixels
0x9C58, 0x9417, 0x8BD6, 0x8375, 0x7B34, 0x72F3, 0x6AD3, 0x6AB2, 0x6A92, 0x6292, 0x6272, 0x6292, 0x6AD2, 0x7314, 0x8375, 0x8396,   // 0x87E0 (34784) pixels
0x6AD2, 0x49EE, 0x5250, 0x7374, 0x7BF5, 0x8497, 0x8D19, 0x957A, 0x959A, 0x95BA, 0x95BA, 0x95DA, 0x8DBA, 0x8DDA, 0x8DBA, 0x8DB9,   // 0x87F0 (34800) pixels
0x8DBA, 0x8DBA, 0x8DBA, 0x8DBA, 0x95BA, 0x8DBA, 0x8DBA, 0x8DBA, 0x8DBA, 0x8DBA, 0x8DBA, 0x8DBA, 0x8DBA, 0x8DBA, 0x8DBA, 0x8DBA,   // 0x8800 (34816) pixels
0x8DDA, 0x8DDA, 0x8DDA, 0x8DDA, 0x8DDA, 0x8DDA, 0x8DDA, 0x8DDA, 0x8DDA, 0x8DDA, 0x8DDA, 0x8DDA, 0x8DDA, 0x8DDA, 0x8DDA, 0x8DDA,   // 0x8810 (34832) pixels
0x8DDA, 0x8DDA, 0x8DDA, 0x8DDA, 0x8DDA, 0x8DDA, 0x8DDA, 0x8DDA, 0x8DDA, 0x8DDA, 0x8DDA, 0x8DDA, 0x8DDA, 0x8DDA, 0x8DDA, 0x8DDA,   // 0x8820 (34848) pixels
0x8DDA, 0x8DDA, 0x8DDA, 0x8DDA, 0x8DDA, 0x8DDA, 0x8DDA, 0x8DDA, 0x8DDA, 0x8DDA, 0x8DDA, 0x8DDA, 0x8DDA, 0x8DDA, 0x8DDA, 0x8DDA,   // 0x8830 (34864) pixels
0x8DDA, 0x8DDA, 0x8DDA, 0x8DDA, 0x8DDA, 0x8DDA, 0x8DDA, 0x8DDA, 0x8DDA, 0x8DDA, 0x8DDA, 0x8DDA, 0x8DDA, 0x8DDA, 0x8DDA, 0x8DDA,   // 0x8840 (34880) pixels
0x8DDA, 0x8DDA, 0x8DDA, 0x8DDA, 0x8DDA, 0x8DDA, 0x8DDA, 0x8DDA, 0x8DDA, 0x8DDA, 0x8DDA, 0x8DDA, 0x8DDA, 0x8DDA, 0x8DDA, 0x8DDA,   // 0x8850 (34896) pixels
0x8DDA, 0x8DDA, 0x8DDA, 0x8DDA, 0x8DDA, 0x8DDA, 0x8DDA, 0x8DDA, 0x8DDA, 0x8DDA, 0x8DDA, 0x8DDA, 0x8DDA, 0x8DDA, 0x8DDA, 0x8DDA,   // 0x8860 (34912) pixels
0x8DDA, 0x8DDA, 0x8DDA, 0x8DDA, 0x8DDA, 0x8DDA, 0x8DDA, 0x8DDA, 0x8DDA, 0x8DDA, 0x8DDA, 0x8DDA, 0x8DDA, 0x8DDA, 0x8DDA, 0x8DDA,   // 0x8870 (34928) pixels
0x95DA, 0x95DA, 0x8DDA, 0x8DDA, 0x8DDA, 0x8DDA, 0x8DDA, 0x8DDA, 0x8DBA, 0x95BA, 0x95BA, 0x959A, 0x9D9A, 0xA5BA, 0xADDB, 0xADFB,   // 0x8880 (34944) pixels
0xB5DB, 0xBDBB, 0xBD9B, 0xB57A, 0xB55A, 0xBD5A, 0xBD5A, 0xB53A, 0xAD19, 0xB539, 0xB539, 0xAD39, 0xAD18, 0xAD18, 0xACD7, 0xACD7,   // 0x8890 (34960) pixels
0xACD7, 0xACD7, 0xA4B7, 0xA4B7, 0xA4B7, 0xA4B7, 0xA4B7, 0xA4B7, 0xA4B7, 0xA4B7, 0xA4B7, 0xA4B7, 0xA4B7, 0xA4B7, 0xA4B7, 0xA4B7,   // 0x88A0 (34976) pixels
0xA4B7, 0xA4B6, 0xA4B7, 0xA4B6, 0xA4B7, 0xA4B6, 0xA4B7, 0xA4B6, 0xA4B6, 0xA4B6, 0xA4B7, 0xA4B6, 0xA4B7, 0xA4B6, 0xA4B7, 0xA4B7,   // 0x88B0 (34992) pixels
0xA4B7, 0xA4B7, 0xA496, 0xA496, 0xA496, 0xA496, 0x9C96, 0x9C96, 0xA496, 0x9C96, 0x9C76, 0x9C76, 0x9C56, 0x9C55, 0x9C55, 0x9C55,   // 0x88C0 (35008) pixels
0x9C55, 0x9C55, 0x9C55, 0x9C55, 0x9C55, 0x9C55, 0x9C55, 0x9C55, 0x9C55, 0x9C55, 0x9C55, 0x9C55, 0x9C55, 0x9C55, 0x9C55, 0x9C55,   // 0x88D0 (35024) pixels
0x9C55, 0x9455, 0x9C55, 0x9455, 0x9455, 0x9455, 0x9455, 0x9454, 0x9435, 0x9454, 0x9455, 0x9455, 0x9455, 0x9455, 0x9455, 0x9455,   // 0x88E0 (35040) pixels
0x9435, 0x9454, 0x9435, 0x9454, 0x9435, 0x9434, 0x9434, 0x9434, 0x9434, 0x9434, 0x9434, 0x9434, 0x9434, 0x9434, 0x9414, 0x9414,   // 0x88F0 (35056) pixels
0x9414, 0x9414, 0x9414, 0x9414, 0x9414, 0x9414, 0x9414, 0x9414, 0x9414, 0x8BF4, 0x8BF4, 0x8BF4, 0x93F4, 0x9415, 0x9C35, 0x9C56,   // 0x8900 (35072) pixels
0x9C56, 0x9C96, 0xA4D8, 0xACF8, 0xACF9, 0xACF9, 0xACF9, 0xACF9, 0xACF9, 0xACF9, 0xACD9, 0xACD9, 0xACD9, 0xACD9, 0xACB8, 0xA498,   // 0x8910 (35088) pixels
0x9C37, 0x93F6, 0x8BB5, 0x7B54, 0x7313, 0x72F3, 0x6AD2, 0x6AB2, 0x6292, 0x6271, 0x6251, 0x6292, 0x72F3, 0x7B54, 0x7B55, 0x7B54,   // 0x8920 (35104) pixels
0x6291, 0x49EE, 0x5A91, 0x7BB5, 0x8437, 0x8CB8, 0x9539, 0x9DBB, 0x9DDB, 0x95DA, 0x95BA, 0x8DB9, 0x8DB9, 0x8DB9, 0x8DBA, 0x8DBA,   // 0x8930 (35120) pixels
0x8DBA, 0x8DBA, 0x8DBA, 0x8DBA, 0x95BA, 0x8DBA, 0x8DBA, 0x8DBA, 0x8DBA, 0x8DBA, 0x8DBA, 0x8DBA, 0x8DBA, 0x8DBA, 0x8DBA, 0x8DBA,   // 0x8940 (35136) pixels
0x8DDA, 0x8DDA, 0x8DDA, 0x8DDA, 0x8DDA, 0x8DDA, 0x8DDA, 0x8DDA, 0x8DDA, 0x8DDA, 0x8DDA, 0x8DDA, 0x8DDA, 0x8DDA, 0x8DDA, 0x8DDA,   // 0x8950 (35152) pixels
0x8DBA, 0x8DBA, 0x8DBA, 0x8DBA, 0x8DBA, 0x8DBA, 0x8DBA, 0x8DBA, 0x8DBA, 0x8DBA, 0x8DBA, 0x8DBA, 0x8DBA, 0x8DBA, 0x8DBA, 0x8DBA,   // 0x8960 (35168) pixels
0x8DBA, 0x8DBA, 0x8DBA, 0x8DBA, 0x8DBA, 0x8DBA, 0x8DBA, 0x8DBA, 0x8DBA, 0x8DBA, 0x8DBA, 0x8DBA, 0x8DBA, 0x8DBA, 0x8DBA, 0x8DBA,   // 0x8970 (35184) pixels
0x8DBA, 0x8DBA, 0x8DBA, 0x8DBA, 0x8DBA, 0x8DBA, 0x8DBA, 0x8DBA, 0x8DBA, 0x8DBA, 0x8DBA, 0x8DBA, 0x8DBA, 0x8DBA, 0x8DBA, 0x8DBA,   // 0x8980 (35200) pixels
0x8DDA, 0x8DDA, 0x8DDA, 0x8DDA, 0x8DDA, 0x8DDA, 0x8DDA, 0x8DDA, 0x8DDA, 0x8DDA, 0x8DDA, 0x8DDA, 0x8DDA, 0x8DDA, 0x8DDA, 0x8DDA,   // 0x8990 (35216) pixels
0x95DA, 0x95DA, 0x95DA, 0x95DA, 0x95DA, 0x95DA, 0x95DA, 0x95DA, 0x95DA, 0x95DA, 0x95DA, 0x95DA, 0x95DA, 0x95DA, 0x95DA, 0x95DA,   // 0x89A0 (35232) pixels
0x95DA, 0x95DA, 0x95DA, 0x95DA, 0x95DA, 0x95DA, 0x95DA, 0x95DA, 0x95DA, 0x95DA, 0x95DA, 0x95DA, 0x95DA, 0x95DA, 0x95DA, 0x95DA,   // 0x89B0 (35248) pixels
0x95DA, 0x95DA, 0x8DDA, 0x8DDA, 0x8DDA, 0x8DDA, 0x8DDA, 0x8DDA, 0x95DA, 0x95BA, 0x95BA, 0x9DBA, 0x9DBA, 0xA5DB, 0xADDB, 0xB5DB,   // 0x89C0 (35264) pixels
0xB5BB, 0xB5BB, 0xB57A, 0xB55A, 0xB53A, 0xBD5A, 0xBD5A, 0xBD5A, 0xBD9A, 0xB57A, 0xAD18, 0x9C96, 0x8C14, 0x83D3, 0x7B72, 0x7B51,   // 0x89D0 (35280) pixels
0x7350, 0x7330, 0x7330, 0x7310, 0x6B10, 0x6B10, 0x6B10, 0x6AF0, 0x6AEF, 0x6AEF, 0x6AEF, 0x6AEF, 0x6AEF, 0x6B0F, 0x6B0F, 0x6B0F,   // 0x89E0 (35296) pixels
0x6AEF, 0x6B0F, 0x6B10, 0x6B0F, 0x6B10, 0x6B0F, 0x6B10, 0x6B10, 0x6B10, 0x6B10, 0x6B10, 0x6B10, 0x6B10, 0x6B10, 0x6B10, 0x6B10,   // 0x89F0 (35312) pixels
0x6B10, 0x6AF0, 0x6AF0, 0x6AF0, 0x6AEF, 0x62EF, 0x62CF, 0x62CF, 0x62CF, 0x62CF, 0x62CF, 0x62AF, 0x62CF, 0x62CF, 0x6ACF, 0x6ACF,   // 0x8A00 (35328) pixels
0x62AE, 0x62AE, 0x62AE, 0x62AE, 0x628E, 0x628E, 0x628E, 0x5A8D, 0x628E, 0x62AE, 0x628E, 0x62AE, 0x628E, 0x62AE, 0x628E, 0x628E,   // 0x8A10 (35344) pixels
0x5A8E, 0x5A8D, 0x5A8E, 0x5A8D, 0x5A8E, 0x5A8D, 0x5A8E, 0x5A8D, 0x5A8E, 0x5A8D, 0x5A8E, 0x5AAD, 0x5AAE, 0x5AAE, 0x5AAE, 0x5AAE,   // 0x8A20 (35360) pixels
0x5A8E, 0x5AAD, 0x5AAE, 0x5AAE, 0x62AE, 0x5AAE, 0x62AE, 0x62AE, 0x62CE, 0x62CE, 0x62CE, 0x62CE, 0x62CE, 0x62CE, 0x62AE, 0x62AE,   // 0x8A30 (35376) pixels
0x5AAE, 0x62AE, 0x62AE, 0x62AE, 0x62AE, 0x5AAE, 0x62AE, 0x628E, 0x62AE, 0x628E, 0x628E, 0x628E, 0x628E, 0x62AF, 0x62AF, 0x6ACF,   // 0x8A40 (35392) pixels
0x7310, 0x7B51, 0x8BD4, 0x9C76, 0xACD8, 0xB519, 0xB4F9, 0xACF8, 0xACF9, 0xACF9, 0xACD9, 0xACD9, 0xACD9, 0xACD9, 0xA499, 0xA478,   // 0x8A50 (35408) pixels
0x9417, 0x8BF6, 0x8395, 0x7B34, 0x7313, 0x6AD3, 0x6AB2, 0x6AB2, 0x6292, 0x6271, 0x6251, 0x6AB2, 0x7B34, 0x8375, 0x7B34, 0x6AD3,   // 0x8A60 (35424) pixels
0x6271, 0x520F, 0x6AF2, 0x83D5, 0x8457, 0x8CB7, 0x9519, 0x9DBB, 0x9DBA, 0x95BA, 0x95BA, 0x95BA, 0x95BA, 0x95BA, 0x95BA, 0x95BA,   // 0x8A70 (35440) pixels
0x8DBA, 0x8DBA, 0x8DBA, 0x8DBA, 0x95BA, 0x8DBA, 0x8DBA, 0x8DBA, 0x95BA, 0x95BA, 0x95DA, 0x95DA, 0x95DA, 0x95DA, 0x95DA, 0x95DA,   // 0x8A80 (35456) pixels
0x8DDA, 0x8DDA, 0x8DDA, 0x8DDA, 0x8DDA, 0x8DDA, 0x8DDA, 0x8DDA, 0x8DDA, 0x8DDA, 0x8DDA, 0x8DDA, 0x8DDA, 0x8DDA, 0x8DDA, 0x8DDA,   // 0x8A90 (35472) pixels
0x8DDA, 0x8DDA, 0x8DDA, 0x8DDA, 0x8DDA, 0x8DDA, 0x8DDA, 0x8DDA, 0x8DDA, 0x8DDA, 0x8DDA, 0x8DDA, 0x8DDA, 0x8DDA, 0x8DDA, 0x8DDA,   // 0x8AA0 (35488) pixels
0x8DDA, 0x8DDA, 0x8DDA, 0x8DDA, 0x8DDA, 0x8DDA, 0x8DDA, 0x8DDA, 0x8DDA, 0x8DDA, 0x8DDA, 0x8DDA, 0x8DDA, 0x8DDA, 0x8DDA, 0x8DDA,   // 0x8AB0 (35504) pixels
0x8DDA, 0x8DDA, 0x8DDA, 0x8DDA, 0x8DDA, 0x8DDA, 0x8DDA, 0x8DDA, 0x8DDA, 0x8DDA, 0x8DDA, 0x8DDA, 0x8DDA, 0x8DDA, 0x8DDA, 0x8DDA,   // 0x8AC0 (35520) pixels
0x8DDA, 0x8DDA, 0x8DDA, 0x8DDA, 0x8DDA, 0x8DDA, 0x8DDA, 0x8DDA, 0x95DA, 0x95DA, 0x95DA, 0x95DA, 0x95DA, 0x95DA, 0x95DA, 0x95DA,   // 0x8AD0 (35536) pixels
0x95DA, 0x95DA, 0x95DA, 0x95DA, 0x95DA, 0x95DA, 0x95DA, 0x95DA, 0x95DA, 0x95DA, 0x95DA, 0x95DA, 0x95DA, 0x95DA, 0x95DA, 0x95DA,   // 0x8AE0 (35552) pixels
0x95DA, 0x95DA, 0x95DA, 0x95DA, 0x95DA, 0x95DA, 0x95DA, 0x95DA, 0x95DA, 0x95DA, 0x95DA, 0x95DA, 0x95DA, 0x95DA, 0x95DA, 0x95DA,   // 0x8AF0 (35568) pixels
0x8DDA, 0x8DDA, 0x8DDA, 0x8DDA, 0x8DDA, 0x8DDA, 0x8DDA, 0x8DDA, 0x95BA, 0x95BA, 0x959A, 0x9DBA, 0xA5BA, 0xADDB, 0xADDB, 0xB5DB,   // 0x8B00 (35584) pixels
0xB5BB, 0xB59B, 0xB55A, 0xAD39, 0xB519, 0xB55A, 0xBD7A, 0xBD7A, 0xB539, 0xACF8, 0x9476, 0x7BD3, 0x7351, 0x6B30, 0x6B30, 0x6B2F,   // 0x8B10 (35600) pixels
0x6B0F, 0x6B0F, 0x6AEE, 0x6AEE, 0x6B0F, 0x6B0F, 0x6AEF, 0x6AEF, 0x62EE, 0x62EE, 0x62EE, 0x62EE, 0x62EE, 0x62EE, 0x62EE, 0x62EE,   // 0x8B20 (35616) pixels
0x62EE, 0x62EE, 0x62EE, 0x630E, 0x630F, 0x630F, 0x630F, 0x630F, 0x630F, 0x630F, 0x630F, 0x630F, 0x630F, 0x6B0F, 0x6B0F, 0x630F,   // 0x8B30 (35632) pixels
0x630F, 0x630F, 0x62EF, 0x62EF, 0x62CE, 0x62CE, 0x62CE, 0x62CE, 0x62CE, 0x62CE, 0x62CE, 0x6ACE, 0x6AEE, 0x6B0E, 0x732E, 0x732F,   // 0x8B40 (35648) pixels
0x7B4F, 0x7B4F, 0x7B2E, 0x732E, 0x730E, 0x6AED, 0x6ACD, 0x6ACD, 0x62AD, 0x62AD, 0x62AD, 0x62AD, 0x62CD, 0x62AD, 0x62AD, 0x5AAD,   // 0x8B50 (35664) pixels
0x5AAD, 0x5AAD, 0x5AAD, 0x5AAD, 0x5AAD, 0x5AAD, 0x5AAD, 0x5ACD, 0x5AAD, 0x5ACD, 0x5AAD, 0x5ACD, 0x62CD, 0x5ACD, 0x62CE, 0x5ACE,   // 0x8B60 (35680) pixels
0x5AAD, 0x5ACD, 0x62CE, 0x62CE, 0x62EE, 0x62EE, 0x62EE, 0x630E, 0x62EE, 0x62EE, 0x62EE, 0x62EE, 0x62EE, 0x62EE, 0x62CE, 0x5ACE,   // 0x8B70 (35696) pixels
0x62CD, 0x5ACD, 0x62CD, 0x62CD, 0x62CE, 0x62CE, 0x62CE, 0x62CE, 0x5AAE, 0x62AE, 0x62AE, 0x62AE, 0x62CE, 0x62CE, 0x62CE, 0x62CE,   // 0x8B80 (35712) pixels
0x524D, 0x5AAE, 0x7331, 0x8C14, 0xA4B7, 0xB519, 0xB4F9, 0xACD8, 0xACF9, 0xACF9, 0xACD9, 0xACD9, 0xACD9, 0xACD9, 0xA498, 0xA478,   // 0x8B90 (35728) pixels
0x9417, 0x8BD6, 0x8375, 0x7B34, 0x7313, 0x6AD2, 0x6AB2, 0x6AB2, 0x6292, 0x6271, 0x6271, 0x6AD3, 0x7B55, 0x8375, 0x7313, 0x6271,   // 0x8BA0 (35744) pixels
0x6271, 0x5A70, 0x7333, 0x83F6, 0x8416, 0x7C36, 0x8476, 0x8D18, 0x9579, 0x9599, 0x95BA, 0x9DDA, 0x9DFB, 0x95DA, 0x95BA, 0x95BA,   // 0x8BB0 (35760) pixels
0x95BA, 0x95BA, 0x95BA, 0x8DBA, 0x95BA, 0x8DBA, 0x8DBA, 0x8DBA, 0x8DDA, 0x8DDA, 0x8DDA, 0x8DDA, 0x95BA, 0x95DA, 0x95BA, 0x95DA,   // 0x8BC0 (35776) pixels
0x95DA, 0x95DA, 0x95DA, 0x95DA, 0x95DA, 0x95DA, 0x95DA, 0x95DA, 0x95DA, 0x95DA, 0x95DA, 0x95DA, 0x95DA, 0x95DA, 0x95DA, 0x95DA,   // 0x8BD0 (35792) pixels
0x95DA, 0x95DA, 0x95DA, 0x95DA, 0x95DA, 0x95DA, 0x95DA, 0x95DA, 0x95DA, 0x95DA, 0x95DA, 0x95DA, 0x95DA, 0x95DA, 0x95DA, 0x95DA,   // 0x8BE0 (35808) pixels
0x95DA, 0x95DA, 0x95DA, 0x95DA, 0x95DA, 0x95DA, 0x95DA, 0x95DA, 0x95DA, 0x95DA, 0x95DA, 0x95DA, 0x95DA, 0x95DA, 0x95DA, 0x95DA,   // 0x8BF0 (35824) pixels
0x95DA, 0x95DA, 0x95DA, 0x95DA, 0x95DA, 0x95DA, 0x95DA, 0x95DA, 0x95DA, 0x95DA, 0x95DA, 0x95DA, 0x95DA, 0x95DA, 0x95DA, 0x95DA,   // 0x8C00 (35840) pixels
0x95DA, 0x95DA, 0x95DA, 0x95DA, 0x95DA, 0x95DA, 0x95DA, 0x95DA, 0x95DA, 0x95DA, 0x95DA, 0x95DA, 0x95DA, 0x95DA, 0x95DA, 0x95DA,   // 0x8C10 (35856) pixels
0x95DA, 0x95DA, 0x95DA, 0x95DA, 0x95DA, 0x95DA, 0x95DA, 0x95DA, 0x95DA, 0x95DA, 0x95DA, 0x95DA, 0x95DA, 0x95DA, 0x95DA, 0x95DA,   // 0x8C20 (35872) pixels
0x8DDA, 0x8DDA, 0x8DDA, 0x8DDA, 0x8DDA, 0x8DDA, 0x95DA, 0x95DA, 0x95DA, 0x95DA, 0x95DA, 0x95DA, 0x95DA, 0x95DA, 0x95DA, 0x8DDA,   // 0x8C30 (35888) pixels
0x8DDA, 0x8DDA, 0x8DDA, 0x8DDA, 0x8DDA, 0x8DDA, 0x8DDA, 0x95DA, 0x95DB, 0x9DDB, 0x9DBA, 0x9D9A, 0xA59A, 0xADBB, 0xB5DB, 0xBDDC,   // 0x8C40 (35904) pixels
0xBD9B, 0xB55A, 0xB55A, 0xB539, 0xB539, 0xB55A, 0xBD7A, 0xBD5A, 0xACF8, 0x9435, 0x7B92, 0x630F, 0x62EE, 0x6B4F, 0x7390, 0x7390,   // 0x8C50 (35920) pixels
0x738F, 0x7390, 0x6B4F, 0x738F, 0x7BB0, 0x736F, 0x736F, 0x736F, 0x736F, 0x736F, 0x738F, 0x738F, 0x736F, 0x736F, 0x736F, 0x6B4F,   // 0x8C60 (35936) pixels
0x736F, 0x6B4F, 0x6B4F, 0x738F, 0x73B0, 0x73B0, 0x7390, 0x73B0, 0x73B0, 0x738F, 0x7370, 0x736F, 0x73B0, 0x7BB0, 0x736F, 0x7370,   // 0x8C70 (35952) pixels
0x7370, 0x7370, 0x7350, 0x734F, 0x7370, 0x734F, 0x732F, 0x7350, 0x7330, 0x7350, 0x7B70, 0x7B90, 0x8BF0, 0x9451, 0xA491, 0xA4B1,   // 0x8C80 (35968) pixels
0xACD1, 0xB4D1, 0xACD2, 0xACB2, 0xACB1, 0xA491, 0x9C30, 0x8BCF, 0x8BAE, 0x7B4D, 0x7B4D, 0x838F, 0x7B6F, 0x736F, 0x736F, 0x736F,   // 0x8C90 (35984) pixels
0x7390, 0x6B6F, 0x736F, 0x738F, 0x736F, 0x736F, 0x738F, 0x6B6F, 0x6B4F, 0x6B4E, 0x6B4F, 0x6B6F, 0x736F, 0x6B6F, 0x736F, 0x7BB0,   // 0x8CA0 (36000) pixels
0x736F, 0x738F, 0x738F, 0x736F, 0x736F, 0x738F, 0x7BB0, 0x738F, 0x738F, 0x736F, 0x736F, 0x7390, 0x7390, 0x738F, 0x736F, 0x736F,   // 0x8CB0 (36016) pixels
0x736F, 0x6B4E, 0x736F, 0x738F, 0x7BB0, 0x6B4F, 0x7BB0, 0x736F, 0x6B4F, 0x736F, 0x734F, 0x7370, 0x736F, 0x736F, 0x7390, 0x6B2E,   // 0x8CC0 (36032) pixels
0x5AAE, 0x524D, 0x524D, 0x7331, 0xA4B7, 0xB559, 0xACD8, 0xB519, 0xACF9, 0xACF9, 0xACF9, 0xACFA, 0xACDA, 0xACB9, 0xA478, 0x9C37,   // 0x8CD0 (36048) pixels
0x93F6, 0x8BB5, 0x7B54, 0x7334, 0x7313, 0x6AD3, 0x62B2, 0x6292, 0x6271, 0x6271, 0x6292, 0x6AD3, 0x7B34, 0x8395, 0x72F3, 0x520F,   // 0x8CE0 (36064) pixels
0x5A70, 0x6AD2, 0x7353, 0x7BB5, 0x7373, 0x6332, 0x6BB3, 0x7415, 0x8496, 0x84D7, 0x9559, 0x9D9A, 0x9DBA, 0x95BA, 0x95BA, 0x95DA,   // 0x8CF0 (36080) pixels
0x95BA, 0x95BA, 0x95BA, 0x95BA, 0x95DA, 0x95FB, 0x8DDB, 0x8DDA, 0x8DDA, 0x8DDA, 0x8DDA, 0x8DDA, 0x8DDA, 0x95BA, 0x95BA, 0x95BA,   // 0x8D00 (36096) pixels
0x95DA, 0x95DA, 0x95DA, 0x95DA, 0x95DA, 0x95DA, 0x95DA, 0x95DA, 0x95DA, 0x95DA, 0x95DA, 0x95DA, 0x95DA, 0x95DA, 0x95DA, 0x95DA,   // 0x8D10 (36112) pixels
0x8DDA, 0x8DDA, 0x8DDA, 0x8DDA, 0x95DA, 0x95DA, 0x95DA, 0x95DA, 0x95DA, 0x95DA, 0x95DA, 0x95DA, 0x95DA, 0x95DA, 0x95DA, 0x95DA,   // 0x8D20 (36128) pixels
0x95DA, 0x95DA, 0x95DA, 0x95DA, 0x95DA, 0x95DA, 0x95DA, 0x95DA, 0x95DA, 0x95DA, 0x95DA, 0x95DA, 0x95DA, 0x95DA, 0x95DA, 0x95DA,   // 0x8D30 (36144) pixels
0x95DA, 0x95DA, 0x95DA, 0x95DA, 0x95DA, 0x95DA, 0x95DA, 0x95DA, 0x95DA, 0x95DA, 0x95DA, 0x95DA, 0x95DA, 0x95DA, 0x95DA, 0x95DA,   // 0x8D40 (36160) pixels
0x95DA, 0x95DA, 0x95DA, 0x95DA, 0x95DA, 0x95DA, 0x95DA, 0x95DA, 0x95DA, 0x95DA, 0x95DA, 0x95DA, 0x95DA, 0x95DA, 0x95DA, 0x95DA,   // 0x8D50 (36176) pixels
0x95DA, 0x95DA, 0x95DA, 0x95DA, 0x95DA, 0x95DA, 0x95DA, 0x95DA, 0x95DA, 0x95DA, 0x95DA, 0x95DA, 0x95DA, 0x95DA, 0x95DA, 0x95DA,   // 0x8D60 (36192) pixels
0x8DDA, 0x8DDA, 0x8DDA, 0x8DDA, 0x8DDA, 0x8DDA, 0x95DA, 0x95DA, 0x95FA, 0x95FA, 0x95FA, 0x95DA, 0x95DA, 0x95DA, 0x95DA, 0x8DDA,   // 0x8D70 (36208) pixels
0x8DFA, 0x8DFA, 0x8DDA, 0x8DFA, 0x8DDA, 0x8DDA, 0x95DA, 0x95DB, 0x95BA, 0x9DBA, 0x9D9A, 0xA59A, 0xADBB, 0xB5BB, 0xB5BB, 0xBD9B,   // 0x8D80 (36224) pixels
0xBD7A, 0xB539, 0xB539, 0xB55A, 0xB55A, 0xB55A, 0xBD5A, 0xB55A, 0x9C76, 0x7B72, 0x6B30, 0x6B50, 0x7390, 0x73B0, 0x6B8F, 0x73B0,   // 0x8D90 (36240) pixels
0x73B0, 0x8411, 0x83F1, 0x7BD0, 0x73AF, 0x738F, 0x738F, 0x7BB0, 0x738F, 0x736F, 0x738F, 0x738F, 0x738F, 0x736F, 0x738F, 0x738F,   // 0x8DA0 (36256) pixels
0x736E, 0x6B6E, 0x6B6E, 0x736E, 0x738F, 0x738F, 0x738F, 0x73AF, 0x7BD0, 0x738F, 0x6B6F, 0x6B4E, 0x6B6F, 0x7390, 0x736F, 0x7BB0,   // 0x8DB0 (36272) pixels
0x7390, 0x7390, 0x738F, 0x738F, 0x7B8F, 0x736E, 0x734E, 0x7B6F, 0x734F, 0x83B1, 0x9433, 0xA4B4, 0xB534, 0xBD94, 0xC5D4, 0xCDD3,   // 0x8DC0 (36288) pixels
0xCDD3, 0xD5D3, 0xD5D3, 0xCDB3, 0xCDB4, 0xCD93, 0xC553, 0xBCF2, 0xA42F, 0x93CD, 0x836D, 0x836D, 0x734D, 0x736E, 0x736F, 0x738F,   // 0x8DD0 (36304) pixels
0x738F, 0x736E, 0x738F, 0x736E, 0x736E, 0x738F, 0x738F, 0x6B4E, 0x6B6E, 0x6B4E, 0x6B4E, 0x6B6E, 0x738F, 0x738F, 0x736E, 0x6B4E,   // 0x8DE0 (36320) pixels
0x738E, 0x738E, 0x6B6E, 0x6B6E, 0x6B6E, 0x6B6E, 0x736E, 0x738F, 0x6B6E, 0x6B6E, 0x738F, 0x73AF, 0x738F, 0x6B6F, 0x6B6E, 0x6B6E,   // 0x8DF0 (36336) pixels
0x73AF, 0x6B6E, 0x6B6E, 0x73AF, 0x83F1, 0x7BD0, 0x8411, 0x73B0, 0x7390, 0x738F, 0x6B4F, 0x6B4F, 0x6B4E, 0x6B6E, 0x738F, 0x630E,   // 0x8E00 (36352) pixels
0x526C, 0x4A2C, 0x524C, 0x6B30, 0xA4B7, 0xB559, 0xACD8, 0xACF9, 0xACF9, 0xACF9, 0xACF9, 0xACFA, 0xACDA, 0xACB9, 0xA478, 0x9C37,   // 0x8E10 (36368) pixels
0x93F7, 0x8395, 0x7B54, 0x7333, 0x6AF3, 0x6AD2, 0x62B2, 0x6292, 0x6271, 0x6271, 0x6A92, 0x72F3, 0x8355, 0x8395, 0x6AF3, 0x49EE,   // 0x8E20 (36384) pixels
0x6291, 0x6B12, 0x7373, 0x7394, 0x6B52, 0x5AF1, 0x5B11, 0x5B31, 0x6392, 0x6BD3, 0x7C55, 0x84D7, 0x8D18, 0x9559, 0x95B9, 0x9DFA,   // 0x8E30 (36400) pixels
0x95BA, 0x95BA, 0x95BA, 0x95BA, 0x95BA, 0x95FB, 0x95FB, 0x8DFB, 0x8DFA, 0x8DFA, 0x8DDB, 0x8DDA, 0x95DA, 0x95DA, 0x95BA, 0x95DA,   // 0x8E40 (36416) pixels
0x95DA, 0x95DA, 0x95DA, 0x95DA, 0x95DA, 0x95DA, 0x95DA, 0x95DA, 0x95DA, 0x95DA, 0x95DA, 0x95DA, 0x95DA, 0x95DA, 0x95DA, 0x95DA,   // 0x8E50 (36432) pixels
0x8DDA, 0x8DDA, 0x8DDA, 0x8DDA, 0x95DA, 0x95DA, 0x95DA, 0x95DA, 0x95DA, 0x95DA, 0x95DA, 0x95DA, 0x95DA, 0x95DA, 0x95DA, 0x95DA,   // 0x8E60 (36448) pixels
0x95DA, 0x95DA, 0x95DA, 0x95DA, 0x95DA, 0x95DA, 0x95DA, 0x95DA, 0x95DA, 0x95DA, 0x95DA, 0x95DA, 0x95DA, 0x95DA, 0x95DA, 0x95DA,   // 0x8E70 (36464) pixels
0x95DA, 0x95DA, 0x95DA, 0x95DA, 0x95DA, 0x95DA, 0x95DA, 0x95DA, 0x95DA, 0x95DA, 0x95DA, 0x95DA, 0x95DA, 0x95DA, 0x95DA, 0x95DA,   // 0x8E80 (36480) pixels
0x95DA, 0x95DA, 0x95DA, 0x95DA, 0x95DA, 0x95DA, 0x95DA, 0x95DA, 0x95DA, 0x95DA, 0x95DA, 0x95DA, 0x95DA, 0x95DA, 0x95DA, 0x95DA,   // 0x8E90 (36496) pixels
0x95DA, 0x95DA, 0x95DA, 0x95DA, 0x95DA, 0x95DA, 0x95DA, 0x95DA, 0x95DA, 0x95DA, 0x95DA, 0x95DA, 0x95DA, 0x95DA, 0x95DA, 0x95DA,   // 0x8EA0 (36512) pixels
0x8DDA, 0x8DDA, 0x8DDA, 0x8DDA, 0x95DA, 0x95DA, 0x95DA, 0x95DA, 0x95FA, 0x95FA, 0x95FA, 0x95FA, 0x95DA, 0x95DA, 0x95DA, 0x8DDA,   // 0x8EB0 (36528) pixels
0x8DFA, 0x8DDA, 0x8DDA, 0x8DDA, 0x8DDA, 0x8DDA, 0x95DA, 0x95DA, 0x95BA, 0x9DBA, 0xA5BA, 0xA5BA, 0xB5DB, 0xB5DB, 0xB5BB, 0xB59B,   // 0x8EC0 (36544) pixels
0xB57A, 0xB539, 0xB539, 0xB55A, 0xBD5A, 0xBD5A, 0xB539, 0xACF8, 0x9435, 0x6AF0, 0x62CE, 0x7370, 0x7BD1, 0x7BF1, 0x8432, 0x9CF4,   // 0x8ED0 (36560) pixels
0xA535, 0xAD77, 0xAD56, 0x9493, 0x7BF0, 0x738F, 0x6B6F, 0x738F, 0x73B0, 0x738F, 0x738F, 0x738F, 0x738F, 0x6B6E, 0x6B6E, 0x738F,   // 0x8EE0 (36576) pixels
0x738F, 0x738F, 0x738F, 0x738F, 0x738F, 0x738F, 0x738F, 0x738F, 0x73AF, 0x738F, 0x73B0, 0x738F, 0x736F, 0x738F, 0x736F, 0x7390,   // 0x8EF0 (36592) pixels
0x738F, 0x738F, 0x738F, 0x738E, 0x736D, 0x736D, 0x7B6E, 0x83D0, 0x9C73, 0xACF5, 0xBDB7, 0xCE39, 0xD658, 0xD677, 0xD676, 0xDE55,   // 0x8F00 (36608) pixels
0xD634, 0xD634, 0xD613, 0xD5F3, 0xD5F3, 0xD5F3, 0xD5D3, 0xD592, 0xBCF0, 0xAC4E, 0x93CC, 0x834C, 0x7B4C, 0x736E, 0x738F, 0x738F,   // 0x8F10 (36624) pixels
0x738F, 0x738E, 0x738E, 0x736E, 0x738E, 0x738F, 0x738E, 0x6B6E, 0x736E, 0x738E, 0x738E, 0x6B6E, 0x736E, 0x738F, 0x738E, 0x6B4E,   // 0x8F20 (36640) pixels
0x738F, 0x736E, 0x738E, 0x738F, 0x738F, 0x6B6E, 0x6B6E, 0x6B6E, 0x736E, 0x738F, 0x738F, 0x738F, 0x736E, 0x6B4E, 0x6B4E, 0x736E,   // 0x8F30 (36656) pixels
0x738F, 0x738F, 0x7BF0, 0x9472, 0xAD56, 0xB577, 0xB597, 0xA4F5, 0x8C32, 0x83F1, 0x736F, 0x6B4F, 0x6B6E, 0x736F, 0x736F, 0x6B0E,   // 0x8F40 (36672) pixels
0x4A2B, 0x4A0B, 0x526D, 0x7351, 0xA4B7, 0xB559, 0xACF8, 0xACF9, 0xACF9, 0xACF9, 0xACF9, 0xACD9, 0xACDA, 0xAC99, 0x9C58, 0x9417,   // 0x8F50 (36688) pixels
0x8BD6, 0x8395, 0x7B34, 0x7313, 0x6AD3, 0x62B2, 0x6292, 0x6292, 0x6292, 0x6272, 0x6AB2, 0x7B14, 0x8355, 0x7B55, 0x6AB2, 0x49CE,   // 0x8F60 (36704) pixels
0x62B1, 0x7353, 0x7BB4, 0x7BD4, 0x6B93, 0x6352, 0x5B32, 0x52F0, 0x5311, 0x5B51, 0x6392, 0x6BF3, 0x7C55, 0x84B6, 0x8D17, 0x9579,   // 0x8F70 (36720) pixels
0x9D9A, 0x9DBA, 0x9DBA, 0x95BA, 0x95BA, 0x95DA, 0x95DA, 0x8DDA, 0x8DDA, 0x8DDA, 0x8DDA, 0x8DDA, 0x95DA, 0x95DA, 0x95DA, 0x95DA,   // 0x8F80 (36736) pixels
0x95DA, 0x95DA, 0x95DA, 0x95DA, 0x95DA, 0x95DA, 0x95DA, 0x95DA, 0x95DA, 0x95DA, 0x95DA, 0x95DA, 0x8DDA, 0x8DDA, 0x8DDA, 0x8DDA,   // 0x8F90 (36752) pixels
0x8DDA, 0x8DDA, 0x8DDA, 0x8DDA, 0x95DA, 0x95DA, 0x95DA, 0x95DA, 0x95DA, 0x95DA, 0x95DA, 0x95DA, 0x95DA, 0x95DA, 0x95DA, 0x95DA,   // 0x8FA0 (36768) pixels
0x95DA, 0x95DA, 0x95DA, 0x95DA, 0x95DA, 0x95DA, 0x95DA, 0x95DA, 0x95DA, 0x95DA, 0x95DA, 0x95DA, 0x95DA, 0x95DA, 0x95DA, 0x95DA,   // 0x8FB0 (36784) pixels
0x95DA, 0x95DA, 0x95DA, 0x95DA, 0x95DA, 0x95DA, 0x95DA, 0x95DA, 0x95DA, 0x95DA, 0x95DA, 0x95DA, 0x95DA, 0x95DA, 0x95DA, 0x95DA,   // 0x8FC0 (36800) pixels
0x95DA, 0x95DA, 0x95DA, 0x95DA, 0x95DA, 0x95DA, 0x95DA, 0x95DA, 0x95DA, 0x95DA, 0x95DA, 0x95DA, 0x95DA, 0x95DA, 0x95DA, 0x95DA,   // 0x8FD0 (36816) pixels
0x95DA, 0x95DA, 0x95DA, 0x95DA, 0x95DA, 0x95DA, 0x95DA, 0x95DA, 0x95DA, 0x95DA, 0x95DA, 0x95DA, 0x95DA, 0x95DA, 0x95DA, 0x95FA,   // 0x8FE0 (36832) pixels
0x95FA, 0x95FA, 0x95FA, 0x95FA, 0x95FA, 0x95FA, 0x95FA, 0x95FA, 0x95FA, 0x95FA, 0x95FA, 0x95FA, 0x95DA, 0x95DA, 0x95DA, 0x95DA,   // 0x8FF0 (36848) pixels
0x95FA, 0x8DDA, 0x8DDA, 0x8DDA, 0x8DD9, 0x8DD9, 0x95B9, 0x95B9, 0x9DB9, 0x9DB9, 0xA5BA, 0xADDA, 0xB5DB, 0xBDDB, 0xB5BB, 0xB57A,   // 0x9000 (36864) pixels
0xB57A, 0xB55A, 0xB55A, 0xB55A, 0xBD5A, 0xBD5A, 0xACF8, 0x9455, 0x83D3, 0x6AF0, 0x630F, 0x7390, 0x7BD1, 0x8C52, 0xA536, 0xC65A,   // 0x9010 (36880) pixels
0xDEFD, 0xDEFC, 0xCE7B, 0xAD76, 0x9493, 0x7BF1, 0x6B6F, 0x6B6E, 0x73B0, 0x738F, 0x738F, 0x73AF, 0x73B0, 0x7BD0, 0x8411, 0x8C72,   // 0x9020 (36896) pixels
0x9CD4, 0x9493, 0x8431, 0x7BD0, 0x738F, 0x73AF, 0x7BF0, 0x8431, 0x9493, 0x9493, 0x9CB4, 0x8C52, 0x7BD0, 0x7390, 0x736F, 0x736F,   // 0x9030 (36912) pixels
0x738F, 0x73AE, 0x738D, 0x736D, 0x7B6C, 0x7BAD, 0x8C0F, 0x9C92, 0xC5D8, 0xD65A, 0xE6DC, 0xE6FC, 0xE6FA, 0xDEB8, 0xDE97, 0xDE76,   // 0x9040 (36928) pixels
0xD655, 0xD634, 0xD613, 0xCDF2, 0xD5D2, 0xD5D2, 0xDDD2, 0xDDD2, 0xCD50, 0xBCCE, 0xA40C, 0x8B6B, 0x7B4C, 0x7B8D, 0x738E, 0x738E,   // 0x9050 (36944) pixels
0x738E, 0x736E, 0x6B6E, 0x738E, 0x738E, 0x736E, 0x73AF, 0x83F0, 0x8C51, 0x94B3, 0x9CD3, 0x8C72, 0x7BF0, 0x73AF, 0x738F, 0x6B6E,   // 0x9060 (36960) pixels
0x738F, 0x83F0, 0x9472, 0x9CD3, 0x94B3, 0x8C51, 0x7BD0, 0x738E, 0x738F, 0x736E, 0x738F, 0x738F, 0x738F, 0x738F, 0x6B6F, 0x6B6E,   // 0x9070 (36976) pixels
0x6B6E, 0x7BF0, 0x9CD4, 0xB5B7, 0xD6BC, 0xE6FD, 0xE6FD, 0xC619, 0xA4F5, 0x8C32, 0x736F, 0x6B4E, 0x736F, 0x738F, 0x736F, 0x630D,   // 0x9080 (36992) pixels
0x4A0B, 0x4A2C, 0x62CF, 0x83D3, 0xACF8, 0xB559, 0xACF9, 0xACF8, 0xACF9, 0xACF9, 0xACF9, 0xACD9, 0xACB9, 0xA478, 0x9C37, 0x93F6,   // 0x9090 (37008) pixels
0x8395, 0x7B54, 0x7314, 0x6AF3, 0x6AD3, 0x62B2, 0x6291, 0x6291, 0x6292, 0x6292, 0x72D3, 0x7B34, 0x7B34, 0x7313, 0x6291, 0x49EE,   // 0x90A0 (37024) pixels
0x62D1, 0x7B94, 0x8416, 0x8456, 0x8456, 0x7C56, 0x7435, 0x63B3, 0x6372, 0x5B71, 0x6351, 0x6372, 0x6BB2, 0x73F4, 0x7C75, 0x84B7,   // 0x90B0 (37040) pixels
0x9559, 0x9D99, 0x9DBA, 0x9DDA, 0x9DDA, 0x95DA, 0x95BA, 0x8DBA, 0x95DA, 0x95DA, 0x95DA, 0x95DA, 0x95DA, 0x95DA, 0x95DA, 0x8DFA,   // 0x90C0 (37056) pixels
0x95DA, 0x8DFA, 0x95DA, 0x8DFA, 0x95DA, 0x95FA, 0x95FA, 0x95FA, 0x95FA, 0x95FA, 0x95FA, 0x95FA, 0x95FA, 0x95FA, 0x95FA, 0x95FA,   // 0x90D0 (37072) pixels
0x8DDA, 0x8DDA, 0x8DDA, 0x8DDA, 0x95DA, 0x95DA, 0x95DA, 0x95DA, 0x95DA, 0x95DA, 0x95DA, 0x95DA, 0x95DA, 0x95DA, 0x95DA, 0x95DA,   // 0x90E0 (37088) pixels
0x95DA, 0x95DA, 0x95DA, 0x95DA, 0x95DA, 0x95DA, 0x95DA, 0x95DA, 0x95DA, 0x95DA, 0x95DA, 0x95DA, 0x95DA, 0x95DA, 0x95DA, 0x95DA,   // 0x90F0 (37104) pixels
0x95DA, 0x95DA, 0x95DA, 0x95DA, 0x95DA, 0x95DA, 0x95DA, 0x95DA, 0x95DA, 0x95DA, 0x95DA, 0x95DA, 0x95DA, 0x95DA, 0x95DA, 0x95DA,   // 0x9100 (37120) pixels
0x95DA, 0x95DA, 0x95DA, 0x95DA, 0x95DA, 0x95DA, 0x95DA, 0x95DA, 0x95DA, 0x95DA, 0x95DA, 0x95DA, 0x95DA, 0x95DA, 0x95DA, 0x95DA,   // 0x9110 (37136) pixels
0x95FA, 0x95FA, 0x95FA, 0x95FA, 0x95FA, 0x95FA, 0x95FA, 0x95FA, 0x95FA, 0x95FA, 0x95FA, 0x95FA, 0x95FA, 0x95FA, 0x95FA, 0x95FA,   // 0x9120 (37152) pixels
0x95FA, 0x95FA, 0x95FA, 0x95FA, 0x95FA, 0x95FA, 0x95FA, 0x95FA, 0x95DA, 0x95DA, 0x95DA, 0x95DA, 0x95DA, 0x95DA, 0x95DA, 0x95DA,   // 0x9130 (37168) pixels
0x95FA, 0x8DDA, 0x8DDA, 0x95DA, 0x95D9, 0x95D9, 0x95B9, 0x95D9, 0xA5F9, 0xADFA, 0xB5FB, 0xB5FB, 0xB5DB, 0xBDBB, 0xBD9B, 0xB57A,   // 0x9140 (37184) pixels
0xB57A, 0xBD7A, 0xB55A, 0xB539, 0xB55A, 0xBD7A, 0xA4B7, 0x7B92, 0x6B30, 0x6B10, 0x7370, 0x7390, 0x8412, 0xA515, 0xBE19, 0xDEDC,   // 0x9150 (37200) pixels
0xE73D, 0xDEDC, 0xCE5A, 0xA536, 0x8C52, 0x73AF, 0x632D, 0x6B6E, 0x73AF, 0x73AF, 0x7BD0, 0x8432, 0x94B3, 0xA535, 0xBDD8, 0xCE5A,   // 0x9160 (37216) pixels
0xCE7A, 0xBDF8, 0xA535, 0x8C92, 0x8431, 0x8C93, 0xA515, 0xB597, 0xCE7A, 0xCE5A, 0xC63A, 0xAD36, 0x8411, 0x738F, 0x736F, 0x7B8F,   // 0x9170 (37232) pixels
0x7B8F, 0x7BAE, 0x7B8D, 0x7B8C, 0x83CD, 0x942E, 0xA4D1, 0xBD95, 0xDE99, 0xE6DB, 0xE71D, 0xE71C, 0xE6FB, 0xE6FA, 0xE6F9, 0xE719,   // 0x9180 (37248) pixels
0xE6D7, 0xDEB6, 0xDE75, 0xDE34, 0xDE13, 0xDDF1, 0xDDD1, 0xE5D0, 0xD56F, 0xCD0E, 0xAC2B, 0x8B49, 0x7B2A, 0x7B4C, 0x736D, 0x736E,   // 0x9190 (37264) pixels
0x738E, 0x6B6E, 0x6B6E, 0x738E, 0x738E, 0x6B6E, 0x7BF0, 0x9CF4, 0xB597, 0xCE39, 0xD69A, 0xC619, 0xAD55, 0x94B3, 0x8431, 0x7BCF,   // 0x91A0 (37280) pixels
0x8431, 0xA535, 0xC619, 0xCE7A, 0xCE59, 0xBDD7, 0xA4F4, 0x8C52, 0x7BCF, 0x738E, 0x6B6E, 0x736E, 0x73AF, 0x73AF, 0x738F, 0x6B6E,   // 0x91B0 (37296) pixels
0x6B6E, 0x9472, 0xB5B7, 0xCE7A, 0xE71D, 0xE71D, 0xE6FD, 0xBDD8, 0xA515, 0x8411, 0x630D, 0x630D, 0x736F, 0x738F, 0x736E, 0x62CD,   // 0x91C0 (37312) pixels
0x39A9, 0x522C, 0x7351, 0x9455, 0xAD18, 0xB559, 0xAD19, 0xAD19, 0xACF9, 0xACF9, 0xACD9, 0xACB9, 0xA499, 0x9C78, 0x9417, 0x8BD6,   // 0x91D0 (37328) pixels
0x8375, 0x7B34, 0x7313, 0x6AF3, 0x6AD2, 0x6292, 0x5A71, 0x5A71, 0x6291, 0x6AB2, 0x7B14, 0x8355, 0x7B34, 0x6AB2, 0x5A70, 0x524F,   // 0x91E0 (37344) pixels
0x6312, 0x7BF5, 0x8C97, 0x94D8, 0x9519, 0x9519, 0x8CF8, 0x7C76, 0x7414, 0x6BD3, 0x6392, 0x6372, 0x6B72, 0x6B92, 0x73F4, 0x7C35,   // 0x91F0 (37360) pixels
0x84B6, 0x8CF7, 0x9559, 0x9D99, 0x9DBA, 0x9DDA, 0x9DDA, 0x9DDA, 0x95DA, 0x95DA, 0x95DA, 0x95DA, 0x95DA, 0x8DFA, 0x8DFA, 0x8DFA,   // 0x9200 (37376) pixels
0x8DFA, 0x8DFA, 0x8DFA, 0x8DFA, 0x95FA, 0x8DFA, 0x95FA, 0x8DFA, 0x95FA, 0x95FA, 0x95FA, 0x95FA, 0x95FA, 0x95FA, 0x95FA, 0x95FA,   // 0x9210 (37392) pixels
0x8DDA, 0x8DDA, 0x8DDA, 0x8DDA, 0x95DA, 0x95DA, 0x95DA, 0x95DA, 0x95FA, 0x95FA, 0x95FA, 0x95FA, 0x95DA, 0x95DA, 0x95DA, 0x95DA,   // 0x9220 (37408) pixels
0x95DA, 0x95DA, 0x95DA, 0x95DA, 0x95DA, 0x95DA, 0x95DA, 0x95DA, 0x95DA, 0x95DA, 0x95DA, 0x95DA, 0x95DA, 0x95DA, 0x95DA, 0x95DA,   // 0x9230 (37424) pixels
0x95DA, 0x95DA, 0x95DA, 0x95DA, 0x95DA, 0x95DA, 0x95DA, 0x95DA, 0x95FA, 0x95FA, 0x95FA, 0x95FA, 0x95FA, 0x95FA, 0x95FA, 0x95FA,   // 0x9240 (37440) pixels
0x95DA, 0x95DA, 0x95DA, 0x95DA, 0x95DA, 0x95DA, 0x95DA, 0x95DA, 0x95DA, 0x95DA, 0x95DA, 0x95DA, 0x95DA, 0x95DA, 0x95DA, 0x95FA,   // 0x9250 (37456) pixels
0x95FA, 0x95FA, 0x95FA, 0x95FA, 0x95FA, 0x95FA, 0x95FA, 0x95FA, 0x95FA, 0x95FA, 0x95FA, 0x95FA, 0x95FA, 0x95FA, 0x95FA, 0x95FA,   // 0x9260 (37472) pixels
0x95FA, 0x95FA, 0x95FA, 0x95FA, 0x95FA, 0x95FA, 0x95FA, 0x95FA, 0x95FB, 0x95FB, 0x95FB, 0x95FB, 0x95FB, 0x95FB, 0x95FB, 0x95FB,   // 0x9270 (37488) pixels
0x95DA, 0x8DDA, 0x8DD9, 0x95D9, 0x95D9, 0x95D9, 0x9DF9, 0xA619, 0xB67B, 0xBE7C, 0xC65C, 0xBE3B, 0xBDDB, 0xBDBB, 0xBD9B, 0xBD7A,   // 0x9280 (37504) pixels
0xB55A, 0xBD7A, 0xBD7A, 0xB539, 0xB55A, 0xB55A, 0x9C96, 0x7331, 0x6AEF, 0x6B30, 0x7391, 0x7391, 0x8C53, 0xBDD9, 0xD6BC, 0xDEFD,   // 0x9290 (37520) pixels
0xE73D, 0xD6BC, 0xC63A, 0x9CF4, 0x7BD0, 0x6B4E, 0x632D, 0x7BD0, 0x8C52, 0x94B3, 0xA536, 0xBDD8, 0xC63A, 0xD69B, 0xDEFC, 0xE71D,   // 0x92A0 (37536) pixels
0xE71D, 0xDEDC, 0xCE5A, 0xBDF8, 0xB5D7, 0xC619, 0xD69B, 0xDEFC, 0xE73E, 0xE6FD, 0xDEBC, 0xB577, 0x83F1, 0x734E, 0x6B2E, 0x6B2E,   // 0x92B0 (37552) pixels
0x7B8F, 0x7B8E, 0x7B8D, 0x83AD, 0x944E, 0xACF1, 0xBD94, 0xD637, 0xDEBA, 0xE6DB, 0xE6FC, 0xE6FC, 0xE6FC, 0xE71B, 0xEF3C, 0xEF5B,   // 0x92C0 (37568) pixels
0xEF3A, 0xEF19, 0xEED8, 0xE696, 0xE654, 0xE5F2, 0xE5D0, 0xE5AF, 0xE58F, 0xD52E, 0xAC0A, 0x8307, 0x72E8, 0x6AE9, 0x6B0B, 0x736D,   // 0x92D0 (37584) pixels
0x736E, 0x6B6E, 0x6B6E, 0x738E, 0x738F, 0x738E, 0x8C72, 0xBDD7, 0xD69B, 0xE71C, 0xE73D, 0xE6FC, 0xD69A, 0xC639, 0xB5B7, 0xA535,   // 0x92E0 (37600) pixels
0xB596, 0xCE7A, 0xE71D, 0xE73D, 0xE6FC, 0xDEDB, 0xCE5A, 0xBDD8, 0xA515, 0x9492, 0x7BF0, 0x738F, 0x6B6E, 0x6B6E, 0x736E, 0x736E,   // 0x92F0 (37616) pixels
0x7BAF, 0xA514, 0xCE5A, 0xDEBB, 0xE71D, 0xDEFC, 0xD6BB, 0xB577, 0x9473, 0x738F, 0x5AAC, 0x62ED, 0x736F, 0x736F, 0x6B4E, 0x5AAC,   // 0x9300 (37632) pixels
0x3168, 0x524C, 0x83D3, 0xA4B6, 0xAD18, 0xB539, 0xACF9, 0xB519, 0xACF9, 0xACF9, 0xACD9, 0xA4B9, 0xA478, 0x9C57, 0x93F6, 0x8BB5,   // 0x9310 (37648) pixels
0x8355, 0x7B34, 0x7313, 0x6AF3, 0x62B2, 0x5A91, 0x5A51, 0x5A51, 0x6271, 0x6AB2, 0x8355, 0x8BB6, 0x7334, 0x5A91, 0x5A70, 0x5AB1,   // 0x9320 (37664) pixels
0x6B53, 0x8436, 0x94B8, 0x9D5A, 0x9D9A, 0x9D7A, 0x957A, 0x8D38, 0x8CF8, 0x8496, 0x7C35, 0x73F4, 0x73B3, 0x6B92, 0x6B92, 0x6B92,   // 0x9330 (37680) pixels
0x6BD3, 0x7434, 0x8496, 0x8D17, 0x9579, 0xA5BA, 0xA5FA, 0xA5FA, 0x9DDA, 0x95DA, 0x95DA, 0x95FA, 0x95FA, 0x95FA, 0x95FA, 0x8DFA,   // 0x9340 (37696) pixels
0x8DFA, 0x8DFA, 0x8DFA, 0x8DFA, 0x8DFA, 0x95FA, 0x95FA, 0x95FA, 0x8DFA, 0x8DFA, 0x95FA, 0x95FA, 0x95FA, 0x95FA, 0x95FA, 0x95FA,   // 0x9350 (37712) pixels
0x95FA, 0x95FA, 0x95FA, 0x95FA, 0x95FA, 0x95FA, 0x95FA, 0x95FA, 0x95FA, 0x95FA, 0x95FA, 0x95FA, 0x95DA, 0x95DA, 0x95DA, 0x95DA,   // 0x9360 (37728) pixels
0x95DA, 0x95DA, 0x95DA, 0x95DA, 0x95DA, 0x95DA, 0x95DA, 0x95DA, 0x95DA, 0x95DA, 0x95DA, 0x95DA, 0x95DA, 0x95DA, 0x95DA, 0x95DA,   // 0x9370 (37744) pixels
0x95FA, 0x95FA, 0x95FA, 0x95FA, 0x95FA, 0x95FA, 0x95FA, 0x95FA, 0x95FA, 0x95FA, 0x95FA, 0x95FA, 0x95FA, 0x95FA, 0x95FA, 0x95FA,   // 0x9380 (37760) pixels
0x95FA, 0x95FA, 0x95FA, 0x95FA, 0x95FA, 0x95FA, 0x95FA, 0x95FA, 0x95FA, 0x95FA, 0x95FA, 0x95FA, 0x95FA, 0x95FA, 0x95FA, 0x95FA,   // 0x9390 (37776) pixels
0x95FA, 0x95FA, 0x95FA, 0x95FA, 0x95FA, 0x95FA, 0x95FA, 0x95FA, 0x95FA, 0x95FA, 0x95FA, 0x95FA, 0x95FA, 0x95FA, 0x95FA, 0x95FA,   // 0x93A0 (37792) pixels
0x95DA, 0x95FA, 0x95DA, 0x95DA, 0x95FA, 0x95FA, 0x95DA, 0x95DA, 0x95DA, 0x95DA, 0x95DA, 0x95DA, 0x95DA, 0x95FB, 0x95DB, 0x95DB,   // 0x93B0 (37808) pixels
0x95DA, 0x95DA, 0x95D9, 0x95D9, 0x95D9, 0xA619, 0xAE5A, 0xBE9B, 0xCEDC, 0xCEBC, 0xC67C, 0xC61B, 0xBDDB, 0xBDBA, 0xBD9A, 0xBD7A,   // 0x93C0 (37824) pixels
0xB55A, 0xBD5A, 0xBD5A, 0xB539, 0xB539, 0xAD18, 0x8C34, 0x6B10, 0x6B0F, 0x6B30, 0x7BB1, 0x7BF1, 0x9CF5, 0xCE7B, 0xE73E, 0xE71D,   // 0x93D0 (37840) pixels
0xDEDC, 0xC65A, 0xAD97, 0x8411, 0x634E, 0x6B6E, 0x73AF, 0x9493, 0xB5B7, 0xC639, 0xD6BC, 0xDF1D, 0xE73D, 0xE75E, 0xE73D, 0xDF1D,   // 0x93E0 (37856) pixels
0xDEFC, 0xDF1D, 0xDF1D, 0xDEFC, 0xDF1C, 0xE73D, 0xEF5E, 0xEF7E, 0xE71D, 0xD69B, 0xC639, 0x9CD4, 0x6B2E, 0x62CC, 0x62CC, 0x62EC,   // 0x93F0 (37872) pixels
0x7B6E, 0x7B6E, 0x838D, 0x940F, 0xACF1, 0xC594, 0xD616, 0xDE78, 0xE6DB, 0xE6FC, 0xE71D, 0xE71D, 0xE6FD, 0xE71C, 0xE71C, 0xE71C,   // 0x9400 (37888) pixels
0xEF3C, 0xEEFB, 0xE6B9, 0xE657, 0xDDF4, 0xDDB1, 0xDD6F, 0xE58F, 0xE54D, 0xD4EC, 0xABE9, 0x82C6, 0x6A86, 0x6267, 0x5AA9, 0x6B4C,   // 0x9410 (37904) pixels
0x6B4D, 0x738E, 0x6B6E, 0x6B6E, 0x73AF, 0x7BF0, 0x9CF4, 0xCE7A, 0xE71C, 0xE71C, 0xE71C, 0xE71C, 0xE71C, 0xE73C, 0xDEFC, 0xD6BA,   // 0x9420 (37920) pixels
0xDEBB, 0xE71C, 0xEF5D, 0xE71D, 0xE71C, 0xE71C, 0xE71C, 0xDEFC, 0xD69A, 0xC618, 0xA535, 0x8C72, 0x7BD0, 0x738F, 0x738F, 0x73AF,   // 0x9430 (37936) pixels
0x8411, 0xB596, 0xDEDB, 0xE6FC, 0xE71D, 0xDEDC, 0xD67A, 0xA515, 0x738F, 0x5AEC, 0x526B, 0x62ED, 0x736F, 0x6B4E, 0x630D, 0x526B,   // 0x9440 (37952) pixels
0x3989, 0x5A8E, 0x9434, 0xACF7, 0xAD18, 0xAD18, 0xACF9, 0xAD19, 0xACF9, 0xACF9, 0xACD9, 0xA498, 0x9C78, 0x9C37, 0x8BD6, 0x8395,   // 0x9450 (37968) pixels
0x7B54, 0x7314, 0x72F3, 0x6AD2, 0x6292, 0x5A71, 0x5A71, 0x5A71, 0x6AB2, 0x6AD3, 0x8375, 0x8396, 0x6AF3, 0x5250, 0x5A70, 0x6312,   // 0x9460 (37984) pixels
0x7394, 0x8436, 0x94F8, 0xA59B, 0xA5BB, 0x9D9A, 0x9DDA, 0x95BA, 0x9D9A, 0x9579, 0x9538, 0x8CD7, 0x8476, 0x7C14, 0x6BB3, 0x6B92,   // 0x9470 (38000) pixels
0x6392, 0x6BD2, 0x7413, 0x7C75, 0x8CD6, 0x9558, 0x9D99, 0xA5B9, 0x9DB9, 0x9DD9, 0x9DD9, 0x95D9, 0x95FA, 0x95F9, 0x95FA, 0x95FA,   // 0x9480 (38016) pixels
0x8DFA, 0x8DFA, 0x95FA, 0x95FA, 0x95FA, 0x95FA, 0x95FA, 0x95FA, 0x95FA, 0x95FA, 0x8DFA, 0x8DFA, 0x8DFA, 0x8DFA, 0x8DFB, 0x8DFA,   // 0x9490 (38032) pixels
0x95FA, 0x95FA, 0x95FA, 0x95FA, 0x95FA, 0x95FA, 0x95FA, 0x95FA, 0x95FA, 0x95FA, 0x95FA, 0x95FA, 0x95DA, 0x95DA, 0x95DA, 0x95DA,   // 0x94A0 (38048) pixels
0x95FA, 0x95FA, 0x95FA, 0x95FA, 0x95FA, 0x95FA, 0x95FA, 0x95FA, 0x95FA, 0x95FA, 0x95FA, 0x95FA, 0x95FA, 0x95FA, 0x95FA, 0x95FA,   // 0x94B0 (38064) pixels
0x95FA, 0x95FA, 0x95FA, 0x95FA, 0x95FA, 0x95FA, 0x95FA, 0x95FA, 0x95FA, 0x95FA, 0x95FA, 0x95FA, 0x95FA, 0x95FA, 0x95FA, 0x95FA,   // 0x94C0 (38080) pixels
0x95FA, 0x95FA, 0x95FA, 0x95FA, 0x95FA, 0x95FA, 0x95FA, 0x95FA, 0x95FA, 0x95FA, 0x95FA, 0x95FA, 0x95FA, 0x95FA, 0x95FA, 0x95FA,   // 0x94D0 (38096) pixels
0x95FA, 0x95FA, 0x95FA, 0x95FA, 0x95FA, 0x95FA, 0x95FA, 0x95FA, 0x95FA, 0x95FA, 0x95FA, 0x95FA, 0x95FA, 0x95FA, 0x95FA, 0x95FA,   // 0x94E0 (38112) pixels
0x95FA, 0x95FA, 0x95DA, 0x95DA, 0x95FA, 0x95FA, 0x95DA, 0x95DA, 0x8DDA, 0x95DA, 0x95DA, 0x95DA, 0x95DA, 0x95DA, 0x95DA, 0x95DA,   // 0x94F0 (38128) pixels
0x9DFA, 0x95FA, 0x9DD9, 0x9DF9, 0xA619, 0xAE5A, 0xC6DC, 0xD73D, 0xCEFC, 0xCE9C, 0xC63B, 0xBDDA, 0xBD9A, 0xBD9A, 0xBD7A, 0xBD5A,   // 0x9500 (38144) pixels
0xBD5A, 0xB539, 0xB559, 0xBD5A, 0xAD18, 0xA4B6, 0x83D3, 0x6AEF, 0x62CE, 0x6B2F, 0x83F2, 0x9473, 0xAD77, 0xD6BC, 0xE73E, 0xE71D,   // 0x9510 (38160) pixels
0xDEFC, 0xC63A, 0xAD77, 0x8431, 0x7C11, 0x9D15, 0xAD97, 0xCE9B, 0xD6DC, 0xE71D, 0xE75E, 0xE73D, 0xE71D, 0xE73E, 0xE73E, 0xDF1D,   // 0x9520 (38176) pixels
0xDF1D, 0xE73D, 0xE73D, 0xE73D, 0xE73D, 0xE75D, 0xE73D, 0xE73D, 0xE73D, 0xCE5A, 0xB577, 0x83F1, 0x5A6B, 0x526A, 0x62AC, 0x6AED,   // 0x9530 (38192) pixels
0x7B6E, 0x7B6E, 0x83CE, 0x9C70, 0xBD73, 0xD615, 0xDE57, 0xE698, 0xEEDA, 0xEF1C, 0xEF3D, 0xEF3E, 0xEF3E, 0xEF3D, 0xEF1C, 0xE6DB,   // 0x9540 (38208) pixels
0xDE9A, 0xD659, 0xD5F6, 0xCD93, 0xCD31, 0xCCEF, 0xD50E, 0xDD2D, 0xDCEC, 0xCCAB, 0xABA8, 0x82A6, 0x6A66, 0x5A26, 0x5A68, 0x6B2C,   // 0x9550 (38224) pixels
0x6B2C, 0x738E, 0x6B6E, 0x6B4D, 0x73AF, 0x8C51, 0xAD75, 0xDEDB, 0xE73C, 0xE73D, 0xE73D, 0xE73D, 0xEF5D, 0xEF5D, 0xE73D, 0xE71C,   // 0x9560 (38240) pixels
0xE71C, 0xE71D, 0xE73D, 0xE73D, 0xE73D, 0xE73D, 0xE71D, 0xE71C, 0xE71C, 0xDEFC, 0xD69A, 0xBDD7, 0x9CD4, 0x8411, 0x73AF, 0x73AF,   // 0x9570 (38256) pixels
0x8C52, 0xBDD7, 0xE6FC, 0xE71C, 0xE71C, 0xDEBB, 0xC619, 0x9473, 0x5AEC, 0x526A, 0x4A4A, 0x62ED, 0x734E, 0x6B0D, 0x5ACC, 0x4A2A,   // 0x9580 (38272) pixels
0x49EA, 0x6AEF, 0x9C96, 0xB538, 0xAD18, 0xAD19, 0xAD19, 0xAD19, 0xACF9, 0xACF9, 0xACB9, 0xA498, 0x9C58, 0x9417, 0x8BB6, 0x8375,   // 0x9590 (38288) pixels
0x7B34, 0x7313, 0x6AD3, 0x62B2, 0x6291, 0x5A91, 0x6291, 0x6292, 0x6AD3, 0x72F3, 0x7B54, 0x7B54, 0x62B2, 0x4A0F, 0x5A70, 0x6B53,   // 0x95A0 (38304) pixels
0x7BD5, 0x8456, 0x94F8, 0xA5BB, 0x9DDB, 0x959A, 0x95BA, 0x95DB, 0x95BA, 0x95BA, 0x9D9A, 0x9D9A, 0x9D59, 0x8CF7, 0x8476, 0x7C55,   // 0x95B0 (38320) pixels
0x6BD3, 0x6BD2, 0x6BD2, 0x6BF3, 0x7C54, 0x8CD6, 0x9537, 0x9558, 0xA5B9, 0x9DD9, 0x9DD9, 0x9DD9, 0x95F9, 0x95F9, 0x95F9, 0x95FA,   // 0x95C0 (38336) pixels
0x95DA, 0x95DA, 0x95FA, 0x95FA, 0x95FA, 0x95FA, 0x95FA, 0x95FA, 0x95DA, 0x95FA, 0x95FA, 0x8DFA, 0x8DFA, 0x8DFA, 0x8DFB, 0x8DFA,   // 0x95D0 (38352) pixels
0x95FA, 0x95FA, 0x95FA, 0x95FA, 0x95FA, 0x95FA, 0x95FA, 0x95FA, 0x95FA, 0x95FA, 0x95FA, 0x95FA, 0x95FA, 0x95FA, 0x95FA, 0x95FA,   // 0x95E0 (38368) pixels
0x95FA, 0x95FA, 0x95FA, 0x95FA, 0x95FA, 0x95FA, 0x95FA, 0x95FA, 0x95FA, 0x95FA, 0x95FA, 0x95FA, 0x95FA, 0x95FA, 0x95FA, 0x95FA,   // 0x95F0 (38384) pixels
0x95FA, 0x95FA, 0x95FA, 0x95FA, 0x95FA, 0x95FA, 0x95FA, 0x95FA, 0x95FA, 0x95FA, 0x95FA, 0x95FA, 0x95FA, 0x95FA, 0x95FA, 0x95FA,   // 0x9600 (38400) pixels
0x95DA, 0x95DA, 0x95DA, 0x95DA, 0x95DA, 0x95DA, 0x95DA, 0x95DA, 0x95DA, 0x95DA, 0x95DA, 0x95DA, 0x95DA, 0x95DA, 0x95DA, 0x95DA,   // 0x9610 (38416) pixels
0x95DA, 0x95DA, 0x95DA, 0x95DA, 0x95DA, 0x95DA, 0x95DA, 0x95DA, 0x95DA, 0x95DA, 0x95DA, 0x95DA, 0x95DA, 0x95DA, 0x95DA, 0x95DA,   // 0x9620 (38432) pixels
0x95DA, 0x95DA, 0x95DA, 0x95DA, 0x95DA, 0x95DA, 0x8DDA, 0x8DDA, 0x8DBA, 0x95DA, 0x95FA, 0x95FB, 0x95FA, 0x95BA, 0x95BA, 0x95DA,   // 0x9630 (38448) pixels
0x9DFA, 0x9DDA, 0x9DD9, 0xA5F9, 0xB67B, 0xC6FD, 0xCF1D, 0xCEFC, 0xCEBB, 0xC63A, 0xBDFA, 0xBDDA, 0xBDBA, 0xB559, 0xB559, 0xBD7A,   // 0x9640 (38464) pixels
0xBD5A, 0xB53A, 0xBD7A, 0xBD9A, 0xACF8, 0x8C14, 0x7B71, 0x6B30, 0x630F, 0x6B2F, 0x83F2, 0xAD36, 0xC61A, 0xDEDC, 0xEF5E, 0xE71D,   // 0x9650 (38480) pixels
0xD69B, 0xAD76, 0x9CF4, 0x8C72, 0x94B3, 0xC639, 0xE73D, 0xE71D, 0xE73D, 0xE73D, 0xE73D, 0xE73D, 0xE71D, 0xE71D, 0xE71D, 0xE73D,   // 0x9660 (38496) pixels
0xE73D, 0xEF5E, 0xE73D, 0xDF1D, 0xDF1D, 0xDF1D, 0xE73D, 0xE71D, 0xDEDC, 0xC5F8, 0xA4F4, 0x736F, 0x4A09, 0x49E9, 0x62CC, 0x6B0D,   // 0x9670 (38512) pixels
0x732D, 0x7B8E, 0x940F, 0xACD1, 0xC5B3, 0xDE35, 0xDE76, 0xE6B8, 0xEEFA, 0xF71B, 0xF71C, 0xEEFC, 0xE6DB, 0xE6BB, 0xDE79, 0xCE17,   // 0x9680 (38528) pixels
0xC5D6, 0xBD74, 0xB4F1, 0xB4AF, 0xB46D, 0xBC6C, 0xCCAC, 0xDCEC, 0xD48B, 0xBC09, 0xA367, 0x82A5, 0x59E5, 0x49C5, 0x5228, 0x62CB,   // 0x9690 (38544) pixels
0x6B2D, 0x736E, 0x6B6E, 0x632C, 0x7BEF, 0xA4F4, 0xBDF7, 0xE6FC, 0xEF3D, 0xE71C, 0xE71C, 0xE71C, 0xEF3D, 0xEF3D, 0xDEFC, 0xE71C,   // 0x96A0 (38560) pixels
0xE6FC, 0xE71C, 0xE71C, 0xE6FC, 0xDEFC, 0xE6FC, 0xE71D, 0xE71D, 0xE71C, 0xEF3D, 0xDEDC, 0xCE7A, 0xBDD8, 0x9493, 0x83F0, 0x8C31,   // 0x96B0 (38576) pixels
0xA4F4, 0xCE39, 0xE71D, 0xE71D, 0xD69B, 0xD67A, 0xBDD7, 0x83F0, 0x4A4A, 0x4A2A, 0x526B, 0x630D, 0x734F, 0x62ED, 0x4A2A, 0x4A0A,   // 0x96C0 (38592) pixels
0x526D, 0x83B2, 0xA4D7, 0xB539, 0xB518, 0xACF8, 0xACF8, 0xACF9, 0xACF9, 0xACD9, 0xA4B9, 0xA478, 0x9C58, 0x93F7, 0x8BB6, 0x8375,   // 0x96D0 (38608) pixels
0x7B34, 0x72F3, 0x6AD2, 0x6292, 0x6291, 0x5A91, 0x6292, 0x62B2, 0x72F3, 0x7314, 0x7B54, 0x7333, 0x5A71, 0x4A0F, 0x5A91, 0x7373,   // 0x96E0 (38624) pixels
0x7BF5, 0x8497, 0x9539, 0x9DBB, 0x9DFB, 0x95BA, 0x8DBA, 0x95DA, 0x95DA, 0x95DA, 0x95BA, 0x9DBA, 0x9DBA, 0x9599, 0x9538, 0x8D18,   // 0x96F0 (38640) pixels
0x8496, 0x7C54, 0x7413, 0x6C13, 0x7413, 0x7433, 0x7C75, 0x84D6, 0x9558, 0x9D99, 0xA5DA, 0x9DD9, 0x9DB9, 0x9DFA, 0x9DFA, 0x9DFA,   // 0x9700 (38656) pixels
0x95DA, 0x95DA, 0x95DA, 0x95DA, 0x95DA, 0x95DA, 0x95DA, 0x95DA, 0x95BA, 0x95DA, 0x95DA, 0x95FA, 0x8DDA, 0x8DDA, 0x8DFA, 0x95FB,   // 0x9710 (38672) pixels
0x95FA, 0x95FA, 0x95FA, 0x95FA, 0x95FA, 0x95FA, 0x95FA, 0x95FA, 0x95FA, 0x95FA, 0x95FA, 0x95FA, 0x95DA, 0x95DA, 0x95DA, 0x95DA,   // 0x9720 (38688) pixels
0x95DA, 0x95DA, 0x95DA, 0x95DA, 0x95DA, 0x95DA, 0x95DA, 0x95DA, 0x95DA, 0x95DA, 0x95DA, 0x95DA, 0x95DA, 0x95DA, 0x95DA, 0x95DA,   // 0x9730 (38704) pixels
0x95DA, 0x95DA, 0x95DA, 0x95DA, 0x95DA, 0x95DA, 0x95DA, 0x95DA, 0x95DA, 0x95DA, 0x95DA, 0x95DA, 0x95DA, 0x95DA, 0x95DA, 0x95DA,   // 0x9740 (38720) pixels
0x95FA, 0x95FA, 0x95FA, 0x95FA, 0x95FA, 0x95FA, 0x95FA, 0x95FA, 0x95FA, 0x95FA, 0x95FA, 0x95FA, 0x95FA, 0x95FA, 0x95FA, 0x95FA,   // 0x9750 (38736) pixels
0x95FA, 0x95FA, 0x95FA, 0x95FA, 0x95FA, 0x95FA, 0x95FA, 0x95FA, 0x95FA, 0x95FA, 0x95FA, 0x95FA, 0x95FA, 0x95FA, 0x95FA, 0x95FA,   // 0x9760 (38752) pixels
0x95FA, 0x95FA, 0x95DA, 0x95FA, 0x95FA, 0x95FA, 0x95FA, 0x95FA, 0x95DA, 0x95FA, 0x95FA, 0x95FA, 0x95DA, 0x95DA, 0x95DA, 0x9DFA,   // 0x9770 (38768) pixels
0x95B9, 0x9DFA, 0xAE1A, 0xB67B, 0xC6FD, 0xD71D, 0xD6FD, 0xCEBB, 0xC63A, 0xC5FA, 0xBDD9, 0xBDBA, 0xBD9A, 0xBD59, 0xBD3A, 0xBD5A,   // 0x9780 (38784) pixels
0xBD5A, 0xBD5A, 0xBD7A, 0xBD7A, 0xA4B7, 0x83D3, 0x7350, 0x6B2F, 0x7390, 0x7BB1, 0x8C73, 0xBDD8, 0xD6BC, 0xE73E, 0xEF5E, 0xDEDC,   // 0x9790 (38800) pixels
0xC619, 0x94B3, 0x8431, 0x8411, 0x9CD4, 0xCE5A, 0xE73D, 0xE71D, 0xE71D, 0xE73D, 0xE73D, 0xE71D, 0xE73D, 0xE73D, 0xE73D, 0xE71D,   // 0x97A0 (38816) pixels
0xDEFC, 0xE73D, 0xE73D, 0xE73D, 0xDF1D, 0xDEFC, 0xDEFC, 0xD6BB, 0xD6BB, 0xB597, 0x8C52, 0x6B0D, 0x4A09, 0x522A, 0x6AED, 0x732E,   // 0x97B0 (38832) pixels
0x734E, 0x83AE, 0x942F, 0xACF1, 0xCDD3, 0xDE55, 0xE696, 0xEEB7, 0xEED8, 0xEED9, 0xE699, 0xDE58, 0xD617, 0xCDD6, 0xBD74, 0xB512,   // 0x97C0 (38848) pixels
0xA46E, 0xA46E, 0xA44D, 0xAC2C, 0xB44B, 0xBC6B, 0xCCAB, 0xD4CC, 0xC42A, 0xAB88, 0x8AC6, 0x7245, 0x51A4, 0x4164, 0x49E8, 0x62EC,   // 0x97D0 (38864) pixels
0x6B2D, 0x736E, 0x736E, 0x6B4D, 0x8C31, 0xAD75, 0xCE39, 0xE71C, 0xE73D, 0xE71C, 0xE71C, 0xDEFC, 0xE71C, 0xE73D, 0xE6FC, 0xE73D,   // 0x97E0 (38880) pixels
0xE6FC, 0xE71C, 0xE71C, 0xE6FC, 0xE6FC, 0xE71D, 0xE71C, 0xE6FC, 0xDEFC, 0xD69B, 0xC619, 0xC5F8, 0xB597, 0x9493, 0x8411, 0x94B3,   // 0x97F0 (38896) pixels
0xB577, 0xD69B, 0xEF5D, 0xEF5D, 0xDEDB, 0xCE39, 0xAD35, 0x738F, 0x4A09, 0x4A29, 0x5AAC, 0x6B2E, 0x734F, 0x5AAC, 0x41E9, 0x4A2B,   // 0x9800 (38912) pixels
0x6AEF, 0x8C14, 0xACF8, 0xB539, 0xB539, 0xB519, 0xACF9, 0xACF9, 0xACF9, 0xACD9, 0xA4B9, 0xA478, 0x9C38, 0x93F7, 0x8396, 0x8375,   // 0x9810 (38928) pixels
0x7314, 0x72F3, 0x6AB2, 0x6292, 0x5A91, 0x5A91, 0x6292, 0x62B2, 0x7314, 0x7B54, 0x7B34, 0x6AF3, 0x5A70, 0x4A2F, 0x5AB1, 0x7394,   // 0x9820 (38944) pixels
0x7C36, 0x8CD7, 0x9559, 0x9DBB, 0x9DFB, 0x95DB, 0x8DBA, 0x8DDA, 0x8DDA, 0x8DDA, 0x95DA, 0x95BA, 0x95DA, 0x95BA, 0x959A, 0x9579,   // 0x9830 (38960) pixels
0x9558, 0x8D17, 0x84B5, 0x7454, 0x7413, 0x6C13, 0x7413, 0x7454, 0x8495, 0x8D17, 0x9DB9, 0xA5DA, 0xA5DA, 0xA5DA, 0x9DDA, 0x9DDA,   // 0x9840 (38976) pixels
0x9DBA, 0x9DBA, 0x9DBA, 0x9DBA, 0x95BA, 0x95BA, 0x95BA, 0x95BA, 0x95DA, 0x95DB, 0x95FB, 0x95FB, 0x95DA, 0x8DDA, 0x8DFA, 0x8DFA,   // 0x9850 (38992) pixels
0x95FA, 0x95FA, 0x95FA, 0x95FA, 0x95FA, 0x95FA, 0x95FA, 0x95FA, 0x95FA, 0x95FA, 0x95FA, 0x95FA, 0x95DA, 0x95DA, 0x95DA, 0x95DA,   // 0x9860 (39008) pixels
0x95FA, 0x95FA, 0x95FA, 0x95FA, 0x95FA, 0x95FA, 0x95FA, 0x95FA, 0x95FA, 0x95FA, 0x95FA, 0x95FA, 0x95FA, 0x95FA, 0x95FA, 0x95FA,   // 0x9870 (39024) pixels
0x95FA, 0x95FA, 0x95FA, 0x95FA, 0x95FA, 0x95FA, 0x95FA, 0x95FA, 0x95FA, 0x95FA, 0x95FA, 0x95FA, 0x95FA, 0x95FA, 0x95FA, 0x95FA,   // 0x9880 (39040) pixels
0x95FA, 0x95FA, 0x95FA, 0x95FA, 0x95FA, 0x95FA, 0x95FA, 0x95FA, 0x95FA, 0x95FA, 0x95FA, 0x95FA, 0x95FA, 0x95FA, 0x95FA, 0x95FA,   // 0x9890 (39056) pixels
0x95FA, 0x95FA, 0x95FA, 0x95FA, 0x95FA, 0x95FA, 0x95FA, 0x95FA, 0x95FA, 0x95FA, 0x95FA, 0x95FA, 0x95FA, 0x95FA, 0x95FA, 0x95FA,   // 0x98A0 (39072) pixels
0x95FA, 0x95FA, 0x95FA, 0x95FA, 0x95FA, 0x95FA, 0x95FA, 0x95FA, 0x95FA, 0x95FA, 0x95FA, 0x9DFA, 0x9DFA, 0x9DDA, 0x9DD9, 0x9DFA,   // 0x98B0 (39088) pixels
0x9DF9, 0xAE3A, 0xBEBC, 0xCF1D, 0xD71E, 0xCEDD, 0xC67B, 0xBDF9, 0xBDD9, 0xBDD9, 0xBDBA, 0xC59A, 0xBD7A, 0xBD5A, 0xBD5A, 0xBD5A,   // 0x98C0 (39104) pixels
0xBD5A, 0xBD5A, 0xBD7A, 0xB539, 0x9475, 0x7B71, 0x6B2F, 0x6B4F, 0x7390, 0x7BD1, 0x9CD4, 0xCE3A, 0xE6FD, 0xE71E, 0xE71D, 0xCE7B,   // 0x98D0 (39120) pixels
0xB597, 0x7BF0, 0x630D, 0x6B2D, 0x8411, 0xAD76, 0xCE7A, 0xDEDC, 0xDEFC, 0xE73D, 0xEF3D, 0xE73D, 0xE73D, 0xE73D, 0xE71D, 0xDEDC,   // 0x98E0 (39136) pixels
0xDEDC, 0xE73D, 0xE73D, 0xEF5E, 0xE73D, 0xE71D, 0xE71D, 0xDEDC, 0xCE5A, 0x9CF4, 0x738E, 0x5AAB, 0x4A29, 0x526A, 0x6B2D, 0x7B6E,   // 0x98F0 (39152) pixels
0x734D, 0x83AE, 0x944F, 0xB510, 0xCDF3, 0xE654, 0xE674, 0xE674, 0xDE34, 0xD614, 0xCDB3, 0xC552, 0xB4F0, 0xACAF, 0xA44D, 0xA42C,   // 0x9900 (39168) pixels
0xA42A, 0xA44A, 0xB46B, 0xBCAB, 0xCCEC, 0xD50D, 0xD4EC, 0xCC8B, 0xAB88, 0x92C5, 0x7224, 0x61C4, 0x4943, 0x3104, 0x49C8, 0x62ED,   // 0x9910 (39184) pixels
0x6B2D, 0x736E, 0x736E, 0x736E, 0x9493, 0xC5F8, 0xD69B, 0xE73D, 0xEF3D, 0xE73D, 0xE71D, 0xDEFC, 0xE6FC, 0xE71D, 0xE6FC, 0xE71D,   // 0x9920 (39200) pixels
0xE6FC, 0xE71C, 0xE6FC, 0xE6FC, 0xE6FC, 0xDEDC, 0xD69B, 0xCE7A, 0xCE5A, 0xBDB7, 0xAD56, 0x9CF4, 0x8C52, 0x6B2E, 0x630D, 0x9473,   // 0x9930 (39216) pixels
0xBDD8, 0xDEBB, 0xE71D, 0xE71D, 0xD69B, 0xB597, 0x8C32, 0x630D, 0x41E9, 0x4A4A, 0x6B0E, 0x6B4E, 0x6B2E, 0x5A8C, 0x39A9, 0x524C,   // 0x9940 (39232) pixels
0x83B2, 0x9C76, 0xAD18, 0xB519, 0xB519, 0xB519, 0xACF9, 0xACF9, 0xACD9, 0xACB9, 0xA499, 0x9C78, 0x9437, 0x8BD6, 0x8375, 0x7B54,   // 0x9950 (39248) pixels
0x7313, 0x6AD3, 0x6AB2, 0x6292, 0x5A91, 0x5A91, 0x6292, 0x6AD2, 0x7334, 0x7B75, 0x7313, 0x5A91, 0x5A70, 0x5270, 0x5AF1, 0x73D5,   // 0x9960 (39264) pixels
0x8476, 0x8D18, 0x9D7A, 0x95BA, 0x95DB, 0x95DB, 0x8DDA, 0x8DDA, 0x8DFA, 0x8DDA, 0x8DDA, 0x8DDA, 0x95DA, 0x95FA, 0x95DA, 0x95DA,   // 0x9970 (39280) pixels
0x9DBA, 0x9D99, 0x9558, 0x84F6, 0x7C95, 0x7454, 0x7433, 0x6C13, 0x7454, 0x8495, 0x9517, 0x9D79, 0xA5DB, 0xADDB, 0xA5DB, 0xA5DB,   // 0x9980 (39296) pixels
0x9D7A, 0x9D7A, 0x9D5A, 0x9D7A, 0x9D7A, 0x9D9A, 0x9DBA, 0x9DDB, 0x9DDA, 0x95DA, 0x95DA, 0x95FA, 0x95FA, 0x95FA, 0x8DFA, 0x8DFA,   // 0x9990 (39312) pixels
0x95FA, 0x95FA, 0x95FA, 0x95FA, 0x95FA, 0x95FA, 0x95FA, 0x95FA, 0x95FA, 0x95FA, 0x95FA, 0x95FA, 0x95DA, 0x95DA, 0x95DA, 0x95DA,   // 0x99A0 (39328) pixels
0x95FA, 0x95FA, 0x95FA, 0x95FA, 0x95FA, 0x95FA, 0x95FA, 0x95FA, 0x95FA, 0x95FA, 0x95FA, 0x95FA, 0x95FA, 0x95FA, 0x95FA, 0x95FA,   // 0x99B0 (39344) pixels
0x95FA, 0x95FA, 0x95FA, 0x95FA, 0x95FA, 0x95FA, 0x95FA, 0x95FA, 0x95FA, 0x95FA, 0x95FA, 0x95FA, 0x95FA, 0x95FA, 0x95FA, 0x95FA,   // 0x99C0 (39360) pixels
0x95FA, 0x95FA, 0x95FA, 0x95FA, 0x95FA, 0x95FA, 0x95FA, 0x95FA, 0x95FA, 0x95FA, 0x95FA, 0x95FA, 0x95FA, 0x95FA, 0x95FA, 0x95FA,   // 0x99D0 (39376) pixels
0x95FA, 0x95FA, 0x95FA, 0x95FA, 0x95FA, 0x95FA, 0x95FA, 0x95FA, 0x95FA, 0x95FA, 0x95FA, 0x95FA, 0x95FA, 0x95FA, 0x95FA, 0x95FA,   // 0x99E0 (39392) pixels
0x95FA, 0x95FA, 0x95FA, 0x95FA, 0x95FA, 0x95FA, 0x95FA, 0x95FA, 0x95DA, 0x95FA, 0x9DFA, 0x9DFA, 0x9DFA, 0x9DD9, 0x9DD9, 0x9DF9,   // 0x99F0 (39408) pixels
0xAE3A, 0xBE9C, 0xCEFD, 0xCF1D, 0xCEBC, 0xC65B, 0xB5D9, 0xB578, 0xBDB9, 0xC5DA, 0xC5BA, 0xC59A, 0xBD7A, 0xBD7A, 0xBD5A, 0xBD5A,   // 0x9A00 (39424) pixels
0xBD5A, 0xBD5A, 0xB539, 0xA4D7, 0x8C14, 0x6B30, 0x630F, 0x7370, 0x7BB0, 0x8432, 0xAD56, 0xDEDC, 0xEF3E, 0xE6FD, 0xD6BC, 0xC619,   // 0x9A10 (39440) pixels
0xA4F5, 0x6B4E, 0x528B, 0x52AB, 0x632D, 0x8411, 0xA515, 0xBDD8, 0xCE5A, 0xDEDC, 0xEF5E, 0xEF5E, 0xE71D, 0xDEFC, 0xD69B, 0xC639,   // 0x9A20 (39456) pixels
0xBDD8, 0xCE5A, 0xDEBB, 0xE71D, 0xE73D, 0xDEFC, 0xDEDC, 0xD69B, 0xBDD7, 0x8C51, 0x5ACC, 0x4A4A, 0x4A4A, 0x5AAB, 0x734E, 0x7BAF,   // 0x9A30 (39472) pixels
0x736D, 0x7BAD, 0x942E, 0xAD10, 0xD5F2, 0xDE33, 0xDDF1, 0xD5D1, 0xC52F, 0xBCEE, 0xB48D, 0xAC6D, 0xAC4C, 0xA42B, 0xA42A, 0xAC2A,   // 0x9A40 (39488) pixels
0xB489, 0xBCAA, 0xC4EA, 0xCD0C, 0xD54D, 0xD52C, 0xC46A, 0xABA8, 0x9306, 0x7A44, 0x61A3, 0x5163, 0x4123, 0x3104, 0x49C8, 0x62ED,   // 0x9A50 (39504) pixels
0x6B2E, 0x6B6E, 0x736E, 0x738F, 0x9CF4, 0xD67A, 0xE6FC, 0xE71D, 0xDEDC, 0xDEDC, 0xD6BB, 0xCE39, 0xC639, 0xCE5A, 0xD67A, 0xDEDC,   // 0x9A60 (39520) pixels
0xE71D, 0xE71C, 0xDEFC, 0xDEDB, 0xD69B, 0xCE3A, 0xBDD8, 0xAD76, 0x9CD4, 0x8411, 0x7BB0, 0x630D, 0x526B, 0x4209, 0x528B, 0x9CB4,   // 0x9A70 (39536) pixels
0xCE7A, 0xE6FC, 0xE6FD, 0xDEDC, 0xD67A, 0xA515, 0x738F, 0x62CC, 0x4209, 0x526B, 0x736F, 0x6B2E, 0x62EE, 0x524B, 0x3988, 0x5AAD,   // 0x9A80 (39552) pixels
0x9C55, 0xACD8, 0xACF8, 0xACF8, 0xACF9, 0xB519, 0xACF9, 0xACF9, 0xACB9, 0xA4B9, 0xA479, 0x9C58, 0x9417, 0x83B6, 0x7B55, 0x7314,   // 0x9A90 (39568) pixels
0x72F3, 0x6AD3, 0x6AB2, 0x6292, 0x5A91, 0x6292, 0x62B2, 0x6AD3, 0x7B34, 0x7B75, 0x6AD2, 0x5230, 0x5270, 0x5AB1, 0x6332, 0x7C16,   // 0x9AA0 (39584) pixels
0x84B7, 0x9559, 0x9DBA, 0x95BA, 0x95DB, 0x95FB, 0x8DFA, 0x8DDA, 0x8DFA, 0x8DFA, 0x8DDA, 0x8DDA, 0x8DDA, 0x8DDA, 0x8DDA, 0x95DA,   // 0x9AB0 (39600) pixels
0x9599, 0x9DB9, 0x9DDA, 0x9599, 0x9578, 0x8D37, 0x84D6, 0x7C95, 0x7C75, 0x7C75, 0x8496, 0x94F8, 0xA55A, 0xA55A, 0x9D3A, 0x9CF9,   // 0x9AC0 (39616) pixels
0x8C97, 0x8C97, 0x8C97, 0x8CB7, 0x94F8, 0x9539, 0x9D9A, 0x9DBB, 0x9DBA, 0x95BA, 0x95BA, 0x95DA, 0x95DA, 0x95FA, 0x95FA, 0x95FA,   // 0x9AD0 (39632) pixels
0x95FA, 0x95FA, 0x95FA, 0x95FA, 0x95FA, 0x95FA, 0x95FA, 0x95FA, 0x95FA, 0x95FA, 0x95FA, 0x95FA, 0x95DA, 0x95DA, 0x95DA, 0x95DA,   // 0x9AE0 (39648) pixels
0x95FA, 0x95FA, 0x95FA, 0x95FA, 0x95FA, 0x95FA, 0x95FA, 0x95FA, 0x95FA, 0x95FA, 0x95FA, 0x95FA, 0x95FA, 0x95FA, 0x95FA, 0x95FA,   // 0x9AF0 (39664) pixels
0x95FA, 0x95FA, 0x95FA, 0x95FA, 0x95FA, 0x95FA, 0x95FA, 0x95FA, 0x95FA, 0x95FA, 0x95FA, 0x95FA, 0x95FA, 0x95FA, 0x95FA, 0x95FA,   // 0x9B00 (39680) pixels
0x95FA, 0x95FA, 0x95FA, 0x95FA, 0x95FA, 0x95FA, 0x95FA, 0x95FA, 0x95FA, 0x95FA, 0x95FA, 0x95FA, 0x95FA, 0x95FA, 0x95FA, 0x95FA,   // 0x9B10 (39696) pixels
0x95FA, 0x95FA, 0x95FA, 0x95FA, 0x95FA, 0x95FA, 0x95FA, 0x95FA, 0x95FA, 0x95FA, 0x95FA, 0x95FA, 0x95FA, 0x95FA, 0x95FA, 0x95FA,   // 0x9B20 (39712) pixels
0x95FA, 0x95FA, 0x95FA, 0x95FA, 0x95FA, 0x95FA, 0x95FA, 0x95FA, 0x95DA, 0x95FA, 0x9DFA, 0x9DFA, 0x9DD9, 0x9DD8, 0xA5F9, 0xAE3A,   // 0x9B30 (39728) pixels
0xBEBC, 0xC6DC, 0xCEFD, 0xC6BC, 0xBE1A, 0xB5B9, 0xB598, 0xB599, 0xBDBA, 0xC5DA, 0xC5BB, 0xBD7A, 0xBD5A, 0xBD5A, 0xBD5A, 0xBD5A,   // 0x9B40 (39744) pixels
0xBD5A, 0xBD7A, 0xB519, 0x9C55, 0x83B2, 0x6B2F, 0x630E, 0x7370, 0x7BF1, 0x8C73, 0xB597, 0xDEFD, 0xEF5E, 0xDEDC, 0xC619, 0xA536,   // 0x9B50 (39760) pixels
0x83F1, 0x5ACC, 0x526A, 0x5ACC, 0x6B2D, 0x736F, 0x7BD0, 0x8C32, 0xA515, 0xBDB8, 0xD69B, 0xDEFC, 0xDEFC, 0xD69B, 0xBDB8, 0xA4F4,   // 0x9B60 (39776) pixels
0x8C31, 0x9CD4, 0xB576, 0xCE7A, 0xE71D, 0xE71D, 0xDEBB, 0xC618, 0xA4F4, 0x736E, 0x4A29, 0x4209, 0x5A8B, 0x6B0D, 0x736E, 0x7BAF,   // 0x9B70 (39792) pixels
0x738E, 0x7BAD, 0x8C0D, 0xA4CF, 0xCDB1, 0xD5F2, 0xD5B0, 0xCD6F, 0xBCCD, 0xB48C, 0xAC4B, 0xB44B, 0xB46B, 0xBC8B, 0xC4AB, 0xCCEB,   // 0x9B80 (39808) pixels
0xDD4B, 0xDD6C, 0xDD6C, 0xDD4C, 0xD50C, 0xC48B, 0xABC8, 0x9306, 0x8285, 0x69E4, 0x5142, 0x4102, 0x3904, 0x3966, 0x522A, 0x62CD,   // 0x9B90 (39824) pixels
0x6B2E, 0x6B4E, 0x738F, 0x7BD0, 0xA515, 0xD67B, 0xDEDC, 0xDEDC, 0xD69B, 0xCE5A, 0xBDD8, 0xA515, 0xA4F5, 0xB576, 0xC619, 0xE6FC,   // 0x9BA0 (39840) pixels
0xE6FC, 0xDEBB, 0xCE5A, 0xC5F8, 0xB597, 0xA4F5, 0x8C52, 0x7BD0, 0x6B6E, 0x528B, 0x4209, 0x3167, 0x39A8, 0x4A2A, 0x630D, 0xAD36,   // 0x9BB0 (39856) pixels
0xDEDC, 0xE71D, 0xE6DC, 0xD67B, 0xC5D8, 0x9452, 0x5ACC, 0x526A, 0x4A4A, 0x5A8B, 0x7B8F, 0x6AEE, 0x5A6C, 0x4A2B, 0x41CA, 0x6B2F,   // 0x9BC0 (39872) pixels
0xA4D7, 0xACF9, 0xACF8, 0xA4D8, 0xACF8, 0xACF9, 0xACF9, 0xACD9, 0xACB9, 0xA499, 0x9C78, 0x9438, 0x8BF7, 0x8396, 0x7B34, 0x72F3,   // 0x9BD0 (39888) pixels
0x6AD3, 0x6AD2, 0x62B2, 0x6292, 0x6292, 0x6292, 0x6AD3, 0x6AF3, 0x7B54, 0x7B55, 0x6291, 0x4A0F, 0x5270, 0x5AF1, 0x6B73, 0x7C36,   // 0x9BE0 (39904) pixels
0x8CF8, 0x959A, 0x95DB, 0x95BA, 0x95DA, 0x95FB, 0x95FB, 0x8DFA, 0x8DFA, 0x95FA, 0x8DDA, 0x95DA, 0x95DA, 0x8DDA, 0x8DDA, 0x8DDA,   // 0x9BF0 (39920) pixels
0x95B9, 0x95DA, 0x9DFA, 0x9DFA, 0x9DFA, 0x9DDA, 0x9578, 0x84F7, 0x84B6, 0x8496, 0x8496, 0x8C97, 0x8C77, 0x8416, 0x7BB5, 0x7374,   // 0x9C00 (39936) pixels
0x7394, 0x7BB4, 0x7BD5, 0x7BF5, 0x8436, 0x8C97, 0x9519, 0x9D7A, 0x9DBA, 0x9DBA, 0x9DBA, 0x95DA, 0x95DA, 0x95FA, 0x95FA, 0x961A,   // 0x9C10 (39952) pixels
0x95FA, 0x95FA, 0x95FA, 0x95FA, 0x95FA, 0x95FA, 0x95FA, 0x95FA, 0x95FA, 0x95FA, 0x95FA, 0x95FA, 0x95FA, 0x95FA, 0x95FA, 0x95FA,   // 0x9C20 (39968) pixels
0x95FA, 0x95FA, 0x95FA, 0x95FA, 0x95FA, 0x95FA, 0x95FA, 0x95FA, 0x95FA, 0x95FA, 0x95FA, 0x95FA, 0x95FA, 0x95FA, 0x95FA, 0x95FA,   // 0x9C30 (39984) pixels
0x95FA, 0x95FA, 0x95FA, 0x95FA, 0x95FA, 0x95FA, 0x95FA, 0x95FA, 0x95FA, 0x95FA, 0x95FA, 0x95FA, 0x95FA, 0x95FA, 0x95FA, 0x95FA,   // 0x9C40 (40000) pixels
0x95FA, 0x95FA, 0x95FA, 0x95FA, 0x95FA, 0x95FA, 0x95FA, 0x95FA, 0x95FA, 0x95FA, 0x95FA, 0x95FA, 0x95FA, 0x95FA, 0x95FA, 0x95FA,   // 0x9C50 (40016) pixels
0x95FA, 0x95FA, 0x95FA, 0x95FA, 0x95FA, 0x95FA, 0x95FA, 0x95FA, 0x95FA, 0x95FA, 0x95FA, 0x95FA, 0x95FA, 0x95FA, 0x95FA, 0x95FA,   // 0x9C60 (40032) pixels
0x95FA, 0x95FA, 0x95FA, 0x95FA, 0x95FA, 0x95FA, 0x95FA, 0x95FA, 0x95FA, 0x95FA, 0x95FA, 0x95D9, 0x9DD8, 0x9DF9, 0xAE5A, 0xBEBC,   // 0x9C70 (40048) pixels
0xCF1D, 0xCEFD, 0xC6BC, 0xBE3A, 0xAD98, 0xAD57, 0xB578, 0xBDBA, 0xC5BA, 0xC5BA, 0xC59A, 0xBD5A, 0xBD5A, 0xBD5A, 0xBD5A, 0xBD5A,   // 0x9C80 (40064) pixels
0xBD7B, 0xBD7A, 0xA4B7, 0x83D3, 0x7351, 0x6B2F, 0x6B2F, 0x736F, 0x7BD0, 0x8412, 0xA515, 0xCE5A, 0xD69C, 0xC61A, 0xA536, 0x7BF1,   // 0x9C90 (40080) pixels
0x630D, 0x4A6A, 0x526B, 0x630D, 0x736F, 0x738F, 0x6B4E, 0x736E, 0x7BAF, 0x8C31, 0xA4F4, 0xB597, 0xC5F8, 0xB597, 0x9473, 0x736E,   // 0x9CA0 (40096) pixels
0x4209, 0x4A6A, 0x5ACC, 0x8411, 0xAD56, 0xBDD8, 0xB5B7, 0x9CF4, 0x7BF0, 0x5AAB, 0x39C7, 0x4209, 0x630C, 0x7B8F, 0x738E, 0x736E,   // 0x9CB0 (40112) pixels
0x738E, 0x738D, 0x7BAD, 0x944D, 0xBD30, 0xCDB1, 0xD5B0, 0xDDB0, 0xCD4F, 0xCD0E, 0xCCED, 0xCD0D, 0xD52D, 0xDD4D, 0xE56D, 0xED8D,   // 0x9CC0 (40128) pixels
0xE54C, 0xE56C, 0xDD2C, 0xCC8A, 0xABC8, 0x9306, 0x8285, 0x7225, 0x6A05, 0x5984, 0x40E2, 0x30C2, 0x3924, 0x49C8, 0x5A8B, 0x62ED,   // 0x9CD0 (40144) pixels
0x6B4E, 0x6B4E, 0x738F, 0x7BD0, 0x9CB4, 0xBDD8, 0xC5F9, 0xBDB8, 0xA535, 0x9493, 0x7BD0, 0x62ED, 0x5ACC, 0x738F, 0x9493, 0xBDB8,   // 0x9CE0 (40160) pixels
0xCE3A, 0xBDB7, 0xA4F5, 0x8C72, 0x7BD0, 0x632D, 0x526B, 0x4209, 0x41E9, 0x39C8, 0x39C9, 0x39A8, 0x4A2A, 0x62ED, 0x7BB0, 0xAD57,   // 0x9CF0 (40176) pixels
0xD69B, 0xD6BB, 0xD67A, 0xBDB8, 0xA4F5, 0x738F, 0x4A09, 0x4209, 0x528B, 0x62CD, 0x734F, 0x5AAD, 0x4A0A, 0x4A0B, 0x5A6C, 0x7BB1,   // 0x9D00 (40192) pixels
0xAD18, 0xB519, 0xACF8, 0xA4D8, 0xACD9, 0xACF9, 0xACF9, 0xACD9, 0xA4B9, 0xA499, 0x9C58, 0x9418, 0x8BD7, 0x8375, 0x7B34, 0x72F4,   // 0x9D10 (40208) pixels
0x6AB3, 0x6AB2, 0x6292, 0x6292, 0x6292, 0x62B2, 0x6AF3, 0x7334, 0x7B54, 0x7334, 0x5A71, 0x4A0F, 0x5A90, 0x6312, 0x73B4, 0x8477,   // 0x9D20 (40224) pixels
0x8D39, 0x95BA, 0x95DB, 0x95BA, 0x8DDA, 0x95FB, 0x95FB, 0x95FB, 0x95DA, 0x95DA, 0x95DA, 0x95DB, 0x95FA, 0x95FA, 0x95FA, 0x95FA,   // 0x9D30 (40240) pixels
0x95FA, 0x95FA, 0x95FA, 0x95FA, 0x9DFA, 0x9DFA, 0x95B9, 0x9599, 0x8D18, 0x8CF8, 0x8497, 0x7BF5, 0x6B33, 0x62D1, 0x62B2, 0x62B2,   // 0x9D40 (40256) pixels
0x7313, 0x7353, 0x7B74, 0x7B94, 0x7BD5, 0x8436, 0x8CB7, 0x9519, 0x9D9A, 0x9DBA, 0x9DDA, 0x95DA, 0x95DA, 0x95DA, 0x95FA, 0x961A,   // 0x9D50 (40272) pixels
0x95FA, 0x95FA, 0x95FA, 0x95FA, 0x95FA, 0x95FA, 0x95FA, 0x95FA, 0x95FA, 0x95FA, 0x95FA, 0x95FA, 0x95FA, 0x95FA, 0x95FA, 0x95FA,   // 0x9D60 (40288) pixels
0x95FA, 0x95FA, 0x95FA, 0x95FA, 0x95FA, 0x95FA, 0x95FA, 0x95FA, 0x95FA, 0x95FA, 0x95FA, 0x95FA, 0x95FA, 0x95FA, 0x95FA, 0x95FA,   // 0x9D70 (40304) pixels
0x95FA, 0x95FA, 0x95FA, 0x95FA, 0x95FA, 0x95FA, 0x95FA, 0x95FA, 0x95FA, 0x95FA, 0x95FA, 0x95FA, 0x95FA, 0x95FA, 0x95FA, 0x95FA,   // 0x9D80 (40320) pixels
0x95FA, 0x95FA, 0x95FA, 0x95FA, 0x95FA, 0x95FA, 0x95FA, 0x95FA, 0x95FA, 0x95FA, 0x95FA, 0x95FA, 0x95FA, 0x95FA, 0x95FA, 0x95FA,   // 0x9D90 (40336) pixels
0x95FA, 0x95FA, 0x95FA, 0x95FA, 0x95FA, 0x95FA, 0x95FA, 0x95FA, 0x95FA, 0x95FA, 0x95FA, 0x95FA, 0x95FA, 0x95FA, 0x95FA, 0x95FA,   // 0x9DA0 (40352) pixels
0x95FA, 0x95FA, 0x95FA, 0x95FA, 0x8DFA, 0x8DFA, 0x95FA, 0x95FA, 0x961B, 0x95FA, 0x95D9, 0x9DF9, 0xA619, 0xAE5A, 0xBEDC, 0xCF1D,   // 0x9DB0 (40368) pixels
0xCF1D, 0xC6BB, 0xBE3A, 0xADB8, 0xAD57, 0xAD57, 0xB579, 0xC5BA, 0xC5BB, 0xC59B, 0xC57A, 0xBD5A, 0xBD5A, 0xBD5A, 0xBD5A, 0xBD5A,   // 0x9DC0 (40384) pixels
0xBD5A, 0xBD5A, 0x9C76, 0x7351, 0x7330, 0x7370, 0x736F, 0x736F, 0x7BB0, 0x7BF0, 0x8C52, 0xA515, 0xA536, 0x9CB4, 0x8411, 0x5ACC,   // 0x9DD0 (40400) pixels
0x4A6A, 0x4A4A, 0x5AAB, 0x630D, 0x736F, 0x7BAF, 0x736E, 0x736E, 0x6B2E, 0x6B4E, 0x73AF, 0x8411, 0x8C52, 0x8411, 0x630D, 0x4A4A,   // 0x9DE0 (40416) pixels
0x3166, 0x39A7, 0x41C8, 0x5AAC, 0x7BAF, 0x8C31, 0x8C51, 0x7BD0, 0x5AEC, 0x4A6A, 0x4208, 0x528A, 0x6B4E, 0x7BAF, 0x738E, 0x736E,   // 0x9DF0 (40432) pixels
0x6B4E, 0x736E, 0x736C, 0x83AC, 0xA46E, 0xBCEF, 0xCD2F, 0xD570, 0xD570, 0xDD4F, 0xDD4F, 0xDD4E, 0xDD4E, 0xDD4D, 0xDD2C, 0xE52B,   // 0x9E00 (40448) pixels
0xDCCB, 0xDCAB, 0xCC4A, 0xB3A9, 0x92E7, 0x8245, 0x69E5, 0x61C5, 0x5144, 0x4103, 0x38E3, 0x3904, 0x41A6, 0x5249, 0x62CC, 0x6B0D,   // 0x9E10 (40464) pixels
0x6B4E, 0x6B4E, 0x738F, 0x7BB0, 0x83F1, 0x9473, 0x8C52, 0x83F1, 0x736F, 0x5ACD, 0x4A4A, 0x39C8, 0x41E9, 0x526B, 0x6B2E, 0x8C52,   // 0x9E20 (40480) pixels
0x9493, 0x83F1, 0x6B2E, 0x5AAC, 0x4A4A, 0x4209, 0x39C8, 0x39A8, 0x3167, 0x41E9, 0x526B, 0x5AAC, 0x6B2E, 0x6B4F, 0x83F1, 0xA4F5,   // 0x9E30 (40496) pixels
0xB597, 0xB577, 0xAD56, 0x9473, 0x7BB0, 0x62CC, 0x4A09, 0x524A, 0x62CD, 0x62ED, 0x734F, 0x5A8C, 0x41C9, 0x522B, 0x7330, 0x9434,   // 0x9E40 (40512) pixels
0xB519, 0xB539, 0xACF9, 0xACD8, 0xACD9, 0xACF9, 0xACF9, 0xACD9, 0xA4B9, 0xA479, 0x9C38, 0x93F7, 0x8BB6, 0x7B75, 0x7314, 0x72F3,   // 0x9E50 (40528) pixels
0x6AB2, 0x62B2, 0x6292, 0x6292, 0x6292, 0x62B2, 0x7313, 0x7B55, 0x7334, 0x6AD3, 0x5A50, 0x522F, 0x5AB1, 0x6B53, 0x7C16, 0x8CB8,   // 0x9E60 (40544) pixels
0x957A, 0x95DB, 0x95FB, 0x8DDA, 0x8DDA, 0x95FB, 0x95FA, 0x95FB, 0x95DA, 0x95DA, 0x95DB, 0x95DB, 0x95DA, 0x95DB, 0x95FA, 0x95FB,   // 0x9E70 (40560) pixels
0x95FA, 0x95FA, 0x95DA, 0x95FA, 0x95FA, 0x95FA, 0x9DFA, 0x9DFA, 0x9D9A, 0x9539, 0x8456, 0x6332, 0x5250, 0x5230, 0x5A51, 0x6AB2,   // 0x9E80 (40576) pixels
0x72D3, 0x7B33, 0x8374, 0x8395, 0x7BB5, 0x7BF5, 0x8456, 0x8C97, 0x9539, 0x9D79, 0x9DBA, 0x9DDA, 0x95DA, 0x95D9, 0x95FA, 0x961A,   // 0x9E90 (40592) pixels
0x961A, 0x95FB, 0x95FB, 0x95FB, 0x95FB, 0x95FB, 0x95FB, 0x95FB, 0x95FB, 0x95FB, 0x95FB, 0x95FB, 0x95FB, 0x95FB, 0x95FB, 0x95FB,   // 0x9EA0 (40608) pixels
0x95FA, 0x95FA, 0x95FA, 0x95FA, 0x95FA, 0x95FA, 0x95FA, 0x95FA, 0x95FA, 0x95FA, 0x95FA, 0x95FA, 0x95FA, 0x95FA, 0x95FA, 0x95FA,   // 0x9EB0 (40624) pixels
0x95FA, 0x95FA, 0x95FA, 0x95FA, 0x95FA, 0x95FA, 0x95FA, 0x95FA, 0x95FA, 0x95FA, 0x95FA, 0x95FA, 0x95FA, 0x95FA, 0x95FA, 0x95FA,   // 0x9EC0 (40640) pixels
0x95FA, 0x95FA, 0x95FA, 0x95FA, 0x95FA, 0x95FA, 0x95FA, 0x95FA, 0x95FA, 0x95FA, 0x95FA, 0x95FA, 0x95FA, 0x95FA, 0x95FA, 0x95FA,   // 0x9ED0 (40656) pixels
0x95FA, 0x95FA, 0x95FA, 0x95FA, 0x95FA, 0x95FA, 0x95FA, 0x95FA, 0x95FA, 0x95FA, 0x95FA, 0x95FA, 0x95FA, 0x95FA, 0x95FA, 0x95FA,   // 0x9EE0 (40672) pixels
0x95FA, 0x95FA, 0x95FA, 0x95FA, 0x95FA, 0x95FA, 0x95FA, 0x95FA, 0x95FA, 0x95D9, 0x9DD9, 0xA61A, 0xB65A, 0xBEBC, 0xCF1D, 0xD73E,   // 0x9EF0 (40688) pixels
0xC69B, 0xBE39, 0xADB8, 0xA577, 0xAD57, 0xAD78, 0xBD99, 0xC5DB, 0xC5BB, 0xC59B, 0xC57B, 0xBD5B, 0xBD5B, 0xBD5A, 0xBD5B, 0xBD5A,   // 0x9F00 (40704) pixels
0xB53A, 0xB539, 0x9415, 0x6AEF, 0x6B2F, 0x7B91, 0x7390, 0x738F, 0x736F, 0x738F, 0x73AF, 0x7BD0, 0x6B4E, 0x62ED, 0x528B, 0x39C8,   // 0x9F10 (40720) pixels
0x41E8, 0x526A, 0x6B2D, 0x6B4E, 0x736F, 0x73AF, 0x738F, 0x738F, 0x738F, 0x736E, 0x6B4E, 0x6B2D, 0x630D, 0x5AAB, 0x4A4A, 0x41E8,   // 0x9F20 (40736) pixels
0x39A7, 0x4229, 0x4A6A, 0x5AAB, 0x62EC, 0x5AEC, 0x5AEC, 0x52AB, 0x4229, 0x4A4A, 0x528B, 0x630C, 0x736E, 0x736E, 0x736E, 0x73AF,   // 0x9F30 (40752) pixels
0x6B6E, 0x738E, 0x738D, 0x7B8C, 0x8BCC, 0x9C0C, 0xAC6D, 0xBCCE, 0xCCEE, 0xCCEE, 0xD4EE, 0xD4ED, 0xD4CC, 0xCC8B, 0xC449, 0xBC08,   // 0x9F40 (40768) pixels
0xB3A8, 0xAB47, 0x9AC6, 0x8A86, 0x8266, 0x7206, 0x5985, 0x4924, 0x38C3, 0x30A3, 0x38E4, 0x4166, 0x5229, 0x62AB, 0x630C, 0x6B2D,   // 0x9F50 (40784) pixels
0x6B4E, 0x6B4E, 0x738F, 0x736F, 0x6B4E, 0x6B4E, 0x5AEC, 0x526B, 0x41E9, 0x3187, 0x3167, 0x3187, 0x41E9, 0x4A4A, 0x5AAC, 0x736F,   // 0x9F60 (40800) pixels
0x630D, 0x526B, 0x39E8, 0x31A7, 0x39A7, 0x41E8, 0x4A2A, 0x526B, 0x5ACC, 0x632D, 0x62ED, 0x630D, 0x736F, 0x6B2E, 0x734F, 0x83D1,   // 0x9F70 (40816) pixels
0x8C11, 0x83F1, 0x7BB0, 0x62CC, 0x4A4A, 0x4A09, 0x41E9, 0x5A8B, 0x6B0E, 0x6B2E, 0x732F, 0x5A8C, 0x41A9, 0x526C, 0x83D2, 0x9C96,   // 0x9F80 (40832) pixels
0xAD19, 0xB519, 0xACF9, 0xACD8, 0xACD9, 0xACF9, 0xACD9, 0xACDA, 0xA479, 0x9C58, 0x9418, 0x8BD7, 0x8396, 0x7B55, 0x72F4, 0x6AD3,   // 0x9F90 (40848) pixels
0x6AB2, 0x62B2, 0x6292, 0x6292, 0x6292, 0x62B2, 0x7314, 0x7B75, 0x72F3, 0x6291, 0x5230, 0x5250, 0x5AD1, 0x7394, 0x8477, 0x8D19,   // 0x9FA0 (40864) pixels
0x959A, 0x95FB, 0x95FB, 0x8DDA, 0x95FA, 0x95FA, 0x95DA, 0x95DB, 0x95DB, 0x95DB, 0x95DA, 0x95DA, 0x95DA, 0x95DA, 0x95FA, 0x95FB,   // 0x9FB0 (40880) pixels
0x95FA, 0x95FA, 0x95FA, 0x961A, 0x95FA, 0x95DA, 0x95FA, 0xA63B, 0x9DFB, 0x9559, 0x7C35, 0x5AF1, 0x4A2F, 0x5230, 0x5A31, 0x5A31,   // 0x9FC0 (40896) pixels
0x6A92, 0x72F3, 0x8354, 0x8394, 0x7B74, 0x7B94, 0x7BD5, 0x8415, 0x94D7, 0x9518, 0x9D7A, 0x9DBA, 0x9DDA, 0x95D9, 0x95FA, 0x95FA,   // 0x9FD0 (40912) pixels
0x961A, 0x961A, 0x95FB, 0x95FB, 0x95FB, 0x95FB, 0x95FB, 0x95FB, 0x95FB, 0x95FB, 0x95FB, 0x95FB, 0x95FB, 0x95FB, 0x95FB, 0x95FB,   // 0x9FE0 (40928) pixels
0x95FA, 0x95FA, 0x95FA, 0x95FA, 0x95FA, 0x95FA, 0x95FA, 0x95FA, 0x95FA, 0x95FA, 0x95FA, 0x95FA, 0x95FA, 0x95FA, 0x95FA, 0x95FA,   // 0x9FF0 (40944) pixels
0x95FA, 0x95FA, 0x95FA, 0x95FA, 0x95FA, 0x95FA, 0x95FA, 0x95FA, 0x95FA, 0x95FA, 0x95FA, 0x95FA, 0x95FA, 0x95FA, 0x95FA, 0x95FA,   // 0xA000 (40960) pixels
0x95FA, 0x95FA, 0x95FA, 0x95FA, 0x95FA, 0x95FA, 0x95FA, 0x95FA, 0x95FA, 0x95FA, 0x95FA, 0x95FA, 0x95FA, 0x95FA, 0x95FA, 0x95FA,   // 0xA010 (40976) pixels
0x95FA, 0x95FA, 0x95FA, 0x95FA, 0x95DA, 0x95FA, 0x95FA, 0x95FA, 0x95DA, 0x95DA, 0x95DA, 0x95DA, 0x95DA, 0x95DA, 0x95DA, 0x95FA,   // 0xA020 (40992) pixels
0x95FB, 0x8DFA, 0x8DDA, 0x8DDA, 0x95DA, 0x95FA, 0x95FA, 0x9DD9, 0x9DF9, 0xA5D9, 0xA5F9, 0xB65A, 0xCEDC, 0xD71D, 0xD6FD, 0xCE9B,   // 0xA030 (41008) pixels
0xB5F9, 0xAD98, 0xA557, 0xA558, 0xAD78, 0xB599, 0xBDBA, 0xC5DB, 0xC59B, 0xC57B, 0xC55B, 0xBD5A, 0xBD3A, 0xBD3A, 0xBD5B, 0xBD7B,   // 0xA040 (41024) pixels
0xB519, 0xA497, 0x8BD3, 0x6AEF, 0x6B0F, 0x7BB0, 0x7B90, 0x7B8F, 0x736E, 0x736E, 0x6B6E, 0x6B4E, 0x630D, 0x5AEC, 0x52AB, 0x528A,   // 0xA050 (41040) pixels
0x5ACB, 0x630D, 0x6B6E, 0x738F, 0x738F, 0x738F, 0x738F, 0x738E, 0x738F, 0x6B6E, 0x6B4D, 0x6B4D, 0x632D, 0x630C, 0x5ACB, 0x52AB,   // 0xA060 (41056) pixels
0x5ACB, 0x5AEC, 0x630D, 0x6B4D, 0x6B4D, 0x632D, 0x630C, 0x630C, 0x5AEC, 0x630C, 0x632D, 0x6B4D, 0x6B6E, 0x736E, 0x738E, 0x738E,   // 0xA070 (41072) pixels
0x738E, 0x738E, 0x738D, 0x738C, 0x7B6B, 0x7B6A, 0x8B6A, 0x938A, 0xA3CA, 0xA3CA, 0xABEA, 0xABEA, 0xABA9, 0xAB67, 0xA326, 0x9B06,   // 0xA080 (41088) pixels
0x8AC6, 0x82A6, 0x7A66, 0x6A25, 0x59A4, 0x4943, 0x38C2, 0x3082, 0x30A3, 0x3905, 0x49A7, 0x5A4A, 0x62AC, 0x6B0D, 0x6B2D, 0x6B2D,   // 0xA090 (41104) pixels
0x6B4E, 0x736E, 0x736E, 0x6B4E, 0x6B2D, 0x630D, 0x5ACC, 0x526B, 0x4A2A, 0x4A2A, 0x4A4A, 0x528B, 0x5ACC, 0x62EC, 0x62ED, 0x62EC,   // 0xA0A0 (41120) pixels
0x5AAB, 0x4A6A, 0x4A49, 0x4A6A, 0x528B, 0x52AB, 0x5ACC, 0x630D, 0x6B2D, 0x6B2D, 0x6B2E, 0x6B4E, 0x734E, 0x736F, 0x736F, 0x738F,   // 0xA0B0 (41136) pixels
0x738F, 0x6B4E, 0x62CC, 0x526A, 0x4A4A, 0x526A, 0x62CC, 0x6B0D, 0x6B2E, 0x6B0E, 0x62EE, 0x524C, 0x39A9, 0x62CE, 0xA4B6, 0xAD18,   // 0xA0C0 (41152) pixels
0xB519, 0xB519, 0xB4F9, 0xACF9, 0xACD9, 0xACFA, 0xACDA, 0xACB9, 0xA499, 0x9C58, 0x93F7, 0x8BB6, 0x8375, 0x7314, 0x72F3, 0x72D3,   // 0xA0D0 (41168) pixels
0x6AB2, 0x62B2, 0x6292, 0x6292, 0x6292, 0x6AD2, 0x7314, 0x7B55, 0x6AD2, 0x5A50, 0x5250, 0x5A90, 0x6312, 0x6BB4, 0x8497, 0x9D9A,   // 0xA0E0 (41184) pixels
0x95DA, 0x95FA, 0x95DA, 0x95DA, 0x95FA, 0x95FA, 0x95FA, 0x95DA, 0x95DA, 0x95DA, 0x95DA, 0x95DA, 0x95DA, 0x95DA, 0x95FA, 0x95FA,   // 0xA0F0 (41200) pixels
0x95FA, 0x95FA, 0x95FA, 0x95FA, 0x961A, 0x961A, 0x961B, 0x9E1B, 0x95DA, 0x9559, 0x7C76, 0x5B11, 0x420E, 0x4A0F, 0x5A51, 0x5210,   // 0xA100 (41216) pixels
0x6271, 0x72B3, 0x7B34, 0x8375, 0x8395, 0x83B5, 0x83B5, 0x83D5, 0x8C36, 0x9497, 0x9D19, 0xA57A, 0x9DBA, 0x9DDA, 0x9DFA, 0x95FA,   // 0xA110 (41232) pixels
0x95FA, 0x95FA, 0x95FA, 0x95FB, 0x95FB, 0x95FB, 0x9DFB, 0x95FB, 0x95FA, 0x95FA, 0x95FA, 0x95FA, 0x95FB, 0x95FB, 0x95FA, 0x95FA,   // 0xA120 (41248) pixels
0x95DA, 0x95DA, 0x95FA, 0x95FA, 0x95FA, 0x95FA, 0x95FA, 0x95FA, 0x95FA, 0x95FA, 0x95FA, 0x95FA, 0x95FA, 0x95FA, 0x95FA, 0x95FA,   // 0xA130 (41264) pixels
0x95FA, 0x95FA, 0x95FA, 0x95FA, 0x95FA, 0x95FA, 0x95FA, 0x95FA, 0x95FA, 0x95FA, 0x95FA, 0x95FA, 0x95FA, 0x95FA, 0x95FA, 0x95FA,   // 0xA140 (41280) pixels
0x95FA, 0x95FA, 0x95FA, 0x95FA, 0x95FA, 0x95FA, 0x95FA, 0x95FA, 0x95FA, 0x95FA, 0x95FA, 0x95FA, 0x95FA, 0x95FA, 0x95FA, 0x95FA,   // 0xA150 (41296) pixels
0x95FA, 0x95FA, 0x95FA, 0x95FA, 0x95FA, 0x95FA, 0x95FA, 0x95FA, 0x95FA, 0x95FA, 0x95FA, 0x95FA, 0x95DB, 0x95DB, 0x95FB, 0x95FB,   // 0xA160 (41312) pixels
0x8DDA, 0x95FA, 0x95FA, 0x95FA, 0x95FA, 0x95F9, 0x9DF9, 0x9DF9, 0xA5D9, 0xAE19, 0xBE5A, 0xCEBC, 0xD6FD, 0xD6FC, 0xCE7B, 0xBE19,   // 0xA170 (41328) pixels
0xAD99, 0xA558, 0xA538, 0xA558, 0xAD79, 0xB59A, 0xBDBB, 0xC5DB, 0xC59B, 0xBD7A, 0xBD5A, 0xBD3A, 0xBD3B, 0xBD3A, 0xBD5B, 0xBD7B,   // 0xA180 (41344) pixels
0xACB8, 0x93F4, 0x7B71, 0x6B0F, 0x732F, 0x7B90, 0x7B8F, 0x7B8F, 0x738F, 0x736F, 0x736F, 0x6B6E, 0x6B6E, 0x6B4D, 0x632D, 0x632D,   // 0xA190 (41360) pixels
0x632D, 0x6B6E, 0x738F, 0x73AF, 0x738F, 0x738F, 0x738F, 0x738F, 0x73AF, 0x738E, 0x6B6E, 0x738E, 0x738F, 0x738E, 0x6B6E, 0x6B6E,   // 0xA1A0 (41376) pixels
0x6B6E, 0x738E, 0x73AE, 0x73AF, 0x73AE, 0x73AE, 0x738E, 0x738E, 0x6B6E, 0x6B6E, 0x736E, 0x738E, 0x738E, 0x738E, 0x738E, 0x738E,   // 0xA1B0 (41392) pixels
0x6B6E, 0x6B8D, 0x738D, 0x738C, 0x734B, 0x732A, 0x72E9, 0x72A7, 0x7AC7, 0x82C7, 0x82C7, 0x8AC7, 0x8AA6, 0x8285, 0x7A24, 0x7204,   // 0xA1C0 (41408) pixels
0x6A05, 0x59E5, 0x5184, 0x4923, 0x3902, 0x38C2, 0x30C2, 0x30A3, 0x4166, 0x49C8, 0x5A6A, 0x6ACC, 0x6B0D, 0x6B2D, 0x6B2E, 0x6B2E,   // 0xA1D0 (41424) pixels
0x6B4E, 0x736E, 0x736E, 0x6B4E, 0x6B4E, 0x6B4E, 0x6B2D, 0x62EC, 0x62EC, 0x62EC, 0x62EC, 0x630D, 0x6B2D, 0x6B4E, 0x6B4E, 0x6B4D,   // 0xA1E0 (41440) pixels
0x632D, 0x5AEC, 0x5ACB, 0x62EC, 0x632D, 0x6B2D, 0x6B4E, 0x736E, 0x6B2E, 0x6B2E, 0x6B2E, 0x6B4E, 0x734E, 0x734E, 0x736F, 0x736E,   // 0xA1F0 (41456) pixels
0x6B2E, 0x6B0D, 0x62EC, 0x5ACB, 0x5AAB, 0x62CC, 0x6B0D, 0x6B4E, 0x6B0E, 0x62CD, 0x5A8C, 0x524C, 0x524C, 0x7371, 0xACF7, 0xB519,   // 0xA200 (41472) pixels
0xB4F9, 0xB4F9, 0xB4F9, 0xB4F9, 0xACD9, 0xACDA, 0xACB9, 0xA499, 0x9C58, 0x9C18, 0x8BD7, 0x8396, 0x7B35, 0x72F4, 0x6AD3, 0x6AD3,   // 0xA210 (41488) pixels
0x62B2, 0x62B2, 0x6292, 0x6292, 0x62B2, 0x6AD2, 0x7313, 0x7B54, 0x6291, 0x522F, 0x5250, 0x5AB1, 0x6353, 0x7415, 0x84D8, 0x9DBB,   // 0xA220 (41504) pixels
0x95DB, 0x95FA, 0x95FA, 0x95FA, 0x95FA, 0x95FA, 0x95FA, 0x95DA, 0x95FA, 0x95FA, 0x95FA, 0x95FA, 0x95FA, 0x95FA, 0x95FA, 0x95FA,   // 0xA230 (41520) pixels
0x95FA, 0x95FA, 0x95FA, 0x95FA, 0x961A, 0x961A, 0x961A, 0x961A, 0x95DA, 0x959A, 0x84B7, 0x6393, 0x4A90, 0x4A30, 0x5230, 0x5230,   // 0xA240 (41536) pixels
0x6251, 0x6A92, 0x72F3, 0x7B55, 0x8395, 0x8BB6, 0x8BB6, 0x83B5, 0x8BF6, 0x8C37, 0x94B8, 0x9D39, 0xA59A, 0xA5DB, 0x9DFB, 0x9DFA,   // 0xA250 (41552) pixels
0x95FA, 0x95FA, 0x95FA, 0x95FA, 0x95FA, 0x95FA, 0x9DFA, 0x95FA, 0x95FA, 0x95FA, 0x95FA, 0x95FA, 0x95FB, 0x95FB, 0x95FA, 0x95FA,   // 0xA260 (41568) pixels
0x95FA, 0x95FA, 0x95FA, 0x95FA, 0x95FA, 0x95FA, 0x95FA, 0x95FA, 0x95FA, 0x95FA, 0x95FA, 0x95FA, 0x95FA, 0x95FA, 0x95FA, 0x95FA,   // 0xA270 (41584) pixels
0x95FA, 0x95FA, 0x95FA, 0x95FA, 0x95FA, 0x95FA, 0x95FA, 0x95FA, 0x95FA, 0x95FA, 0x95FA, 0x95FA, 0x95FA, 0x95FA, 0x95FA, 0x95FA,   // 0xA280 (41600) pixels
0x95FA, 0x95FA, 0x95FA, 0x95FA, 0x95FA, 0x95FA, 0x95FA, 0x95FA, 0x95FA, 0x95FA, 0x95FA, 0x95FA, 0x95FA, 0x95FA, 0x95FA, 0x95FA,   // 0xA290 (41616) pixels
0x95FA, 0x95FA, 0x95FA, 0x95FA, 0x95FA, 0x95FA, 0x95FA, 0x95FA, 0x95FA, 0x95FA, 0x95FA, 0x95FA, 0x95FB, 0x95FB, 0x95FB, 0x95FB,   // 0xA2A0 (41632) pixels
0x8DDA, 0x95FA, 0x95FB, 0x95FA, 0x95D9, 0x95D9, 0x9DF9, 0xA5F9, 0xAE19, 0xBE7B, 0xCEDC, 0xD71D, 0xD6FD, 0xC67B, 0xB5F9, 0xAD98,   // 0xA2B0 (41648) pixels
0xA558, 0xA558, 0xA578, 0xAD79, 0xB5BA, 0xBDDB, 0xBDDB, 0xC5BB, 0xBD7A, 0xBD5A, 0xBD3A, 0xBD3A, 0xBD3B, 0xBD3B, 0xBD3B, 0xBD5B,   // 0xA2C0 (41664) pixels
0xACD7, 0x83B3, 0x7B51, 0x7B50, 0x7B70, 0x7B6F, 0x736F, 0x736F, 0x738F, 0x738F, 0x738F, 0x738F, 0x738E, 0x738E, 0x738E, 0x738F,   // 0xA2D0 (41680) pixels
0x736E, 0x738F, 0x738F, 0x738E, 0x738E, 0x738F, 0x738F, 0x738E, 0x6B6E, 0x6B4E, 0x6B4D, 0x6B6E, 0x736E, 0x736E, 0x6B6E, 0x6B6E,   // 0xA2E0 (41696) pixels
0x736E, 0x736E, 0x738E, 0x736E, 0x6B6E, 0x6B6E, 0x6B6E, 0x736E, 0x738E, 0x738E, 0x738E, 0x738E, 0x736E, 0x736E, 0x6B6E, 0x6B6E,   // 0xA2F0 (41712) pixels
0x738E, 0x738E, 0x738D, 0x7B8D, 0x7B8C, 0x734B, 0x72E9, 0x6AA8, 0x6A67, 0x6A46, 0x6205, 0x61E4, 0x61C4, 0x61A3, 0x5962, 0x4922,   // 0xA300 (41728) pixels
0x4122, 0x38E2, 0x30C2, 0x30A2, 0x30C3, 0x3904, 0x4145, 0x4166, 0x5229, 0x5A6B, 0x6AED, 0x732E, 0x6B4E, 0x6B2D, 0x6B2D, 0x6B4E,   // 0xA310 (41744) pixels
0x736E, 0x738F, 0x736F, 0x6B6E, 0x736E, 0x738F, 0x736F, 0x6B6E, 0x6B6E, 0x6B4E, 0x6B4E, 0x6B4E, 0x736E, 0x736E, 0x6B6E, 0x6B4E,   // 0xA320 (41760) pixels
0x6B4E, 0x6B2D, 0x632D, 0x6B4E, 0x736E, 0x6B6E, 0x736E, 0x736E, 0x736E, 0x736E, 0x736E, 0x736E, 0x736E, 0x736E, 0x736F, 0x736F,   // 0xA330 (41776) pixels
0x734E, 0x6B4E, 0x6B2D, 0x6B2D, 0x6B2D, 0x734E, 0x734E, 0x734E, 0x734E, 0x62AC, 0x4A0A, 0x524C, 0x6AEE, 0x8BF3, 0xACF8, 0xB539,   // 0xA340 (41792) pixels
0xACF8, 0xB4F9, 0xB4F9, 0xB4F9, 0xB4F9, 0xACD9, 0xAC99, 0xA478, 0x9C18, 0x93F7, 0x8B96, 0x8355, 0x7B14, 0x72F3, 0x6AB3, 0x6AB2,   // 0xA350 (41808) pixels
0x6292, 0x6292, 0x6292, 0x62B2, 0x62B2, 0x6AD3, 0x72F3, 0x7313, 0x5A50, 0x4A0F, 0x5250, 0x5AF1, 0x6B94, 0x7C56, 0x8CF8, 0x9DDB,   // 0xA360 (41824) pixels
0x9DFB, 0x95FA, 0x95FA, 0x95FA, 0x95FA, 0x95FA, 0x95FA, 0x95FA, 0x95FA, 0x95FA, 0x95FA, 0x95FA, 0x95FA, 0x95FA, 0x95FA, 0x95FA,   // 0xA370 (41840) pixels
0x95FA, 0x95FA, 0x95FA, 0x95FA, 0x95FA, 0x961A, 0x961A, 0x95FA, 0x95FB, 0x9DDB, 0x8D39, 0x7C56, 0x6373, 0x52B1, 0x4A30, 0x5230,   // 0xA380 (41856) pixels
0x5A31, 0x6271, 0x6AB2, 0x7B14, 0x8375, 0x8BB6, 0x8BB6, 0x8BB5, 0x83D5, 0x83F5, 0x8C36, 0x94B7, 0x9D59, 0xA5BA, 0xA5DB, 0x9DFB,   // 0xA390 (41872) pixels
0x95FA, 0x95FA, 0x95FA, 0x95FA, 0x95FA, 0x95FA, 0x95FA, 0x95FA, 0x95FA, 0x95FA, 0x95FA, 0x95FA, 0x95FA, 0x95FA, 0x95FA, 0x95FA,   // 0xA3A0 (41888) pixels
0x95FA, 0x95FA, 0x95FA, 0x95FA, 0x95FA, 0x95FA, 0x95FA, 0x95FA, 0x95FA, 0x95FA, 0x95FA, 0x95FA, 0x95FA, 0x95FA, 0x95FA, 0x95FA,   // 0xA3B0 (41904) pixels
0x95FA, 0x95FA, 0x95FA, 0x95FA, 0x95FA, 0x95FA, 0x95FA, 0x95FA, 0x95FA, 0x95FA, 0x95FA, 0x95FA, 0x95FA, 0x95FA, 0x95FA, 0x95FA,   // 0xA3C0 (41920) pixels
0x95FA, 0x95FA, 0x95FA, 0x95FA, 0x95FA, 0x95FA, 0x95FA, 0x95FA, 0x95FA, 0x95FA, 0x95FA, 0x95FA, 0x95FA, 0x95FA, 0x95FA, 0x95FA,   // 0xA3D0 (41936) pixels
0x95FA, 0x95FA, 0x95FA, 0x95FA, 0x95FA, 0x95FA, 0x95FA, 0x95FA, 0x95FA, 0x95FA, 0x95FA, 0x95FA, 0x95FB, 0x95FB, 0x95FB, 0x95FB,   // 0xA3E0 (41952) pixels
0x95FB, 0x95FB, 0x95FB, 0x9DFA, 0x95D9, 0x9DF9, 0xAE3A, 0xB67B, 0xC6BC, 0xCEFC, 0xD71D, 0xD6FD, 0xC69B, 0xB5F9, 0xAD98, 0xA557,   // 0xA3F0 (41968) pixels
0xA578, 0xAD99, 0xADB9, 0xB5BA, 0xBDDA, 0xBDFB, 0xBDDB, 0xBD9A, 0xBD5A, 0xB53A, 0xB51A, 0xBD1A, 0xBD3A, 0xBD3B, 0xBD3A, 0xBD5A,   // 0xA400 (41984) pixels
0x9435, 0x7310, 0x6B0F, 0x7B50, 0x7B70, 0x7B90, 0x7BB0, 0x7BB0, 0x7BB0, 0x7BB0, 0x7BB0, 0x7BB0, 0x7BAF, 0x73AF, 0x7BCF, 0x7BCF,   // 0xA410 (42000) pixels
0x73AF, 0x7BAF, 0x73AF, 0x73AF, 0x73AF, 0x7BAF, 0x7BD0, 0x7BAF, 0x7BD0, 0x7BCF, 0x73AF, 0x73AF, 0x7BD0, 0x7BCF, 0x7BD0, 0x7BCF,   // 0xA420 (42016) pixels
0x7BCF, 0x7BCF, 0x7BCF, 0x7BCF, 0x7BAF, 0x7BAF, 0x7BCF, 0x7BD0, 0x7BD0, 0x7BCF, 0x7BAF, 0x7BAF, 0x7BAF, 0x7BAF, 0x7BAF, 0x7BAF,   // 0xA430 (42032) pixels
0x7BAF, 0x7BAF, 0x7BAE, 0x7BAE, 0x83AE, 0x838D, 0x7B6C, 0x7B4C, 0x7B0A, 0x72A9, 0x6A48, 0x61E6, 0x59C6, 0x51A5, 0x5164, 0x4944,   // 0xA440 (42048) pixels
0x4124, 0x4124, 0x4125, 0x4166, 0x49A7, 0x5A09, 0x5A6A, 0x628B, 0x6ACD, 0x6B0D, 0x732E, 0x734E, 0x734E, 0x6B4E, 0x736E, 0x738F,   // 0xA450 (42064) pixels
0x738F, 0x738F, 0x738F, 0x736F, 0x738F, 0x738F, 0x738F, 0x738F, 0x736F, 0x736F, 0x736F, 0x736F, 0x738F, 0x738F, 0x736F, 0x736E,   // 0xA460 (42080) pixels
0x738E, 0x6B6E, 0x6B6E, 0x738E, 0x738F, 0x738E, 0x736E, 0x736E, 0x736E, 0x736E, 0x736E, 0x736E, 0x736E, 0x736E, 0x736E, 0x736E,   // 0xA470 (42096) pixels
0x736F, 0x736E, 0x734E, 0x734E, 0x734E, 0x734E, 0x734E, 0x734E, 0x7B6F, 0x5AAC, 0x41CA, 0x5A6C, 0x7B91, 0x9C75, 0xACF8, 0xB539,   // 0xA480 (42112) pixels
0xACF8, 0xB4F9, 0xB4F9, 0xACF9, 0xACD9, 0xACD9, 0xA499, 0xA458, 0x9417, 0x8BD6, 0x8396, 0x7B55, 0x7B14, 0x72D3, 0x6AB3, 0x6AB3,   // 0xA490 (42128) pixels
0x6272, 0x6271, 0x6292, 0x62B2, 0x6AD3, 0x6AF3, 0x6AF3, 0x6AD2, 0x5230, 0x520F, 0x5A91, 0x6332, 0x73F5, 0x84B7, 0x8D39, 0x9DDB,   // 0xA4A0 (42144) pixels
0x9DFB, 0x95FB, 0x95FA, 0x95FA, 0x95FA, 0x95FA, 0x95FA, 0x95FA, 0x95FA, 0x95FA, 0x95FA, 0x95FA, 0x95FA, 0x95FA, 0x95FA, 0x95FA,   // 0xA4B0 (42160) pixels
0x95FA, 0x95FA, 0x95FA, 0x95FA, 0x95FA, 0x8DFA, 0x961A, 0x95FA, 0x95FB, 0x9E1B, 0x9DBB, 0x9539, 0x8477, 0x6353, 0x5270, 0x5250,   // 0xA4C0 (42176) pixels
0x5A50, 0x5A51, 0x6292, 0x72F3, 0x7B54, 0x8395, 0x8BB6, 0x8BB6, 0x8BD6, 0x83D5, 0x83F5, 0x8C56, 0x94D8, 0x9D59, 0x9DBA, 0x9DFB,   // 0xA4D0 (42192) pixels
0x9DFA, 0x95FA, 0x95FA, 0x95FA, 0x95FA, 0x95FA, 0x961B, 0x961B, 0x95FA, 0x95FA, 0x95FA, 0x95FA, 0x95FA, 0x95FA, 0x95FA, 0x95FA,   // 0xA4E0 (42208) pixels
0x95FA, 0x95FA, 0x961A, 0x961A, 0x961A, 0x961A, 0x95FA, 0x95FA, 0x961A, 0x961A, 0x961A, 0x961A, 0x961A, 0x961A, 0x961A, 0x961A,   // 0xA4F0 (42224) pixels
0x95FA, 0x95FA, 0x95FA, 0x95FA, 0x95FA, 0x95FA, 0x95FA, 0x95FA, 0x95FA, 0x95FA, 0x95FA, 0x95FA, 0x95FA, 0x95FA, 0x95FA, 0x95FA,   // 0xA500 (42240) pixels
0x95FA, 0x95FA, 0x95FA, 0x95FA, 0x95FA, 0x95FA, 0x95FA, 0x95FA, 0x95FA, 0x95FA, 0x95FA, 0x95FA, 0x95FA, 0x95FA, 0x95FA, 0x95FA,   // 0xA510 (42256) pixels
0x95FA, 0x95FA, 0x95FA, 0x95FA, 0x95FA, 0x95FA, 0x95FA, 0x95FA, 0x95FB, 0x95FB, 0x95FB, 0x95FB, 0x95FB, 0x95FB, 0x95FB, 0x95FB,   // 0xA520 (42272) pixels
0x95FB, 0x9DFB, 0x9DFA, 0x9DFA, 0xA5FA, 0xAE5A, 0xC6BC, 0xCF1D, 0xDF5E, 0xDF3E, 0xD6FD, 0xC69B, 0xBE3A, 0xADB8, 0xA578, 0x9D77,   // 0xA530 (42288) pixels
0xA599, 0xADBA, 0xB5DA, 0xB5DA, 0xBDDB, 0xC5FB, 0xBDBB, 0xBD7A, 0xBD5A, 0xB53A, 0xB51A, 0xBD3A, 0xBD3B, 0xBD3B, 0xBD3A, 0xBD3A,   // 0xA540 (42304) pixels
0x9C76, 0x7B72, 0x7330, 0x7330, 0x6B0F, 0x734F, 0x736F, 0x736F, 0x736F, 0x736F, 0x736F, 0x6B4F, 0x6B4F, 0x6B4E, 0x6B4E, 0x6B4E,   // 0xA550 (42320) pixels
0x6B6E, 0x6B6E, 0x6B4E, 0x6B6E, 0x6B6F, 0x738F, 0x738F, 0x738F, 0x736F, 0x6B6E, 0x6B4E, 0x6B6E, 0x6B6E, 0x736E, 0x736F, 0x736E,   // 0xA560 (42336) pixels
0x736E, 0x736E, 0x736E, 0x736E, 0x736E, 0x736F, 0x738F, 0x738F, 0x736E, 0x736E, 0x734E, 0x734E, 0x734E, 0x734E, 0x736E, 0x736E,   // 0xA570 (42352) pixels
0x734E, 0x734E, 0x734E, 0x734D, 0x732D, 0x732D, 0x732D, 0x7B4D, 0x730C, 0x72EB, 0x6AAA, 0x6249, 0x5A09, 0x51E8, 0x51C8, 0x49C8,   // 0xA580 (42368) pixels
0x51E9, 0x51E9, 0x520A, 0x5A4B, 0x626C, 0x62AD, 0x6ACD, 0x6AED, 0x6B0E, 0x6B0E, 0x6B2E, 0x6B2E, 0x6B4E, 0x6B4E, 0x6B4E, 0x6B6E,   // 0xA590 (42384) pixels
0x6B6E, 0x736F, 0x736F, 0x6B4E, 0x6B4F, 0x6B6E, 0x6B4F, 0x6B4E, 0x736F, 0x736F, 0x6B4F, 0x736F, 0x736F, 0x736F, 0x736F, 0x736F,   // 0xA5A0 (42400) pixels
0x738F, 0x736E, 0x736E, 0x736F, 0x738F, 0x736F, 0x736E, 0x736E, 0x734E, 0x734E, 0x734E, 0x734E, 0x736E, 0x736E, 0x736E, 0x736E,   // 0xA5B0 (42416) pixels
0x736E, 0x734E, 0x732E, 0x734E, 0x734E, 0x734E, 0x732E, 0x6B0E, 0x62AC, 0x522A, 0x41CA, 0x6ACE, 0x9454, 0xACF7, 0xB518, 0xB519,   // 0xA5C0 (42432) pixels
0xB4F8, 0xB4F9, 0xACF9, 0xACD9, 0xACD9, 0xACB9, 0xA499, 0x9C58, 0x9417, 0x8BB6, 0x8375, 0x7B34, 0x72F4, 0x6AD3, 0x6A93, 0x6292,   // 0xA5D0 (42448) pixels
0x6272, 0x6271, 0x5A71, 0x62B2, 0x6AF4, 0x7314, 0x6AD3, 0x5A71, 0x5230, 0x5250, 0x5AD2, 0x6B74, 0x7C56, 0x8D19, 0x957A, 0x9DFB,   // 0xA5E0 (42464) pixels
0x95FB, 0x95FB, 0x95FA, 0x95FA, 0x95FB, 0x95FA, 0x95FA, 0x95FA, 0x95FA, 0x95FA, 0x95FA, 0x95FA, 0x95FA, 0x95FA, 0x95FA, 0x95FA,   // 0xA5F0 (42480) pixels
0x95FA, 0x95FA, 0x95FA, 0x95FA, 0x95FA, 0x961A, 0x961A, 0x961A, 0x95FA, 0x9E1B, 0x9DFB, 0x9DBB, 0x9D3A, 0x7C16, 0x5B12, 0x52B1,   // 0xA600 (42496) pixels
0x5250, 0x5A50, 0x6271, 0x6AB2, 0x7314, 0x7B34, 0x8375, 0x8BB6, 0x8BD6, 0x8BD6, 0x83D5, 0x8416, 0x8C76, 0x94D8, 0x9D59, 0xA5BA,   // 0xA610 (42512) pixels
0x9DDB, 0x9DFB, 0x9DFA, 0x9DFA, 0x95FA, 0x95FA, 0x95FA, 0x95FA, 0x95FA, 0x95FA, 0x95FA, 0x95FA, 0x95FA, 0x9DFA, 0x95FA, 0x95FA,   // 0xA620 (42528) pixels
0x95FA, 0x961A, 0x961A, 0x961A, 0x961A, 0x961A, 0x961A, 0x95FA, 0x961A, 0x961A, 0x961A, 0x961A, 0x961A, 0x961A, 0x961A, 0x961A,   // 0xA630 (42544) pixels
0x95FA, 0x95FA, 0x95FA, 0x95FA, 0x95FA, 0x95FA, 0x95FA, 0x95FA, 0x95FA, 0x95FA, 0x95FA, 0x95FA, 0x95FA, 0x95FA, 0x95FA, 0x95FA,   // 0xA640 (42560) pixels
0x95FA, 0x95FA, 0x95FA, 0x95FA, 0x95FA, 0x95FA, 0x95FA, 0x95FA, 0x95FA, 0x95FA, 0x95FA, 0x95FA, 0x95FA, 0x95FA, 0x95FA, 0x95FA,   // 0xA650 (42576) pixels
0x95FA, 0x95FA, 0x95FA, 0x95FA, 0x95FA, 0x95FA, 0x95FA, 0x95FA, 0x95FB, 0x95FB, 0x95FB, 0x95FB, 0x95FB, 0x95FA, 0x95FA, 0x95FA,   // 0xA660 (42592) pixels
0x95DA, 0x9DDA, 0x9DDA, 0xA5FA, 0xAE3B, 0xBEBC, 0xD73D, 0xE77E, 0xE77F, 0xDF1D, 0xCEBC, 0xBE5A, 0xB5F9, 0xA5B8, 0xA598, 0xA598,   // 0xA670 (42608) pixels
0xA599, 0xADDA, 0xADDA, 0xB5DA, 0xBDDB, 0xC5FB, 0xBDBB, 0xB55A, 0xBD5A, 0xB53A, 0xBD3A, 0xBD3A, 0xBD5B, 0xBD5B, 0xBD3B, 0xBD5A,   // 0xA680 (42624) pixels
0xA4B8, 0x8BF4, 0x7B51, 0x62AE, 0x522B, 0x524C, 0x524B, 0x4A2B, 0x524B, 0x522B, 0x4A2B, 0x4A2B, 0x4A2B, 0x4A2A, 0x4A2A, 0x4A2A,   // 0xA690 (42640) pixels
0x4A2A, 0x4A4A, 0x4A4A, 0x4A4A, 0x4A4B, 0x526B, 0x528B, 0x528B, 0x52AC, 0x52AC, 0x528B, 0x528B, 0x528B, 0x528B, 0x528B, 0x528B,   // 0xA6A0 (42656) pixels
0x526B, 0x528B, 0x528C, 0x528B, 0x528C, 0x528B, 0x528C, 0x5A8C, 0x5A8C, 0x528B, 0x526B, 0x526B, 0x526B, 0x526B, 0x526B, 0x526B,   // 0xA6B0 (42672) pixels
0x5A6B, 0x5A8B, 0x5A8B, 0x5A8B, 0x5A6B, 0x5A6B, 0x5A8B, 0x628C, 0x5A6B, 0x5A6B, 0x5A4B, 0x524B, 0x522B, 0x520A, 0x4A0A, 0x49EA,   // 0xA6C0 (42688) pixels
0x520B, 0x520B, 0x522B, 0x522C, 0x5A4C, 0x5A6C, 0x5A6D, 0x5A6D, 0x5A8D, 0x5A8D, 0x5AAD, 0x5ACD, 0x5ACD, 0x5ACD, 0x5AAC, 0x5AAC,   // 0xA6D0 (42704) pixels
0x5ACC, 0x5ACD, 0x5ACD, 0x5ACD, 0x5ACD, 0x5ACD, 0x5ACD, 0x5ACD, 0x5ACD, 0x5ACD, 0x5ACD, 0x5ACD, 0x5ACD, 0x5ACD, 0x62ED, 0x62ED,   // 0xA6E0 (42720) pixels
0x62ED, 0x62ED, 0x62ED, 0x62ED, 0x62ED, 0x62ED, 0x62ED, 0x62ED, 0x62ED, 0x62ED, 0x62ED, 0x62ED, 0x6B0D, 0x6B0D, 0x6B0D, 0x6B0D,   // 0xA6F0 (42736) pixels
0x62ED, 0x62ED, 0x62CD, 0x62ED, 0x6AED, 0x62CD, 0x5AAC, 0x5A6C, 0x41C9, 0x49EA, 0x524C, 0x8391, 0xACD7, 0xB538, 0xB539, 0xACF8,   // 0xA700 (42752) pixels
0xB4F8, 0xB4F9, 0xACD9, 0xACD8, 0xACD9, 0xACB9, 0xA478, 0x9C38, 0x93F7, 0x8B96, 0x7B55, 0x7314, 0x72D3, 0x6A92, 0x6272, 0x6272,   // 0xA710 (42768) pixels
0x5A51, 0x5A71, 0x5A72, 0x62B2, 0x7314, 0x7314, 0x6292, 0x5210, 0x5230, 0x5250, 0x62F2, 0x6BB4, 0x8497, 0x955A, 0x959A, 0x9DFB,   // 0xA720 (42784) pixels
0x95FB, 0x95FB, 0x95FA, 0x95FA, 0x95FB, 0x95FB, 0x95FA, 0x95FA, 0x95FA, 0x95FA, 0x95FA, 0x95FA, 0x95FA, 0x95FA, 0x95FA, 0x95FA,   // 0xA730 (42800) pixels
0x95FA, 0x95FA, 0x95FA, 0x95FA, 0x95FA, 0x961A, 0x961A, 0x961A, 0x95FA, 0x9DFB, 0x9DFB, 0xA5DB, 0xA5BB, 0x8CF8, 0x73D4, 0x6332,   // 0xA740 (42816) pixels
0x5270, 0x5250, 0x5A50, 0x6291, 0x6AB2, 0x72F3, 0x8334, 0x8B96, 0x93D6, 0x8BD6, 0x8BD6, 0x83F6, 0x8436, 0x8C77, 0x9CF9, 0x9D59,   // 0xA750 (42832) pixels
0xA5BB, 0x9DDB, 0x9DDA, 0x9DDA, 0x9DDA, 0x9DFA, 0x9DFB, 0x9E1B, 0x95FA, 0x95FA, 0x95FA, 0x95FA, 0x9DFA, 0x9DFA, 0x9DFA, 0x95FA,   // 0xA760 (42848) pixels
0x95FA, 0x961A, 0x961A, 0x961A, 0x961A, 0x961A, 0x95FA, 0x95FA, 0x961A, 0x961A, 0x961A, 0x961A, 0x961A, 0x961A, 0x961A, 0x961A,   // 0xA770 (42864) pixels
0x95FA, 0x95FA, 0x95FA, 0x95FA, 0x95FA, 0x95FA, 0x95FA, 0x95FA, 0x95FA, 0x95FA, 0x95FA, 0x95FA, 0x95FA, 0x95FA, 0x95FA, 0x95FA,   // 0xA780 (42880) pixels
0x95FA, 0x95FA, 0x95FA, 0x95FA, 0x95FA, 0x95FA, 0x95FA, 0x95FA, 0x95FA, 0x95FA, 0x95FA, 0x95FA, 0x95FA, 0x95FA, 0x95FA, 0x95FA,   // 0xA790 (42896) pixels
0x95FA, 0x95FA, 0x95FA, 0x95FB, 0x95FB, 0x95FB, 0x95FB, 0x95FB, 0x95FA, 0x95FA, 0x95FA, 0x95FA, 0x95FA, 0x95FA, 0x95FA, 0x9DFA,   // 0xA7A0 (42912) pixels
0x95DA, 0x9DDA, 0xA5FA, 0xAE5B, 0xC6BC, 0xD71D, 0xDF5E, 0xE77E, 0xDF3D, 0xCEBC, 0xBE3A, 0xB5F9, 0xADD9, 0xA5B9, 0xA5B9, 0xA5B9,   // 0xA7B0 (42928) pixels
0xA5B9, 0xADBA, 0xADDA, 0xB5DB, 0xBDDB, 0xBDDB, 0xBD9B, 0xB55A, 0xB55A, 0xB53A, 0xBD3A, 0xBD5A, 0xBD3B, 0xBD3A, 0xBD3A, 0xBD3A,   // 0xA7C0 (42944) pixels
0xB53A, 0xACD8, 0x9C76, 0x8BD3, 0x7B71, 0x7B71, 0x7350, 0x7350, 0x7350, 0x7350, 0x7350, 0x7350, 0x7330, 0x6B2F, 0x6B2F, 0x6B2F,   // 0xA7D0 (42960) pixels
0x6B4F, 0x6B4F, 0x6B4F, 0x6B2F, 0x6B2F, 0x6B4F, 0x7370, 0x7370, 0x6B4F, 0x6B4F, 0x6B4F, 0x6B2F, 0x6B2F, 0x6B2F, 0x6B2F, 0x6B0E,   // 0xA7E0 (42976) pixels
0x6B0E, 0x6B0E, 0x6B0F, 0x6B0E, 0x6B0F, 0x6B0E, 0x62EE, 0x6AEE, 0x62EE, 0x62EE, 0x62CE, 0x62CD, 0x62CE, 0x62CD, 0x62AD, 0x62AD,   // 0xA7F0 (42992) pixels
0x62AD, 0x62AD, 0x62AD, 0x62AD, 0x62CD, 0x62CD, 0x62CD, 0x62CE, 0x62AD, 0x628D, 0x5A8D, 0x5A8D, 0x5A8E, 0x5A8E, 0x5A8E, 0x5A6E,   // 0xA800 (43008) pixels
0x5A6D, 0x5A4D, 0x5A4D, 0x5A4D, 0x5A6D, 0x5A6E, 0x5A8E, 0x5A8E, 0x5A8E, 0x5A8E, 0x5AAE, 0x5AAD, 0x5AAD, 0x5AAD, 0x5A8C, 0x5A8C,   // 0xA810 (43024) pixels
0x5AAD, 0x5AAD, 0x5AAD, 0x5AAD, 0x5AAD, 0x5AAD, 0x5AAD, 0x5AAD, 0x5AAD, 0x5AAD, 0x5AAD, 0x5A8D, 0x5A8D, 0x5A8D, 0x5A8D, 0x5AAD,   // 0xA820 (43040) pixels
0x5A8D, 0x5A8D, 0x5A8D, 0x5A8D, 0x5AAD, 0x5AAC, 0x5AAC, 0x5AAC, 0x5A8C, 0x5A8C, 0x5A8C, 0x5A8C, 0x5A8C, 0x5A8C, 0x5A8C, 0x5A8C,   // 0xA830 (43056) pixels
0x5A8C, 0x5A6C, 0x5A6C, 0x5A6C, 0x5A6C, 0x5A6C, 0x5A4C, 0x524C, 0x524C, 0x62CE, 0x7B71, 0xA476, 0xB518, 0xB519, 0xB519, 0xACD8,   // 0xA840 (43072) pixels
0xACF8, 0xACF8, 0xACD8, 0xACD8, 0xACB9, 0xACB9, 0x9C58, 0x9417, 0x8BB6, 0x8375, 0x7B14, 0x72D3, 0x6AB3, 0x6272, 0x6252, 0x5A51,   // 0xA850 (43088) pixels
0x5A31, 0x6272, 0x6292, 0x6AD3, 0x6AF4, 0x6AF3, 0x5A71, 0x49EF, 0x5230, 0x5270, 0x6333, 0x73D5, 0x84B8, 0x957A, 0x95BB, 0x9DFB,   // 0xA860 (43104) pixels
0x95FB, 0x95FA, 0x95FA, 0x95FA, 0x95FA, 0x95FB, 0x95FA, 0x95FA, 0x95FA, 0x95FA, 0x95FA, 0x95FA, 0x95FA, 0x95FA, 0x95FA, 0x95FA,   // 0xA870 (43120) pixels
0x95FA, 0x95FA, 0x95FA, 0x95FA, 0x95FA, 0x95FA, 0x95FA, 0x95FA, 0x95FA, 0x95FA, 0x9DFB, 0x9DFB, 0x9DBA, 0x9D7A, 0x8CB7, 0x73F4,   // 0xA880 (43136) pixels
0x5AF2, 0x5A91, 0x5270, 0x5A70, 0x6291, 0x6AB2, 0x7AF4, 0x8355, 0x8B96, 0x8BB6, 0x8BF6, 0x8C16, 0x8C36, 0x9457, 0x9498, 0x94D8,   // 0xA890 (43152) pixels
0x9D39, 0x9D39, 0x9D59, 0x9D79, 0x9D9A, 0x9DDA, 0x9DFB, 0x9DFB, 0x95FA, 0x95FA, 0x95FA, 0x95FA, 0x9DFA, 0x9DFA, 0x9DFA, 0x95FA,   // 0xA8A0 (43168) pixels
0x95FA, 0x961A, 0x961A, 0x961A, 0x961A, 0x95FA, 0x95FA, 0x95FA, 0x95FA, 0x95FA, 0x95FA, 0x95FA, 0x95FA, 0x95FA, 0x95FA, 0x95FA,   // 0xA8B0 (43184) pixels
0x95FA, 0x95FA, 0x95FA, 0x95FA, 0x95FA, 0x95FA, 0x95FA, 0x95FA, 0x95FA, 0x95FA, 0x95FA, 0x95FA, 0x95FA, 0x95FA, 0x95FA, 0x95FA,   // 0xA8C0 (43200) pixels
0x95FA, 0x95FA, 0x95FA, 0x95FA, 0x95FA, 0x95FA, 0x95FA, 0x95FA, 0x95FA, 0x95FA, 0x95FA, 0x95FA, 0x95FA, 0x95FA, 0x95FA, 0x95FA,   // 0xA8D0 (43216) pixels
0x95FA, 0x95FA, 0x95FA, 0x95FA, 0x95FA, 0x95FB, 0x95FB, 0x95FB, 0x95FA, 0x95FA, 0x95FA, 0x95FA, 0x95FA, 0x95FA, 0x9DFA, 0x9DFA,   // 0xA8E0 (43232) pixels
0x9DFA, 0xA5FA, 0xAE3B, 0xBE9C, 0xD71E, 0xDF5E, 0xE77E, 0xE75E, 0xD6DC, 0xC67A, 0xB5F9, 0xA5B8, 0xA598, 0x9DB8, 0xA5B9, 0xA5DA,   // 0xA8F0 (43248) pixels
0xA5BA, 0xA5BA, 0xADDA, 0xB5DB, 0xBDDB, 0xBDBB, 0xBD9B, 0xBD5A, 0xB53A, 0xB53A, 0xB53A, 0xBD5A, 0xBD3A, 0xB51A, 0xBD1A, 0xBD3A,   // 0xA900 (43264) pixels
0xBD3A, 0xBD5A, 0xBD5A, 0xACF8, 0xACD7, 0xA4D7, 0x9C76, 0xA4B6, 0xA4D7, 0xA4B7, 0xA4B6, 0x9C96, 0x9C96, 0x9C95, 0x9C95, 0x9C95,   // 0xA910 (43280) pixels
0x9C95, 0x9C95, 0x9495, 0x9474, 0x9454, 0x9475, 0x9495, 0x9495, 0x9454, 0x9474, 0x9474, 0x9454, 0x8C54, 0x9474, 0x9474, 0x9454,   // 0xA920 (43296) pixels
0x9454, 0x9454, 0x9454, 0x8C34, 0x8C14, 0x8C13, 0x8C13, 0x8C13, 0x8C13, 0x8C13, 0x8BF3, 0x8BF3, 0x8BF3, 0x8BD2, 0x83D3, 0x83D3,   // 0xA930 (43312) pixels
0x8BF3, 0x8BD2, 0x83D2, 0x83B2, 0x83D2, 0x83D2, 0x83D2, 0x83B2, 0x83D3, 0x8392, 0x7B71, 0x7351, 0x7351, 0x7B72, 0x7352, 0x7352,   // 0xA940 (43328) pixels
0x7351, 0x7331, 0x7331, 0x7331, 0x7331, 0x7331, 0x7331, 0x7331, 0x7331, 0x7351, 0x7351, 0x7351, 0x7330, 0x7330, 0x7350, 0x7351,   // 0xA950 (43344) pixels
0x7350, 0x7350, 0x7351, 0x7350, 0x7350, 0x6B30, 0x7330, 0x7350, 0x7330, 0x7330, 0x7330, 0x6B30, 0x6B30, 0x6B30, 0x6B30, 0x6B30,   // 0xA960 (43360) pixels
0x6B2F, 0x6B30, 0x6B30, 0x6B0F, 0x6B0F, 0x6B0F, 0x6B0F, 0x62EE, 0x6B0F, 0x6AEE, 0x6AEE, 0x6AEE, 0x6AEE, 0x6AEE, 0x6AEE, 0x6AEE,   // 0xA970 (43376) pixels
0x6AEE, 0x62CE, 0x62AE, 0x62AE, 0x6ACE, 0x6AEF, 0x7330, 0x7330, 0x8392, 0x9435, 0xACB7, 0xB539, 0xB519, 0xACF8, 0xB519, 0xACD8,   // 0xA980 (43392) pixels
0xACD8, 0xACD8, 0xACD8, 0xACD8, 0xACB9, 0xA498, 0x9C38, 0x93F6, 0x8B96, 0x7B55, 0x72F4, 0x6AB3, 0x6A92, 0x6272, 0x5A52, 0x5A31,   // 0xA990 (43408) pixels
0x5A31, 0x6272, 0x6AD3, 0x6AD3, 0x6AF3, 0x62B3, 0x5231, 0x41CE, 0x5A71, 0x5AB1, 0x6B73, 0x7C15, 0x8CF8, 0x9DBB, 0x9DDB, 0x95FB,   // 0xA9A0 (43424) pixels
0x95FA, 0x95FA, 0x95FA, 0x95FA, 0x95FA, 0x95FB, 0x95FA, 0x95FA, 0x95FA, 0x95FA, 0x95FA, 0x95FA, 0x95FA, 0x95FA, 0x95FA, 0x95FA,   // 0xA9B0 (43440) pixels
0x95FA, 0x95FA, 0x95FA, 0x95FA, 0x95FA, 0x8DFA, 0x8DFA, 0x8DFA, 0x95FA, 0x95FA, 0x9E1B, 0x9DFA, 0x9DBA, 0xA5DB, 0x9579, 0x7C76,   // 0xA9C0 (43456) pixels
0x6B94, 0x62F2, 0x5A90, 0x5A70, 0x6271, 0x6A92, 0x72D3, 0x7B14, 0x8375, 0x8B96, 0x8BD6, 0x9417, 0x9437, 0x9457, 0x9457, 0x9477,   // 0xA9D0 (43472) pixels
0x9477, 0x9497, 0x94B7, 0x94F8, 0x9539, 0x9D7A, 0x9DBA, 0x9DDB, 0x9DDA, 0x9DDA, 0x9DFB, 0x9DFA, 0x9DFA, 0x9DFA, 0x9DFA, 0x95FA,   // 0xA9E0 (43488) pixels
0x95FA, 0x961A, 0x961A, 0x961A, 0x961A, 0x95FA, 0x95FA, 0x95FA, 0x95FA, 0x95FA, 0x95FA, 0x95FA, 0x95FA, 0x95FA, 0x95FA, 0x95FA,   // 0xA9F0 (43504) pixels
0x95FA, 0x95FA, 0x95FA, 0x95FA, 0x95FA, 0x95FA, 0x95FA, 0x95FA, 0x95FA, 0x95FA, 0x95FA, 0x95FA, 0x95FA, 0x95FA, 0x95FA, 0x95FA,   // 0xAA00 (43520) pixels
0x95FA, 0x95FA, 0x95FA, 0x95FA, 0x95FA, 0x95FA, 0x95FA, 0x95FA, 0x95FA, 0x95FA, 0x95FA, 0x95FA, 0x95FA, 0x95FA, 0x95FA, 0x95FA,   // 0xAA10 (43536) pixels
0x961A, 0x961A, 0x95FB, 0x95FB, 0x95FB, 0x95FB, 0x95FB, 0x95FB, 0x95FA, 0x95FA, 0x961A, 0x9DFA, 0x9DFA, 0x9DFA, 0x9DF9, 0x9DD9,   // 0xAA20 (43552) pixels
0x9DB9, 0xB65B, 0xC6DD, 0xD73E, 0xDF5E, 0xE75E, 0xDF3D, 0xD6FC, 0xC67B, 0xB5F9, 0xA597, 0x9D77, 0xA598, 0xA5D9, 0xA5FA, 0xA5FB,   // 0xAA30 (43568) pixels
0xA5BA, 0xA5BA, 0xADBA, 0xB5BB, 0xBDBB, 0xBDBB, 0xBD7B, 0xBD5A, 0xBD5A, 0xBD5A, 0xBD5A, 0xBD5A, 0xBD5A, 0xBD3A, 0xBD3A, 0xBD1A,   // 0xAA40 (43584) pixels
0xB51A, 0xB51A, 0xB51A, 0xB53A, 0xB539, 0xB539, 0xB539, 0xB539, 0xB559, 0xB55A, 0xB55A, 0xB55A, 0xB559, 0xB559, 0xB559, 0xB559,   // 0xAA50 (43600) pixels
0xB579, 0xB559, 0xB559, 0xB559, 0xB559, 0xB559, 0xB559, 0xB579, 0xB559, 0xB559, 0xB559, 0xB559, 0xB559, 0xB559, 0xB559, 0xB559,   // 0xAA60 (43616) pixels
0xB559, 0xB559, 0xB559, 0xB559, 0xB559, 0xB559, 0xB559, 0xB559, 0xB539, 0xB559, 0xB559, 0xB539, 0xB539, 0xB539, 0xB539, 0xB539,   // 0xAA70 (43632) pixels
0xB518, 0xB539, 0xB539, 0xB539, 0xB539, 0xB539, 0xB538, 0xB518, 0xACF8, 0xACF8, 0xACF8, 0xACF8, 0xACF8, 0xACF8, 0xACF9, 0xACF8,   // 0xAA80 (43648) pixels
0xACF8, 0xACF8, 0xACF8, 0xACF8, 0xACD8, 0xACD8, 0xACD8, 0xACF8, 0xACD8, 0xACD8, 0xACD8, 0xACD8, 0xACD8, 0xACD8, 0xACD8, 0xACD8,   // 0xAA90 (43664) pixels
0xACF8, 0xACF8, 0xACF8, 0xACF8, 0xACF8, 0xACF8, 0xACF8, 0xACF8, 0xACF8, 0xACF8, 0xACF8, 0xACF8, 0xACF8, 0xACF8, 0xACF8, 0xACF8,   // 0xAAA0 (43680) pixels
0xACF8, 0xACF8, 0xACF8, 0xACF8, 0xACF8, 0xACF7, 0xACF7, 0xACF7, 0xA4F7, 0xA4D7, 0xACD7, 0xACD6, 0xACF7, 0xACF7, 0xACF7, 0xACF7,   // 0xAAB0 (43696) pixels
0xACD7, 0xACD7, 0xA4B7, 0xA4B7, 0xA4B7, 0xACD7, 0xACF8, 0xB518, 0xB519, 0xB519, 0xB4F9, 0xB4F9, 0xACD9, 0xACD9, 0xACD9, 0xB4D9,   // 0xAAC0 (43712) pixels
0xACD8, 0xACD8, 0xACD8, 0xACB8, 0xA498, 0xA478, 0x9417, 0x93D6, 0x8375, 0x7B34, 0x6AD3, 0x6A93, 0x6272, 0x6252, 0x6252, 0x5A52,   // 0xAAD0 (43728) pixels
0x5A31, 0x6272, 0x62B3, 0x6AD4, 0x6AD3, 0x5A72, 0x5230, 0x49EF, 0x5250, 0x5AD2, 0x7394, 0x7C56, 0x8CF8, 0x9DDB, 0xA61C, 0x95FB,   // 0xAAE0 (43744) pixels
0x95FB, 0x95FA, 0x95FA, 0x95FA, 0x95FA, 0x95FA, 0x95FA, 0x95FA, 0x95FA, 0x95FA, 0x95FA, 0x95FA, 0x95FA, 0x95FA, 0x95FA, 0x95FA,   // 0xAAF0 (43760) pixels
0x95FA, 0x95FA, 0x95FA, 0x95FA, 0x95FA, 0x95FA, 0x95FA, 0x95FA, 0x95FA, 0x95FA, 0x95FA, 0x95DA, 0x9DDA, 0x9DDA, 0x9DBA, 0x9559,   // 0xAB00 (43776) pixels
0x8497, 0x6B94, 0x5AF2, 0x5270, 0x5A51, 0x6271, 0x6A92, 0x7AF4, 0x7B35, 0x8396, 0x8BD7, 0x93F7, 0x9417, 0x9C58, 0x9C57, 0x9437,   // 0xAB10 (43792) pixels
0x8BF6, 0x8BF5, 0x8C16, 0x9477, 0x94B8, 0x9D19, 0x9D5A, 0x9D9A, 0xA5DB, 0x9DDB, 0x9DDA, 0x95DA, 0x9DFA, 0x9DFB, 0x9DFB, 0x95DA,   // 0xAB20 (43808) pixels
0x95FA, 0x95FA, 0x95FA, 0x95FA, 0x95FA, 0x95FA, 0x95FA, 0x95FA, 0x95FA, 0x95FA, 0x95FA, 0x95FA, 0x95FA, 0x95FA, 0x95FA, 0x95FA,   // 0xAB30 (43824) pixels
0x95FA, 0x95FA, 0x95FA, 0x95FA, 0x95FA, 0x95FA, 0x95FA, 0x95FA, 0x95FA, 0x95FA, 0x95FA, 0x95FB, 0x961B, 0x961B, 0x961B, 0x961B,   // 0xAB40 (43840) pixels
0x95FA, 0x95FA, 0x95FA, 0x95FA, 0x95FA, 0x95FA, 0x95FA, 0x95FA, 0x95FA, 0x95FA, 0x95FA, 0x95FA, 0x95FA, 0x95FA, 0x95FA, 0x95FA,   // 0xAB50 (43856) pixels
0x961A, 0x961A, 0x95FB, 0x95FB, 0x95FB, 0x95FB, 0x95FB, 0x961A, 0x95FA, 0x961A, 0x9DFA, 0x9DFA, 0x9DF9, 0x9DF9, 0x9DFA, 0xA61A,   // 0xAB60 (43872) pixels
0xB65B, 0xC6BC, 0xD73E, 0xDF5F, 0xE75E, 0xDF5E, 0xD71D, 0xCEBC, 0xBE39, 0xB5D8, 0xA598, 0xA598, 0xA5B9, 0xA5DA, 0xA5FA, 0xA5FB,   // 0xAB70 (43888) pixels
0xA5BA, 0xA5BA, 0xAD9A, 0xB5BB, 0xBD9B, 0xBD9B, 0xBD7B, 0xBD3A, 0xBD3A, 0xB53A, 0xB53A, 0xB53A, 0xBD3A, 0xBD3A, 0xBD1A, 0xBD1A,   // 0xAB80 (43904) pixels
0xB51A, 0xB51A, 0xB51A, 0xB51A, 0xB53A, 0xB53A, 0xB53A, 0xB53A, 0xBD5A, 0xBD5A, 0xBD5A, 0xBD5A, 0xBD5A, 0xBD5A, 0xBD5A, 0xBD5A,   // 0xAB90 (43920) pixels
0xBD7A, 0xB55A, 0xB55A, 0xB55A, 0xB55A, 0xB55A, 0xB55A, 0xB57A, 0xB55A, 0xB55A, 0xBD7A, 0xB57A, 0xBD7A, 0xBD7A, 0xBD7A, 0xBD7A,   // 0xABA0 (43936) pixels
0xBD7A, 0xBD7A, 0xBD5A, 0xBD5A, 0xBD5A, 0xBD7A, 0xBD7A, 0xBD7A, 0xBD5A, 0xBD5A, 0xBD5A, 0xBD5A, 0xBD5A, 0xBD5A, 0xBD5A, 0xBD3A,   // 0xABB0 (43952) pixels
0xB55A, 0xBD5A, 0xBD5A, 0xBD5A, 0xBD5A, 0xBD5A, 0xBD5A, 0xB53A, 0xB53A, 0xB53A, 0xB53A, 0xB539, 0xB53A, 0xBD3A, 0xBD3A, 0xBD3A,   // 0xABC0 (43968) pixels
0xB53A, 0xB53A, 0xB53A, 0xB53A, 0xB53A, 0xB53A, 0xB53A, 0xB53A, 0xB53A, 0xB53A, 0xB51A, 0xB51A, 0xB51A, 0xB51A, 0xB51A, 0xB51A,   // 0xABD0 (43984) pixels
0xB53A, 0xB53A, 0xB53A, 0xB53A, 0xB53A, 0xB53A, 0xB53A, 0xB53A, 0xB53A, 0xB53A, 0xB53A, 0xB53A, 0xB53A, 0xB53A, 0xB53A, 0xB53A,   // 0xABE0 (44000) pixels
0xB539, 0xB539, 0xB539, 0xB539, 0xB539, 0xB539, 0xB539, 0xB539, 0xB539, 0xB539, 0xB539, 0xB539, 0xB539, 0xB539, 0xB539, 0xB539,   // 0xABF0 (44016) pixels
0xB539, 0xB519, 0xB519, 0xB519, 0xB519, 0xB519, 0xB53A, 0xB53A, 0xB4F9, 0xB4F9, 0xB4F9, 0xACD9, 0xACD9, 0xACD9, 0xACB9, 0xACD9,   // 0xAC00 (44032) pixels
0xACB9, 0xACB8, 0xA498, 0xA498, 0xA478, 0x9C37, 0x93F6, 0x8B96, 0x8355, 0x7314, 0x6AB3, 0x6292, 0x6272, 0x6252, 0x5A31, 0x5A31,   // 0xAC10 (44048) pixels
0x5A52, 0x5A72, 0x62B3, 0x62B3, 0x6292, 0x5251, 0x4A10, 0x4A0F, 0x5250, 0x62D2, 0x73D5, 0x8C98, 0x9559, 0xA5FB, 0x9E1C, 0x95FA,   // 0xAC20 (44064) pixels
0x95FA, 0x95FA, 0x95FA, 0x95FA, 0x95FA, 0x95FA, 0x95FA, 0x95FA, 0x95FA, 0x95FA, 0x95FA, 0x95FA, 0x95FA, 0x95FA, 0x95FA, 0x95FA,   // 0xAC30 (44080) pixels
0x95FA, 0x95FA, 0x95FA, 0x95FA, 0x95FA, 0x95FA, 0x961A, 0x961A, 0x95FA, 0x961A, 0x95FA, 0x95FA, 0x9DFA, 0x9E1B, 0x9DFA, 0x9DBA,   // 0xAC40 (44096) pixels
0x9D7A, 0x8497, 0x73D5, 0x6312, 0x6291, 0x6292, 0x6A92, 0x72F4, 0x8355, 0x8B96, 0x8BD7, 0x9417, 0x9438, 0x9C38, 0x9C37, 0x9417,   // 0xAC50 (44112) pixels
0x93D6, 0x93D6, 0x8BD6, 0x9416, 0x9457, 0x9498, 0x94D9, 0x9D39, 0x9D7A, 0x9DBA, 0x9DDB, 0x9DDB, 0x9DDA, 0x95FA, 0x95FA, 0x95DA,   // 0xAC60 (44128) pixels
0x95FA, 0x95FA, 0x95FA, 0x95FA, 0x95FA, 0x95FA, 0x95FA, 0x95FA, 0x95FA, 0x95FA, 0x95FA, 0x95FA, 0x95FA, 0x95FA, 0x95FA, 0x95FA,   // 0xAC70 (44144) pixels
0x95FA, 0x95FA, 0x95FA, 0x95FA, 0x95FA, 0x95FA, 0x95FA, 0x95FA, 0x95FA, 0x95FA, 0x95FB, 0x95FB, 0x961B, 0x961B, 0x961B, 0x95FB,   // 0xAC80 (44160) pixels
0x95FA, 0x95FA, 0x95FA, 0x95FA, 0x95FA, 0x95FA, 0x95FA, 0x95FA, 0x95FA, 0x95FA, 0x95FA, 0x95FA, 0x95FA, 0x95FA, 0x95FA, 0x95FA,   // 0xAC90 (44176) pixels
0x961A, 0x961A, 0x961A, 0x961A, 0x961A, 0x961A, 0x961A, 0x961A, 0x95FA, 0x961A, 0x9DFA, 0x9DF9, 0x9DD9, 0xA5F9, 0xAE3A, 0xB65B,   // 0xACA0 (44192) pixels
0xCEFD, 0xDF3E, 0xE77F, 0xE77E, 0xDF5E, 0xDF1D, 0xCEBB, 0xC65A, 0xB5D8, 0xADB8, 0xA5B8, 0xA5B9, 0xA5DA, 0xA5FA, 0x9DFA, 0x9DFB,   // 0xACB0 (44208) pixels
0xA5BA, 0xA59A, 0xAD9A, 0xB59B, 0xBD9B, 0xBD7B, 0xBD5A, 0xBD3A, 0xBD3A, 0xB53A, 0xB53A, 0xB53A, 0xB53A, 0xB51A, 0xB51A, 0xB51A,   // 0xACC0 (44224) pixels
0xB51A, 0xB51A, 0xB51A, 0xB51A, 0xB51A, 0xB51A, 0xB51A, 0xB51A, 0xB51A, 0xB51A, 0xB51A, 0xB51A, 0xB51A, 0xB53A, 0xB53A, 0xB53A,   // 0xACD0 (44240) pixels
0xB53A, 0xB53A, 0xB53A, 0xB53A, 0xB53A, 0xB53A, 0xB53A, 0xB53A, 0xB519, 0xB519, 0xB519, 0xB519, 0xB519, 0xB53A, 0xB51A, 0xB51A,   // 0xACE0 (44256) pixels
0xB519, 0xB519, 0xB519, 0xB519, 0xB519, 0xB51A, 0xB51A, 0xB51A, 0xB519, 0xB519, 0xB519, 0xB519, 0xB519, 0xB519, 0xB4F9, 0xB519,   // 0xACF0 (44272) pixels
0xACF9, 0xACF9, 0xACF9, 0xB519, 0xB519, 0xB519, 0xB4F9, 0xACF9, 0xB519, 0xB519, 0xB4F9, 0xB4F9, 0xB4F9, 0xB4F9, 0xB4F9, 0xB4F9,   // 0xAD00 (44288) pixels
0xB4F9, 0xB4F9, 0xACF9, 0xACF9, 0xACF9, 0xB4F9, 0xB4F9, 0xB4F9, 0xB4F9, 0xB4F9, 0xB4F9, 0xB4D9, 0xB4D9, 0xB4D9, 0xB4D9, 0xB4D9,   // 0xAD10 (44304) pixels
0xACF9, 0xACF9, 0xACF9, 0xACF9, 0xACF9, 0xACF9, 0xACF9, 0xACF9, 0xACF9, 0xACF9, 0xACF9, 0xACF9, 0xACF9, 0xACF9, 0xACF9, 0xACF9,   // 0xAD20 (44320) pixels
0xACF9, 0xACF9, 0xACF9, 0xACF9, 0xACF9, 0xACF9, 0xACF9, 0xACF9, 0xACF9, 0xACF9, 0xACF9, 0xACF9, 0xAD19, 0xB519, 0xB519, 0xAD19,   // 0xAD30 (44336) pixels
0xACF9, 0xACF9, 0xACF9, 0xACF9, 0xACF9, 0xACF9, 0xACD9, 0xACD9, 0xACD9, 0xACD9, 0xACDA, 0xACD9, 0xACD9, 0xACB9, 0xACB9, 0xACB9,   // 0xAD40 (44352) pixels
0xACB9, 0xACB8, 0xA498, 0xA478, 0x9C58, 0x9417, 0x8BB6, 0x8375, 0x7B34, 0x72D3, 0x6A93, 0x6272, 0x6252, 0x5A31, 0x5A31, 0x5A31,   // 0xAD50 (44368) pixels
0x5A52, 0x6292, 0x62B3, 0x62B3, 0x5A51, 0x5210, 0x49F0, 0x4A30, 0x5A71, 0x6312, 0x7C16, 0x9519, 0x9D9A, 0xA5FB, 0x9E1B, 0x95FA,   // 0xAD60 (44384) pixels
0x95FA, 0x95FA, 0x95FA, 0x95FA, 0x95FA, 0x95FA, 0x95FA, 0x95FA, 0x95FA, 0x95FA, 0x95FA, 0x95FA, 0x95FA, 0x95FA, 0x95FA, 0x95FA,   // 0xAD70 (44400) pixels
0x95FA, 0x95FA, 0x95FA, 0x95FA, 0x95FA, 0x95FA, 0x95FA, 0x95FA, 0x95FA, 0x95FA, 0x95FA, 0x95FA, 0x9DFA, 0x9E1B, 0x9DFA, 0x9DFA,   // 0xAD80 (44416) pixels
0x9DDB, 0x955A, 0x8CB8, 0x7BD5, 0x6B13, 0x6AD3, 0x6AB2, 0x72F3, 0x7B55, 0x8396, 0x8BD7, 0x93F7, 0x9417, 0x9C38, 0x9C17, 0x93F7,   // 0xAD90 (44432) pixels
0x93D6, 0x93B6, 0x93B5, 0x8BB6, 0x8BF6, 0x9417, 0x9477, 0x94B8, 0x9D19, 0x9D7A, 0xA5DB, 0xA5FB, 0x9DDB, 0x9DDA, 0x95DA, 0x95DA,   // 0xADA0 (44448) pixels
0x95FA, 0x95FA, 0x95FA, 0x95FA, 0x95FA, 0x95FA, 0x95FA, 0x95FA, 0x95FA, 0x95FA, 0x95FA, 0x95FA, 0x95FA, 0x95FA, 0x95FA, 0x95FA,   // 0xADB0 (44464) pixels
0x95FA, 0x95FA, 0x95FA, 0x95FA, 0x95FA, 0x95FA, 0x95FA, 0x95FA, 0x95FA, 0x95FB, 0x95FB, 0x95FB, 0x961B, 0x95FB, 0x95FB, 0x95FB,   // 0xADC0 (44480) pixels
0x961B, 0x961B, 0x961B, 0x961B, 0x961B, 0x961B, 0x961B, 0x961B, 0x95FA, 0x95FA, 0x95FA, 0x95FA, 0x95FA, 0x95FA, 0x95FA, 0x961A,   // 0xADD0 (44496) pixels
0x961A, 0x961A, 0x961A, 0x961A, 0x961A, 0x961A, 0x961A, 0x95FA, 0x95FA, 0x9DFA, 0x9DFA, 0x9DD9, 0xA5F9, 0xAE1A, 0xBE9B, 0xC6DC,   // 0xADE0 (44512) pixels
0xDF3D, 0xDF5E, 0xE77E, 0xE75E, 0xDF3D, 0xD6DC, 0xC65A, 0xB619, 0xA5B8, 0xA5B8, 0xA5B9, 0xA5D9, 0xA5FA, 0x9DFA, 0x9DFA, 0x9DDA,   // 0xADF0 (44528) pixels
0x9D9A, 0xA57A, 0xAD7A, 0xB57A, 0xBD7B, 0xBD5B, 0xBD3A, 0xBD3A, 0xBD3A, 0xB53A, 0xB53A, 0xB53A, 0xB519, 0xB519, 0xB51A, 0xB51A,   // 0xAE00 (44544) pixels
0xB51A, 0xB51A, 0xB51A, 0xB51A, 0xB519, 0xB519, 0xB51A, 0xB51A, 0xB51A, 0xB51A, 0xB4FA, 0xB51A, 0xB51A, 0xB51A, 0xB519, 0xB519,   // 0xAE10 (44560) pixels
0xB51A, 0xB51A, 0xB51A, 0xB51A, 0xB51A, 0xB51A, 0xB51A, 0xB51A, 0xB51A, 0xB51A, 0xB51A, 0xB51A, 0xB51A, 0xB51A, 0xB51A, 0xB51A,   // 0xAE20 (44576) pixels
0xB51A, 0xB51A, 0xB51A, 0xB51A, 0xB51A, 0xB51A, 0xB51A, 0xB51A, 0xB4FA, 0xB4FA, 0xB4FA, 0xB4FA, 0xB4FA, 0xB4F9, 0xB4F9, 0xB4F9,   // 0xAE30 (44592) pixels
0xB4FA, 0xACF9, 0xACF9, 0xACF9, 0xACF9, 0xACF9, 0xB4F9, 0xACF9, 0xB4F9, 0xB4F9, 0xB4F9, 0xB4D8, 0xB4D8, 0xB4D9, 0xB4D9, 0xB4D9,   // 0xAE40 (44608) pixels
0xB4F8, 0xACF9, 0xB4D9, 0xACF9, 0xB4D9, 0xB4D9, 0xB4D9, 0xB4D9, 0xB4D9, 0xB4D9, 0xB4D9, 0xB4D9, 0xB4D9, 0xB4D9, 0xB4DA, 0xB4D9,   // 0xAE50 (44624) pixels
0xACF9, 0xACF9, 0xACF9, 0xACF9, 0xACF9, 0xACF9, 0xACF9, 0xACF9, 0xACF9, 0xACF9, 0xACF9, 0xACF9, 0xACF9, 0xACF9, 0xACF9, 0xACF9,   // 0xAE60 (44640) pixels
0xACF9, 0xACF9, 0xACF9, 0xACF9, 0xACF9, 0xACF9, 0xACF9, 0xACF9, 0xACF9, 0xACF9, 0xACF9, 0xACF9, 0xACF9, 0xACF9, 0xACF9, 0xACF9,   // 0xAE70 (44656) pixels
0xACD9, 0xACF9, 0xACD9, 0xACF9, 0xACF9, 0xACD9, 0xACD9, 0xACD9, 0xACDA, 0xACDA, 0xACDA, 0xACDA, 0xACDA, 0xACB9, 0xACB9, 0xA499,   // 0xAE80 (44672) pixels
0xACB9, 0xA498, 0xA478, 0x9C37, 0x9417, 0x8BD6, 0x8396, 0x7B55, 0x72F4, 0x6AB3, 0x6272, 0x6252, 0x5A31, 0x5A31, 0x5A11, 0x5A11,   // 0xAE90 (44688) pixels
0x5A52, 0x6292, 0x62B3, 0x6292, 0x5231, 0x49EF, 0x5210, 0x5250, 0x62B2, 0x6B53, 0x8C57, 0x9D3A, 0xA5BA, 0x9DDA, 0x9DFB, 0x9E1B,   // 0xAEA0 (44704) pixels
0x95FA, 0x95FA, 0x95FA, 0x95FA, 0x95FA, 0x95FA, 0x95FA, 0x95FA, 0x95FA, 0x95FA, 0x95FA, 0x95FA, 0x95FA, 0x95FA, 0x95FA, 0x95FA,   // 0xAEB0 (44720) pixels
0x95FA, 0x95FA, 0x95FA, 0x95FA, 0x95FA, 0x95FA, 0x95FA, 0x95FA, 0x95FA, 0x95FA, 0x95FA, 0x95FA, 0x95FA, 0x95FA, 0x95FA, 0x9DFA,   // 0xAEC0 (44736) pixels
0x9DDA, 0x9DBB, 0x9D7A, 0x8C77, 0x7374, 0x7313, 0x6AD2, 0x6AD3, 0x7314, 0x7B55, 0x8396, 0x8BD6, 0x93F7, 0x9C18, 0x9C17, 0x9BF7,   // 0xAED0 (44752) pixels
0x9BD7, 0x93B6, 0x9396, 0x8B96, 0x8BD6, 0x8BF6, 0x9437, 0x9498, 0x94B8, 0x9D19, 0xA59A, 0xA5DB, 0x9DDB, 0x9DFB, 0x9DDA, 0x95DA,   // 0xAEE0 (44768) pixels
0x95FA, 0x95FA, 0x95FA, 0x95FA, 0x95FA, 0x95FA, 0x95FA, 0x95FA, 0x95FA, 0x95FA, 0x95FA, 0x95FA, 0x95FA, 0x95FA, 0x95FA, 0x95FA,   // 0xAEF0 (44784) pixels
0x95FA, 0x95FA, 0x95FA, 0x95FA, 0x95FA, 0x95FA, 0x95FA, 0x95FA, 0x95FB, 0x95FB, 0x95FB, 0x961B, 0x95FB, 0x95FB, 0x95FA, 0x95FA,   // 0xAF00 (44800) pixels
0x961B, 0x961B, 0x961B, 0x961B, 0x961B, 0x961B, 0x961B, 0x961B, 0x961B, 0x961B, 0x961B, 0x961B, 0x961B, 0x961B, 0x961B, 0x961B,   // 0xAF10 (44816) pixels
0x961A, 0x961A, 0x961A, 0x961A, 0x961A, 0x961A, 0x961A, 0x95FA, 0x95FA, 0x9DFA, 0x9DF9, 0xA5F9, 0xAE19, 0xB67B, 0xCEFC, 0xD73D,   // 0xAF20 (44832) pixels
0xDF3D, 0xE73D, 0xE75D, 0xE73D, 0xD71D, 0xCEBB, 0xBE3A, 0xADD9, 0xA598, 0xA5B9, 0x9DD9, 0x9DDA, 0x9DDA, 0x9DFA, 0x9DFA, 0x9DDA,   // 0xAF30 (44848) pixels
0x9D9A, 0xA55A, 0xA55A, 0xB55A, 0xBD5B, 0xBD3B, 0xBD3A, 0xBD3A, 0xBD3A, 0xB53A, 0xB53A, 0xB53A, 0xB519, 0xB519, 0xB51A, 0xBD1A,   // 0xAF40 (44864) pixels
0xB51A, 0xB51A, 0xB51A, 0xB519, 0xB519, 0xB519, 0xB519, 0xB51A, 0xB51A, 0xB51A, 0xB51A, 0xB51A, 0xB51A, 0xB51A, 0xB519, 0xB519,   // 0xAF50 (44880) pixels
0xB51A, 0xB51A, 0xB51A, 0xB51A, 0xB51A, 0xB51A, 0xB51A, 0xB51A, 0xB51A, 0xB51A, 0xB51A, 0xB51A, 0xB51A, 0xB51A, 0xB51A, 0xB51A,   // 0xAF60 (44896) pixels
0xB51A, 0xB51A, 0xB51A, 0xB51A, 0xB51A, 0xB51A, 0xB51A, 0xB51A, 0xB51A, 0xB51A, 0xB51A, 0xB51A, 0xB51A, 0xB519, 0xB4F9, 0xB4FA,   // 0xAF70 (44912) pixels
0xB51A, 0xB51A, 0xB4FA, 0xB51A, 0xB51A, 0xB51A, 0xB51A, 0xB51A, 0xB4FA, 0xB4F9, 0xB4F9, 0xB4F9, 0xB4F9, 0xB4F9, 0xBCF9, 0xBCF9,   // 0xAF80 (44928) pixels
0xB4F9, 0xB4F9, 0xB4F9, 0xB4F9, 0xB4F9, 0xB4F9, 0xB4F9, 0xB4F9, 0xB4F9, 0xB4F9, 0xB4F9, 0xB4F9, 0xB4F9, 0xB4F9, 0xB4FA, 0xB4F9,   // 0xAF90 (44944) pixels
0xB4F9, 0xB4F9, 0xB4F9, 0xB4F9, 0xB4F9, 0xB4F9, 0xB4F9, 0xB4F9, 0xB4F9, 0xB4F9, 0xB4F9, 0xB4F9, 0xB4F9, 0xB4F9, 0xB4F9, 0xB4F9,   // 0xAFA0 (44960) pixels
0xB4F9, 0xB4F9, 0xB4F9, 0xB4F9, 0xB4F9, 0xB4F9, 0xB4F9, 0xB4F9, 0xB51A, 0xB519, 0xACF9, 0xACF9, 0xB519, 0xB519, 0xACF9, 0xACF9,   // 0xAFB0 (44976) pixels
0xACF9, 0xACF9, 0xACF9, 0xACF9, 0xB51A, 0xB51A, 0xB51A, 0xB51A, 0xB4FA, 0xB4FA, 0xACFA, 0xACFA, 0xACD9, 0xACB9, 0xA498, 0xA478,   // 0xAFC0 (44992) pixels
0xA478, 0x9C58, 0x9C37, 0x93F7, 0x8BD6, 0x8396, 0x7B55, 0x7B14, 0x72D3, 0x6A93, 0x6272, 0x5A52, 0x5A31, 0x5A11, 0x5A11, 0x5211,   // 0xAFD0 (45008) pixels
0x5A52, 0x6292, 0x62B2, 0x5A72, 0x5230, 0x49EF, 0x5210, 0x5270, 0x62D2, 0x7373, 0x9497, 0xA57A, 0xA5BB, 0x9DBA, 0x9DDA, 0x961A,   // 0xAFE0 (45024) pixels
0x95FA, 0x95FA, 0x95FA, 0x95FA, 0x95FA, 0x95FA, 0x95FA, 0x95FA, 0x95FA, 0x95FA, 0x95FA, 0x95FA, 0x95FA, 0x95FA, 0x95FA, 0x95FA,   // 0xAFF0 (45040) pixels
0x95FA, 0x95FA, 0x95FA, 0x95FA, 0x95FA, 0x95FA, 0x95FA, 0x95FA, 0x95FA, 0x95FA, 0x961B, 0x95FA, 0x95FA, 0x95FA, 0x95FA, 0x9DFA,   // 0xB000 (45056) pixels
0x9DFA, 0xA5FB, 0xA5DB, 0x8CB8, 0x7394, 0x6B13, 0x6AB2, 0x6AB2, 0x6AF4, 0x7334, 0x7B75, 0x83B6, 0x8BF7, 0x9417, 0x9C17, 0x9BF7,   // 0xB010 (45072) pixels
0x9BF8, 0x93D7, 0x93B7, 0x8BB6, 0x8BD6, 0x93F6, 0x9437, 0x9457, 0x8C57, 0x94B8, 0x9519, 0x9D7A, 0x9DBB, 0x9DDB, 0x9DDB, 0x95BA,   // 0xB020 (45088) pixels
0x95FA, 0x95FA, 0x9DFA, 0x9DFA, 0x9DFA, 0x9DFA, 0x95FA, 0x95FA, 0x9DFA, 0x95FA, 0x95FA, 0x95FA, 0x95FA, 0x95FA, 0x95FA, 0x95FA,   // 0xB030 (45104) pixels
0x95FB, 0x95FB, 0x95FB, 0x95FB, 0x95FB, 0x95FB, 0x95FB, 0x95FB, 0x95FB, 0x95FB, 0x961B, 0x961B, 0x95FB, 0x95FB, 0x95FA, 0x95FA,   // 0xB040 (45120) pixels
0x961B, 0x961B, 0x961B, 0x961B, 0x961B, 0x961B, 0x961B, 0x961B, 0x961B, 0x961B, 0x961B, 0x961B, 0x961B, 0x961B, 0x961B, 0x961A,   // 0xB050 (45136) pixels
0x961A, 0x961A, 0x961A, 0x961A, 0x961A, 0x961A, 0x961A, 0x961A, 0x95FA, 0x9DFA, 0xA61A, 0xAE3A, 0xBE7B, 0xC6DC, 0xD73D, 0xDF5E,   // 0xB060 (45152) pixels
0xDF3D, 0xE73D, 0xE73D, 0xDF1D, 0xD6DC, 0xC65A, 0xB5F9, 0xA5B8, 0x9DB8, 0x9DD9, 0x9DDA, 0x9DDA, 0x9DDA, 0x9DFA, 0x9DFA, 0x9DDA,   // 0xB070 (45168) pixels
0x9D7A, 0x9D39, 0xA539, 0xB53A, 0xBD3B, 0xBD1A, 0xBD1A, 0xBD1A, 0xBD3A, 0xB53A, 0xB53A, 0xB53A, 0xB519, 0xB51A, 0xBD1A, 0xBD1A,   // 0xB080 (45184) pixels
0xB51A, 0xB51A, 0xB51A, 0xB519, 0xB519, 0xB519, 0xB519, 0xB519, 0xB51A, 0xB51A, 0xB51A, 0xB51A, 0xB51A, 0xB51A, 0xB519, 0xB519,   // 0xB090 (45200) pixels
0xB519, 0xB51A, 0xB51A, 0xB51A, 0xB51A, 0xB51A, 0xB51A, 0xB51A, 0xB4F9, 0xB4F9, 0xB4FA, 0xB4FA, 0xB4FA, 0xB4FA, 0xB4FA, 0xB519,   // 0xB0A0 (45216) pixels
0xB519, 0xB519, 0xB519, 0xB519, 0xB519, 0xB4F9, 0xB4F9, 0xB4F9, 0xB4F9, 0xB4F9, 0xB4F9, 0xB4F9, 0xB4F9, 0xB4F9, 0xB4F9, 0xB4F9,   // 0xB0B0 (45232) pixels
0xB4F9, 0xB4FA, 0xB4D9, 0xB4F9, 0xB4FA, 0xB4FA, 0xB4F9, 0xACF9, 0xB4F9, 0xB4F9, 0xB4F9, 0xB4D9, 0xB4D9, 0xB4D9, 0xB4D9, 0xB4D9,   // 0xB0C0 (45248) pixels
0xB4D9, 0xB4D9, 0xB4D9, 0xB4D9, 0xB4D9, 0xB4D9, 0xB4D9, 0xB4D9, 0xB4D9, 0xB4D9, 0xB4D9, 0xB4D9, 0xB4D9, 0xACF9, 0xB4D9, 0xACF9,   // 0xB0D0 (45264) pixels
0xACF9, 0xACF9, 0xACD9, 0xACF9, 0xACD9, 0xACF9, 0xACD9, 0xACF9, 0xACD9, 0xACF9, 0xACD9, 0xACF9, 0xACD9, 0xACF9, 0xACD9, 0xACF9,   // 0xB0E0 (45280) pixels
0xACF9, 0xACF9, 0xACF9, 0xACF9, 0xACF9, 0xACF9, 0xACF9, 0xACF9, 0xACF9, 0xACF9, 0xACF9, 0xACF9, 0xACF9, 0xACF9, 0xACF9, 0xACD9,   // 0xB0F0 (45296) pixels
0xACF9, 0xACF9, 0xACF9, 0xACF9, 0xACF9, 0xB51A, 0xB51A, 0xB51A, 0xB4FA, 0xACFA, 0xACD9, 0xACD9, 0xACB9, 0xA499, 0xA478, 0x9C57,   // 0xB100 (45312) pixels
0x9C38, 0x9C17, 0x93F6, 0x8BB6, 0x8396, 0x8355, 0x7B14, 0x72F4, 0x6AB3, 0x6272, 0x5A52, 0x5A31, 0x5A11, 0x51F0, 0x51F0, 0x5211,   // 0xB110 (45328) pixels
0x5A52, 0x5A72, 0x5A72, 0x5251, 0x49EF, 0x41CE, 0x4A0F, 0x5A50, 0x62D2, 0x7374, 0x9498, 0xA57A, 0xA5DB, 0x9DDA, 0x9DFA, 0x95FA,   // 0xB120 (45344) pixels
0x95FA, 0x95FA, 0x95FA, 0x95FA, 0x95FA, 0x95FA, 0x95FA, 0x95FA, 0x95FA, 0x95FA, 0x95FA, 0x95FA, 0x95FA, 0x95FA, 0x95FA, 0x95FA,   // 0xB130 (45360) pixels
0x95FA, 0x95FA, 0x95FA, 0x95FA, 0x95FA, 0x95FA, 0x95FA, 0x95FA, 0x95FA, 0x95FA, 0x95FA, 0x95FA, 0x95FA, 0x95FA, 0x95FA, 0x9E1A,   // 0xB140 (45376) pixels
0x95FA, 0x9DFB, 0x9D9A, 0x8477, 0x6B73, 0x6AF2, 0x62B2, 0x62B2, 0x6AF3, 0x6B14, 0x7355, 0x7B95, 0x8BD6, 0x93F7, 0x93F7, 0x9C17,   // 0xB150 (45392) pixels
0x9C18, 0x9418, 0x93F7, 0x93D7, 0x8BD7, 0x8BD6, 0x8BF7, 0x8C17, 0x8C37, 0x8C77, 0x94D8, 0x9539, 0x9D9A, 0x9DDB, 0x9DDB, 0x95DA,   // 0xB160 (45408) pixels
0x9DDA, 0x95FA, 0x9DFA, 0x9DFA, 0x9DFA, 0x9DFA, 0x95FA, 0x95FA, 0x95FA, 0x95FA, 0x95FA, 0x95FA, 0x95FA, 0x95FA, 0x95FA, 0x95FA,   // 0xB170 (45424) pixels
0x95FB, 0x95FB, 0x95FB, 0x95FB, 0x95FB, 0x95FB, 0x95FB, 0x95FB, 0x95FB, 0x95FB, 0x961B, 0x961B, 0x95FB, 0x95FB, 0x95FA, 0x95FA,   // 0xB180 (45440) pixels
0x961B, 0x961B, 0x961B, 0x961B, 0x961B, 0x961B, 0x961B, 0x961B, 0x961B, 0x961B, 0x961B, 0x961B, 0x961B, 0x961B, 0x961B, 0x961A,   // 0xB190 (45456) pixels
0x961A, 0x961A, 0x961A, 0x961A, 0x961A, 0x961A, 0x961A, 0x95FA, 0x9DFA, 0x9DFA, 0xAE3A, 0xBE9B, 0xCEFD, 0xD73D, 0xDF3E, 0xDF3D,   // 0xB1A0 (45472) pixels
0xDF1C, 0xE71C, 0xDEFC, 0xD6DC, 0xC67B, 0xB61A, 0xADD9, 0xA5B9, 0xA5B9, 0xA5DA, 0x9DDA, 0x9DDA, 0x9DDA, 0x9DFA, 0x9E1A, 0x9DDA,   // 0xB1B0 (45488) pixels
0x9D79, 0x9D19, 0xA4F9, 0xAD1A, 0xBD3A, 0xBD1A, 0xBD1A, 0xBD1A, 0xBD1A, 0xB51A, 0xB53A, 0xAD39, 0xB519, 0xB51A, 0xB51A, 0xBD1A,   // 0xB1C0 (45504) pixels
0xB51A, 0xB539, 0xB539, 0xB519, 0xB519, 0xB519, 0xB519, 0xB519, 0xB51A, 0xB51A, 0xB51A, 0xB51A, 0xB51A, 0xB519, 0xB519, 0xB519,   // 0xB1D0 (45520) pixels
0xB4F9, 0xB4F9, 0xB4F9, 0xB4F9, 0xB4F9, 0xB4F9, 0xB4F9, 0xB4F9, 0xB51A, 0xB51A, 0xB51A, 0xB51A, 0xB51A, 0xB51A, 0xB51A, 0xB51A,   // 0xB1E0 (45536) pixels
0xB51A, 0xB51A, 0xB51A, 0xB519, 0xB519, 0xB519, 0xB519, 0xB519, 0xB519, 0xB519, 0xB519, 0xB519, 0xBD19, 0xB519, 0xB519, 0xB4F9,   // 0xB1F0 (45552) pixels
0xB4F9, 0xB4F9, 0xB4F9, 0xB4F9, 0xB4FA, 0xB4FA, 0xB4FA, 0xB4FA, 0xB4FA, 0xB4FA, 0xB4FA, 0xB4F9, 0xB4F9, 0xB4F9, 0xB4F9, 0xB4F9,   // 0xB200 (45568) pixels
0xB4D9, 0xB4F9, 0xB4F9, 0xB4F9, 0xB4F9, 0xB4F9, 0xB4F9, 0xB4F9, 0xB4F9, 0xB4F9, 0xB4F9, 0xB4F9, 0xB4F9, 0xACF9, 0xB4F9, 0xB4F9,   // 0xB210 (45584) pixels
0xB4F9, 0xB4F9, 0xB4F9, 0xB4F9, 0xB4F9, 0xB4F9, 0xB4F9, 0xB4F9, 0xB4F9, 0xB4F9, 0xB4F9, 0xB4F9, 0xB4F9, 0xB4F9, 0xB4F9, 0xB4F9,   // 0xB220 (45600) pixels
0xB4F9, 0xB4F9, 0xB4F9, 0xB4F9, 0xB4F9, 0xB4F9, 0xB4F9, 0xB4F9, 0xB4F9, 0xACF9, 0xACF9, 0xACF9, 0xACFA, 0xB51A, 0xACFA, 0xACF9,   // 0xB230 (45616) pixels
0xB519, 0xB519, 0xB519, 0xB519, 0xB519, 0xB51A, 0xB51A, 0xB51A, 0xACF9, 0xACD9, 0xACB9, 0xA4B8, 0xA498, 0xA478, 0x9C57, 0x9437,   // 0xB240 (45632) pixels
0x9417, 0x93F7, 0x8BB6, 0x8375, 0x7B55, 0x7B14, 0x72D3, 0x6AB3, 0x6272, 0x6252, 0x5A31, 0x5A11, 0x51F0, 0x51F0, 0x51F0, 0x5211,   // 0xB250 (45648) pixels
0x5A51, 0x5A51, 0x5231, 0x4A10, 0x41CF, 0x41CE, 0x5230, 0x5A91, 0x62D2, 0x7353, 0x8436, 0x9D19, 0xA59A, 0xA5FA, 0x9DFA, 0x9DFA,   // 0xB260 (45664) pixels
0x95FA, 0x95FA, 0x95FA, 0x95FA, 0x95FA, 0x95FA, 0x95FA, 0x95FA, 0x95FA, 0x95FA, 0x95FA, 0x95FA, 0x95FA, 0x95FA, 0x95FA, 0x95FA,   // 0xB270 (45680) pixels
0x95FA, 0x95FA, 0x95FA, 0x95FA, 0x95FA, 0x95FA, 0x95FA, 0x95FA, 0x95FA, 0x95FA, 0x95DA, 0x95FA, 0x95FA, 0x95FA, 0x95FA, 0x961B,   // 0xB280 (45696) pixels
0x95FA, 0x95DA, 0x9559, 0x7C55, 0x6B53, 0x62F2, 0x62B2, 0x62D2, 0x62D3, 0x6AF3, 0x6B34, 0x7375, 0x83B6, 0x8BD6, 0x93F7, 0x93F7,   // 0xB290 (45712) pixels
0x9C38, 0x9438, 0x9417, 0x8BF7, 0x8BF7, 0x8BD6, 0x8BD6, 0x8BF6, 0x8C17, 0x8C57, 0x8C98, 0x8CD8, 0x9539, 0x9D9A, 0x9DDB, 0x9DDA,   // 0xB2A0 (45728) pixels
0x9DDA, 0x9DFA, 0x9DFA, 0x9DFA, 0x9DFA, 0x9DFA, 0x9DFA, 0x9DFA, 0x95DA, 0x95DA, 0x95DA, 0x9DFA, 0x9DFA, 0x9DFA, 0x9DFA, 0x9DFA,   // 0xB2B0 (45744) pixels
0x95FB, 0x95FB, 0x95FB, 0x95FB, 0x95FB, 0x95FB, 0x95FB, 0x95FB, 0x95FB, 0x95FB, 0x95FB, 0x961B, 0x95FB, 0x95FB, 0x95FB, 0x95FA,   // 0xB2C0 (45760) pixels
0x95FA, 0x95FA, 0x95FA, 0x95FA, 0x95FA, 0x95FA, 0x95FA, 0x95FA, 0x961B, 0x961B, 0x95FB, 0x961B, 0x961B, 0x961B, 0x961B, 0x961B,   // 0xB2D0 (45776) pixels
0x961A, 0x961A, 0x961A, 0x961A, 0x961A, 0x961A, 0x961A, 0x9DFA, 0x9DFA, 0xA61A, 0xB65B, 0xC6DC, 0xD73E, 0xDF5E, 0xDF3D, 0xDEFC,   // 0xB2E0 (45792) pixels
0xE71C, 0xE71C, 0xDEFC, 0xCEBB, 0xC65A, 0xADF9, 0xA5D9, 0x9DD9, 0x9DD9, 0x9DDA, 0x9DDA, 0x9DDA, 0x9DFA, 0x9E1B, 0x9E1B, 0x9DDA,   // 0xB2F0 (45808) pixels
0x9D59, 0x9CF8, 0x9CF8, 0xAD19, 0xB51A, 0xBD1A, 0xBCFA, 0xBD1A, 0xB51A, 0xB51A, 0xB51A, 0xB519, 0xB519, 0xB519, 0xB51A, 0xB51A,   // 0xB300 (45824) pixels
0xB519, 0xB539, 0xB519, 0xB539, 0xB539, 0xB539, 0xB519, 0xB519, 0xB519, 0xB519, 0xB519, 0xB519, 0xB519, 0xB519, 0xB519, 0xB519,   // 0xB310 (45840) pixels
0xB519, 0xB4F9, 0xB4F9, 0xB4F9, 0xB4F9, 0xB4F9, 0xB4F9, 0xB519, 0xB4F9, 0xB4F9, 0xB4F9, 0xB4F9, 0xB4F9, 0xB4F9, 0xB4F9, 0xB4F9,   // 0xB320 (45856) pixels
0xB519, 0xB519, 0xB519, 0xB4F9, 0xB4F9, 0xB4F9, 0xB4F9, 0xB4F9, 0xB4F9, 0xB4F9, 0xB4F9, 0xB4F9, 0xB4F9, 0xB4F9, 0xB4F9, 0xB4F9,   // 0xB330 (45872) pixels
0xB4F9, 0xB4D9, 0xB4F9, 0xB4F9, 0xB4F9, 0xB4F9, 0xB4F9, 0xACF9, 0xB4FA, 0xACF9, 0xB4F9, 0xB4F9, 0xB4D9, 0xB4F9, 0xB4D9, 0xB4F9,   // 0xB340 (45888) pixels
0xB4D9, 0xB4D9, 0xB4F9, 0xB4F9, 0xB4D9, 0xB4D9, 0xB4D9, 0xB4D9, 0xACD9, 0xACF8, 0xACD9, 0xACD9, 0xACF9, 0xACF9, 0xACF9, 0xACD9,   // 0xB350 (45904) pixels
0xACF9, 0xACF9, 0xB4D9, 0xACF9, 0xB4D9, 0xB4D9, 0xB4D9, 0xB4D9, 0xB4D9, 0xB4D9, 0xB4D9, 0xB4D9, 0xB4D9, 0xB4D9, 0xB4D9, 0xACF9,   // 0xB360 (45920) pixels
0xB4F9, 0xACF9, 0xACF9, 0xACF9, 0xACF9, 0xACF9, 0xACF9, 0xACF9, 0xACD9, 0xACD9, 0xACD9, 0xACF9, 0xACF9, 0xACFA, 0xB4FA, 0xACFA,   // 0xB370 (45936) pixels
0xACF9, 0xACF9, 0xACF9, 0xACF9, 0xACF9, 0xACF9, 0xACD9, 0xACD9, 0xACD9, 0xACB9, 0xA498, 0xA498, 0xA478, 0x9C57, 0x9C37, 0x9417,   // 0xB380 (45952) pixels
0x93F6, 0x8BB6, 0x8375, 0x7B35, 0x7314, 0x72D3, 0x6A93, 0x6272, 0x6252, 0x5A31, 0x5A11, 0x5210, 0x51F0, 0x51F0, 0x51F0, 0x5210,   // 0xB390 (45968) pixels
0x5251, 0x5231, 0x4A10, 0x41CF, 0x41AE, 0x49EF, 0x5250, 0x62D1, 0x6AF2, 0x6B32, 0x7BD4, 0x8CB7, 0x9D59, 0xA5DA, 0xA61B, 0x9DFA,   // 0xB3A0 (45984) pixels
0x95FA, 0x95FA, 0x95FA, 0x95FA, 0x95FA, 0x95FA, 0x95FA, 0x95FA, 0x95FA, 0x95FA, 0x95FA, 0x95FA, 0x95FA, 0x95FA, 0x95FA, 0x95FA,   // 0xB3B0 (46000) pixels
0x961A, 0x961A, 0x961A, 0x961A, 0x95FA, 0x95FA, 0x95FA, 0x95FA, 0x961B, 0x95FA, 0x95FA, 0x95FB, 0x9E1B, 0x95FA, 0x95FA, 0x95FA,   // 0xB3C0 (46016) pixels
0x961B, 0x95DA, 0x8D79, 0x7C76, 0x6B73, 0x6312, 0x5AB1, 0x62B2, 0x62B2, 0x62D3, 0x6B13, 0x7354, 0x7B75, 0x8BB6, 0x93D7, 0x9417,   // 0xB3D0 (46032) pixels
0x9438, 0x8C18, 0x9417, 0x9417, 0x8BF7, 0x8BD6, 0x8BD6, 0x8BD6, 0x8BF6, 0x8C16, 0x8C57, 0x8C97, 0x8CD8, 0x9539, 0x9D7A, 0x9D9A,   // 0xB3E0 (46048) pixels
0x9DDA, 0x9DDA, 0x9DDB, 0x9DDA, 0x9DDB, 0x9DDA, 0x9DDA, 0x9DDA, 0x9DDA, 0x9DDA, 0x9DDA, 0x9DDA, 0x9DDA, 0x9DDB, 0x9DDB, 0x9DDB,   // 0xB3F0 (46064) pixels
0x9DFB, 0x9DFB, 0x9DFB, 0x9DFB, 0x95FB, 0x95FB, 0x95FB, 0x95FB, 0x95FB, 0x95FB, 0x95FB, 0x95FB, 0x95FB, 0x95FB, 0x95FB, 0x95FA,   // 0xB400 (46080) pixels
0x961B, 0x961B, 0x961B, 0x961B, 0x961A, 0x961A, 0x961A, 0x961A, 0x961A, 0x961A, 0x9DFB, 0x95FB, 0x95FB, 0x95FB, 0x95FB, 0x961B,   // 0xB410 (46096) pixels
0x95FA, 0x961A, 0x961A, 0x95FA, 0x95FA, 0x9E1A, 0x9E1A, 0x9DF9, 0x9DF9, 0xAE3A, 0xBE9B, 0xCEFD, 0xDF1D, 0xDF1D, 0xDF1D, 0xE71D,   // 0xB420 (46112) pixels
0xEF3E, 0xE71D, 0xD6BC, 0xC67A, 0xB63A, 0xADF9, 0xA5F9, 0xA5FA, 0x9DFA, 0x9DFA, 0x9DFA, 0x9DFA, 0x9DFB, 0x9DFB, 0x9DFA, 0xA5DA,   // 0xB430 (46128) pixels
0x9D59, 0x9D18, 0x9CF8, 0x9CD8, 0xA4D8, 0xACF9, 0xB51A, 0xB51A, 0xB51A, 0xB51A, 0xB51A, 0xB4FA, 0xB51A, 0xB51A, 0xB4F9, 0xB4F9,   // 0xB440 (46144) pixels
0xB4F9, 0xB4F9, 0xB4F9, 0xB4F9, 0xB4F9, 0xB519, 0xB519, 0xB519, 0xACF9, 0xACF9, 0xB4F9, 0xB4F9, 0xB4F9, 0xB4F9, 0xB4F9, 0xB4F9,   // 0xB450 (46160) pixels
0xB4F9, 0xB4F9, 0xB4F9, 0xB4F9, 0xB4F9, 0xB4F9, 0xB4F9, 0xB4F9, 0xB4F9, 0xB4F9, 0xB4F9, 0xB4F9, 0xB4F9, 0xB4F9, 0xB4F9, 0xB4F9,   // 0xB460 (46176) pixels
0xB4F9, 0xB4F9, 0xB4F9, 0xB4F9, 0xB4F9, 0xB4F9, 0xB4F9, 0xB4F9, 0xB4F9, 0xACF9, 0xB4F9, 0xB4F9, 0xB4F9, 0xB4F9, 0xB4F9, 0xB4F9,   // 0xB470 (46192) pixels
0xB4F9, 0xB4F9, 0xB4F9, 0xB4F9, 0xB4F9, 0xB4F9, 0xB4F9, 0xB4F9, 0xACD9, 0xACF9, 0xB4D9, 0xB4F9, 0xB4F9, 0xB4F9, 0xB4F9, 0xB4F9,   // 0xB480 (46208) pixels
0xB4F9, 0xB4F9, 0xB4F9, 0xB4F9, 0xB4F9, 0xB4F9, 0xB4F9, 0xB4D9, 0xB4F9, 0xB4F9, 0xB4F9, 0xB4F9, 0xB4F9, 0xB4F9, 0xB4F9, 0xB4F9,   // 0xB490 (46224) pixels
0xB4F9, 0xACF9, 0xACF9, 0xACF9, 0xACF9, 0xACF9, 0xACD9, 0xACD9, 0xB4F9, 0xB4F9, 0xB4F9, 0xB4F9, 0xB4F9, 0xB4F9, 0xB4F9, 0xB4F9,   // 0xB4A0 (46240) pixels
0xB4F9, 0xB4F9, 0xB4F9, 0xB4F9, 0xB4F9, 0xB519, 0xB519, 0xB519, 0xB4F9, 0xB4F9, 0xB4F9, 0xB4FA, 0xB4FA, 0xB51A, 0xB4FA, 0xB51A,   // 0xB4B0 (46256) pixels
0xB4F9, 0xACF9, 0xACD9, 0xACD9, 0xACD9, 0xACD9, 0xACB9, 0xA4B9, 0xACB9, 0xA499, 0xA499, 0xA478, 0x9C58, 0x9437, 0x8BF6, 0x8BB6,   // 0xB4C0 (46272) pixels
0x8396, 0x8355, 0x7B35, 0x72F4, 0x72D3, 0x6A93, 0x6272, 0x5A52, 0x5A31, 0x5A11, 0x5210, 0x5210, 0x5210, 0x51F0, 0x51EF, 0x49EF,   // 0xB4D0 (46288) pixels
0x5231, 0x4A10, 0x41CF, 0x39AE, 0x39AE, 0x4A0F, 0x5A90, 0x62F1, 0x62F2, 0x6B52, 0x6B73, 0x73F4, 0x9518, 0xA5DA, 0xA5FB, 0x9DFB,   // 0xB4E0 (46304) pixels
0x9E1B, 0x95FB, 0x95FB, 0x9E1B, 0x961A, 0x95FA, 0x95FA, 0x961A, 0x961A, 0x961A, 0x961A, 0x961A, 0x961A, 0x961A, 0x961A, 0x961A,   // 0xB4F0 (46320) pixels
0x961A, 0x961A, 0x961A, 0x961A, 0x95FA, 0x95FA, 0x95FA, 0x95FA, 0x95FA, 0x95FA, 0x95FA, 0x95FA, 0x95FA, 0x961B, 0x961B, 0x961B,   // 0xB500 (46336) pixels
0x961A, 0x9E3B, 0x95DA, 0x84D7, 0x6BF4, 0x6353, 0x6312, 0x5AB2, 0x62B2, 0x62B2, 0x6AD3, 0x72F4, 0x7B55, 0x8396, 0x8BD7, 0x93F7,   // 0xB510 (46352) pixels
0x9437, 0x9437, 0x9417, 0x9417, 0x93F7, 0x8BF6, 0x8BD6, 0x8BD6, 0x8BD6, 0x8BF6, 0x8C16, 0x8C57, 0x94B8, 0x9CF9, 0xA53A, 0xA57A,   // 0xB520 (46368) pixels
0xA5BB, 0xA5DB, 0xA5DB, 0xA5DB, 0xA5BB, 0xA5BA, 0xA59A, 0xA59A, 0xA57A, 0xA59A, 0xA57A, 0xA59A, 0xA5BB, 0xA5BB, 0xA5BB, 0xA5BB,   // 0xB530 (46384) pixels
0xA5DB, 0xA5DB, 0x9DDA, 0x9DDA, 0x9DFB, 0x9DFB, 0x95FB, 0x9E1B, 0x961B, 0x961B, 0x961B, 0x95FB, 0x95FB, 0x9E1B, 0x9E1B, 0x95FB,   // 0xB540 (46400) pixels
0x961B, 0x961B, 0x961B, 0x961B, 0x961A, 0x961A, 0x961A, 0x961A, 0x9DFA, 0x9DFA, 0x9DFB, 0x9DFB, 0x95FB, 0x95FB, 0x95FB, 0x961B,   // 0xB550 (46416) pixels
0x95FA, 0x95FA, 0x95FA, 0x95FA, 0x95FA, 0x9E19, 0x9E19, 0x9DF9, 0xA619, 0xB67B, 0xCEFC, 0xD73D, 0xDF1D, 0xDF1D, 0xDEFD, 0xE71D,   // 0xB560 (46432) pixels
0xE71D, 0xDEDC, 0xCE9B, 0xBE5A, 0xAE19, 0xA5F9, 0x9DF9, 0x9DFA, 0x9DFA, 0x9DFA, 0x9DFA, 0x9DFA, 0x9DDA, 0x9DDA, 0x9DFA, 0xA5DA,   // 0xB570 (46448) pixels
0xA559, 0x9D18, 0x9CD8, 0x9CB7, 0x9CD8, 0xA4D8, 0xACD9, 0xACF9, 0xB4F9, 0xACD9, 0xB4D9, 0xB4D9, 0xB4D9, 0xB4F9, 0xB4F9, 0xACF9,   // 0xB580 (46464) pixels
0xB4F9, 0xB4F9, 0xB4F9, 0xB4F9, 0xACF9, 0xACF9, 0xACF9, 0xACF9, 0xACF8, 0xACF9, 0xACD9, 0xACD9, 0xB4D9, 0xB4D9, 0xB4D9, 0xB4D9,   // 0xB590 (46480) pixels
0xB4D9, 0xACF9, 0xACF9, 0xACF9, 0xACF9, 0xACF9, 0xACF9, 0xACF9, 0xACF9, 0xACF9, 0xACF9, 0xACF9, 0xACF9, 0xACF9, 0xACD9, 0xACD9,   // 0xB5A0 (46496) pixels
0xACF9, 0xACF9, 0xACF9, 0xACF9, 0xACF9, 0xACF9, 0xACF9, 0xACF9, 0xACF9, 0xACF9, 0xACF9, 0xACF9, 0xACF9, 0xACF9, 0xACF9, 0xACF9,   // 0xB5B0 (46512) pixels
0xACF9, 0xACF9, 0xACF9, 0xACF9, 0xB4F9, 0xB4F9, 0xB4F9, 0xB4F9, 0xB4F9, 0xB4F9, 0xB4F9, 0xB4F9, 0xB4F9, 0xB4F9, 0xB4F9, 0xB4F9,   // 0xB5C0 (46528) pixels
0xB4F9, 0xB4F9, 0xB4F9, 0xB4F9, 0xB4F9, 0xB4F9, 0xB4F9, 0xB4D9, 0xB4F9, 0xB4F9, 0xB4F9, 0xB4F9, 0xB4F9, 0xB4F9, 0xB4F9, 0xB4F9,   // 0xB5D0 (46544) pixels
0xB4F9, 0xB4F9, 0xB4F9, 0xB4F9, 0xB4F9, 0xB4F9, 0xB4F9, 0xB4F9, 0xB4F9, 0xB4F9, 0xB4F9, 0xB4F9, 0xB4F9, 0xB4F9, 0xB4F9, 0xB4F9,   // 0xB5E0 (46560) pixels
0xACF9, 0xACF8, 0xACF9, 0xACF9, 0xACF9, 0xACF9, 0xACF9, 0xACF9, 0xB4F9, 0xB4F9, 0xB4F9, 0xB4FA, 0xB4FA, 0xB4FA, 0xB4FA, 0xB4FA,   // 0xB5F0 (46576) pixels
0xB4F9, 0xACD9, 0xACD9, 0xACD9, 0xACD9, 0xACB9, 0xA4B9, 0xA499, 0xA499, 0xA499, 0x9C78, 0x9C58, 0x9437, 0x93F7, 0x8BD6, 0x8395,   // 0xB600 (46592) pixels
0x7B55, 0x7B14, 0x72D4, 0x6AB3, 0x6292, 0x6252, 0x5A31, 0x5211, 0x5210, 0x51F0, 0x51F0, 0x49EF, 0x49EF, 0x49EF, 0x520F, 0x5210,   // 0xB610 (46608) pixels
0x5231, 0x49F0, 0x41AF, 0x398E, 0x41CE, 0x4A4F, 0x5AB1, 0x6312, 0x6B32, 0x7372, 0x6B72, 0x6BB3, 0x8496, 0x9D59, 0x9D9A, 0x9DDB,   // 0xB620 (46624) pixels
0x9DFB, 0x95FB, 0x95FA, 0x95FB, 0x961A, 0x95FA, 0x961A, 0x961A, 0x961A, 0x961A, 0x961A, 0x961A, 0x961A, 0x961A, 0x961A, 0x961A,   // 0xB630 (46640) pixels
0x961A, 0x961A, 0x961A, 0x961A, 0x95FA, 0x95FA, 0x95FA, 0x95FA, 0x95FA, 0x95FA, 0x95FA, 0x95FA, 0x95FA, 0x961B, 0x961B, 0x961B,   // 0xB640 (46656) pixels
0x961B, 0x9E1B, 0x95DA, 0x8D38, 0x7C56, 0x6BB4, 0x6333, 0x5AD2, 0x62D2, 0x62B2, 0x6AD3, 0x72F4, 0x7314, 0x7B55, 0x8396, 0x8BD7,   // 0xB650 (46672) pixels
0x9417, 0x9417, 0x9417, 0x9417, 0x9417, 0x93F6, 0x8BD6, 0x8BD6, 0x83B5, 0x8BD6, 0x8BF6, 0x9437, 0x9478, 0x9CB9, 0x9CD9, 0x9D19,   // 0xB660 (46688) pixels
0xA59B, 0xA5BB, 0xA5BB, 0xA5BB, 0xA57A, 0xA55A, 0xA55A, 0xA539, 0xA539, 0xA539, 0xA539, 0xA53A, 0xA55A, 0xA55A, 0xA55A, 0xA55A,   // 0xB670 (46704) pixels
0xA57A, 0xA5BA, 0xA5BA, 0x9DBA, 0xA5FB, 0x9E1B, 0x9DFB, 0x95FB, 0x95FA, 0x961B, 0x961B, 0x961B, 0x95FB, 0x95FB, 0x9DFB, 0x9DFB,   // 0xB680 (46720) pixels
0x961B, 0x961B, 0x961B, 0x961B, 0x961A, 0x961A, 0x961A, 0x961A, 0x961A, 0x961A, 0x95FB, 0x95FB, 0x95FB, 0x95FB, 0x961B, 0x961B,   // 0xB690 (46736) pixels
0x961A, 0x961A, 0x961A, 0x961A, 0x95FA, 0x95F9, 0x9DF9, 0xA619, 0xB65A, 0xC6DC, 0xDF3E, 0xDF3E, 0xDEFD, 0xDEFC, 0xDEFC, 0xE71D,   // 0xB6A0 (46752) pixels
0xE6FD, 0xD6BB, 0xC65A, 0xB619, 0xADF9, 0xA5F9, 0x9DF9, 0x9DFA, 0x9DFA, 0x9DFA, 0x9DFA, 0x9DFA, 0x9DFA, 0x9DFA, 0x9DFA, 0xA5DA,   // 0xB6B0 (46768) pixels
0xA57A, 0xA539, 0x9CD8, 0x9497, 0x9C97, 0x9C98, 0xA4B8, 0xA4B9, 0xACB9, 0xACB9, 0xACB9, 0xACD9, 0xACD9, 0xACF9, 0xACD9, 0xACD9,   // 0xB6C0 (46784) pixels
0xACD9, 0xACD9, 0xACF9, 0xACF9, 0xACF9, 0xACF9, 0xACF9, 0xACF9, 0xACF9, 0xACF9, 0xACF9, 0xACD9, 0xB4F9, 0xB4D9, 0xB4DA, 0xB4D9,   // 0xB6D0 (46800) pixels
0xB4F9, 0xB4F9, 0xB4F9, 0xB4F9, 0xB4F9, 0xB4F9, 0xB4F9, 0xB4F9, 0xB4F9, 0xB4F9, 0xB4F9, 0xB4F9, 0xB4F9, 0xB4F9, 0xB4F9, 0xB4F9,   // 0xB6E0 (46816) pixels
0xB4F9, 0xB4F9, 0xB4F9, 0xB4F9, 0xB4F9, 0xB4F9, 0xB4F9, 0xB4F9, 0xACF9, 0xACF9, 0xACD9, 0xACD9, 0xACD9, 0xACD9, 0xACD9, 0xACD9,   // 0xB6F0 (46832) pixels
0xACF9, 0xACF9, 0xACF9, 0xACF9, 0xACF9, 0xACD9, 0xACD9, 0xACD9, 0xACD9, 0xACD9, 0xB4D9, 0xB4D9, 0xB4D9, 0xB4D9, 0xB4D9, 0xB4D9,   // 0xB700 (46848) pixels
0xB4D9, 0xB4D9, 0xB4D9, 0xB4D9, 0xB4F9, 0xB4F9, 0xB4F9, 0xB4F9, 0xB4F9, 0xB4F9, 0xB4F9, 0xB4F9, 0xB4F9, 0xB4F9, 0xB4F9, 0xB4F9,   // 0xB710 (46864) pixels
0xB4F9, 0xB4F9, 0xB4F9, 0xB4F9, 0xB4F9, 0xB4F9, 0xB4F9, 0xB4F9, 0xB4F9, 0xB4F9, 0xB4F9, 0xB4F9, 0xB4F9, 0xB4F9, 0xB4F9, 0xB4F9,   // 0xB720 (46880) pixels
0xACF9, 0xACF9, 0xACF9, 0xACF9, 0xACF9, 0xACF9, 0xB4F9, 0xB4F9, 0xACD9, 0xACD9, 0xACD9, 0xACD9, 0xB4DA, 0xB4DA, 0xACD9, 0xACB9,   // 0xB730 (46896) pixels
0xACD9, 0xACB9, 0xACB9, 0xACB9, 0xA499, 0xA499, 0xA478, 0xA458, 0x9C78, 0x9C58, 0x9417, 0x93F7, 0x8BD6, 0x8BB6, 0x8375, 0x7B55,   // 0xB740 (46912) pixels
0x7314, 0x72D4, 0x6AB3, 0x6272, 0x6252, 0x5A31, 0x5211, 0x51F0, 0x51F0, 0x51F0, 0x51F0, 0x49CF, 0x49EF, 0x49F0, 0x5210, 0x5231,   // 0xB750 (46928) pixels
0x5210, 0x41AF, 0x398E, 0x39AE, 0x420F, 0x5270, 0x62F2, 0x6B73, 0x7BB4, 0x7BD4, 0x6B92, 0x6372, 0x7434, 0x8CD7, 0x9559, 0x9DDA,   // 0xB760 (46944) pixels
0x9DFB, 0x9DFB, 0x9DFA, 0x95FA, 0x961A, 0x961A, 0x95FA, 0x961A, 0x961A, 0x961A, 0x961A, 0x961A, 0x961A, 0x961A, 0x961A, 0x961A,   // 0xB770 (46960) pixels
0x961A, 0x961A, 0x961A, 0x961A, 0x95FA, 0x95FA, 0x95FA, 0x95FA, 0x95FA, 0x95FA, 0x95FA, 0x95FA, 0x95FA, 0x961B, 0x961B, 0x961B,   // 0xB780 (46976) pixels
0x9E1B, 0x95FB, 0x95DA, 0x959A, 0x8D18, 0x7C56, 0x6B94, 0x6312, 0x62D2, 0x62B2, 0x62B2, 0x6AD3, 0x72F4, 0x7B35, 0x8376, 0x8BB6,   // 0xB790 (46992) pixels
0x8BF6, 0x8C16, 0x9417, 0x9437, 0x9437, 0x9417, 0x93F6, 0x8BF6, 0x8BB5, 0x8BD6, 0x8BD6, 0x8C16, 0x9437, 0x9478, 0x9C98, 0x94D9,   // 0xB7A0 (47008) pixels
0xA55A, 0x9D5A, 0xA57A, 0xA55A, 0xA539, 0x9D19, 0x9D19, 0xA4F9, 0xA4F9, 0xA4F9, 0xA4F9, 0xA4F9, 0xA519, 0xA519, 0x9CF9, 0x9CF9,   // 0xB7B0 (47024) pixels
0x9D19, 0x9D59, 0x9D79, 0x9D79, 0x9DDA, 0xA5FB, 0x9DDB, 0x95DB, 0x95FB, 0x95FB, 0x95FB, 0x9E1B, 0x961B, 0x95FB, 0x95FB, 0x9DFB,   // 0xB7C0 (47040) pixels
0x961B, 0x961B, 0x961B, 0x961B, 0x961A, 0x961A, 0x961A, 0x961A, 0x961A, 0x961A, 0x95FB, 0x95FB, 0x95FB, 0x95FB, 0x961B, 0x961B,   // 0xB7D0 (47056) pixels
0x961B, 0x961A, 0x961A, 0x961A, 0x95F9, 0x9DD9, 0xA5F9, 0xAE3A, 0xBE9B, 0xD71D, 0xDF5E, 0xDF1D, 0xD6DC, 0xDEDC, 0xDEFC, 0xE71D,   // 0xB7E0 (47072) pixels
0xDEDC, 0xCE7B, 0xBE19, 0xADF9, 0xA5F9, 0xA5F9, 0x9DF9, 0x9DFA, 0x9DFA, 0x9DFA, 0x9DFA, 0x9DFA, 0x9DFA, 0x9DFA, 0x9DFA, 0x9DDA,   // 0xB7F0 (47088) pixels
0xA5BA, 0xA559, 0x9CD8, 0x9497, 0x9477, 0x9C77, 0x9C78, 0xA478, 0xAC98, 0xAC99, 0xAC99, 0xACB9, 0xACD9, 0xACD9, 0xACD9, 0xACD9,   // 0xB800 (47104) pixels
0xACD9, 0xACD9, 0xACD9, 0xACD9, 0xACD9, 0xACF9, 0xACF9, 0xACF9, 0xACF9, 0xACF9, 0xACD9, 0xB4F9, 0xB4D9, 0xB4DA, 0xB4DA, 0xB4DA,   // 0xB810 (47120) pixels
0xB4D9, 0xB4D9, 0xB4D9, 0xB4D9, 0xB4D9, 0xB4D9, 0xB4D9, 0xB4D9, 0xB4D9, 0xB4D9, 0xB4D9, 0xB4D9, 0xB4D9, 0xB4D9, 0xB4D9, 0xB4D9,   // 0xB820 (47136) pixels
0xB4F9, 0xB4F9, 0xB4F9, 0xB4F9, 0xB4F9, 0xB4F9, 0xB4F9, 0xB4F9, 0xACD9, 0xACD9, 0xACD9, 0xACD9, 0xACD9, 0xACD9, 0xACD9, 0xACD9,   // 0xB830 (47152) pixels
0xACD9, 0xACD9, 0xACD9, 0xACD9, 0xACD9, 0xACD9, 0xACD9, 0xACD9, 0xACD9, 0xACD9, 0xACD9, 0xACB9, 0xACB9, 0xACD9, 0xACB9, 0xACD9,   // 0xB840 (47168) pixels
0xB4D9, 0xB4D9, 0xACD9, 0xB4D9, 0xB4D9, 0xB4D9, 0xB4D9, 0xB4D9, 0xACD9, 0xACD9, 0xACD9, 0xACD9, 0xACD9, 0xACD9, 0xACF9, 0xACD9,   // 0xB850 (47184) pixels
0xACD9, 0xACF9, 0xACD9, 0xACF9, 0xACD9, 0xACF9, 0xACD9, 0xACF9, 0xACD9, 0xACD9, 0xACD9, 0xACD9, 0xACD9, 0xACD8, 0xACD9, 0xACD8,   // 0xB860 (47200) pixels
0xACD8, 0xACD8, 0xACD8, 0xACD8, 0xACD9, 0xACD9, 0xACD9, 0xACD9, 0xACD9, 0xACB9, 0xACB9, 0xACB9, 0xACB9, 0xACB9, 0xAC99, 0xAC99,   // 0xB870 (47216) pixels
0xA499, 0xA499, 0xA479, 0xA478, 0xA478, 0x9C58, 0x9C38, 0x9C17, 0x9417, 0x93F7, 0x8BD6, 0x8BB6, 0x8375, 0x7B54, 0x7334, 0x7313,   // 0xB880 (47232) pixels
0x6AD3, 0x6AB3, 0x6272, 0x5A51, 0x5A31, 0x5A11, 0x51F0, 0x51F0, 0x51F0, 0x51F0, 0x49D0, 0x49D0, 0x49EF, 0x5210, 0x5210, 0x5230,   // 0xB890 (47248) pixels
0x49CF, 0x418E, 0x398E, 0x41CE, 0x4A2F, 0x52B1, 0x6B73, 0x8436, 0x8C76, 0x8455, 0x73D3, 0x6372, 0x6BD3, 0x7C55, 0x8CF7, 0x9DBA,   // 0xB8A0 (47264) pixels
0x9DDA, 0x9DFB, 0x9DFA, 0x9DFA, 0x9DFA, 0x961A, 0x961A, 0x95FA, 0x961A, 0x961A, 0x961A, 0x961A, 0x961A, 0x961A, 0x961A, 0x961A,   // 0xB8B0 (47280) pixels
0x961A, 0x961A, 0x961A, 0x961A, 0x95FA, 0x95FA, 0x95FA, 0x95FA, 0x95FA, 0x95FA, 0x95FA, 0x95FA, 0x961B, 0x961B, 0x961B, 0x961B,   // 0xB8C0 (47296) pixels
0x9E1B, 0x9DFB, 0x9DDA, 0x9DDB, 0x9D9A, 0x8CF8, 0x7C16, 0x6B94, 0x62F2, 0x62D2, 0x62D2, 0x6AD3, 0x72F3, 0x7314, 0x7B35, 0x8375,   // 0xB8D0 (47312) pixels
0x83B5, 0x8BD6, 0x8BF6, 0x9437, 0x9437, 0x9417, 0x9417, 0x9417, 0x8BF6, 0x8BD6, 0x8BD6, 0x8BF6, 0x8C16, 0x9457, 0x9C98, 0x9CB9,   // 0xB8E0 (47328) pixels
0x9CF9, 0x9CF8, 0x9CF9, 0x9CF9, 0x9CF9, 0xA4F9, 0xA4D9, 0xA4D9, 0xA4F9, 0xA4F9, 0xA4D9, 0xA4D9, 0xA4D9, 0x9CD9, 0x9CB8, 0x9CB8,   // 0xB8F0 (47344) pixels
0x94B8, 0x94F8, 0x94F8, 0x9518, 0x9D59, 0x9DBB, 0x9DDB, 0x9DFB, 0x9DFB, 0x9DFB, 0x95FB, 0x961B, 0x961B, 0x95FB, 0x95FB, 0x9DFB,   // 0xB900 (47360) pixels
0x95FB, 0x95FB, 0x961B, 0x961B, 0x961B, 0x961B, 0x961B, 0x961B, 0x95FA, 0x95FA, 0x95FA, 0x95FA, 0x95FA, 0x95FA, 0x95FA, 0x961A,   // 0xB910 (47376) pixels
0x961B, 0x961A, 0x961A, 0x95FA, 0x95D9, 0x9DD9, 0xAE1A, 0xBE7B, 0xCF1D, 0xDF3D, 0xDF3D, 0xD6DC, 0xD6BB, 0xDEDC, 0xE6FC, 0xE6FC,   // 0xB920 (47392) pixels
0xDEDC, 0xCE7B, 0xB619, 0xADF9, 0xA5F9, 0x9DF9, 0x9DFA, 0x9DFA, 0x9DFA, 0x9DFA, 0x9DFA, 0x9DDA, 0x9DDA, 0x9DDA, 0x9DFB, 0x9DDB,   // 0xB930 (47408) pixels
0xADDB, 0xA55A, 0x9CF8, 0x9497, 0x9457, 0x9457, 0x9C57, 0x9C58, 0xA458, 0xA458, 0xA478, 0xA478, 0xA499, 0xA499, 0xA4B9, 0xA498,   // 0xB940 (47424) pixels
0xA498, 0xA498, 0xA498, 0xA4B8, 0xA4B8, 0xACB8, 0xACD8, 0xACD8, 0xA4B8, 0xA4B8, 0xACB8, 0xACB9, 0xAC99, 0xAC99, 0xACB9, 0xACB9,   // 0xB950 (47440) pixels
0xACB9, 0xACB9, 0xACB9, 0xACB9, 0xACB9, 0xACB9, 0xACB9, 0xACB9, 0xAC99, 0xAC99, 0xAC99, 0xACB9, 0xACB9, 0xACB9, 0xACB9, 0xACB9,   // 0xB960 (47456) pixels
0xACB9, 0xACB9, 0xACB9, 0xACB9, 0xACB9, 0xACB9, 0xACB9, 0xACB9, 0xACB9, 0xACB9, 0xACB9, 0xACB9, 0xACB9, 0xACB9, 0xAC99, 0xACB9,   // 0xB970 (47472) pixels
0xACB9, 0xACB9, 0xACB9, 0xACB9, 0xACB9, 0xACB9, 0xACB9, 0xACB9, 0xACB9, 0xACB9, 0xACB9, 0xACB9, 0xACB9, 0xACB9, 0xACB9, 0xACB9,   // 0xB980 (47488) pixels
0xACB9, 0xACB9, 0xACB9, 0xACB9, 0xACB9, 0xACB9, 0xACB9, 0xACB8, 0xA499, 0xA498, 0xACB9, 0xACB8, 0xA4B8, 0xA4B8, 0xA4B8, 0xA4B8,   // 0xB990 (47504) pixels
0xACB8, 0xACB8, 0xACB9, 0xACB8, 0xACB9, 0xACB8, 0xACB9, 0xACB8, 0xACB9, 0xACB8, 0xACB9, 0xACB8, 0xAC98, 0xACB8, 0xAC98, 0xACB8,   // 0xB9A0 (47520) pixels
0xA498, 0xA498, 0xA498, 0xA498, 0xA498, 0xA498, 0xA498, 0xA498, 0xAC99, 0xAC99, 0xAC98, 0xAC99, 0xA499, 0xA478, 0xA478, 0xA458,   // 0xB9B0 (47536) pixels
0xA458, 0x9C38, 0x9C38, 0x9C38, 0x9C37, 0x9417, 0x93F7, 0x93D7, 0x8BD6, 0x8BB6, 0x8375, 0x7B55, 0x7B34, 0x7314, 0x72F3, 0x6AD3,   // 0xB9C0 (47552) pixels
0x6292, 0x6272, 0x5A31, 0x5A31, 0x5211, 0x5210, 0x51F0, 0x51F0, 0x51F0, 0x49D0, 0x49CF, 0x49F0, 0x5210, 0x5210, 0x5210, 0x49EF,   // 0xB9D0 (47568) pixels
0x418E, 0x396E, 0x41AE, 0x420F, 0x4A70, 0x5B12, 0x7C15, 0x9D19, 0x94F8, 0x94D7, 0x7C14, 0x6392, 0x6392, 0x6BD3, 0x7C95, 0x9558,   // 0xB9E0 (47584) pixels
0x9DDA, 0x9DFA, 0x9E1B, 0x9DFA, 0x9DFA, 0x961A, 0x961A, 0x95FA, 0x961A, 0x961A, 0x961A, 0x961A, 0x961A, 0x961A, 0x961A, 0x961A,   // 0xB9F0 (47600) pixels
0x961A, 0x961A, 0x961A, 0x961A, 0x961A, 0x961A, 0x961A, 0x961A, 0x95FA, 0x95FA, 0x95FA, 0x961A, 0x95FB, 0x95FB, 0x95FB, 0x95FB,   // 0xBA00 (47616) pixels
0x95FA, 0x9DFB, 0x9DFB, 0x9DDB, 0x9DBB, 0x9D7A, 0x8CD8, 0x7C15, 0x6B53, 0x6312, 0x62D2, 0x6AD3, 0x72D3, 0x72D3, 0x72F4, 0x7B14,   // 0xBA10 (47632) pixels
0x8395, 0x83B5, 0x8BF6, 0x9417, 0x9417, 0x9417, 0x9417, 0x9417, 0x93F6, 0x93F6, 0x8BF6, 0x8BF6, 0x9417, 0x9457, 0x9C98, 0xA4D9,   // 0xBA20 (47648) pixels
0x9CB8, 0x9CD8, 0x9CD8, 0xA4D8, 0xA4D9, 0xA4D9, 0xA4D9, 0xA4D9, 0xACD9, 0xACD9, 0xA4B9, 0xA4B9, 0xA499, 0x9C98, 0x9C78, 0x9477,   // 0xBA30 (47664) pixels
0x9477, 0x94B8, 0x8C97, 0x8497, 0x8CD8, 0x9D5A, 0x9DBB, 0xA61C, 0xA61C, 0x9DFB, 0x95DA, 0x95FB, 0x9E1B, 0x9E1B, 0x961B, 0x95FB,   // 0xBA40 (47680) pixels
0x95FB, 0x95FB, 0x961B, 0x961B, 0x961B, 0x961B, 0x961B, 0x961B, 0x95FA, 0x95FA, 0x95FA, 0x95FA, 0x95FA, 0x95FA, 0x95FA, 0x961A,   // 0xBA50 (47696) pixels
0x961A, 0x961A, 0x961A, 0x95F9, 0x95D9, 0xA5F9, 0xB65B, 0xC6BC, 0xDF5E, 0xDF3D, 0xD6DC, 0xD6BB, 0xD6BB, 0xDEFC, 0xE71C, 0xDEFC,   // 0xBA60 (47712) pixels
0xD6BC, 0xC65A, 0xB619, 0xADF9, 0xA5F9, 0x9DF9, 0x9DFA, 0x9DFA, 0x9DFA, 0x95FA, 0x9DDA, 0x9DDA, 0x9DDA, 0x95FA, 0x9DFB, 0x9DDB,   // 0xBA70 (47728) pixels
0xA5DB, 0xA57A, 0x9D19, 0x94B8, 0x9457, 0x8C36, 0x9417, 0x9417, 0x93F7, 0x93F7, 0x93F7, 0x9417, 0x9C37, 0x9C37, 0x9437, 0x9437,   // 0xBA80 (47744) pixels
0x9C37, 0x9C37, 0x9C37, 0x9C57, 0x9C57, 0x9C57, 0x9C57, 0x9C57, 0x9C57, 0x9C57, 0x9C37, 0x9C58, 0x9C58, 0x9C38, 0x9C38, 0x9C38,   // 0xBA90 (47760) pixels
0x9C38, 0x9C38, 0x9C38, 0x9C38, 0x9C38, 0x9C38, 0x9C38, 0x9C38, 0x9C38, 0x9C38, 0x9C38, 0xA458, 0xA458, 0xA458, 0xA458, 0xA458,   // 0xBAA0 (47776) pixels
0x9C58, 0x9C58, 0x9C58, 0x9C58, 0x9C58, 0x9C58, 0x9C58, 0x9C58, 0xA458, 0xA458, 0xA458, 0xA458, 0xA458, 0x9C58, 0x9C58, 0x9C58,   // 0xBAB0 (47792) pixels
0xA458, 0xA458, 0xA458, 0xA458, 0xA458, 0xA458, 0xA458, 0xA458, 0xA458, 0xA458, 0xA458, 0xA458, 0xA458, 0xA458, 0xA458, 0xA458,   // 0xBAC0 (47808) pixels
0xA458, 0xA458, 0xA458, 0x9C58, 0xA458, 0xA458, 0xA458, 0x9C58, 0xA458, 0xA478, 0xA478, 0xA478, 0xA478, 0xA478, 0xA478, 0x9C77,   // 0xBAD0 (47824) pixels
0xA478, 0xA478, 0xA478, 0xA478, 0xA478, 0xA478, 0xA478, 0xA478, 0xA478, 0xA478, 0xA478, 0xA478, 0xA478, 0xA478, 0xA478, 0xA478,   // 0xBAE0 (47840) pixels
0xA478, 0xA477, 0xA478, 0xA478, 0xA478, 0xA478, 0xA478, 0x9C58, 0xA458, 0xA458, 0xA458, 0xA458, 0x9C38, 0x9C37, 0x9C17, 0x93F7,   // 0xBAF0 (47856) pixels
0x93F7, 0x93F7, 0x93F7, 0x93D7, 0x93D7, 0x8BB6, 0x8B96, 0x8396, 0x8375, 0x8355, 0x7B34, 0x7314, 0x72F4, 0x6AD3, 0x6AB3, 0x6A92,   // 0xBB00 (47872) pixels
0x5A52, 0x5A51, 0x5A31, 0x5211, 0x5210, 0x5210, 0x51F0, 0x49F0, 0x49F0, 0x49F0, 0x49F0, 0x5210, 0x5231, 0x5230, 0x5210, 0x49CF,   // 0xBB10 (47888) pixels
0x394D, 0x396D, 0x41CE, 0x4A50, 0x52B1, 0x6373, 0x8497, 0xA59A, 0xA59A, 0x9D59, 0x8496, 0x6BF3, 0x63B2, 0x63B2, 0x7434, 0x8CF7,   // 0xBB20 (47904) pixels
0x9599, 0x9DDA, 0xA61B, 0x9DFB, 0x9DFA, 0x95FA, 0x9DFA, 0x95FA, 0x961A, 0x961A, 0x961A, 0x961A, 0x961A, 0x961A, 0x961A, 0x961A,   // 0xBB30 (47920) pixels
0x961A, 0x961A, 0x961A, 0x961A, 0x961A, 0x961A, 0x961A, 0x961A, 0x961A, 0x961A, 0x961A, 0x961A, 0x95FB, 0x95FB, 0x95FB, 0x95FB,   // 0xBB40 (47936) pixels
0x95FA, 0x9E1B, 0x9DFB, 0x95DB, 0x9DDB, 0xA5DB, 0x955A, 0x8CB7, 0x73B4, 0x6B53, 0x62F3, 0x6AF2, 0x6AD3, 0x6AD3, 0x72D3, 0x7314,   // 0xBB50 (47952) pixels
0x7B74, 0x8395, 0x8BD6, 0x9417, 0x9417, 0x9417, 0x9417, 0x9417, 0x9417, 0x9417, 0x9417, 0x9C37, 0x9C58, 0x9C78, 0xA499, 0xA4B9,   // 0xBB60 (47968) pixels
0xA4D9, 0xA4D8, 0xA4B8, 0xA4B8, 0xACD9, 0xACB9, 0xACB9, 0xACB9, 0xACB9, 0xA499, 0xA498, 0x9C78, 0x9C58, 0x9437, 0x9417, 0x8C16,   // 0xBB70 (47984) pixels
0x8C37, 0x8C57, 0x8C36, 0x8416, 0x8457, 0x8CB8, 0x9539, 0xA5DB, 0xA5FB, 0x9DFB, 0x9DDB, 0x95DA, 0x9DFB, 0x9E1B, 0x9E1B, 0x95FA,   // 0xBB80 (48000) pixels
0x961A, 0x961A, 0x961A, 0x961A, 0x961B, 0x961B, 0x961B, 0x961B, 0x961A, 0x961A, 0x95FA, 0x95FA, 0x961A, 0x961A, 0x961A, 0x961A,   // 0xBB90 (48016) pixels
0x961A, 0x961A, 0x961A, 0x95F9, 0x9DF9, 0xAE3A, 0xC6BC, 0xD6FD, 0xE75E, 0xDEFD, 0xD6BB, 0xD6BB, 0xDEDC, 0xE6FC, 0xDEFC, 0xDEDC,   // 0xBBA0 (48032) pixels
0xCE7B, 0xBE3A, 0xB5F9, 0xADD9, 0xA5F9, 0x9DF9, 0x9DFA, 0x9DFA, 0x95FA, 0x95FA, 0x95DA, 0x95DA, 0x95FA, 0x95FA, 0x9DFB, 0x9DFB,   // 0xBBB0 (48048) pixels
0x9DDB, 0xA5BB, 0x9D7A, 0x9D19, 0x9498, 0x8C36, 0x8BF6, 0x8BD6, 0x8BB6, 0x8BB6, 0x8BB6, 0x8BB6, 0x8BD6, 0x8BD6, 0x8BD6, 0x8BD6,   // 0xBBC0 (48064) pixels
0x8BD6, 0x8BD6, 0x8BD6, 0x8BD6, 0x8BF6, 0x8BF6, 0x8BF6, 0x8BF6, 0x8BF6, 0x8BF6, 0x93F6, 0x93F6, 0x93F6, 0x93F6, 0x93F7, 0x93F7,   // 0xBBD0 (48080) pixels
0x93F7, 0x93F7, 0x93F7, 0x93F7, 0x93F7, 0x93F7, 0x93F7, 0x93F7, 0x93F7, 0x93F7, 0x93F7, 0x93F7, 0x93F7, 0x93F7, 0x93F7, 0x93F7,   // 0xBBE0 (48096) pixels
0x93F7, 0x93F7, 0x93F7, 0x93F7, 0x93F7, 0x93F7, 0x93F7, 0x93F7, 0x93F7, 0x93F7, 0x93F7, 0x93F7, 0x93F7, 0x93F7, 0x93F7, 0x93F7,   // 0xBBF0 (48112) pixels
0x9417, 0x9417, 0x9417, 0x9417, 0x9417, 0x9417, 0x9417, 0x9417, 0x93F7, 0x93F7, 0x93F7, 0x93F7, 0x93F7, 0x93F7, 0x93F7, 0x93F7,   // 0xBC00 (48128) pixels
0x93F7, 0x93F7, 0x93F7, 0x93F7, 0x9417, 0x9417, 0x9417, 0x9417, 0x9437, 0x9437, 0x9437, 0x9C37, 0x9C37, 0x9437, 0x9437, 0x9437,   // 0xBC10 (48144) pixels
0x9417, 0x9437, 0x9417, 0x9417, 0x9417, 0x9417, 0x9417, 0x9417, 0x9417, 0x9417, 0x9C17, 0x9C17, 0x9C17, 0x9C17, 0x9C17, 0x9C17,   // 0xBC20 (48160) pixels
0x9C17, 0x9C37, 0x9C17, 0x9C17, 0x9C17, 0x9417, 0x9417, 0x9417, 0x93F7, 0x93F7, 0x93F7, 0x93F6, 0x93F7, 0x93D6, 0x8BB6, 0x8B95,   // 0xBC30 (48176) pixels
0x8B96, 0x8B96, 0x8B96, 0x8B96, 0x8B76, 0x8375, 0x7B55, 0x7B35, 0x7B14, 0x72F4, 0x72D3, 0x6AB3, 0x6AB3, 0x6A92, 0x6292, 0x6272,   // 0xBC40 (48192) pixels
0x5A51, 0x5231, 0x5211, 0x5211, 0x5211, 0x5210, 0x49F0, 0x49F0, 0x49F0, 0x49F0, 0x4A10, 0x5230, 0x5231, 0x5210, 0x49CF, 0x41AE,   // 0xBC50 (48208) pixels
0x416D, 0x418E, 0x49EF, 0x5291, 0x6332, 0x73F5, 0x8CF8, 0xA5DB, 0xADDB, 0xA5BA, 0x94F7, 0x7C54, 0x6BF3, 0x6B92, 0x73F3, 0x84B6,   // 0xBC60 (48224) pixels
0x8D38, 0x9DBA, 0xA5FB, 0xA5FB, 0x9DDA, 0x95DA, 0x95FA, 0x95FA, 0x961B, 0x961B, 0x961B, 0x961B, 0x961B, 0x961B, 0x961B, 0x961A,   // 0xBC70 (48240) pixels
0x961A, 0x961A, 0x961A, 0x961A, 0x961A, 0x961A, 0x961A, 0x961A, 0x961A, 0x961A, 0x961A, 0x961A, 0x95FB, 0x95FB, 0x95FB, 0x95FB,   // 0xBC80 (48256) pixels
0x95FB, 0x95FB, 0x95FB, 0x95DB, 0x9DFB, 0x9DDB, 0x9DBB, 0x9539, 0x8497, 0x73F5, 0x6B53, 0x6B13, 0x6AF3, 0x6AD3, 0x6AD3, 0x72F4,   // 0xBC90 (48272) pixels
0x7314, 0x7B54, 0x83B6, 0x8BF7, 0x9417, 0x9417, 0x9C37, 0x9C37, 0x9C38, 0x9C58, 0x9C58, 0xA478, 0xA498, 0xA498, 0xA4B9, 0xA4B9,   // 0xBCA0 (48288) pixels
0xACD9, 0xACB9, 0xA4B9, 0xA4B9, 0xACB9, 0xAC99, 0xA499, 0xA499, 0xA478, 0xA458, 0x9C38, 0x9437, 0x93F6, 0x8BF6, 0x8BB6, 0x83B5,   // 0xBCB0 (48304) pixels
0x83B5, 0x83D6, 0x83D6, 0x7BD5, 0x7BD5, 0x7BF5, 0x8457, 0x9519, 0x9D9A, 0x9DBB, 0x9DFB, 0x9DDB, 0x95FA, 0x9E1B, 0x9E1B, 0x95FA,   // 0xBCC0 (48320) pixels
0x961A, 0x961A, 0x961A, 0x961A, 0x961B, 0x961B, 0x961B, 0x961B, 0x961A, 0x961A, 0x95FA, 0x95FA, 0x961A, 0x95FA, 0x95FA, 0x961A,   // 0xBCD0 (48336) pixels
0x961A, 0x963A, 0x961A, 0x95D9, 0x9DF9, 0xB65B, 0xCEDD, 0xDF3E, 0xE73E, 0xDEDC, 0xD69B, 0xD6BB, 0xDEFC, 0xE6FC, 0xDEFC, 0xD6DB,   // 0xBCE0 (48352) pixels
0xC65A, 0xBE3A, 0xADF9, 0xA5F9, 0x9DF9, 0x9DF9, 0x9DFA, 0x9DFA, 0x95FA, 0x95FA, 0x95DA, 0x95DA, 0x95FA, 0x95FB, 0x95FB, 0x9DFB,   // 0xBCF0 (48368) pixels
0x9DDB, 0x9DDB, 0xA5BB, 0x9D5A, 0x94D8, 0x8C57, 0x83F6, 0x83D5, 0x8BB5, 0x8BB5, 0x8B95, 0x8B95, 0x8BB6, 0x8BB6, 0x8BB6, 0x8BB6,   // 0xBD00 (48384) pixels
0x8395, 0x8395, 0x8395, 0x8395, 0x83B5, 0x83B5, 0x83B5, 0x83B5, 0x8395, 0x8395, 0x8395, 0x8395, 0x8B96, 0x8B96, 0x8B96, 0x8B96,   // 0xBD10 (48400) pixels
0x8B96, 0x8B96, 0x8B96, 0x8B96, 0x8B96, 0x8B96, 0x8B96, 0x8B96, 0x8B96, 0x8B96, 0x8B96, 0x8B96, 0x8BB6, 0x8BB6, 0x8BB6, 0x8BB6,   // 0xBD20 (48416) pixels
0x8BB6, 0x8BB6, 0x8BB6, 0x8BB6, 0x8BB6, 0x8BB6, 0x8BB7, 0x8BB6, 0x8BB6, 0x8BB6, 0x8BB6, 0x8BB6, 0x8BB6, 0x8BB6, 0x8BB6, 0x8BB6,   // 0xBD30 (48432) pixels
0x8BB6, 0x8BB6, 0x8BB6, 0x8BB6, 0x8BB6, 0x8BB6, 0x8BB6, 0x8BB6, 0x8BB6, 0x8BB6, 0x8BB6, 0x8BB6, 0x8BB6, 0x8BB6, 0x8B96, 0x8BB6,   // 0xBD40 (48448) pixels
0x8BB6, 0x8BB6, 0x8BB6, 0x8BB6, 0x8BD6, 0x8BD6, 0x8BD7, 0x8BD6, 0x8BD6, 0x8BD6, 0x8BD6, 0x8BD6, 0x8BD6, 0x8BD6, 0x8BD6, 0x8BD6,   // 0xBD50 (48464) pixels
0x8BD6, 0x8BD6, 0x8BD6, 0x8BD6, 0x8BD6, 0x8BD6, 0x8BD6, 0x8BD6, 0x8BD6, 0x8BD6, 0x93D6, 0x93D6, 0x93D6, 0x93D6, 0x93D6, 0x93F6,   // 0xBD60 (48480) pixels
0x8BD6, 0x8BD6, 0x8BD6, 0x8BD6, 0x8BD6, 0x8BD6, 0x8BD6, 0x8BD6, 0x8BB6, 0x8BB6, 0x8BB6, 0x8BB6, 0x8B96, 0x8B95, 0x8355, 0x8355,   // 0xBD70 (48496) pixels
0x8355, 0x8355, 0x8355, 0x8355, 0x7B35, 0x7B14, 0x72F4, 0x72F4, 0x72D3, 0x6AB3, 0x6A93, 0x6292, 0x6272, 0x6272, 0x5A51, 0x5A51,   // 0xBD80 (48512) pixels
0x5231, 0x5231, 0x5211, 0x5210, 0x5210, 0x49F0, 0x49F0, 0x49D0, 0x49F0, 0x49F0, 0x4A10, 0x5210, 0x49F0, 0x41CF, 0x418E, 0x394D,   // 0xBD90 (48528) pixels
0x49CF, 0x49EF, 0x5250, 0x5AF2, 0x6BD4, 0x8497, 0x957A, 0xA5FB, 0xA5FB, 0xA5DA, 0x9538, 0x8475, 0x73F3, 0x6B92, 0x6BB2, 0x8475,   // 0xBDA0 (48544) pixels
0x8CF7, 0x9D79, 0xA5FB, 0xA5FB, 0x9DBA, 0x95DA, 0x9DFA, 0x9DFA, 0x95FB, 0x961B, 0x961B, 0x961B, 0x961B, 0x961B, 0x961B, 0x961B,   // 0xBDB0 (48560) pixels
0x961A, 0x961A, 0x961A, 0x961A, 0x961A, 0x961A, 0x961A, 0x961A, 0x961A, 0x961A, 0x961A, 0x961A, 0x95FB, 0x95FB, 0x95FB, 0x95FB,   // 0xBDC0 (48576) pixels
0x95FB, 0x95FB, 0x95FB, 0x95FB, 0x9DFB, 0x95DB, 0x9DBB, 0x9D9B, 0x9D7A, 0x8498, 0x73B5, 0x6B33, 0x6AF3, 0x62B3, 0x6AB3, 0x6AD3,   // 0xBDD0 (48592) pixels
0x6AD3, 0x7333, 0x7B95, 0x8BD6, 0x9417, 0x9C38, 0x9C58, 0xA458, 0xA479, 0xA479, 0xA478, 0xA478, 0xA498, 0xACB9, 0xACB9, 0xACD9,   // 0xBDE0 (48608) pixels
0xACD9, 0xACB9, 0xA499, 0xA499, 0xAC99, 0xAC99, 0xA499, 0xA478, 0xA458, 0x9C38, 0x9417, 0x93F7, 0x8BD6, 0x83B5, 0x8375, 0x7B75,   // 0xBDF0 (48624) pixels
0x7B54, 0x8375, 0x8395, 0x7B95, 0x7374, 0x6B53, 0x73B4, 0x8477, 0x9539, 0xA5BB, 0xA5FC, 0x9DDB, 0x95DA, 0x9E1B, 0x9E1B, 0x95FA,   // 0xBE00 (48640) pixels
0x9DFA, 0x9DFA, 0x961A, 0x961A, 0x961B, 0x961B, 0x961B, 0x961B, 0x95FA, 0x95FA, 0x95FA, 0x95FA, 0x961A, 0x9DFA, 0x9DFA, 0x95FA,   // 0xBE10 (48656) pixels
0x961A, 0x95FA, 0x95F9, 0x9DF9, 0xAE3A, 0xC6BC, 0xD71D, 0xE73D, 0xE71D, 0xDEBC, 0xD69B, 0xDEBB, 0xE71C, 0xE73D, 0xDEFC, 0xD6BB,   // 0xBE20 (48672) pixels
0xBE3A, 0xB5F9, 0xADD9, 0xA5D9, 0xA5F9, 0x9DFA, 0x9DFA, 0x95FA, 0x95FA, 0x95FA, 0x95FA, 0x95FA, 0x95FB, 0x95FB, 0x95FB, 0x95FB,   // 0xBE30 (48688) pixels
0x95DB, 0x9DFB, 0x9DFB, 0x9DBB, 0x9539, 0x8CB8, 0x8C36, 0x83D5, 0x8BD6, 0x8BD6, 0x8B95, 0x8B95, 0x8375, 0x8375, 0x8375, 0x8375,   // 0xBE40 (48704) pixels
0x8375, 0x8375, 0x8395, 0x8375, 0x8375, 0x8375, 0x8375, 0x8375, 0x8395, 0x8395, 0x8375, 0x8375, 0x8375, 0x8375, 0x8375, 0x8375,   // 0xBE50 (48720) pixels
0x8375, 0x8375, 0x8375, 0x8375, 0x8375, 0x8375, 0x8375, 0x8375, 0x8375, 0x8375, 0x8375, 0x8375, 0x8375, 0x8375, 0x8375, 0x8375,   // 0xBE60 (48736) pixels
0x8375, 0x8375, 0x8375, 0x8375, 0x8375, 0x8376, 0x8376, 0x8376, 0x8376, 0x8375, 0x8395, 0x8395, 0x8395, 0x8395, 0x8395, 0x8375,   // 0xBE70 (48752) pixels
0x8375, 0x8375, 0x8395, 0x8395, 0x8395, 0x8395, 0x8395, 0x8395, 0x8375, 0x8395, 0x8395, 0x8396, 0x8396, 0x8376, 0x8376, 0x8376,   // 0xBE80 (48768) pixels
0x8375, 0x8396, 0x8396, 0x8395, 0x8375, 0x8395, 0x8395, 0x8395, 0x8395, 0x8395, 0x8395, 0x8395, 0x8395, 0x8395, 0x8395, 0x8395,   // 0xBE90 (48784) pixels
0x8395, 0x8395, 0x8395, 0x8395, 0x8395, 0x8395, 0x8395, 0x8395, 0x8395, 0x8395, 0x8395, 0x8395, 0x8395, 0x8B95, 0x8395, 0x8395,   // 0xBEA0 (48800) pixels
0x8395, 0x8395, 0x8395, 0x8395, 0x8395, 0x8395, 0x8395, 0x8375, 0x8375, 0x8375, 0x8355, 0x8355, 0x8355, 0x8354, 0x7B34, 0x7B14,   // 0xBEB0 (48816) pixels
0x7B14, 0x7B14, 0x7AF4, 0x7AF4, 0x72F4, 0x72D4, 0x72D3, 0x6AB3, 0x6AB3, 0x6A93, 0x6272, 0x6252, 0x6252, 0x6252, 0x5A31, 0x5211,   // 0xBEC0 (48832) pixels
0x5230, 0x5230, 0x5231, 0x5211, 0x5211, 0x4A10, 0x49F0, 0x49F0, 0x49F0, 0x49F0, 0x4A10, 0x49F0, 0x41AE, 0x396D, 0x398E, 0x41AE,   // 0xBED0 (48848) pixels
0x4A0F, 0x5250, 0x5AB1, 0x6373, 0x7C76, 0x9559, 0x9DBB, 0x9DDA, 0xA5DB, 0x9DBA, 0x9D79, 0x8CF7, 0x7C34, 0x6B92, 0x6B92, 0x73D3,   // 0xBEE0 (48864) pixels
0x84B6, 0x9559, 0xA5BA, 0x9DBA, 0x9DBA, 0x9DDA, 0x9DFB, 0x9DFB, 0x95FB, 0x961B, 0x961B, 0x95FB, 0x95FB, 0x961B, 0x9E1B, 0x95FB,   // 0xBEF0 (48880) pixels
0x9E1A, 0x9E1A, 0x961A, 0x961A, 0x95FA, 0x95FA, 0x961A, 0x961A, 0x961A, 0x961A, 0x9E1A, 0x9E1A, 0x9E1B, 0x95FB, 0x95FB, 0x95FB,   // 0xBF00 (48896) pixels
0x95FB, 0x95FB, 0x95FB, 0x95FB, 0x95FB, 0x9DFB, 0x9DFB, 0x9DFC, 0x9DBB, 0x9519, 0x8478, 0x73B5, 0x6B13, 0x62B3, 0x6293, 0x6AF3,   // 0xBF10 (48912) pixels
0x7313, 0x7354, 0x83B5, 0x9417, 0x9C38, 0xA478, 0xA478, 0xA478, 0xAC99, 0xAC99, 0xAC99, 0xAC99, 0xACB9, 0xAC99, 0xAC99, 0xA499,   // 0xBF20 (48928) pixels
0xACB9, 0xA499, 0xA499, 0xA479, 0xA478, 0x9C58, 0x9C38, 0x9C38, 0x93F7, 0x93D7, 0x8BB6, 0x8BB6, 0x8395, 0x7B75, 0x7B54, 0x7B34,   // 0xBF30 (48944) pixels
0x7314, 0x7313, 0x7B34, 0x7B75, 0x7354, 0x6312, 0x6332, 0x6B93, 0x7C56, 0xA5BB, 0xA5DB, 0x9DDB, 0x9E1B, 0x9DFB, 0x95FB, 0x9E1B,   // 0xBF40 (48960) pixels
0x9DFA, 0x9DFA, 0x961A, 0x961A, 0x961B, 0x961B, 0x961B, 0x961B, 0x95FA, 0x95FA, 0x95FA, 0x9DFA, 0x9E1A, 0x9E1A, 0x9DFA, 0x95F9,   // 0xBF50 (48976) pixels
0x95F9, 0x95F9, 0x9DF9, 0xA619, 0xBE9B, 0xD6FD, 0xDF5E, 0xE75E, 0xDEFC, 0xDEBB, 0xDE9B, 0xDEDB, 0xE71C, 0xE71C, 0xD6DC, 0xCE7B,   // 0xBF60 (48992) pixels
0xBE19, 0xB5F9, 0xA5D8, 0xA5D8, 0x9DF9, 0x9DF9, 0x95F9, 0x95FA, 0x95FA, 0x95FA, 0x95FA, 0x95FA, 0x95FB, 0x95FB, 0x95FB, 0x95FB,   // 0xBF70 (49008) pixels
0x95FB, 0x961B, 0x9DFB, 0x9DDB, 0x9D7A, 0x9519, 0x8C77, 0x8416, 0x83F6, 0x83B5, 0x8395, 0x8354, 0x8355, 0x8355, 0x8355, 0x8355,   // 0xBF80 (49024) pixels
0x7B54, 0x7B54, 0x7B54, 0x7B54, 0x7B54, 0x7B55, 0x7B55, 0x7B55, 0x7B55, 0x7B55, 0x7B55, 0x7B55, 0x7B55, 0x7B34, 0x7B34, 0x7B35,   // 0xBF90 (49040) pixels
0x7B55, 0x7B55, 0x7B55, 0x7B55, 0x7B35, 0x7B35, 0x7B35, 0x7B35, 0x7B35, 0x7B35, 0x7B35, 0x7B35, 0x7B35, 0x7B35, 0x7B35, 0x7B35,   // 0xBFA0 (49056) pixels
0x7B35, 0x7B35, 0x7B35, 0x7B35, 0x7B55, 0x7B55, 0x7B55, 0x7B55, 0x7B55, 0x7B55, 0x7B55, 0x7B55, 0x7B55, 0x8374, 0x7B54, 0x7B54,   // 0xBFB0 (49072) pixels
0x7B75, 0x7B75, 0x7B75, 0x7B74, 0x8375, 0x8375, 0x7B74, 0x7B54, 0x8375, 0x8375, 0x8375, 0x8375, 0x7B55, 0x7B55, 0x8355, 0x7B55,   // 0xBFC0 (49088) pixels
0x7B55, 0x7B55, 0x7B55, 0x7B55, 0x8375, 0x8375, 0x7B55, 0x7B55, 0x7B55, 0x7B54, 0x7B55, 0x7B55, 0x7B55, 0x7B54, 0x7B55, 0x7B54,   // 0xBFD0 (49104) pixels
0x7B54, 0x7B54, 0x7B55, 0x7B54, 0x7B55, 0x7B54, 0x7B55, 0x7B54, 0x7B55, 0x7B54, 0x7B55, 0x7B54, 0x8355, 0x8355, 0x8355, 0x8355,   // 0xBFE0 (49120) pixels
0x7B55, 0x7B55, 0x8355, 0x8355, 0x7B55, 0x7B55, 0x7B55, 0x7B55, 0x7B55, 0x7B34, 0x7B34, 0x7B34, 0x7B14, 0x7B14, 0x7AF4, 0x72F3,   // 0xBFF0 (49136) pixels
0x72D4, 0x72D4, 0x72D4, 0x72D4, 0x72D3, 0x6AB3, 0x6AB3, 0x6A93, 0x6272, 0x6272, 0x5A52, 0x5A52, 0x5A31, 0x5A31, 0x5A11, 0x5210,   // 0xC000 (49152) pixels
0x5230, 0x5230, 0x4A10, 0x4A10, 0x4A10, 0x49F0, 0x49F0, 0x49F0, 0x49F0, 0x49EF, 0x41CF, 0x39AE, 0x396D, 0x396D, 0x41CE, 0x4A30,   // 0xC010 (49168) pixels
0x4A2F, 0x5291, 0x6333, 0x7415, 0x8CF8, 0x9DBB, 0xA5FB, 0x9DFB, 0xA61B, 0xA5DB, 0x9D9A, 0x9538, 0x8455, 0x73B3, 0x6B72, 0x6B93,   // 0xC020 (49184) pixels
0x7C35, 0x94F8, 0x9D7A, 0xA59A, 0xA5BB, 0x9DDA, 0x9DBA, 0x95DA, 0x9DFB, 0x9E1B, 0x9E1B, 0x95FB, 0x95FB, 0x961B, 0x95FB, 0x95FA,   // 0xC030 (49200) pixels
0x9E1A, 0x9E1A, 0x961A, 0x961A, 0x95FA, 0x95FA, 0x961A, 0x961A, 0x9E1B, 0x9E1B, 0x9E1A, 0x9E1A, 0x9E1B, 0x95FB, 0x95FB, 0x95FB,   // 0xC040 (49216) pixels
0x95FB, 0x95FB, 0x95FB, 0x95FB, 0x95FB, 0x95FB, 0x9DDB, 0x9DDB, 0xA5DB, 0x9D7A, 0x94F9, 0x8436, 0x7374, 0x6B14, 0x7314, 0x7B76,   // 0xC050 (49232) pixels
0x83D6, 0x8BF6, 0x9417, 0x9C58, 0xA479, 0xA499, 0xA499, 0xA499, 0xAC99, 0xAC99, 0xAC99, 0xAC99, 0xAC99, 0xA499, 0xA478, 0xA478,   // 0xC060 (49248) pixels
0xA478, 0x9C78, 0x9C58, 0x9C37, 0x9C37, 0x9417, 0x93F7, 0x8BD6, 0x8BB6, 0x8BB6, 0x8396, 0x8375, 0x7B55, 0x7B34, 0x7314, 0x7314,   // 0xC070 (49264) pixels
0x6AD3, 0x72D3, 0x72D3, 0x7313, 0x7313, 0x6B13, 0x5AD2, 0x52D1, 0x6B73, 0x8CD8, 0x9D5A, 0xA5DB, 0xA61C, 0x9DDA, 0x95FA, 0x9E1B,   // 0xC080 (49280) pixels
0x9DFA, 0x9DFA, 0x961A, 0x961A, 0x961B, 0x961B, 0x961B, 0x961B, 0x95FB, 0x95FA, 0x95FA, 0x9DFA, 0x9DFA, 0x9E1A, 0x9DFA, 0x9DF9,   // 0xC090 (49296) pixels
0x9DD9, 0x9DF9, 0xA5F9, 0xB65A, 0xC6BC, 0xD73D, 0xE73D, 0xE73D, 0xDEDB, 0xDEBB, 0xDEBB, 0xDEFC, 0xE71D, 0xDEFC, 0xD6BB, 0xC65A,   // 0xC0A0 (49312) pixels
0xBE19, 0xADF9, 0xA5D8, 0xA5D9, 0x9DF9, 0x9DF9, 0x95FA, 0x95FA, 0x95FA, 0x95FA, 0x95FA, 0x95FB, 0x95FB, 0x95FB, 0x95FA, 0x95FB,   // 0xC0B0 (49328) pixels
0x961B, 0x961B, 0x95FB, 0x9DFB, 0x9DDB, 0x9D9A, 0x94F8, 0x8C77, 0x8415, 0x83D5, 0x7B94, 0x7B74, 0x7B54, 0x8354, 0x8355, 0x7B55,   // 0xC0C0 (49344) pixels
0x7B54, 0x7B54, 0x7B55, 0x7B54, 0x7B54, 0x7B55, 0x7B55, 0x7B55, 0x7B35, 0x7B34, 0x7B35, 0x7B34, 0x7B34, 0x7B34, 0x7B35, 0x7B35,   // 0xC0D0 (49360) pixels
0x7B35, 0x7B35, 0x7B35, 0x7B35, 0x7B35, 0x7B35, 0x7B34, 0x7B34, 0x7B34, 0x7B34, 0x7B34, 0x7B34, 0x7B34, 0x7B35, 0x7B35, 0x7B35,   // 0xC0E0 (49376) pixels
0x7B35, 0x7B35, 0x7B35, 0x7B35, 0x7B35, 0x7B35, 0x7B35, 0x7B35, 0x7B34, 0x7B34, 0x7B34, 0x7B34, 0x7B34, 0x7333, 0x7333, 0x7333,   // 0xC0F0 (49392) pixels
0x7333, 0x7333, 0x7333, 0x7333, 0x7333, 0x7353, 0x7333, 0x7312, 0x7313, 0x7313, 0x7313, 0x7313, 0x7334, 0x7334, 0x7314, 0x7314,   // 0xC100 (49408) pixels
0x7334, 0x7314, 0x7314, 0x7314, 0x7314, 0x7314, 0x7314, 0x7314, 0x7314, 0x7314, 0x7314, 0x7314, 0x7314, 0x7314, 0x7314, 0x7314,   // 0xC110 (49424) pixels
0x7314, 0x7314, 0x7314, 0x7314, 0x7314, 0x7314, 0x7314, 0x7314, 0x7314, 0x7314, 0x7314, 0x7314, 0x7314, 0x7B34, 0x7314, 0x7314,   // 0xC120 (49440) pixels
0x7314, 0x7314, 0x7314, 0x7314, 0x7314, 0x7314, 0x7314, 0x7314, 0x72F4, 0x72F4, 0x72F4, 0x72F3, 0x72F4, 0x72F3, 0x72D3, 0x6AD3,   // 0xC130 (49456) pixels
0x6AB3, 0x6AB3, 0x6AB3, 0x6AB3, 0x6AB3, 0x6A93, 0x6272, 0x6272, 0x6252, 0x6252, 0x5A52, 0x5A51, 0x5A31, 0x5A31, 0x5211, 0x5210,   // 0xC140 (49472) pixels
0x5210, 0x4A10, 0x4A10, 0x4A10, 0x4A10, 0x4A10, 0x4A10, 0x49F0, 0x41AE, 0x398E, 0x396E, 0x316D, 0x398E, 0x39CE, 0x4A30, 0x5271,   // 0xC150 (49488) pixels
0x5270, 0x6312, 0x73F5, 0x8CD8, 0x9D9A, 0xA5FC, 0xA61C, 0x9DFB, 0x9DDA, 0x9DDA, 0xA5BA, 0x9D59, 0x8C97, 0x73D4, 0x6B52, 0x6B52,   // 0xC160 (49504) pixels
0x7BF5, 0x8CB7, 0xA55A, 0xA5BB, 0xADFC, 0xA5FC, 0xA5FB, 0x9DFB, 0x9DDB, 0x9DFB, 0x95FB, 0x95FB, 0x95FA, 0x95FB, 0x9DFA, 0x95DA,   // 0xC170 (49520) pixels
0x9E1A, 0x9E1A, 0x9DFA, 0x9DFA, 0x9DFA, 0x9DFA, 0x9DFA, 0x9DFA, 0x9DFA, 0x9DFA, 0x9DFA, 0x9DFA, 0x9DFA, 0x9DFA, 0x9DFA, 0x95FB,   // 0xC180 (49536) pixels
0x95DA, 0x95FB, 0x95FB, 0x95FB, 0x9DFA, 0x9DFA, 0x9DDA, 0x9DDA, 0xA5BA, 0xA59A, 0xA57A, 0x94D9, 0x8C37, 0x83D6, 0x83B6, 0x8BF7,   // 0xC190 (49552) pixels
0x9C78, 0x9C78, 0xA478, 0xA499, 0xA499, 0xA4B9, 0xAC99, 0xACB9, 0xAC99, 0xA499, 0xAC99, 0xA479, 0xA479, 0xA478, 0xA458, 0x9C58,   // 0xC1A0 (49568) pixels
0x9C37, 0x9437, 0x9417, 0x93F7, 0x8BD6, 0x8BD6, 0x8BB6, 0x8395, 0x8375, 0x7B75, 0x7B55, 0x7334, 0x7314, 0x7313, 0x6AF3, 0x6AD3,   // 0xC1B0 (49584) pixels
0x6AB2, 0x6AB2, 0x6292, 0x62B2, 0x6AD3, 0x6B13, 0x5AB1, 0x420E, 0x52B0, 0x6B94, 0x84B7, 0xA5BB, 0xA61C, 0x9DDB, 0x9DDB, 0x9DFB,   // 0xC1C0 (49600) pixels
0x9DFA, 0x9DFA, 0x961A, 0x961A, 0x961B, 0x961B, 0x961B, 0x961B, 0x9E1B, 0x9E1A, 0x9DFA, 0x9DFA, 0x9DDA, 0x9DFA, 0xA61A, 0xA61A,   // 0xC1D0 (49616) pixels
0xAE3A, 0xB63B, 0xBE7B, 0xC6BC, 0xD6FD, 0xDF3D, 0xE73D, 0xE71C, 0xDEFC, 0xDEDC, 0xDEDC, 0xDEFC, 0xDEFC, 0xDEFC, 0xD69B, 0xC67A,   // 0xC1E0 (49632) pixels
0xBE3A, 0xB619, 0xA5F9, 0x9DD8, 0x9DF9, 0x95F9, 0x95F9, 0x95FA, 0x95FA, 0x95FA, 0x95FB, 0x95FB, 0x95FB, 0x95FA, 0x961A, 0x961A,   // 0xC1F0 (49648) pixels
0x961B, 0x95FA, 0x95FB, 0x95FB, 0x9DFB, 0xA5DB, 0x9D79, 0x8CF8, 0x8476, 0x8436, 0x7BD5, 0x7B94, 0x7B74, 0x8374, 0x7B55, 0x7B55,   // 0xC200 (49664) pixels
0x7B55, 0x7B54, 0x7B54, 0x7B34, 0x7334, 0x7314, 0x7334, 0x7314, 0x7314, 0x7314, 0x7314, 0x7B14, 0x7B14, 0x7B34, 0x7B34, 0x7B34,   // 0xC210 (49680) pixels
0x7B34, 0x7B34, 0x7B14, 0x7B14, 0x7314, 0x7314, 0x7314, 0x7314, 0x7314, 0x7314, 0x7314, 0x7314, 0x7314, 0x7B14, 0x7B14, 0x7334,   // 0xC220 (49696) pixels
0x7334, 0x7334, 0x7334, 0x7315, 0x7315, 0x7315, 0x7315, 0x7334, 0x7314, 0x7314, 0x7334, 0x7334, 0x7313, 0x7312, 0x7313, 0x7333,   // 0xC230 (49712) pixels
0x7B73, 0x83B4, 0x8C15, 0x9436, 0x9456, 0x9C76, 0x9456, 0x9436, 0x83B4, 0x7B73, 0x7332, 0x72F2, 0x6AF2, 0x6AF2, 0x6AF2, 0x6AF3,   // 0xC240 (49728) pixels
0x7313, 0x6AF3, 0x6AF3, 0x6AD3, 0x6AD3, 0x6AD3, 0x6AD3, 0x72F3, 0x6AF3, 0x6AF3, 0x72F3, 0x72F3, 0x72F3, 0x72F3, 0x72F3, 0x72F3,   // 0xC250 (49744) pixels
0x72F3, 0x6AF3, 0x72F4, 0x72F3, 0x72F4, 0x72F3, 0x72F4, 0x72F3, 0x72F3, 0x72D3, 0x72D3, 0x72D3, 0x72F4, 0x72F3, 0x72F4, 0x72F3,   // 0xC260 (49760) pixels
0x72F3, 0x72F3, 0x72F4, 0x72F4, 0x72F4, 0x72F3, 0x72D4, 0x72D3, 0x72D3, 0x6AD3, 0x6AD3, 0x6AB3, 0x6AD3, 0x6AB3, 0x6AB3, 0x6AB3,   // 0xC270 (49776) pixels
0x6A93, 0x6A93, 0x6A93, 0x6A93, 0x6293, 0x6272, 0x6252, 0x5A52, 0x5A52, 0x5A52, 0x5A51, 0x5A31, 0x5A31, 0x5211, 0x5211, 0x5210,   // 0xC280 (49792) pixels
0x5210, 0x4A10, 0x5230, 0x5230, 0x5230, 0x4A10, 0x49F0, 0x41EF, 0x316D, 0x314D, 0x316D, 0x39AE, 0x420F, 0x4A50, 0x4A50, 0x5270,   // 0xC290 (49808) pixels
0x5B12, 0x73D4, 0x8CB8, 0x955A, 0x9DDB, 0x9DFB, 0x9DFB, 0x95DA, 0x9DDA, 0x9DDA, 0xA5BA, 0x9D39, 0x8456, 0x6B52, 0x5AB0, 0x5290,   // 0xC2A0 (49824) pixels
0x6312, 0x7394, 0x8436, 0x8CB7, 0x9539, 0x9D7A, 0x9D9A, 0x9DDB, 0x9DDB, 0x9DFB, 0x9DFB, 0x95FA, 0x95DA, 0x95FA, 0x9DFA, 0x95FA,   // 0xC2B0 (49840) pixels
0x9E1A, 0x9DFA, 0x9DFA, 0x9DFA, 0x9DFA, 0x9DFA, 0x9DFA, 0x9DFA, 0x95FA, 0x95FA, 0x9DFA, 0x9DFA, 0x9DFB, 0x9DFA, 0x9DFA, 0x95FA,   // 0xC2C0 (49856) pixels
0x95DA, 0x95DA, 0x95FA, 0x9DFA, 0x9DFA, 0x9DDA, 0x9DDA, 0xA5DA, 0xA5BA, 0x9D79, 0xA539, 0x9CD8, 0x9498, 0x9478, 0x9438, 0x9C58,   // 0xC2D0 (49872) pixels
0x9C78, 0xA478, 0xA478, 0xA499, 0xA499, 0xA499, 0xAC99, 0xAC99, 0xA499, 0xA499, 0xA478, 0xA458, 0xA458, 0x9C38, 0x9C37, 0x9C17,   // 0xC2E0 (49888) pixels
0x93F7, 0x93F7, 0x8BD6, 0x8BB6, 0x8395, 0x8395, 0x8375, 0x7B75, 0x7334, 0x7334, 0x7314, 0x7314, 0x6AF3, 0x6AF3, 0x6AD3, 0x6AB3,   // 0xC2F0 (49904) pixels
0x6A92, 0x6292, 0x6271, 0x6271, 0x6AD2, 0x6AF3, 0x5AB1, 0x4A2F, 0x4A70, 0x4AB0, 0x6BD4, 0x9539, 0xA5DB, 0x9DDB, 0x9DFB, 0x9DFB,   // 0xC300 (49920) pixels
0x961A, 0x961A, 0x961A, 0x961A, 0x961B, 0x961B, 0x961B, 0x961B, 0x95FB, 0x9E1A, 0x9DFA, 0x9DD9, 0x9DB9, 0xA5DA, 0xAE1A, 0xB65B,   // 0xC310 (49936) pixels
0xCEDD, 0xCEFD, 0xD73E, 0xDF3E, 0xE75E, 0xE75E, 0xE75D, 0xE73D, 0xE71C, 0xE71C, 0xE6FC, 0xDEFC, 0xDEFC, 0xD6DC, 0xD6BC, 0xCE9B,   // 0xC320 (49952) pixels
0xBE5A, 0xB63A, 0xADF9, 0xA5F9, 0x9DD9, 0x95D9, 0x95D9, 0x95FA, 0x9DFA, 0x9DFA, 0x9DFA, 0x95FA, 0x95FA, 0x95FA, 0x961A, 0x961A,   // 0xC330 (49968) pixels
0x95FA, 0x95FA, 0x95FA, 0x95FA, 0x9DFB, 0x9DFB, 0x9DBA, 0x9579, 0x9518, 0x8CB7, 0x8436, 0x7BD5, 0x7B94, 0x7B74, 0x7B75, 0x7B75,   // 0xC340 (49984) pixels
0x7B54, 0x7B54, 0x7B34, 0x7334, 0x7314, 0x7314, 0x72F4, 0x72F4, 0x72F4, 0x72F4, 0x72F4, 0x7314, 0x7314, 0x7314, 0x7314, 0x7314,   // 0xC350 (50000) pixels
0x7314, 0x7314, 0x7314, 0x7314, 0x7314, 0x7314, 0x7314, 0x7314, 0x72F4, 0x7314, 0x7314, 0x7314, 0x7314, 0x7314, 0x7314, 0x7314,   // 0xC360 (50016) pixels
0x7314, 0x7314, 0x7314, 0x7314, 0x7314, 0x7314, 0x7314, 0x7314, 0x7314, 0x7314, 0x7333, 0x7313, 0x7312, 0x6B12, 0x7333, 0x7B73,   // 0xC370 (50032) pixels
0x9435, 0xA4F8, 0xC5BB, 0xCE3C, 0xD65D, 0xD65C, 0xCE1C, 0xC5DB, 0xB559, 0xA4F8, 0x9456, 0x83B4, 0x7352, 0x6AF2, 0x62D1, 0x62B1,   // 0xC380 (50048) pixels
0x62B2, 0x62B2, 0x62B2, 0x62B2, 0x62B2, 0x6292, 0x62B2, 0x6AD3, 0x6AB3, 0x6AB3, 0x6AB3, 0x6AD3, 0x6AD3, 0x6AD3, 0x6AB3, 0x6AB3,   // 0xC390 (50064) pixels
0x6AD3, 0x62D3, 0x6AB3, 0x6AD3, 0x6AB3, 0x6AD3, 0x6AB3, 0x6AD3, 0x6AB3, 0x6AB3, 0x6AB3, 0x6AB3, 0x6AB3, 0x6AD3, 0x6AB3, 0x6AB3,   // 0xC3A0 (50080) pixels
0x6AB3, 0x6AB3, 0x6AB3, 0x6AB3, 0x6AB3, 0x6AB3, 0x6AB3, 0x6AB3, 0x6AB3, 0x6AB3, 0x6A93, 0x6AB3, 0x6AB3, 0x6AB3, 0x6AB3, 0x6292,   // 0xC3B0 (50096) pixels
0x6292, 0x6292, 0x6292, 0x6292, 0x6272, 0x6272, 0x5A51, 0x5A31, 0x5A31, 0x5A31, 0x5A31, 0x5231, 0x5210, 0x5231, 0x5231, 0x5231,   // 0xC3C0 (50112) pixels
0x5230, 0x5230, 0x4A10, 0x49EF, 0x49EF, 0x41CF, 0x41CE, 0x39AE, 0x398E, 0x39AE, 0x41CF, 0x420F, 0x4A30, 0x4A50, 0x5291, 0x52D1,   // 0xC3D0 (50128) pixels
0x73D5, 0x8497, 0x9D5A, 0x9DBB, 0x9DDB, 0x95DB, 0x95DA, 0x95DA, 0x9DFB, 0x9DBA, 0x9518, 0x7C56, 0x6332, 0x4A4E, 0x39CD, 0x398C,   // 0xC3E0 (50144) pixels
0x39CD, 0x420E, 0x4A6F, 0x5AF1, 0x6BB4, 0x7C76, 0x8D18, 0x9DBB, 0x9DFB, 0x9DFB, 0x9DDA, 0x95DA, 0x95DA, 0x9DFA, 0x9DFA, 0x9DFA,   // 0xC3F0 (50160) pixels
0x9DFA, 0x9DFA, 0x9DFA, 0x9DFA, 0x9DFA, 0x9DFA, 0x9DFA, 0x9E1A, 0x9DFA, 0x9DFA, 0x9E1A, 0x9E1B, 0x9DFB, 0x9DFB, 0x95FA, 0x95DA,   // 0xC400 (50176) pixels
0x9DFA, 0x9DFA, 0x9DFA, 0x9DFA, 0xA5F9, 0xA5F9, 0xADFA, 0xADFA, 0xBE3B, 0xADBA, 0xA538, 0x9497, 0x9456, 0x9457, 0x9437, 0x9C78,   // 0xC410 (50192) pixels
0x9C58, 0x9C58, 0x9C58, 0xA478, 0xA499, 0xA499, 0xA499, 0xA499, 0xA478, 0x9C58, 0x9C38, 0x9C37, 0x9417, 0x93F7, 0x93D6, 0x8BD6,   // 0xC420 (50208) pixels
0x8BB6, 0x83B5, 0x8395, 0x7B75, 0x7B55, 0x7B54, 0x7334, 0x7334, 0x7313, 0x6AF3, 0x6AF3, 0x6AD3, 0x6AB3, 0x6AB3, 0x6AB3, 0x6292,   // 0xC430 (50224) pixels
0x6292, 0x6271, 0x5A51, 0x5A71, 0x6292, 0x62B2, 0x62B1, 0x5A91, 0x4A70, 0x422E, 0x52F1, 0x7C76, 0x955A, 0xA5FB, 0xA61C, 0x9DFB,   // 0xC440 (50240) pixels
0x961A, 0x961A, 0x961A, 0x961A, 0x961B, 0x961B, 0x961B, 0x95FB, 0x95FA, 0x9DFA, 0x9DDA, 0x9DD9, 0x9DD9, 0xA5FA, 0xB67C, 0xC6DD,   // 0xC450 (50256) pixels
0xDF3E, 0xDF5E, 0xE77F, 0xE75E, 0xE75E, 0xE75E, 0xE75D, 0xE73D, 0xE73D, 0xE73C, 0xDF1C, 0xDEFC, 0xD6DC, 0xD6DC, 0xD6BC, 0xCEBC,   // 0xC460 (50272) pixels
0xC69B, 0xBE7B, 0xB63A, 0xAE1A, 0xA619, 0x9DF9, 0x9DF9, 0x9DFA, 0x9DFA, 0x9DFA, 0x9DFB, 0x9DFA, 0x95FA, 0x95FA, 0x95FA, 0x95FA,   // 0xC470 (50288) pixels
0x95FA, 0x9DFA, 0x9DFA, 0x95FA, 0x95DA, 0x9DDA, 0x9DDA, 0x9DBA, 0x9D9A, 0x9539, 0x8497, 0x7C15, 0x73B4, 0x7394, 0x7B94, 0x7B95,   // 0xC480 (50304) pixels
0x7B95, 0x7B75, 0x7B55, 0x7B54, 0x7335, 0x7334, 0x7335, 0x7335, 0x7335, 0x7335, 0x7B35, 0x7315, 0x7B14, 0x7B14, 0x7B14, 0x7B14,   // 0xC490 (50320) pixels
0x7314, 0x7314, 0x7314, 0x7314, 0x7314, 0x7314, 0x7314, 0x7314, 0x72F4, 0x72F4, 0x72F4, 0x72F4, 0x7314, 0x7314, 0x7314, 0x7314,   // 0xC4A0 (50336) pixels
0x7314, 0x7314, 0x7314, 0x7314, 0x7314, 0x7314, 0x7314, 0x7314, 0x7314, 0x7313, 0x7313, 0x7313, 0x6B12, 0x7333, 0x83D4, 0x9456,   // 0xC4B0 (50352) pixels
0xBD9A, 0xCE3C, 0xDEDE, 0xE71E, 0xE71E, 0xE71E, 0xE6DE, 0xDE9D, 0xD65C, 0xCE1B, 0xBD9A, 0xAD18, 0x9C76, 0x83B4, 0x6B11, 0x5A90,   // 0xC4C0 (50368) pixels
0x5A70, 0x5A51, 0x5A71, 0x6292, 0x6291, 0x5A51, 0x5A51, 0x5A71, 0x6272, 0x6272, 0x6272, 0x6272, 0x6272, 0x6272, 0x6272, 0x6272,   // 0xC4D0 (50384) pixels
0x6292, 0x6292, 0x6292, 0x6292, 0x6292, 0x6292, 0x6292, 0x6292, 0x6292, 0x6292, 0x6292, 0x6292, 0x6292, 0x6293, 0x6292, 0x6292,   // 0xC4E0 (50400) pixels
0x6293, 0x6293, 0x6293, 0x6293, 0x6293, 0x6293, 0x6293, 0x6292, 0x6293, 0x6293, 0x6293, 0x6293, 0x6A93, 0x6293, 0x6292, 0x6292,   // 0xC4F0 (50416) pixels
0x6292, 0x6272, 0x6272, 0x6272, 0x6272, 0x5A52, 0x5A51, 0x5A31, 0x5A31, 0x5A31, 0x5210, 0x5210, 0x5231, 0x5231, 0x5231, 0x5231,   // 0xC500 (50432) pixels
0x5230, 0x4A0F, 0x41CF, 0x398E, 0x398E, 0x398E, 0x398E, 0x39AE, 0x41EF, 0x420F, 0x4A30, 0x4230, 0x420F, 0x4A50, 0x5AF2, 0x6BB4,   // 0xC510 (50448) pixels
0x8CD8, 0x9D5A, 0xA5DB, 0x9DFB, 0x9DDB, 0x95DA, 0x95FA, 0x9DFB, 0x9599, 0x8CF8, 0x7414, 0x52F1, 0x3A0E, 0x318C, 0x316B, 0x316C,   // 0xC520 (50464) pixels
0x316C, 0x316C, 0x31AC, 0x420E, 0x52D1, 0x63B4, 0x84B7, 0x9D9A, 0x9DFB, 0x9DFB, 0x9DDA, 0x95DA, 0x95DA, 0x9DFA, 0x9DFA, 0x9DFA,   // 0xC530 (50480) pixels
0x9DFA, 0x9DFA, 0x9DFA, 0x9DFA, 0x9DFA, 0x9DFA, 0x9E1A, 0x9E1A, 0x9DFA, 0x9DFA, 0x9DFA, 0x9DFA, 0x9DFA, 0x95FA, 0x95DA, 0x95DA,   // 0xC540 (50496) pixels
0x9DFA, 0x9DFA, 0xA5FA, 0xAE1A, 0xAE3A, 0xB65B, 0xBE7B, 0xC69C, 0xCEBC, 0xCE5C, 0xC5FB, 0xAD59, 0x9C97, 0x9456, 0x9416, 0x9C57,   // 0xC550 (50512) pixels
0x9C78, 0x9C58, 0xA478, 0xA498, 0xA499, 0xA499, 0xA478, 0xA478, 0x9C37, 0x9C37, 0x9417, 0x93F6, 0x8BD6, 0x8BB6, 0x8B96, 0x8395,   // 0xC560 (50528) pixels
0x8375, 0x7B74, 0x7B54, 0x7354, 0x7334, 0x7314, 0x7314, 0x6AF3, 0x6AD3, 0x62B3, 0x62B3, 0x6292, 0x6292, 0x6272, 0x6272, 0x6272,   // 0xC570 (50544) pixels
0x5A51, 0x5230, 0x5230, 0x5231, 0x5A50, 0x5A51, 0x5A91, 0x62D2, 0x4A50, 0x39EE, 0x4A8F, 0x6393, 0x84B8, 0xA5DC, 0xA61C, 0x9DDB,   // 0xC580 (50560) pixels
0x961A, 0x961A, 0x961A, 0x961A, 0x961B, 0x961B, 0x95FB, 0x95FB, 0x9DFB, 0x9DFA, 0x9DDA, 0x9DDA, 0xA61A, 0xB67C, 0xCEDD, 0xD73E,   // 0xC590 (50576) pixels
0xE73E, 0xE73E, 0xE75E, 0xE73E, 0xE73D, 0xE73D, 0xE73D, 0xE73C, 0xE73C, 0xDF1C, 0xDEFC, 0xD6DC, 0xD6DC, 0xD6BC, 0xD6BC, 0xCEBC,   // 0xC5A0 (50592) pixels
0xCEBC, 0xC69B, 0xBE7B, 0xB65B, 0xA63A, 0x9E1A, 0x9DFA, 0x9DFA, 0x9DFA, 0x9DFA, 0x9DFA, 0x9DFA, 0x95FA, 0x95FA, 0x95FA, 0x95FA,   // 0xC5B0 (50608) pixels
0x9DFA, 0x9DFA, 0x9DFA, 0x9DDA, 0x95DA, 0x95DA, 0x9DDA, 0x9DDA, 0x9DDB, 0x9D9A, 0x9559, 0x8CD8, 0x8436, 0x7BD5, 0x7394, 0x7374,   // 0xC5C0 (50624) pixels
0x7B74, 0x7B54, 0x7B34, 0x7334, 0x7314, 0x7314, 0x7314, 0x7314, 0x7314, 0x7314, 0x7314, 0x7314, 0x7314, 0x7314, 0x7314, 0x7314,   // 0xC5D0 (50640) pixels
0x72F4, 0x7314, 0x7314, 0x7314, 0x7314, 0x7314, 0x7314, 0x7314, 0x7314, 0x7314, 0x7314, 0x7314, 0x7314, 0x7314, 0x6AF4, 0x6AF4,   // 0xC5E0 (50656) pixels
0x7313, 0x6B13, 0x7313, 0x7313, 0x7314, 0x7314, 0x7334, 0x7334, 0x7314, 0x7313, 0x6B13, 0x6B12, 0x7332, 0x7B94, 0x9C97, 0xBD7A,   // 0xC5F0 (50672) pixels
0xDEDE, 0xE71E, 0xEF5E, 0xE73E, 0xE71D, 0xE71E, 0xE6FD, 0xDEDC, 0xD67B, 0xCE5B, 0xCE3B, 0xC5FB, 0xBD7A, 0xA4D7, 0x83F4, 0x7352,   // 0xC600 (50688) pixels
0x62B1, 0x5A71, 0x5250, 0x5A51, 0x5A51, 0x5A50, 0x5A50, 0x5A51, 0x5A51, 0x5A51, 0x5A52, 0x6272, 0x6272, 0x6272, 0x6272, 0x6272,   // 0xC610 (50704) pixels
0x6292, 0x5A92, 0x6292, 0x6292, 0x6292, 0x6292, 0x6292, 0x6292, 0x6293, 0x6292, 0x6292, 0x6293, 0x6293, 0x62B3, 0x6293, 0x6293,   // 0xC620 (50720) pixels
0x6293, 0x6293, 0x6293, 0x6293, 0x6293, 0x6293, 0x6293, 0x6293, 0x6293, 0x6293, 0x6293, 0x6293, 0x6293, 0x6293, 0x6293, 0x6272,   // 0xC630 (50736) pixels
0x6272, 0x6272, 0x6272, 0x6272, 0x6272, 0x6272, 0x5A72, 0x5A51, 0x5A71, 0x5A51, 0x5230, 0x5230, 0x5230, 0x5230, 0x5210, 0x49F0,   // 0xC640 (50752) pixels
0x49CF, 0x41CE, 0x418E, 0x396D, 0x398E, 0x39AE, 0x41CE, 0x41CF, 0x4A0F, 0x4A30, 0x4A50, 0x4A50, 0x5291, 0x6333, 0x7C16, 0x94D9,   // 0xC650 (50768) pixels
0x9D7A, 0xA5BB, 0xA5FC, 0x9DFB, 0x9DDB, 0x9DFB, 0x9DFB, 0x9DFB, 0x8D38, 0x7476, 0x5B31, 0x3A2E, 0x31AC, 0x316C, 0x316C, 0x316C,   // 0xC660 (50784) pixels
0x314C, 0x314C, 0x314C, 0x31AD, 0x426F, 0x5B52, 0x7456, 0x9559, 0x9DDB, 0x9DDB, 0x9DFB, 0x9DDA, 0x9DDA, 0x9DFA, 0x9DFA, 0x9DFA,   // 0xC670 (50800) pixels
0x9DFA, 0x9DFA, 0x9DFA, 0x9DFA, 0x9DFA, 0x9DFA, 0x9E1A, 0x9E1A, 0x9DFA, 0x9DFA, 0x95FA, 0x95DA, 0x95DA, 0x9DFA, 0x9E1B, 0x9E1B,   // 0xC680 (50816) pixels
0xA61B, 0xAE3A, 0xB65B, 0xBE7B, 0xC69B, 0xCEBC, 0xD6DC, 0xD6FD, 0xD6DD, 0xD6BD, 0xDEBD, 0xD63C, 0xBD7A, 0xA4D8, 0x9436, 0x9416,   // 0xC690 (50832) pixels
0xA478, 0xA478, 0xA478, 0xA478, 0xA498, 0xA478, 0x9C57, 0x9437, 0x93F6, 0x8BD6, 0x8BB6, 0x8396, 0x8395, 0x8375, 0x7B55, 0x7B54,   // 0xC6A0 (50848) pixels
0x7B34, 0x7334, 0x7313, 0x7313, 0x6AF3, 0x6AF3, 0x6AD3, 0x62B2, 0x6292, 0x6292, 0x6272, 0x5A52, 0x5A52, 0x5A31, 0x5A31, 0x5A31,   // 0xC6B0 (50864) pixels
0x5231, 0x5210, 0x49F0, 0x4A10, 0x4A0F, 0x5210, 0x5250, 0x5A91, 0x5270, 0x422F, 0x426F, 0x4AD0, 0x6BF4, 0x957A, 0xA5FC, 0x9DDB,   // 0xC6C0 (50880) pixels
0x961A, 0x961A, 0x961A, 0x961A, 0x961B, 0x961B, 0x95FB, 0x95FB, 0x9E1B, 0x9DFA, 0x9DDA, 0xA5FA, 0xB65B, 0xC6DD, 0xDF5E, 0xE77F,   // 0xC6D0 (50896) pixels
0xEF7F, 0xEF5E, 0xE73E, 0xE73D, 0xE73D, 0xE75D, 0xE73D, 0xE73C, 0xDF1C, 0xDEFC, 0xDEDB, 0xD6DB, 0xD6BC, 0xD6BC, 0xD69B, 0xCE9B,   // 0xC6E0 (50912) pixels
0xCE9B, 0xC69B, 0xBE7B, 0xB65B, 0xAE3A, 0x9E1A, 0x95F9, 0x95DA, 0x9DFA, 0x961A, 0x961A, 0x961A, 0x95FA, 0x95FA, 0x95FA, 0x95FA,   // 0xC6F0 (50928) pixels
0x9DFA, 0x9DFA, 0x9DFA, 0x9DDA, 0x95DA, 0x95DA, 0x95DA, 0x95DA, 0x9DFB, 0xA5FB, 0xA5DB, 0x9D7A, 0x8CF8, 0x7C36, 0x6BB4, 0x6353,   // 0xC700 (50944) pixels
0x6312, 0x62F2, 0x62D2, 0x62B2, 0x5A92, 0x5A91, 0x5A92, 0x5A92, 0x5A92, 0x6292, 0x6292, 0x6292, 0x62B2, 0x6AB2, 0x6AB2, 0x6AB2,   // 0xC710 (50960) pixels
0x6AD3, 0x6AD3, 0x6AD3, 0x6AD3, 0x6AF3, 0x6AF3, 0x6AF3, 0x6AF3, 0x6AF3, 0x6AF3, 0x6AF3, 0x6AF3, 0x6AF3, 0x6AF3, 0x6AF3, 0x6AF3,   // 0xC720 (50976) pixels
0x6AF3, 0x6AF3, 0x6AF3, 0x6AF3, 0x6B13, 0x6B13, 0x6B13, 0x6B13, 0x7334, 0x6B33, 0x6B13, 0x6B12, 0x7352, 0x83F5, 0xAD39, 0xD65D,   // 0xC730 (50992) pixels
0xE6FE, 0xE73D, 0xEF3E, 0xE71D, 0xE71D, 0xE71D, 0xDEDC, 0xD67B, 0xD69B, 0xCE5B, 0xC63A, 0xC5FA, 0xBDDA, 0xB579, 0xA4F7, 0x9476,   // 0xC740 (51008) pixels
0x7373, 0x62F2, 0x5A70, 0x5250, 0x5A50, 0x5A71, 0x5A71, 0x6291, 0x5A72, 0x6272, 0x6292, 0x6292, 0x6293, 0x6AB3, 0x6AB3, 0x62B3,   // 0xC750 (51024) pixels
0x62B3, 0x62B3, 0x62B3, 0x62B3, 0x62B3, 0x62B3, 0x62B3, 0x62B3, 0x62B3, 0x62B3, 0x62B3, 0x62B3, 0x62B3, 0x6AB3, 0x62B3, 0x62B3,   // 0xC760 (51040) pixels
0x62B3, 0x62B3, 0x62B3, 0x62B3, 0x62B3, 0x62B3, 0x62B3, 0x62B3, 0x6293, 0x6293, 0x6293, 0x6293, 0x6293, 0x6293, 0x6293, 0x6293,   // 0xC770 (51056) pixels
0x6272, 0x6272, 0x6272, 0x6272, 0x6272, 0x6272, 0x6272, 0x6272, 0x6272, 0x5A51, 0x5A31, 0x5230, 0x5210, 0x49F0, 0x49CF, 0x418E,   // 0xC780 (51072) pixels
0x398E, 0x398D, 0x398D, 0x398E, 0x41CE, 0x41EF, 0x4A0F, 0x4A0F, 0x4A30, 0x420F, 0x422F, 0x4AB1, 0x6374, 0x8457, 0x9D3A, 0xADDC,   // 0xC790 (51088) pixels
0xA5BB, 0x9DFB, 0x9DFB, 0x95DB, 0x9DFB, 0x9E1B, 0x9DFB, 0x95DA, 0x9579, 0x7C76, 0x5B31, 0x3A2E, 0x31AD, 0x316C, 0x314C, 0x290B,   // 0xC7A0 (51104) pixels
0x312C, 0x292B, 0x314C, 0x39AD, 0x4A6F, 0x5B32, 0x7436, 0x9559, 0x9DBB, 0x9DDB, 0x9DFB, 0x9DFB, 0x9DFB, 0x9DFA, 0x9DFA, 0x9DFA,   // 0xC7B0 (51120) pixels
0x9DFA, 0x9DFA, 0x9DFA, 0x9DFA, 0x9DFA, 0x9DFA, 0x9E1A, 0x9DFA, 0x9DFA, 0x9DFA, 0x9DDA, 0x9DDA, 0x9DFA, 0xA63B, 0xAE5C, 0xAE7C,   // 0xC7C0 (51136) pixels
0xBE9C, 0xC6BC, 0xC6DC, 0xCEDC, 0xCEDC, 0xD6FC, 0xD6DC, 0xD6DC, 0xDEDC, 0xDEBC, 0xDEDD, 0xDE9D, 0xCE1C, 0xBD7A, 0x9C96, 0x9435,   // 0xC7D0 (51152) pixels
0xA477, 0xA477, 0x9C57, 0x9C57, 0x9C57, 0x9C57, 0x9417, 0x93F6, 0x8BB5, 0x8395, 0x8375, 0x7B54, 0x7B34, 0x7314, 0x7313, 0x7313,   // 0xC7E0 (51168) pixels
0x72F3, 0x6AF3, 0x6AD3, 0x6AD2, 0x62B2, 0x62B2, 0x6292, 0x5A71, 0x5A71, 0x5A72, 0x5A51, 0x5A31, 0x5A31, 0x5A31, 0x5A11, 0x5211,   // 0xC7F0 (51184) pixels
0x5210, 0x5210, 0x49EF, 0x49EF, 0x49EF, 0x5210, 0x5230, 0x5250, 0x5271, 0x4A50, 0x424F, 0x3A2E, 0x5332, 0x8D19, 0x9DBB, 0x9DDC,   // 0xC800 (51200) pixels
0x9E1A, 0x961A, 0x95FA, 0x95FA, 0x961B, 0x961B, 0x95FB, 0x95FA, 0x9DFA, 0x9DDA, 0x9DD9, 0xB65B, 0xCEDD, 0xD71D, 0xE77E, 0xEF9F,   // 0xC810 (51216) pixels
0xE75E, 0xE75D, 0xE73D, 0xE73D, 0xE73D, 0xE73D, 0xE71C, 0xDF1C, 0xDEFC, 0xDEFC, 0xDEDC, 0xDEDB, 0xDEDC, 0xD6BB, 0xD69B, 0xCE7A,   // 0xC820 (51232) pixels
0xC67A, 0xC67A, 0xBE5A, 0xB63A, 0xAE3A, 0xA61A, 0x9DFA, 0x9DFA, 0x961A, 0x961B, 0x961B, 0x961B, 0x961B, 0x961B, 0x961A, 0x961A,   // 0xC830 (51248) pixels
0x9DFA, 0x9DFA, 0x9DFA, 0x9DFA, 0x9DFA, 0x9DFA, 0x9DFA, 0x9DFA, 0x9DFB, 0x9DDA, 0x9DDA, 0x9DBA, 0x9D9A, 0x9559, 0x84D7, 0x7C76,   // 0xC840 (51264) pixels
0x73F5, 0x7394, 0x6333, 0x5AF2, 0x5AD1, 0x5AD1, 0x5AB1, 0x52B1, 0x5291, 0x5271, 0x5271, 0x5250, 0x5250, 0x5250, 0x5250, 0x5250,   // 0xC850 (51280) pixels
0x5A71, 0x5A70, 0x5270, 0x5270, 0x5270, 0x5270, 0x5250, 0x5250, 0x5A50, 0x5A50, 0x5A50, 0x5A50, 0x5A50, 0x5A70, 0x5A70, 0x5A70,   // 0xC860 (51296) pixels
0x5A70, 0x5A70, 0x5A70, 0x5A70, 0x5270, 0x5271, 0x5271, 0x5271, 0x5270, 0x5270, 0x526F, 0x526F, 0x5AAF, 0x8C14, 0xCE1C, 0xE6FE,   // 0xC870 (51312) pixels
0xE73E, 0xE73D, 0xE71D, 0xDEFC, 0xDEDC, 0xDEDB, 0xD6BB, 0xD6BB, 0xCE7A, 0xCE5A, 0xC619, 0xBDF9, 0xBDD9, 0xB598, 0xA557, 0x9CF7,   // 0xC880 (51328) pixels
0x8C55, 0x7BD4, 0x6B32, 0x5AD0, 0x5270, 0x4A2F, 0x4A0F, 0x4A30, 0x5230, 0x5230, 0x5231, 0x5A51, 0x5A51, 0x5A51, 0x5A51, 0x5A51,   // 0xC890 (51344) pixels
0x5A51, 0x5A51, 0x5A51, 0x5A51, 0x5A51, 0x5A72, 0x5A72, 0x5A72, 0x5A51, 0x5A72, 0x5A72, 0x5A72, 0x5A72, 0x5A72, 0x6272, 0x6272,   // 0xC8A0 (51360) pixels
0x6272, 0x6272, 0x6272, 0x6272, 0x6272, 0x6272, 0x6292, 0x6292, 0x6272, 0x6292, 0x6292, 0x6292, 0x6292, 0x6292, 0x6272, 0x6272,   // 0xC8B0 (51376) pixels
0x6272, 0x6272, 0x6252, 0x5A51, 0x5A51, 0x5A31, 0x5A31, 0x5A31, 0x51F0, 0x51F0, 0x49CF, 0x49AF, 0x418F, 0x418F, 0x418F, 0x41AE,   // 0xC8C0 (51392) pixels
0x41AE, 0x41CF, 0x41EF, 0x49EF, 0x41EF, 0x41EF, 0x41EF, 0x420F, 0x422F, 0x52B1, 0x6B74, 0x7C36, 0x8CD8, 0x9D7B, 0xA5DC, 0xAE1C,   // 0xC8D0 (51408) pixels
0x9DFB, 0x9DFB, 0x95FA, 0x95DA, 0x95DA, 0x95FA, 0x9DFB, 0x9DFB, 0x957A, 0x84F8, 0x5B52, 0x3A2E, 0x39AD, 0x316C, 0x314C, 0x312C,   // 0xC8E0 (51424) pixels
0x310C, 0x312C, 0x312C, 0x39AD, 0x424F, 0x5B11, 0x7415, 0x9539, 0x957A, 0xA5FB, 0x9E1B, 0x9DFA, 0x9DFB, 0x9DFB, 0x95FB, 0x961A,   // 0xC8F0 (51440) pixels
0x9E1A, 0x95FA, 0x95FA, 0x95FA, 0x9DFA, 0x9DFA, 0x9DFA, 0x9DFA, 0x9DF9, 0x9DD9, 0x9DD9, 0x9DD9, 0xA61A, 0xAE5B, 0xBE9C, 0xC6BC,   // 0xC900 (51456) pixels
0xCEBC, 0xCEBC, 0xCEDC, 0xD6DC, 0xD6DB, 0xD6DB, 0xD6DB, 0xD6DB, 0xD6DC, 0xDEFC, 0xDEFD, 0xDEDC, 0xD6BC, 0xCE5B, 0xB599, 0x9CD7,   // 0xC910 (51472) pixels
0x9C77, 0x9C57, 0x9C57, 0x9436, 0x93F6, 0x93F6, 0x8BF6, 0x8395, 0x8394, 0x7B74, 0x7B54, 0x7B34, 0x7314, 0x72F3, 0x6AD3, 0x6AD3,   // 0xC920 (51488) pixels
0x6AD3, 0x6AD2, 0x6AB2, 0x6AB2, 0x6292, 0x6292, 0x6272, 0x5A71, 0x5A31, 0x5A31, 0x5A31, 0x5211, 0x5211, 0x5210, 0x5210, 0x51F0,   // 0xC930 (51504) pixels
0x5210, 0x5210, 0x49F0, 0x49F0, 0x49F0, 0x49F0, 0x49F0, 0x49F0, 0x4A10, 0x5A92, 0x4A50, 0x39EE, 0x4AD1, 0x7415, 0x8D18, 0x9DBB,   // 0xC940 (51520) pixels
0x9E1A, 0x9DFA, 0x95FA, 0x95FA, 0x961B, 0x961B, 0x95FB, 0x95FA, 0x95DA, 0x9DD9, 0xA5D9, 0xB67B, 0xCEFC, 0xDF1D, 0xE77E, 0xEF7E,   // 0xC950 (51536) pixels
0xEF5D, 0xEF3D, 0xE73D, 0xE73D, 0xE73D, 0xE71D, 0xE71C, 0xE6FC, 0xDEFC, 0xDEDC, 0xDEDB, 0xD6BB, 0xD6BB, 0xD69B, 0xCE7A, 0xCE5A,   // 0xC960 (51552) pixels
0xCE5A, 0xC65A, 0xBE5A, 0xBE3A, 0xB63A, 0xAE1A, 0xA5FA, 0x9DFA, 0x95FB, 0x961B, 0x961B, 0x961B, 0x961B, 0x961B, 0x961A, 0x961A,   // 0xC970 (51568) pixels
0x9E1A, 0x9DFA, 0x9DFA, 0x9DFA, 0x9DFA, 0x9DFA, 0x9DFA, 0x9DFA, 0x9DDA, 0x9DDA, 0x9DDA, 0x9DDA, 0x9DFB, 0x9DDA, 0x95BA, 0x9579,   // 0xC980 (51584) pixels
0x8CF8, 0x8CB8, 0x7C56, 0x7415, 0x73D5, 0x6BB4, 0x6B73, 0x6353, 0x6333, 0x6312, 0x5AF2, 0x5AD2, 0x5AD2, 0x5AB2, 0x5AB2, 0x5AB1,   // 0xC990 (51600) pixels
0x5290, 0x5290, 0x5290, 0x5290, 0x5290, 0x5290, 0x5270, 0x5270, 0x5270, 0x5270, 0x524F, 0x524F, 0x524F, 0x5250, 0x5250, 0x524F,   // 0xC9A0 (51616) pixels
0x524F, 0x524F, 0x524F, 0x4A2F, 0x4A2F, 0x4A0F, 0x4A2F, 0x4A2F, 0x4A2F, 0x420E, 0x420E, 0x526E, 0x62F0, 0x9475, 0xCE5C, 0xE6FE,   // 0xC9B0 (51632) pixels
0xE71D, 0xE71D, 0xE71D, 0xDEFC, 0xDEFC, 0xDEDB, 0xD6BB, 0xD6BB, 0xCE7A, 0xC65A, 0xBE19, 0xBDF9, 0xB5D8, 0xAD98, 0xA557, 0x9D16,   // 0xC9C0 (51648) pixels
0x94B5, 0x8434, 0x73B3, 0x6B31, 0x5AD0, 0x4A4E, 0x41EE, 0x41CE, 0x41AE, 0x41AE, 0x41AF, 0x49CF, 0x49CF, 0x49EF, 0x49EF, 0x49EF,   // 0xC9D0 (51664) pixels
0x49EF, 0x49EF, 0x49EF, 0x49F0, 0x4A10, 0x4A10, 0x5210, 0x5210, 0x5210, 0x5210, 0x5210, 0x5210, 0x5210, 0x5210, 0x5210, 0x5210,   // 0xC9E0 (51680) pixels
0x5210, 0x5210, 0x5210, 0x5210, 0x5230, 0x5230, 0x5231, 0x5A51, 0x5A51, 0x5A51, 0x5A51, 0x5A51, 0x5A51, 0x5A51, 0x5A51, 0x5A51,   // 0xC9F0 (51696) pixels
0x5230, 0x5230, 0x5210, 0x5210, 0x5210, 0x5210, 0x51EF, 0x49EF, 0x49CF, 0x49CF, 0x41AE, 0x41AE, 0x418E, 0x41AE, 0x49AF, 0x49CF,   // 0xCA00 (51712) pixels
0x49EF, 0x4A0F, 0x4A30, 0x4A50, 0x5250, 0x5270, 0x5291, 0x52B1, 0x6B74, 0x7BF5, 0x8CB8, 0x9D5A, 0x9D9B, 0xA5DB, 0xA5DC, 0x9DDB,   // 0xCA10 (51728) pixels
0x9E1B, 0x961B, 0x95FA, 0x95FA, 0x95FA, 0x95FB, 0x9E1B, 0x9DFB, 0x959A, 0x8CF8, 0x5B73, 0x3A2E, 0x39AD, 0x316C, 0x314C, 0x312C,   // 0xCA20 (51744) pixels
0x312C, 0x312C, 0x314C, 0x39AD, 0x422F, 0x52F1, 0x73F5, 0x8CF8, 0x957A, 0x9DFB, 0xA61B, 0x9DFA, 0x9DFB, 0x9E1B, 0x95FB, 0x961A,   // 0xCA30 (51760) pixels
0x9E1A, 0x95FA, 0x95FA, 0x9DFA, 0x9DFA, 0x9DFA, 0x9DF9, 0x9DF9, 0x9DD9, 0xA5F9, 0xA619, 0xAE3A, 0xB65A, 0xBE7B, 0xC6BC, 0xCEDC,   // 0xCA40 (51776) pixels
0xCEBC, 0xD6BB, 0xD6DB, 0xD6DB, 0xD6DB, 0xD6DB, 0xD6DB, 0xD6DB, 0xD6DB, 0xD6DB, 0xD6DC, 0xD6DC, 0xD6BC, 0xCE9B, 0xBDFA, 0xAD58,   // 0xCA50 (51792) pixels
0x9C97, 0x9C36, 0x9416, 0x8BF5, 0x8BD5, 0x8BB5, 0x8394, 0x7B33, 0x7B53, 0x7B53, 0x7334, 0x7313, 0x72F3, 0x6AD3, 0x6AD3, 0x6AB3,   // 0xCA60 (51808) pixels
0x62B2, 0x6292, 0x6292, 0x6292, 0x6272, 0x5A71, 0x5A51, 0x5A31, 0x5A31, 0x5A31, 0x5210, 0x5210, 0x5210, 0x5210, 0x51F0, 0x51F0,   // 0xCA70 (51824) pixels
0x5210, 0x4A10, 0x49F0, 0x49F0, 0x49F0, 0x49F0, 0x49F0, 0x49F0, 0x5231, 0x5A72, 0x4A30, 0x39EE, 0x4A8F, 0x6393, 0x7CB7, 0x9DBA,   // 0xCA80 (51840) pixels
0x9DFA, 0x9DFA, 0x95FA, 0x95FA, 0x961B, 0x961B, 0x95FB, 0x9DFA, 0x95DA, 0x9DD9, 0xA5D9, 0xBE7B, 0xD71D, 0xDF3D, 0xE77E, 0xE75D,   // 0xCA90 (51856) pixels
0xEF5D, 0xEF5D, 0xE73D, 0xE73D, 0xE73D, 0xE71D, 0xE71C, 0xDEFC, 0xDEDC, 0xDEDB, 0xD6BB, 0xD69B, 0xD69A, 0xD67A, 0xCE7A, 0xCE5A,   // 0xCAA0 (51872) pixels
0xCE5A, 0xC65A, 0xBE3A, 0xBE3A, 0xB63A, 0xAE1A, 0xA61A, 0x9DFA, 0x9DFB, 0x961B, 0x961B, 0x961B, 0x961B, 0x961B, 0x9E1A, 0x9E1A,   // 0xCAB0 (51888) pixels
0x9E1A, 0x9E1A, 0x9E1A, 0x9E1A, 0x9DFA, 0x9DFA, 0x9DFA, 0x9DFA, 0x9DFA, 0x9DFA, 0x9DFA, 0x9DFB, 0x9DFB, 0x9E1B, 0x9DFB, 0x9DDB,   // 0xCAC0 (51904) pixels
0x9DBA, 0x9D9A, 0x9D5A, 0x9539, 0x9519, 0x94F8, 0x8CB8, 0x8497, 0x8477, 0x8456, 0x7C16, 0x73F5, 0x73D5, 0x73B5, 0x73B5, 0x73B4,   // 0xCAD0 (51920) pixels
0x73B4, 0x7394, 0x7394, 0x6B94, 0x6B94, 0x6B94, 0x6B73, 0x6B73, 0x6B53, 0x6B53, 0x6353, 0x6353, 0x6B33, 0x6B53, 0x6B33, 0x6B32,   // 0xCAE0 (51936) pixels
0x6B32, 0x6B32, 0x6B32, 0x6312, 0x62F2, 0x5AF2, 0x5AF2, 0x5AF2, 0x62F2, 0x5AD1, 0x5AD0, 0x6B51, 0x8434, 0xAD79, 0xDEFE, 0xEF5F,   // 0xCAF0 (51952) pixels
0xE71D, 0xE71D, 0xE71D, 0xDEFC, 0xDEFC, 0xDEDC, 0xD6BB, 0xD69A, 0xCE7A, 0xC659, 0xBE19, 0xBDF8, 0xB5B8, 0xAD77, 0x9D37, 0x9CF6,   // 0xCB00 (51968) pixels
0x8CB5, 0x8455, 0x7BF4, 0x73B3, 0x6352, 0x52B0, 0x422E, 0x41EE, 0x41CE, 0x41CE, 0x39AE, 0x39AE, 0x41AE, 0x41CE, 0x41CE, 0x41CF,   // 0xCB10 (51984) pixels
0x41CF, 0x41EF, 0x41EF, 0x41EF, 0x41EF, 0x41EF, 0x41EF, 0x41EF, 0x41EF, 0x41EF, 0x41EF, 0x41EF, 0x41EF, 0x41EF, 0x41EF, 0x41EF,   // 0xCB20 (52000) pixels
0x41EF, 0x41EF, 0x41EF, 0x41EF, 0x49EF, 0x4A0F, 0x4A0F, 0x4A0F, 0x49EF, 0x49EF, 0x41EF, 0x41EF, 0x41EF, 0x41EF, 0x41EF, 0x41EF,   // 0xCB30 (52016) pixels
0x49EF, 0x49EF, 0x49EF, 0x49EF, 0x49EF, 0x4A0F, 0x4A0F, 0x4A0F, 0x4A10, 0x4A10, 0x4A10, 0x4A0F, 0x4A0F, 0x4A30, 0x5230, 0x5271,   // 0xCB40 (52032) pixels
0x4A30, 0x4A50, 0x4A70, 0x5290, 0x5AD1, 0x6333, 0x73D5, 0x7C36, 0x9D19, 0x9D5A, 0xA59B, 0xA5BB, 0xA5DC, 0x9DFB, 0x9DDB, 0x9DDB,   // 0xCB50 (52048) pixels
0x9DFB, 0x95FB, 0x95FA, 0x95FA, 0x95FA, 0x95FB, 0x9E1B, 0x9E1B, 0x9DBB, 0x8D19, 0x6373, 0x422E, 0x31AD, 0x316C, 0x314C, 0x314C,   // 0xCB60 (52064) pixels
0x394D, 0x394D, 0x314C, 0x398D, 0x420F, 0x52D0, 0x6BD4, 0x8CD7, 0x9D79, 0xA5DB, 0xA5FB, 0x9DFA, 0x9DFA, 0x9E1A, 0x9DFA, 0x95FA,   // 0xCB70 (52080) pixels
0x95FA, 0x95FA, 0x9DFA, 0x9E1A, 0x9DFA, 0x9DF9, 0x9DF9, 0x9DF9, 0xA5F9, 0xAE1A, 0xB65B, 0xBE7B, 0xC69C, 0xC6BC, 0xC6BC, 0xCEDC,   // 0xCB80 (52096) pixels
0xD6DC, 0xD6BB, 0xD6BB, 0xD6BB, 0xD6DB, 0xD6DB, 0xD6DB, 0xD6DB, 0xD6DB, 0xD6DB, 0xD6BB, 0xD6BB, 0xD6BC, 0xD6BC, 0xCE5B, 0xC5FA,   // 0xCB90 (52112) pixels
0xA4D7, 0x9436, 0x8BD4, 0x8394, 0x8394, 0x7B74, 0x7B53, 0x72F2, 0x7313, 0x72F3, 0x6AF3, 0x6AD3, 0x6AD3, 0x6AB2, 0x62B2, 0x6292,   // 0xCBA0 (52128) pixels
0x6272, 0x6272, 0x5A71, 0x5A51, 0x5A51, 0x5A31, 0x5211, 0x5210, 0x5210, 0x5210, 0x51F0, 0x51F0, 0x51F0, 0x51F0, 0x51F0, 0x49F0,   // 0xCBB0 (52144) pixels
0x4A10, 0x4A10, 0x4A10, 0x49F0, 0x49F0, 0x49F0, 0x49F0, 0x49F0, 0x5211, 0x5231, 0x4A0F, 0x420E, 0x426F, 0x52F1, 0x7435, 0x9D7A,   // 0xCBC0 (52160) pixels
0x9DFA, 0x9DFA, 0x95FA, 0x95FA, 0x961B, 0x961B, 0x95FB, 0x9DFA, 0x9DDA, 0x9DD9, 0xA5F9, 0xBE9B, 0xD71D, 0xDF5E, 0xE77E, 0xE75D,   // 0xCBD0 (52176) pixels
0xEF7E, 0xEF5D, 0xE73D, 0xE73D, 0xE73D, 0xE71C, 0xE6FC, 0xDEFC, 0xDEDC, 0xDEBB, 0xD69B, 0xD69A, 0xD67A, 0xCE7A, 0xCE5A, 0xCE5A,   // 0xCBE0 (52192) pixels
0xC65A, 0xC65A, 0xBE3A, 0xBE3A, 0xB61A, 0xAE1A, 0xA5FA, 0x9DFA, 0x9DFB, 0x9E1B, 0x9E1B, 0x961B, 0x9E1B, 0x9E1B, 0x9E1B, 0x9E1B,   // 0xCBF0 (52208) pixels
0x9E1A, 0x9E1A, 0x9E1A, 0x9E1A, 0x9DFA, 0x9DFA, 0x9DFA, 0x9DFA, 0x9DFB, 0x9DFB, 0x9DFB, 0x9DFB, 0x9DFA, 0x9DFA, 0x9DFA, 0x9DDA,   // 0xCC00 (52224) pixels
0x9DDB, 0x9DDA, 0x9DDA, 0xA5DB, 0xA5DB, 0xA5DB, 0xA5BB, 0x9D9A, 0x9D7A, 0x9D7A, 0x9D5A, 0x9539, 0x9519, 0x9519, 0x94F9, 0x94D9,   // 0xCC10 (52240) pixels
0x8CD8, 0x8CD8, 0x8CD8, 0x8CB7, 0x8CB7, 0x8CB7, 0x8CB7, 0x8C97, 0x8476, 0x8476, 0x8476, 0x8456, 0x8456, 0x8456, 0x8456, 0x8456,   // 0xCC20 (52256) pixels
0x8456, 0x8456, 0x8456, 0x7C36, 0x7C16, 0x7BF5, 0x7BF5, 0x7C16, 0x7C16, 0x7BF5, 0x7BF4, 0x8C75, 0xA538, 0xC63B, 0xE73F, 0xEF5F,   // 0xCC30 (52272) pixels
0xE71D, 0xE71D, 0xE71D, 0xE71C, 0xDF1C, 0xDEFC, 0xD6BB, 0xD69A, 0xCE7A, 0xC639, 0xBE19, 0xB5D8, 0xADB8, 0xA577, 0x9D36, 0x94F6,   // 0xCC40 (52288) pixels
0x8C95, 0x8454, 0x7C14, 0x7BF4, 0x73B3, 0x6352, 0x5AF1, 0x5AD1, 0x52B1, 0x52B1, 0x5291, 0x5271, 0x5270, 0x5270, 0x5270, 0x5270,   // 0xCC50 (52304) pixels
0x4A70, 0x4A70, 0x4A70, 0x4A70, 0x4A70, 0x4A70, 0x4A70, 0x4A70, 0x4A70, 0x4A70, 0x4A70, 0x4A70, 0x4A70, 0x4A70, 0x4A70, 0x4A70,   // 0xCC60 (52320) pixels
0x5270, 0x5270, 0x5270, 0x5270, 0x5270, 0x5270, 0x5270, 0x5290, 0x5270, 0x5270, 0x5270, 0x4A70, 0x4A50, 0x4A50, 0x4A50, 0x4A50,   // 0xCC70 (52336) pixels
0x4A50, 0x4A50, 0x4A50, 0x4A50, 0x4A70, 0x5270, 0x5291, 0x5291, 0x5290, 0x5291, 0x5291, 0x5291, 0x5291, 0x52B1, 0x5AD2, 0x5AF2,   // 0xCC80 (52352) pixels
0x5B12, 0x5B53, 0x6B94, 0x73D5, 0x7C37, 0x8CB8, 0x9D5A, 0xADBC, 0xADBC, 0xA5DC, 0xA5DB, 0x9DBB, 0x9DBB, 0x95DA, 0x9DDB, 0x9E1B,   // 0xCC90 (52368) pixels
0x9DFB, 0x95FA, 0x95FA, 0x95FA, 0x95FA, 0x961B, 0x9E1B, 0x9E1B, 0x9DBB, 0x8D39, 0x6394, 0x426F, 0x39CD, 0x316C, 0x314C, 0x394C,   // 0xCCA0 (52384) pixels
0x396D, 0x396D, 0x396C, 0x398D, 0x420E, 0x52B0, 0x6B93, 0x84B7, 0x9559, 0x9DDA, 0xA5FB, 0x9DDA, 0x9DFA, 0x9DFA, 0x9DFA, 0x9DFA,   // 0xCCB0 (52400) pixels
0x9DFA, 0x95FA, 0x9DFA, 0x9DFA, 0x9DFA, 0x9DF9, 0x9DF9, 0xA61A, 0xAE3A, 0xB65B, 0xBE9B, 0xC6BC, 0xC6BC, 0xC6BC, 0xCEBC, 0xCEBB,   // 0xCCC0 (52416) pixels
0xD6DC, 0xD6DC, 0xD6BB, 0xCEBB, 0xD6DB, 0xD6DB, 0xD6DB, 0xD6DB, 0xD6BB, 0xD6BB, 0xCE9A, 0xCE9A, 0xCE9B, 0xCE9B, 0xCE5B, 0xC61A,   // 0xCCD0 (52432) pixels
0xBD79, 0xA497, 0x8BD4, 0x7B73, 0x7B53, 0x7333, 0x7333, 0x7312, 0x6AF3, 0x6AD3, 0x6AB2, 0x6AB2, 0x62B2, 0x6292, 0x6292, 0x6272,   // 0xCCE0 (52448) pixels
0x5A51, 0x5A51, 0x5A51, 0x5A31, 0x5A30, 0x5230, 0x5210, 0x51F0, 0x51F0, 0x51F0, 0x51F0, 0x51F0, 0x51F0, 0x51F0, 0x51F0, 0x49F0,   // 0xCCF0 (52464) pixels
0x4A10, 0x4A10, 0x49F0, 0x49F0, 0x49F0, 0x49F0, 0x49F0, 0x49F0, 0x49F0, 0x49F0, 0x4A10, 0x4A50, 0x4A90, 0x4AB0, 0x6BD4, 0x9559,   // 0xCD00 (52480) pixels
0x9DFA, 0x9DFA, 0x95FA, 0x95FA, 0x961B, 0x961B, 0x95FB, 0x9DFA, 0x9DFA, 0x9DDA, 0xA5F9, 0xBE9C, 0xD73D, 0xE75E, 0xEF7E, 0xE75D,   // 0xCD10 (52496) pixels
0xEF7E, 0xEF5D, 0xE73D, 0xE73D, 0xE71D, 0xE71C, 0xE6FC, 0xDEFC, 0xDEDC, 0xDEBB, 0xD69B, 0xD69A, 0xD67A, 0xCE7A, 0xCE5A, 0xCE5A,   // 0xCD20 (52512) pixels
0xC65A, 0xC63A, 0xBE3A, 0xBE3A, 0xB61A, 0xAE1A, 0xA5FA, 0x9DFA, 0x9DFB, 0x9E1B, 0x9E1B, 0x9E1B, 0x9E1B, 0x9E1B, 0x9E1B, 0x9E1B,   // 0xCD30 (52528) pixels
0x9E1A, 0x9E1A, 0x9E1A, 0x9E1A, 0x9E1A, 0x9E1A, 0x9E1A, 0x9E1A, 0x9DFB, 0x9DFB, 0x9E1B, 0x9E1B, 0x9DFB, 0x9DFB, 0x9DFB, 0x9DFB,   // 0xCD40 (52544) pixels
0x9DFB, 0x9DFB, 0x9DFB, 0x9DFB, 0xA5FB, 0xA5FB, 0x9DFB, 0x9DDB, 0xA5FB, 0xA5FB, 0xA5DB, 0xA5DB, 0xA5DB, 0xA5DB, 0x9DBB, 0x9DBB,   // 0xCD50 (52560) pixels
0x9DBA, 0x9D9A, 0x9D9A, 0x9D9A, 0x9D7A, 0x9D7A, 0x9D7A, 0x9D79, 0x9559, 0x9559, 0x9559, 0x9539, 0x9539, 0x9539, 0x9539, 0x9539,   // 0xCD60 (52576) pixels
0x9539, 0x9539, 0x9539, 0x9519, 0x9519, 0x8CF9, 0x94F9, 0x94F9, 0x94F8, 0x94F8, 0x94D7, 0xA579, 0xBE1B, 0xD6BD, 0xE75F, 0xE75E,   // 0xCD70 (52592) pixels
0xE71D, 0xDF1D, 0xE71D, 0xE71C, 0xDF1C, 0xDEDB, 0xD6BB, 0xCE7A, 0xCE5A, 0xC639, 0xBE19, 0xB5D8, 0xAD97, 0xA577, 0x9D36, 0x94F6,   // 0xCD80 (52608) pixels
0x8CB5, 0x8475, 0x7C34, 0x7C14, 0x7C14, 0x7BF4, 0x73F4, 0x73F5, 0x73F5, 0x73F5, 0x73D5, 0x73D5, 0x73D5, 0x73B5, 0x6BB4, 0x6BB4,   // 0xCD90 (52624) pixels
0x6BB4, 0x6BB4, 0x6BB4, 0x6BB4, 0x6BB4, 0x6BB4, 0x6BB4, 0x6BB4, 0x6BB4, 0x6BB4, 0x6BB4, 0x6BB4, 0x6BB4, 0x6BB4, 0x6BB4, 0x6BB4,   // 0xCDA0 (52640) pixels
0x6B94, 0x6B94, 0x6B94, 0x6B94, 0x6B94, 0x6B94, 0x6B94, 0x6B94, 0x6B94, 0x6B94, 0x6B94, 0x6373, 0x6373, 0x6353, 0x6353, 0x6353,   // 0xCDB0 (52656) pixels
0x6353, 0x6353, 0x6333, 0x6333, 0x6333, 0x6353, 0x6353, 0x6353, 0x6353, 0x6353, 0x6B74, 0x6B74, 0x6B94, 0x6BB4, 0x73D5, 0x7416,   // 0xCDC0 (52672) pixels
0x7C77, 0x84B8, 0x9519, 0x9D7B, 0xA59B, 0xA5BC, 0xADDC, 0xADFC, 0xA5BB, 0xA5DB, 0xA5DB, 0x9DFB, 0x9DFB, 0x95FA, 0x95FB, 0x95FB,   // 0xCDD0 (52688) pixels
0x95FB, 0x95FB, 0x95FA, 0x95FA, 0x95FB, 0x961B, 0x9DFB, 0x9DFB, 0x9DDB, 0x955A, 0x6BD4, 0x4290, 0x39EE, 0x318C, 0x316D, 0x396D,   // 0xCDE0 (52704) pixels
0x396D, 0x396D, 0x396C, 0x398D, 0x41EE, 0x5290, 0x6B93, 0x8497, 0x9539, 0x9DBA, 0xA5DB, 0x9DDA, 0x9DFA, 0x9DFA, 0x9DFA, 0x9DFA,   // 0xCDF0 (52720) pixels
0x9DFA, 0x9DFA, 0x9DFA, 0x9DFA, 0x9DFA, 0x9DD9, 0xA61A, 0xAE3A, 0xB65B, 0xBE7B, 0xC69B, 0xC69B, 0xC69B, 0xCE9B, 0xCE9B, 0xCEBB,   // 0xCE00 (52736) pixels
0xD6DC, 0xD6DC, 0xCEBB, 0xCEBB, 0xD6BB, 0xD6BB, 0xD6BB, 0xD6BB, 0xCEBA, 0xCE9A, 0xCE7A, 0xCE7A, 0xCE7A, 0xCE5A, 0xC63A, 0xC61A,   // 0xCE10 (52752) pixels
0xC5FB, 0xAD18, 0x9435, 0x8393, 0x7332, 0x6AF2, 0x6B12, 0x7313, 0x6AD3, 0x6AB2, 0x62B2, 0x6292, 0x6292, 0x6272, 0x5A71, 0x5A51,   // 0xCE20 (52768) pixels
0x5A31, 0x5A31, 0x5211, 0x5210, 0x5210, 0x5210, 0x51F0, 0x51F0, 0x51F0, 0x49F0, 0x49F0, 0x49F0, 0x49F0, 0x49F0, 0x49F0, 0x49F0,   // 0xCE30 (52784) pixels
0x49F0, 0x49F0, 0x4A10, 0x49F0, 0x49F0, 0x49F0, 0x49F0, 0x49F0, 0x49F0, 0x49EF, 0x4A30, 0x5A91, 0x52B0, 0x52D0, 0x6BD4, 0x9539,   // 0xCE40 (52800) pixels
0x9DFA, 0x9DFA, 0x95FA, 0x95FA, 0x961B, 0x95FB, 0x9DFB, 0x9DFA, 0x9DFA, 0xA5FA, 0xAE1A, 0xC6BC, 0xDF3E, 0xE75E, 0xEF7E, 0xEF5D,   // 0xCE50 (52816) pixels
0xEF5D, 0xEF3D, 0xE73D, 0xE71D, 0xE71D, 0xE71C, 0xDEFC, 0xDEDC, 0xDEDC, 0xDEBB, 0xD69B, 0xD69A, 0xD67A, 0xCE7A, 0xCE5A, 0xCE5A,   // 0xCE60 (52832) pixels
0xC63A, 0xC63A, 0xBE3A, 0xBE1A, 0xB61A, 0xADFA, 0xA5FA, 0x9DFA, 0x9DFB, 0x9DFB, 0x9DFB, 0x9E1B, 0x9E1B, 0x9E1B, 0x9E1B, 0x9E1B,   // 0xCE70 (52848) pixels
0x9E1A, 0x9E1A, 0x9E1A, 0x9E1A, 0x9E1A, 0x9E1A, 0x9E1A, 0x9E1A, 0x9DFB, 0x9DFB, 0x9E1B, 0x9E1B, 0x9E1B, 0x9E1B, 0x9E1B, 0x9E1B,   // 0xCE80 (52864) pixels
0x9E1B, 0x9E1B, 0x9E1A, 0x9DFA, 0x9DFA, 0x9DFA, 0x9DFB, 0x9DFB, 0x9DFA, 0x9DFB, 0x9DFB, 0x9DFB, 0xA5FB, 0xA5FB, 0x9DFB, 0x9DFB,   // 0xCE90 (52880) pixels
0xA5FB, 0xA5FB, 0xA5FB, 0x9DFB, 0xA5FB, 0x9DFB, 0xA5DB, 0x9DDB, 0xA5FB, 0x9DDB, 0x9DDB, 0x9DDB, 0x9DDB, 0x9DDB, 0x9DDB, 0x9DDA,   // 0xCEA0 (52896) pixels
0x9DDB, 0x9DDB, 0x9DDB, 0x9DDB, 0xA5DB, 0xA5BB, 0xA5BB, 0xA5BB, 0xA59A, 0xADBB, 0xADBA, 0xBE3B, 0xD6BD, 0xDF1E, 0xE75F, 0xE73E,   // 0xCEB0 (52912) pixels
0xE73D, 0xE71D, 0xDF1C, 0xDEFC, 0xDEFC, 0xDEDB, 0xD69A, 0xCE7A, 0xC659, 0xC639, 0xBDF9, 0xB5D8, 0xAD97, 0xA557, 0x9D16, 0x94F6,   // 0xCEC0 (52928) pixels
0x8CB5, 0x8474, 0x7C34, 0x7C34, 0x8455, 0x8CB7, 0x94F8, 0x94F8, 0x9519, 0x9519, 0x9519, 0x9519, 0x9519, 0x9519, 0x8D19, 0x8CF9,   // 0xCED0 (52944) pixels
0x8D19, 0x8D19, 0x8CF9, 0x8CF9, 0x8CF9, 0x8CF9, 0x8CF9, 0x8CF9, 0x9519, 0x8D19, 0x8CF9, 0x8CF9, 0x8CF8, 0x8CD8, 0x8CD8, 0x8CD8,   // 0xCEE0 (52960) pixels
0x8CD8, 0x8CD8, 0x8CD8, 0x8CD8, 0x84D8, 0x84B8, 0x84B8, 0x84B7, 0x7C97, 0x7C97, 0x7C77, 0x7C77, 0x7C77, 0x7C56, 0x7C56, 0x7436,   // 0xCEF0 (52976) pixels
0x7C76, 0x7C76, 0x7C56, 0x7C56, 0x7C56, 0x7C76, 0x7C77, 0x7C77, 0x8497, 0x8497, 0x8CB8, 0x8CD8, 0x8CF9, 0x9519, 0x9D5A, 0x9D7A,   // 0xCF00 (52992) pixels
0x9D7B, 0x9DBB, 0xA5DB, 0xA5FC, 0xA5FC, 0xA5DB, 0xA5DB, 0xA5FB, 0x9DDB, 0x9DDB, 0x9DFB, 0x9E1B, 0x9E1B, 0x95FB, 0x95FA, 0x95FA,   // 0xCF10 (53008) pixels
0x95FB, 0x95FB, 0x95FB, 0x95FB, 0x95FB, 0x95FB, 0x9DFB, 0x9DFB, 0x9DDB, 0x957A, 0x7415, 0x4AD1, 0x420F, 0x318D, 0x316D, 0x396D,   // 0xCF20 (53024) pixels
0x394D, 0x394D, 0x394C, 0x398D, 0x41EE, 0x4A6F, 0x6B73, 0x8476, 0x9518, 0x9D9A, 0xA5DA, 0x9DDA, 0x9DFA, 0x9DFB, 0x9DFA, 0x9DFA,   // 0xCF30 (53040) pixels
0x9E1A, 0x9DFA, 0x9DFA, 0x9DFA, 0x9DDA, 0x9DFA, 0xAE1A, 0xB65B, 0xBE7B, 0xBE7B, 0xC67B, 0xC67B, 0xCE9B, 0xCE9B, 0xD6BB, 0xD6BC,   // 0xCF40 (53056) pixels
0xD6DC, 0xCEBC, 0xCEBB, 0xCE9B, 0xCEBB, 0xCEBB, 0xCE9A, 0xCE9A, 0xCE7A, 0xCE7A, 0xC67A, 0xC659, 0xC65A, 0xC65A, 0xC63A, 0xC5F9,   // 0xCF50 (53072) pixels
0xCE3B, 0xBD79, 0xA4D7, 0x8BF4, 0x7332, 0x62D1, 0x62D2, 0x6AD2, 0x6AB2, 0x6292, 0x6292, 0x6272, 0x6272, 0x5A51, 0x5A51, 0x5A31,   // 0xCF60 (53088) pixels
0x5210, 0x5210, 0x51F0, 0x51F0, 0x51F0, 0x51F0, 0x51F0, 0x51F0, 0x49F0, 0x49F0, 0x49F0, 0x49F0, 0x49F0, 0x49F0, 0x49F0, 0x49F0,   // 0xCF70 (53104) pixels
0x49F0, 0x49F0, 0x49F0, 0x49F0, 0x49F0, 0x49F0, 0x49F0, 0x49F0, 0x5210, 0x49EF, 0x5230, 0x5AB1, 0x5AF1, 0x6352, 0x7C55, 0x9D59,   // 0xCF80 (53120) pixels
0x9DFA, 0x9DFA, 0x95FA, 0x95FA, 0x95FB, 0x9E1B, 0x9DFB, 0x9DFA, 0xA5FA, 0xA61A, 0xAE1A, 0xC6BC, 0xDF3E, 0xE75E, 0xEF7E, 0xEF5D,   // 0xCF90 (53136) pixels
0xEF5D, 0xE73D, 0xE73D, 0xE71D, 0xE71C, 0xE71C, 0xDEFC, 0xDEFC, 0xDEDB, 0xD6BB, 0xD69B, 0xCE7A, 0xCE7A, 0xCE7A, 0xCE5A, 0xC639,   // 0xCFA0 (53152) pixels
0xC63A, 0xC63A, 0xBE1A, 0xBE1A, 0xB5FA, 0xADFA, 0xA5FA, 0x9DDA, 0x9DFB, 0x9DFB, 0x9DFB, 0x9DFB, 0x9DFB, 0x9E1B, 0x9E1B, 0x9E1B,   // 0xCFB0 (53168) pixels
0x9E1A, 0x9E1A, 0x9E1A, 0x9E1A, 0x9E1A, 0x9E1A, 0x9E1A, 0x9E1A, 0x9E1B, 0x9E1B, 0x9E1B, 0x9E1B, 0x9E1B, 0x9E1B, 0x9DFB, 0x95FB,   // 0xCFC0 (53184) pixels
0x9E1A, 0x961A, 0x95FA, 0x95FA, 0x961A, 0x9E1A, 0x9E1A, 0x9E1A, 0x9E1A, 0x9E1A, 0x9DFB, 0x9DFB, 0x9DFB, 0x9DFB, 0x9DFB, 0x9DFB,   // 0xCFD0 (53200) pixels
0x9DFB, 0x9DFB, 0x9DFA, 0x9DFA, 0x9DFB, 0x9DFB, 0x9DFA, 0x9DFA, 0x9DFB, 0x9DFB, 0x9DFA, 0x9DFA, 0x9DFB, 0x9DFB, 0x9DFB, 0x9DFB,   // 0xCFE0 (53216) pixels
0x9DFB, 0x9DFB, 0x9DFB, 0x9DFB, 0x9DFB, 0xA61B, 0xA5FB, 0xA5DB, 0xA5DB, 0xADFB, 0xB61B, 0xC67C, 0xD6FE, 0xDF1E, 0xE73E, 0xE73D,   // 0xCFF0 (53232) pixels
0xE73D, 0xDF1C, 0xDEFC, 0xDEFC, 0xDEDC, 0xD6BB, 0xD69A, 0xCE7A, 0xC639, 0xC619, 0xBDF8, 0xB5B8, 0xAD77, 0xA556, 0x9D16, 0x94F6,   // 0xD000 (53248) pixels
0x8CB5, 0x8474, 0x7C33, 0x7C54, 0x8CB6, 0x9538, 0xA59A, 0xA5BB, 0xA5BB, 0xA5BB, 0xA5BB, 0xA5BB, 0xA5DB, 0xA5DB, 0xA5DB, 0x9DBB,   // 0xD010 (53264) pixels
0x9DDB, 0x9DDB, 0x9DDB, 0x9DDB, 0x9DDB, 0x9DDB, 0x9DDB, 0x9DDB, 0x9DDB, 0x9DDB, 0x9DDB, 0x9DBB, 0x9DBB, 0x9DBB, 0x9DBB, 0x9DBB,   // 0xD020 (53280) pixels
0x9D9B, 0x9D9B, 0x9DBB, 0x9DBB, 0x9D9B, 0x9D9B, 0x9D9A, 0x9D9A, 0x957A, 0x957A, 0x957A, 0x957A, 0x957A, 0x957A, 0x957A, 0x957A,   // 0xD030 (53296) pixels
0x955A, 0x955A, 0x955A, 0x955A, 0x957A, 0x957A, 0x957A, 0x957A, 0x957A, 0x957A, 0x9D9A, 0x9D9A, 0x9D9B, 0x9DBB, 0xA5DB, 0xA5DB,   // 0xD040 (53312) pixels
0xA61C, 0x9E1C, 0x9DFB, 0x9DFB, 0x9DFB, 0x9DFB, 0xA61B, 0xA61B, 0x9DFB, 0x9DFB, 0x9DFB, 0x9DFB, 0x9DFB, 0x95FA, 0x95FA, 0x961B,   // 0xD050 (53328) pixels
0x95FB, 0x9DFB, 0x95FB, 0x95FB, 0x95FB, 0x95FB, 0x9DFB, 0x9DFB, 0x9DFC, 0x9DBB, 0x7456, 0x5311, 0x424F, 0x31AD, 0x316D, 0x316D,   // 0xD060 (53344) pixels
0x394D, 0x396D, 0x316C, 0x396C, 0x39CD, 0x4A6F, 0x6352, 0x7C56, 0x9518, 0x9D7A, 0x9DDA, 0x9DDA, 0x9DFA, 0x9DFB, 0x9DFA, 0x9DFA,   // 0xD070 (53360) pixels
0x9DFB, 0x9DFA, 0x9DFA, 0x9DFA, 0x9DFA, 0xA5FA, 0xAE1B, 0xB65B, 0xBE7B, 0xBE7B, 0xC65A, 0xC67B, 0xCE9B, 0xCE9B, 0xD6BB, 0xD6BB,   // 0xD080 (53376) pixels
0xD6BB, 0xCE9B, 0xCE9B, 0xCE7B, 0xCE9A, 0xCE9A, 0xCE7A, 0xC659, 0xC659, 0xC659, 0xC639, 0xC639, 0xC639, 0xBE39, 0xBE19, 0xBDF9,   // 0xD090 (53392) pixels
0xBDF9, 0xBDB9, 0xB538, 0x9476, 0x7B73, 0x6AF1, 0x62B1, 0x5A91, 0x6272, 0x5A72, 0x5A52, 0x5A52, 0x5A31, 0x5A31, 0x5230, 0x5210,   // 0xD0A0 (53408) pixels
0x51F0, 0x51F0, 0x51F0, 0x49D0, 0x49D0, 0x51F0, 0x49F0, 0x49F0, 0x49F0, 0x49F0, 0x49F0, 0x49F0, 0x49F0, 0x49F0, 0x49F0, 0x49F0,   // 0xD0B0 (53424) pixels
0x51F0, 0x51F0, 0x49F0, 0x49F0, 0x49F0, 0x49F0, 0x49F0, 0x49F0, 0x4A10, 0x4A0F, 0x5270, 0x62F2, 0x6B93, 0x7C56, 0x9518, 0x9D9A,   // 0xD0C0 (53440) pixels
0x9DFA, 0x9DFA, 0x95FA, 0x95FA, 0x95FB, 0x9E1A, 0x9DFA, 0x9DFA, 0xA5FA, 0xA61A, 0xB63A, 0xCEDD, 0xDF5E, 0xE75E, 0xEF7E, 0xEF5D,   // 0xD0D0 (53456) pixels
0xE75D, 0xE73D, 0xE71D, 0xE71C, 0xE71C, 0xDF1C, 0xDEFC, 0xDEDC, 0xD6BB, 0xD6BB, 0xD69B, 0xCE7A, 0xCE7A, 0xCE5A, 0xC639, 0xC639,   // 0xD0E0 (53472) pixels
0xC63A, 0xC63A, 0xBE1A, 0xBE1A, 0xB5FA, 0xADFA, 0xA5DA, 0x9DDA, 0x9DFB, 0x9DFB, 0x9DFB, 0x9DFB, 0x9DFB, 0x9E1B, 0x9E1B, 0x9E1B,   // 0xD0F0 (53488) pixels
0x9E1B, 0x9E1B, 0x9E1B, 0x9E1B, 0x9E1B, 0x9E1B, 0x9E1B, 0x9E1B, 0x9E1B, 0x95FB, 0x95FA, 0x95FB, 0x9E1B, 0x9E1B, 0x9E1B, 0x9E1B,   // 0xD100 (53504) pixels
0x961A, 0x961A, 0x961A, 0x961A, 0x95FA, 0x961A, 0x961A, 0x961A, 0x9E3B, 0x9E3B, 0x9E1B, 0x95FA, 0x95FA, 0x95FA, 0x95FB, 0x95FB,   // 0xD110 (53520) pixels
0x9DFB, 0x9DFB, 0x9DFB, 0x9DFB, 0x9DFB, 0x9E1B, 0x9DFB, 0x9DFB, 0x9DFB, 0x9DFB, 0x9DFB, 0x9DFB, 0x9DFB, 0x9E1B, 0x9E1B, 0x9E1B,   // 0xD120 (53536) pixels
0x961B, 0x95FA, 0x95FB, 0x95FB, 0x9E1B, 0x9E1B, 0x9DFB, 0x9DDA, 0xA5DA, 0xAE1B, 0xB61A, 0xCEBC, 0xDF5E, 0xE75E, 0xE75E, 0xE75E,   // 0xD130 (53552) pixels
0xE73D, 0xDF1C, 0xDEFC, 0xD6DB, 0xD6DB, 0xD6BB, 0xCE9A, 0xCE5A, 0xC639, 0xBE19, 0xBDF8, 0xADB8, 0xA577, 0xA556, 0x9D16, 0x94F5,   // 0xD140 (53568) pixels
0x8CB5, 0x8494, 0x7C54, 0x8474, 0x8CF6, 0x9D78, 0xA5DA, 0xA5FB, 0xA5FB, 0xA5FB, 0x9DDB, 0x9DFB, 0x9DFB, 0x9DFB, 0x9DDB, 0x9DFB,   // 0xD150 (53584) pixels
0x9DFB, 0x9DFB, 0x9DFB, 0x9DFB, 0x9DFB, 0x9DFB, 0x9DFB, 0x9DFB, 0x9DFB, 0x9DFB, 0x9DFB, 0x9DFB, 0x9DFB, 0x9DFB, 0x9DFB, 0x9DFB,   // 0xD160 (53600) pixels
0x9DFB, 0x9DFB, 0xA5FB, 0xA61B, 0xA61B, 0xA61B, 0xA61B, 0xA5FB, 0x9DFB, 0x9DFB, 0x9DFB, 0x9DFB, 0x9DFB, 0x9DFB, 0xA61C, 0xA61C,   // 0xD170 (53616) pixels
0xA61C, 0xA61C, 0xA61C, 0xA61C, 0xA61B, 0xA5FB, 0x9DFB, 0x9DFB, 0xA61C, 0xA5FB, 0x9DFB, 0x9DDB, 0x9DDB, 0x9DDA, 0x9DBA, 0x95BA,   // 0xD180 (53632) pixels
0x95BA, 0x95DA, 0x95DA, 0x9DFB, 0x9DFB, 0x9DFB, 0x9DFB, 0x9DDA, 0x95DA, 0x95DA, 0x95FA, 0x9E1B, 0x9E1B, 0x95FA, 0x95FA, 0x95FA,   // 0xD190 (53648) pixels
0x95FA, 0x95FA, 0x95FB, 0x95FB, 0x95FB, 0x95FB, 0x9DFB, 0x9DFB, 0xA5FC, 0x9DDB, 0x7C77, 0x5B32, 0x4A50, 0x31AD, 0x316D, 0x316D,   // 0xD1A0 (53664) pixels
0x316D, 0x396D, 0x314C, 0x316C, 0x39CD, 0x424F, 0x6332, 0x7C56, 0x8CF8, 0x9D79, 0x9DBA, 0x9DDA, 0x9DFB, 0x9E1B, 0x9E1A, 0x9DFA,   // 0xD1B0 (53680) pixels
0x9DFB, 0x9DFA, 0x9DFA, 0x9DFA, 0xA5FA, 0xA61A, 0xAE3A, 0xB65B, 0xBE7B, 0xC65B, 0xC65A, 0xCE7A, 0xCE9B, 0xD69B, 0xD69B, 0xCE7A,   // 0xD1C0 (53696) pixels
0xCE9B, 0xCE7B, 0xCE7A, 0xCE7A, 0xCE7A, 0xCE7A, 0xC65A, 0xC639, 0xC639, 0xBE39, 0xBE39, 0xBE39, 0xBE19, 0xBDF8, 0xB5D8, 0xB5D8,   // 0xD1D0 (53712) pixels
0xB5B8, 0xBDB9, 0xB599, 0xA4D7, 0x83F4, 0x7332, 0x62D2, 0x5A71, 0x5A51, 0x5A51, 0x5A31, 0x5A31, 0x5211, 0x5210, 0x5210, 0x51F0,   // 0xD1E0 (53728) pixels
0x51F0, 0x51F0, 0x49D0, 0x49D0, 0x51F0, 0x51F0, 0x49F0, 0x49F0, 0x49F0, 0x49F0, 0x49F0, 0x49F0, 0x49F0, 0x49F0, 0x49F0, 0x49D0,   // 0xD1F0 (53744) pixels
0x51D0, 0x51D0, 0x51F0, 0x49F0, 0x49F0, 0x49F0, 0x49F0, 0x49F0, 0x49EF, 0x4A0F, 0x5291, 0x6353, 0x7C15, 0x9518, 0xA5BA, 0x9DDA,   // 0xD200 (53760) pixels
0x95FA, 0x95FA, 0x9DFA, 0x9DFA, 0x9DFA, 0x9DFA, 0x9DFA, 0x9DFA, 0xA5FA, 0xAE1A, 0xBE7B, 0xCEFD, 0xE75E, 0xEF7E, 0xEF5E, 0xE73D,   // 0xD210 (53776) pixels
0xE73D, 0xE71D, 0xE71D, 0xE71C, 0xE71C, 0xDF1C, 0xDEFC, 0xDEDC, 0xD6BB, 0xD6BB, 0xD69B, 0xCE7A, 0xCE7A, 0xCE5A, 0xCE5A, 0xC63A,   // 0xD220 (53792) pixels
0xC63A, 0xC61A, 0xBE19, 0xB5F9, 0xADF9, 0xA5FA, 0xA5DA, 0x9DFA, 0x9DFB, 0x9DFB, 0x9DFB, 0x9DFB, 0x9DFB, 0x9E1B, 0x9DFB, 0x9E1B,   // 0xD230 (53808) pixels
0x9E1B, 0x9E1B, 0x9E1A, 0x9E1A, 0x9E1A, 0x9E1A, 0x961A, 0x961A, 0x9E1B, 0x9E1B, 0x9E1B, 0x9E1B, 0x9E1B, 0x9E1B, 0x9E1B, 0x9E1B,   // 0xD240 (53824) pixels
0x961B, 0x961A, 0x961B, 0x961A, 0x961B, 0x961B, 0x961B, 0x961B, 0x961B, 0x961B, 0x961B, 0x961B, 0x95FB, 0x95FB, 0x961B, 0x961B,   // 0xD250 (53840) pixels
0x95FB, 0x95FB, 0x95FB, 0x95FB, 0x95FB, 0x95FB, 0x95FB, 0x95FB, 0x95FB, 0x95FB, 0x95FB, 0x95FB, 0x95FB, 0x95FB, 0x95FB, 0x95FB,   // 0xD260 (53856) pixels
0x95FA, 0x961B, 0x961B, 0x961B, 0x9E1B, 0x9E1B, 0x9DFA, 0x9DD9, 0x9DD9, 0xAE1A, 0xBE7B, 0xCEFD, 0xDF3E, 0xE75E, 0xE75E, 0xE73D,   // 0xD270 (53872) pixels
0xDF1C, 0xDEFC, 0xD6DB, 0xD6DB, 0xD6BB, 0xD69B, 0xCE7A, 0xC659, 0xC639, 0xBE19, 0xB5D8, 0xADB8, 0xA577, 0x9D36, 0x94F5, 0x8CD5,   // 0xD280 (53888) pixels
0x8CD5, 0x84B5, 0x84B5, 0x8CF6, 0x9558, 0x9DB9, 0xA5DA, 0x9DFA, 0x9DDA, 0x9DFB, 0x9DFB, 0x9DFB, 0x9DFB, 0x9DFB, 0x9DFB, 0x9E1B,   // 0xD290 (53904) pixels
0x9DFB, 0x9DFB, 0x9DFB, 0x9DFB, 0x9DFB, 0x9DFB, 0x9DFB, 0x9DFB, 0x9DFB, 0x9DFB, 0x9DFB, 0x9DFB, 0x9DFB, 0x9DFB, 0x9DFB, 0x9DFB,   // 0xD2A0 (53920) pixels
0x9DFB, 0x9DFB, 0x9DFB, 0x9DFB, 0x9DFB, 0x9DFB, 0x9DFB, 0x9DFB, 0x9DFB, 0x9DFB, 0x9DFB, 0x9DFB, 0x9DFB, 0x9DFB, 0x9DFB, 0x9DFB,   // 0xD2B0 (53936) pixels
0x9DFB, 0x9DFB, 0x9DFB, 0x9DFB, 0x9E1B, 0x9E1B, 0x9E1B, 0x9E1B, 0x9DFB, 0x9DFB, 0x9DFB, 0x9DFB, 0x9DFB, 0x9DFB, 0x9DFB, 0x9DFB,   // 0xD2C0 (53952) pixels
0x9DFB, 0x9DFA, 0x9DFB, 0x9DFA, 0x9DFA, 0x9DFA, 0x9DFA, 0x9DFA, 0x9DFA, 0x9DFA, 0x95FA, 0x9DFA, 0x9DFA, 0x961A, 0x95FA, 0x95FA,   // 0xD2D0 (53968) pixels
0x95FA, 0x95FA, 0x95FA, 0x9DFB, 0x95FB, 0x95FB, 0x9DFB, 0x9DDB, 0xA5FC, 0xA5DB, 0x84B8, 0x6393, 0x4A70, 0x318D, 0x316C, 0x314C,   // 0xD2E0 (53984) pixels
0x314C, 0x314C, 0x314C, 0x316C, 0x31AD, 0x422E, 0x5B11, 0x7415, 0x8CF8, 0x9D9A, 0xA5FB, 0x9DFB, 0x9E1B, 0x9E1B, 0x9E1B, 0x9E1B,   // 0xD2F0 (54000) pixels
0x9E1B, 0x9DFA, 0x9DDA, 0xA5FA, 0xA61A, 0xAE1A, 0xB63B, 0xBE7B, 0xBE5B, 0xC65B, 0xCE7B, 0xCE7B, 0xCE7A, 0xCE5A, 0xCE5A, 0xCE5A,   // 0xD300 (54016) pixels
0xCE7B, 0xCE7B, 0xCE7A, 0xC65A, 0xC65A, 0xC65A, 0xC659, 0xC639, 0xBE19, 0xBE19, 0xBE18, 0xBDF8, 0xBDF8, 0xB5D8, 0xB5D8, 0xB5B7,   // 0xD310 (54032) pixels
0xAD97, 0xB598, 0xAD58, 0xA517, 0x9CB7, 0x83D4, 0x62D1, 0x5250, 0x5251, 0x5231, 0x5231, 0x5231, 0x5210, 0x51F0, 0x51EF, 0x5210,   // 0xD320 (54048) pixels
0x51F0, 0x51F0, 0x51F0, 0x51F0, 0x49F0, 0x49F0, 0x51F0, 0x51F0, 0x51F0, 0x51F0, 0x49F0, 0x49F0, 0x49CF, 0x49CF, 0x49CF, 0x49CF,   // 0xD330 (54064) pixels
0x49AF, 0x51D0, 0x51F0, 0x49CF, 0x49F0, 0x4A10, 0x4A10, 0x41EF, 0x4A30, 0x4A50, 0x52D1, 0x6BB4, 0x8CD7, 0x9D9A, 0x9DDA, 0x9DDA,   // 0xD340 (54080) pixels
0x95FA, 0x95FA, 0x9DFA, 0x9DFA, 0x9DFA, 0x9DFA, 0x9DFA, 0x9DFA, 0xA5FA, 0xB63B, 0xBE7B, 0xD6FD, 0xE75E, 0xEF7E, 0xEF3E, 0xE73D,   // 0xD350 (54096) pixels
0xE73D, 0xE71D, 0xE71D, 0xE71C, 0xE71C, 0xDF1C, 0xDEFC, 0xDEDC, 0xD6BB, 0xD6BB, 0xD69B, 0xCE7A, 0xCE7A, 0xCE5A, 0xCE5A, 0xC63A,   // 0xD360 (54112) pixels
0xC63A, 0xC61A, 0xBE19, 0xB5F9, 0xADF9, 0xA5FA, 0xA5DA, 0x9DFA, 0x9DFB, 0x9DFB, 0x9DFB, 0x9DFB, 0x9DFB, 0x9E1B, 0x9DFB, 0x9E1B,   // 0xD370 (54128) pixels
0x9E1A, 0x9E1A, 0x9E1A, 0x9E1A, 0x9E1A, 0x9E1A, 0x9E1A, 0x9E1A, 0x9E1B, 0x9E1B, 0x9E1B, 0x9E1B, 0x9E1B, 0x9E1B, 0x9E1B, 0x9E1B,   // 0xD380 (54144) pixels
0x961B, 0x961B, 0x961B, 0x961B, 0x961B, 0x961B, 0x961B, 0x961B, 0x9E1B, 0x961B, 0x961B, 0x961B, 0x961B, 0x961B, 0x961B, 0x9E1B,   // 0xD390 (54160) pixels
0x95FB, 0x95FB, 0x9DFB, 0x95FB, 0x9DFB, 0x95FB, 0x95FB, 0x95FB, 0x95FB, 0x95FB, 0x95FB, 0x95FB, 0x95FB, 0x95FB, 0x95FB, 0x95FB,   // 0xD3A0 (54176) pixels
0x961B, 0x8E1B, 0x961B, 0x961B, 0x961B, 0x9E1B, 0x9E1A, 0x9DFA, 0xA5F9, 0xB63A, 0xC6BC, 0xD71D, 0xDF5E, 0xE75E, 0xE75D, 0xE71D,   // 0xD3B0 (54192) pixels
0xDF1C, 0xDEFC, 0xD6DB, 0xD6BB, 0xD6BB, 0xCE9B, 0xCE7A, 0xC63A, 0xBE19, 0xBDF9, 0xB5B8, 0xAD97, 0xA577, 0x9D36, 0x94F5, 0x94F5,   // 0xD3C0 (54208) pixels
0x8CD5, 0x8CD5, 0x84D5, 0x8D16, 0x9598, 0x9DD9, 0x9DFA, 0x9DFA, 0x9DFA, 0x9DFA, 0x9DFB, 0x95FB, 0x9E1B, 0x9E1B, 0x9E1B, 0x9E1B,   // 0xD3D0 (54224) pixels
0x9E1B, 0x9E1B, 0x9E1B, 0x9E1B, 0x95FB, 0x95FB, 0x95FB, 0x95FB, 0x95FA, 0x95FA, 0x95FA, 0x95FA, 0x95FA, 0x95FA, 0x95FA, 0x95FA,   // 0xD3E0 (54240) pixels
0x95FB, 0x95FB, 0x95FB, 0x95FB, 0x95FB, 0x95FB, 0x95FB, 0x95FB, 0x95FB, 0x95FB, 0x95FB, 0x95FB, 0x95FB, 0x95FB, 0x95FB, 0x95FB,   // 0xD3F0 (54256) pixels
0x95FA, 0x95FA, 0x95FA, 0x95FA, 0x95FB, 0x961B, 0x9E1B, 0x961B, 0x95FB, 0x961B, 0x95FB, 0x961B, 0x95FB, 0x961B, 0x95FB, 0x95FB,   // 0xD400 (54272) pixels
0x9DFB, 0x9DFB, 0x9DFB, 0x9DFB, 0x9DFB, 0x9DFB, 0x9DFA, 0x9DFA, 0x9DFA, 0x9DFA, 0x95FA, 0x9DFA, 0x9DFA, 0x9DFA, 0x95FA, 0x95FA,   // 0xD410 (54288) pixels
0x9DFB, 0x9DFB, 0x9DFB, 0x9DFB, 0x9E1B, 0x95FB, 0x9DFB, 0x95DB, 0xA61C, 0xA5DC, 0x84B8, 0x6393, 0x4A70, 0x318D, 0x314C, 0x314C,   // 0xD420 (54304) pixels
0x314C, 0x314C, 0x292C, 0x294C, 0x318C, 0x3A0E, 0x52F1, 0x73F4, 0x8CD8, 0x9D9A, 0xA5FB, 0x9DFB, 0x9DFB, 0x9E1B, 0x9E1B, 0x9E1B,   // 0xD430 (54320) pixels
0x9DFA, 0x9DFA, 0x9DDA, 0x9DDA, 0xA5FA, 0xAE3B, 0xBE5B, 0xBE5B, 0xC65B, 0xC65A, 0xC65A, 0xCE5A, 0xCE5A, 0xCE5A, 0xCE5A, 0xCE5A,   // 0xD440 (54336) pixels
0xCE7A, 0xC65A, 0xC65A, 0xC65A, 0xC65A, 0xC65A, 0xC639, 0xBE39, 0xBE19, 0xBE18, 0xBDF8, 0xB5D8, 0xB5D8, 0xB5B8, 0xB5B7, 0xAD97,   // 0xD450 (54352) pixels
0xAD97, 0xB597, 0xAD57, 0xA517, 0x9CD7, 0x8C15, 0x6B12, 0x5A91, 0x5A51, 0x5230, 0x5210, 0x5210, 0x51F0, 0x51F0, 0x51F0, 0x5210,   // 0xD460 (54368) pixels
0x51F0, 0x51F0, 0x51F0, 0x51F0, 0x51F0, 0x51F0, 0x51F0, 0x51F0, 0x49CF, 0x49CF, 0x49EF, 0x49EF, 0x49EF, 0x49F0, 0x49F0, 0x49F0,   // 0xD470 (54384) pixels
0x51CF, 0x51F0, 0x51F0, 0x49F0, 0x4A10, 0x4A30, 0x4A50, 0x4A50, 0x4A70, 0x52B1, 0x6373, 0x7C56, 0x8D39, 0x9DBA, 0x9DFB, 0x9DFB,   // 0xD480 (54400) pixels
0x95FA, 0x95FA, 0x9DFA, 0x9DFA, 0x9DFA, 0x9DFA, 0x9DFA, 0xA5FA, 0xA5FA, 0xB63B, 0xC69C, 0xD6FD, 0xE75E, 0xEF7E, 0xE73E, 0xE73D,   // 0xD490 (54416) pixels
0xE73D, 0xE71D, 0xE71C, 0xE71C, 0xE71D, 0xDEFC, 0xDEFC, 0xDEDC, 0xD6BB, 0xD6BB, 0xD69B, 0xCE7A, 0xCE7A, 0xCE5A, 0xCE5A, 0xC63A,   // 0xD4A0 (54432) pixels
0xC63A, 0xC61A, 0xBE19, 0xB5F9, 0xADD9, 0xA5DA, 0xA5DA, 0x9DFA, 0x9DFB, 0x9DFB, 0x9DFB, 0x9DFB, 0x9DFB, 0x9E1B, 0x9E1B, 0x9E1B,   // 0xD4B0 (54448) pixels
0x9E1A, 0x9E1A, 0x9E1A, 0x9E1A, 0x9E1A, 0x9E1A, 0x9E1A, 0x9E1A, 0x9E1B, 0x9E1B, 0x9E1B, 0x9E1B, 0x9E1B, 0x9E1B, 0x961B, 0x961B,   // 0xD4C0 (54464) pixels
0x9E1B, 0x9E1B, 0x9E1B, 0x9E1B, 0x9E1B, 0x9E1B, 0x9E1B, 0x9E1B, 0x9E1B, 0x9E1B, 0x9E1B, 0x9E1B, 0x9E1B, 0x9E1B, 0x9E1B, 0x9DFB,   // 0xD4D0 (54480) pixels
0x9DFB, 0x9DFB, 0x9DFB, 0x9DFB, 0x9DFB, 0x9DFB, 0x9DFB, 0x9DFB, 0x9DFB, 0x9DFB, 0x9DFB, 0x9DFB, 0x9DFB, 0x9DFB, 0x9DFB, 0x95FB,   // 0xD4E0 (54496) pixels
0x961B, 0x8E1B, 0x961B, 0x95FA, 0x95FA, 0x9E1A, 0x9E1A, 0xA61A, 0xA619, 0xB67B, 0xCEDD, 0xDF3D, 0xE75E, 0xE75D, 0xE73D, 0xDF1C,   // 0xD4F0 (54512) pixels
0xDEFC, 0xD6DC, 0xD6BB, 0xD6BB, 0xCE9B, 0xCE7A, 0xC65A, 0xC619, 0xBDF9, 0xB5D8, 0xAD97, 0xAD77, 0xA557, 0x9D16, 0x94F5, 0x94F5,   // 0xD500 (54528) pixels
0x8CD5, 0x8CD5, 0x8CF6, 0x9537, 0x9DB9, 0xA5FA, 0x9DFA, 0x9DFA, 0x9DFA, 0x961A, 0x961A, 0x961A, 0x961B, 0x961B, 0x961B, 0x9E1B,   // 0xD510 (54544) pixels
0x961B, 0x961A, 0x961A, 0x961A, 0x961A, 0x961A, 0x961A, 0x961A, 0x95FA, 0x95FA, 0x95FA, 0x95FA, 0x95FA, 0x95FA, 0x95FA, 0x95FA,   // 0xD520 (54560) pixels
0x95FA, 0x95FA, 0x95FA, 0x95FA, 0x95FA, 0x95FA, 0x95FA, 0x95FA, 0x95FA, 0x95FA, 0x95FA, 0x95FA, 0x95FA, 0x95FA, 0x95FA, 0x95FA,   // 0xD530 (54576) pixels
0x95FA, 0x95FA, 0x95FA, 0x961A, 0x95FA, 0x961A, 0x961A, 0x961A, 0x961A, 0x961A, 0x961A, 0x961A, 0x961A, 0x961A, 0x961A, 0x961A,   // 0xD540 (54592) pixels
0x961A, 0x9DFA, 0x9DFA, 0x9DFA, 0x9DFA, 0x9DFA, 0x9DFA, 0x9DFA, 0x9DFA, 0x9DFA, 0x9DFA, 0x9DFA, 0x9DFB, 0x9DFB, 0x9DFB, 0x9DFA,   // 0xD550 (54608) pixels
0x9DFB, 0x9DFB, 0x9DFB, 0x9DFB, 0x9E1B, 0x95FB, 0x9DFB, 0x9DDB, 0xA61C, 0xA5DC, 0x8CD8, 0x6BB4, 0x4A90, 0x31AD, 0x314C, 0x314C,   // 0xD560 (54624) pixels
0x316D, 0x316D, 0x314C, 0x316C, 0x31AD, 0x420E, 0x5AF1, 0x73F5, 0x8CD7, 0x9D7A, 0xA5DB, 0x9DFB, 0x9DFB, 0x9DFB, 0x95FB, 0x9E1B,   // 0xD570 (54640) pixels
0x95FA, 0x9DFB, 0x9DFA, 0x9DDA, 0xA5FA, 0xAE3B, 0xBE5B, 0xBE5B, 0xBE3B, 0xC65B, 0xC63A, 0xC63A, 0xC63A, 0xC639, 0xC639, 0xC639,   // 0xD580 (54656) pixels
0xC65A, 0xC63A, 0xC63A, 0xC63A, 0xC63A, 0xC63A, 0xBE19, 0xBE19, 0xBDF9, 0xB5D8, 0xB5D8, 0xB5B8, 0xADB8, 0xADB7, 0xAD97, 0xAD97,   // 0xD590 (54672) pixels
0xAD77, 0xAD77, 0xA557, 0xA537, 0xA518, 0x9476, 0x7B94, 0x6B12, 0x5A71, 0x5230, 0x49F0, 0x51F0, 0x51F0, 0x51F0, 0x51F0, 0x5210,   // 0xD5A0 (54688) pixels
0x51F0, 0x51F0, 0x51F0, 0x51F0, 0x51F0, 0x51F0, 0x51F0, 0x49F0, 0x49EF, 0x49EF, 0x49EF, 0x49EF, 0x49EF, 0x49EF, 0x49EF, 0x49EF,   // 0xD5B0 (54704) pixels
0x51F0, 0x51F0, 0x5210, 0x5230, 0x5230, 0x5250, 0x5291, 0x5AD2, 0x5B12, 0x6394, 0x7C56, 0x9519, 0x9DBB, 0x9DFB, 0x9E1B, 0x9E1B,   // 0xD5C0 (54720) pixels
0x95FA, 0x961A, 0x9DFA, 0x9DFA, 0x9DFA, 0x9DFA, 0x9DFA, 0xA5FA, 0xA5FA, 0xBE5B, 0xCEBD, 0xDF1E, 0xEF7F, 0xEF5E, 0xE73E, 0xE73D,   // 0xD5D0 (54736) pixels
0xE73D, 0xE71D, 0xE71C, 0xE71C, 0xE71D, 0xDEFC, 0xDEDC, 0xDEDC, 0xD6BB, 0xD6BB, 0xD69B, 0xCE7A, 0xCE7A, 0xCE5A, 0xCE5A, 0xC63A,   // 0xD5E0 (54752) pixels
0xC63A, 0xC61A, 0xBDF9, 0xB5F9, 0xADD9, 0xA5DA, 0xA5DA, 0x9DDA, 0x9DFB, 0x9DFB, 0x9DFB, 0x9DFB, 0x9DFB, 0x9DFB, 0x9E1B, 0x9E1B,   // 0xD5F0 (54768) pixels
0x9DFA, 0x9DFA, 0x9E1A, 0x9E1A, 0x9E1A, 0x9E1A, 0x9E1B, 0x9E1B, 0x9E1B, 0x9E1B, 0x9E1B, 0x9E1B, 0x9E1B, 0x9E1B, 0x961B, 0x961B,   // 0xD600 (54784) pixels
0x9E1B, 0x9E1B, 0x9E1B, 0x9E1B, 0x9E1B, 0x9E1B, 0x9E1B, 0x9E1B, 0x9E1B, 0x9E1B, 0x9E1B, 0x9E1B, 0x95FB, 0x9DFB, 0x9DFB, 0x9DFB,   // 0xD610 (54800) pixels
0x9DFB, 0x9DFB, 0x9DFB, 0x9DFB, 0x9DFB, 0x9DFB, 0x9DFB, 0x9DFB, 0x9DFB, 0x9DFB, 0x9DFB, 0x9DFB, 0x9DFB, 0x9DFB, 0x9DFB, 0x95FB,   // 0xD620 (54816) pixels
0x961B, 0x961B, 0x961B, 0x961A, 0x95FA, 0x9DFA, 0x9E1A, 0xA61A, 0xAE3A, 0xBE9B, 0xD71D, 0xDF5E, 0xE75E, 0xE73D, 0xE71D, 0xDF1C,   // 0xD630 (54832) pixels
0xDEDC, 0xD6DC, 0xD6BB, 0xCE9B, 0xCE7B, 0xC65A, 0xC619, 0xBDF9, 0xB5D8, 0xB5B8, 0xAD97, 0xA557, 0x9D36, 0x9D16, 0x94F5, 0x94F5,   // 0xD640 (54848) pixels
0x8CF5, 0x8CF6, 0x8D37, 0x9578, 0x9DB9, 0x9DFA, 0x9DFA, 0x9DFA, 0x9DFA, 0x961A, 0x961A, 0x961A, 0x961B, 0x961B, 0x961B, 0x9E1B,   // 0xD650 (54864) pixels
0x9E1A, 0x961A, 0x9E1A, 0x961A, 0x961A, 0x961A, 0x961A, 0x961A, 0x95FA, 0x95FA, 0x95FA, 0x95FA, 0x95FA, 0x95FA, 0x95FA, 0x95FA,   // 0xD660 (54880) pixels
0x95FA, 0x95FA, 0x95FA, 0x95FA, 0x95FA, 0x95FA, 0x95FA, 0x95FA, 0x95FA, 0x95FA, 0x95FA, 0x95FA, 0x95FA, 0x95FA, 0x95FA, 0x95FA,   // 0xD670 (54896) pixels
0x95FA, 0x961A, 0x961A, 0x961A, 0x961A, 0x961A, 0x961A, 0x961A, 0x961A, 0x961A, 0x961A, 0x961A, 0x961A, 0x961A, 0x961A, 0x95FA,   // 0xD680 (54912) pixels
0x961A, 0x9DFA, 0x9DFA, 0x9DFA, 0x9DFA, 0x9DFA, 0x9DFA, 0x9DFA, 0x9DFA, 0x9DFA, 0x9DFA, 0x9DFA, 0x9DFB, 0x9DFB, 0x9DFB, 0x9DFA,   // 0xD690 (54928) pixels
0x9DFB, 0x9DFB, 0x9DFB, 0x9DFB, 0x9E1B, 0x9DFB, 0x9DDB, 0x9DDB, 0xA5FC, 0xA5DC, 0x8CF9, 0x73D5, 0x52B1, 0x398D, 0x314C, 0x314C,   // 0xD6A0 (54944) pixels
0x290C, 0x292C, 0x292C, 0x292C, 0x318D, 0x39EE, 0x52D1, 0x6BB4, 0x84B7, 0x9D5A, 0xA5DB, 0xA5FB, 0xA5FB, 0x9DFB, 0x9DFB, 0x9DFB,   // 0xD6B0 (54960) pixels
0x9DFB, 0x9E1B, 0x9E1A, 0x9DFA, 0xA5DA, 0xA5FA, 0xB61B, 0xB63A, 0xBE3A, 0xC63A, 0xC63A, 0xC63A, 0xC63A, 0xC639, 0xC639, 0xC639,   // 0xD6C0 (54976) pixels
0xC639, 0xC619, 0xBE19, 0xBE19, 0xBE19, 0xBE19, 0xBDF9, 0xBDF8, 0xB5D8, 0xB5D8, 0xB5B8, 0xAD97, 0xAD97, 0xAD77, 0xA577, 0xA577,   // 0xD6D0 (54992) pixels
0xA556, 0xA556, 0xA557, 0xA537, 0xA538, 0x9CB7, 0x8415, 0x7373, 0x5A91, 0x5250, 0x5210, 0x5210, 0x5210, 0x51F0, 0x51F0, 0x51F0,   // 0xD6E0 (55008) pixels
0x51F0, 0x51F0, 0x51F0, 0x51F0, 0x51F0, 0x49F0, 0x49F0, 0x49EF, 0x5210, 0x5210, 0x4A10, 0x4A10, 0x4A10, 0x4A10, 0x4A10, 0x4A0F,   // 0xD6F0 (55024) pixels
0x5210, 0x520F, 0x5230, 0x5270, 0x5291, 0x5AD1, 0x6353, 0x6BB4, 0x7C36, 0x84B8, 0x9539, 0x9DBB, 0xA61B, 0x9E1B, 0x9E1B, 0x9E1B,   // 0xD700 (55040) pixels
0x961A, 0x961A, 0x9DFA, 0x9E1A, 0x9DFA, 0x9DFA, 0x9DFA, 0xA5DA, 0xADFA, 0xBE7B, 0xCEDD, 0xDF3E, 0xEF5F, 0xEF5E, 0xE73E, 0xE73D,   // 0xD710 (55056) pixels
0xE73D, 0xE71D, 0xDF1D, 0xDF1D, 0xDF1C, 0xDEFC, 0xDEDC, 0xD6DC, 0xD6BB, 0xD6BB, 0xCE9B, 0xCE7A, 0xCE7A, 0xCE5A, 0xC65A, 0xC639,   // 0xD720 (55072) pixels
0xC63A, 0xC619, 0xBE19, 0xB5F9, 0xADD9, 0xA5DA, 0xA5DA, 0x9DFA, 0x9DFB, 0x9DFB, 0x9DFB, 0x9E1B, 0x9DFB, 0x9DFB, 0x9DFA, 0x9DFA,   // 0xD730 (55088) pixels
0x9DFA, 0x9DFA, 0x9DFA, 0x9E1A, 0x9E1A, 0x9E1A, 0x9E1B, 0x9E1B, 0x9E1B, 0x9E1B, 0x9E1B, 0x9E1B, 0x9E1B, 0x9E1B, 0x9E1B, 0x9E1B,   // 0xD740 (55104) pixels
0x961B, 0x961B, 0x961B, 0x961B, 0x9E1B, 0x9E1B, 0x9E1B, 0x9E1B, 0x9DFB, 0x9DFB, 0x9DFB, 0x9DFB, 0x9DFB, 0x9DFB, 0x9DFB, 0x9DFB,   // 0xD750 (55120) pixels
0x9DFB, 0x9DFB, 0x9DFB, 0x9DFB, 0x9DFB, 0x9DFB, 0x9DFB, 0x9DFB, 0x9DFB, 0x9DFB, 0x9DFB, 0x9DFB, 0x9DFB, 0x9DFB, 0x9DFB, 0x95FB,   // 0xD760 (55136) pixels
0x95FB, 0x95FB, 0x95FB, 0x95FB, 0x9DFA, 0x9DFA, 0x9DFA, 0xA61A, 0xB67B, 0xC6DC, 0xD73D, 0xE77E, 0xE75D, 0xE73D, 0xE71C, 0xDF1C,   // 0xD770 (55152) pixels
0xDEDC, 0xD6DC, 0xD6BB, 0xCE9B, 0xCE7B, 0xC63A, 0xBE19, 0xBDF9, 0xB5D8, 0xB5B8, 0xAD77, 0xA557, 0x9D36, 0x9D16, 0x94F5, 0x8CD5,   // 0xD780 (55168) pixels
0x8CF6, 0x8D17, 0x9558, 0x9598, 0x9DD9, 0x9DFA, 0x9DFA, 0x9DFA, 0x9DFA, 0x961A, 0x961A, 0x961A, 0x9E1B, 0x9E1B, 0x9E1B, 0x9E1B,   // 0xD790 (55184) pixels
0x9E1A, 0x9E1A, 0x9E1A, 0x9E1A, 0x9DFA, 0x961A, 0x9DFA, 0x961A, 0x9DFA, 0x95FA, 0x9DFA, 0x95FA, 0x9DFA, 0x95FA, 0x9DFA, 0x95FA,   // 0xD7A0 (55200) pixels
0x95FA, 0x95FA, 0x95FA, 0x95FA, 0x95FA, 0x95FA, 0x95FA, 0x95FA, 0x95FA, 0x95FA, 0x95FA, 0x95FA, 0x95FA, 0x95FA, 0x95FA, 0x95FA,   // 0xD7B0 (55216) pixels
0x961A, 0x961A, 0x961A, 0x961A, 0x961A, 0x961A, 0x961A, 0x961A, 0x95FA, 0x95FA, 0x95FA, 0x95FA, 0x95FA, 0x95FA, 0x95FA, 0x95FA,   // 0xD7C0 (55232) pixels
0x961A, 0x9DFA, 0x9DFA, 0x9DFA, 0x961A, 0x961A, 0x95FB, 0x95FB, 0x9DFA, 0x95FA, 0x9DFA, 0x95FB, 0x9E1B, 0x9E1B, 0x95FB, 0x95FB,   // 0xD7D0 (55248) pixels
0x9DFB, 0x9DFB, 0x9DFB, 0x9DFB, 0x9DFB, 0x9DFB, 0x9DDB, 0x9DDB, 0xA5FC, 0xADFC, 0x9519, 0x7BF5, 0x5AB1, 0x398D, 0x314C, 0x394D,   // 0xD7E0 (55264) pixels
0x312C, 0x314D, 0x314C, 0x314C, 0x398D, 0x420E, 0x52B1, 0x6373, 0x8476, 0x9539, 0xA5BB, 0xA5DB, 0xA61C, 0xA61B, 0x9DFB, 0x9DFB,   // 0xD7F0 (55280) pixels
0x9DFB, 0x9DFA, 0x9DFA, 0xA5FA, 0x9DB9, 0x9D78, 0x9D78, 0xADD9, 0xB5FA, 0xBE3A, 0xC63A, 0xC65A, 0xC63A, 0xC639, 0xC639, 0xBE19,   // 0xD800 (55296) pixels
0xBE19, 0xBE19, 0xBDF9, 0xBDF9, 0xBDF9, 0xBDF9, 0xB5D8, 0xB5D8, 0xB5B8, 0xB5B8, 0xAD97, 0xAD77, 0xA577, 0xA557, 0xA557, 0xA556,   // 0xD810 (55312) pixels
0xA556, 0x9D36, 0x9D36, 0xA537, 0xA517, 0x9CD7, 0x8C56, 0x83D4, 0x5A90, 0x524F, 0x520F, 0x5210, 0x5210, 0x51F0, 0x51F0, 0x51F0,   // 0xD820 (55328) pixels
0x51F0, 0x51F0, 0x51F0, 0x51F0, 0x5210, 0x49F0, 0x49EF, 0x49EF, 0x49F0, 0x4A0F, 0x4A0F, 0x4A0F, 0x4A10, 0x5230, 0x5230, 0x5230,   // 0xD830 (55344) pixels
0x522F, 0x5250, 0x5A91, 0x6312, 0x6B53, 0x73D4, 0x7C56, 0x8CD8, 0x955A, 0x9D7A, 0xA5BB, 0xA5FC, 0xA61B, 0x9E1B, 0x9E1B, 0x9E1B,   // 0xD840 (55360) pixels
0x961A, 0x961A, 0x9E1A, 0x9E1A, 0x9DFA, 0x9DFA, 0x9DFA, 0xA5DA, 0xADFA, 0xBE9C, 0xD6FD, 0xDF3E, 0xEF5E, 0xEF5E, 0xEF3E, 0xE73D,   // 0xD850 (55376) pixels
0xE73D, 0xE73D, 0xDF1D, 0xDF1D, 0xDF1C, 0xDEFC, 0xD6DC, 0xD6DB, 0xD6BB, 0xD69B, 0xCE7B, 0xCE7A, 0xCE5A, 0xC65A, 0xC63A, 0xC639,   // 0xD860 (55392) pixels
0xC619, 0xBE19, 0xBDF9, 0xB5F9, 0xADD9, 0xA5DA, 0xA5DA, 0x9DFA, 0x9DFB, 0x9DFB, 0x9E1B, 0x9E1B, 0x9DFB, 0x9DFB, 0x9DFA, 0x9DFA,   // 0xD870 (55408) pixels
0x9DFA, 0x9DFA, 0x9DFA, 0x9DFA, 0x9E1A, 0x9E1A, 0x9E1A, 0x9E1A, 0x9E1B, 0x9E1B, 0x9E1B, 0x9E1B, 0x9E1B, 0x9E1B, 0x9E1B, 0x9E1B,   // 0xD880 (55424) pixels
0x961B, 0x961B, 0x961B, 0x961B, 0x9E1B, 0x9E1B, 0x9E1B, 0x9E1B, 0x9DFB, 0x9DFB, 0x9DFB, 0x9DFA, 0x9DFA, 0x9DFA, 0x9DFB, 0x9DFB,   // 0xD890 (55440) pixels
0x9DFA, 0x9DFA, 0x9DFB, 0x9DFA, 0x9DFB, 0x9DFA, 0x9DFB, 0x9DFA, 0x9DFB, 0x9DFB, 0x9DFB, 0x9DFB, 0x9DFB, 0x9DFB, 0x9DFB, 0x9DFB,   // 0xD8A0 (55456) pixels
0x95FB, 0x95FB, 0x9DFB, 0x9DFB, 0x9DFA, 0x9DD9, 0xA5FA, 0xAE3A, 0xC6BC, 0xCEFD, 0xDF5E, 0xE75E, 0xE75D, 0xE73D, 0xE71C, 0xDEFC,   // 0xD8B0 (55472) pixels
0xD6DC, 0xD6DC, 0xD6BC, 0xCE9B, 0xCE5B, 0xC63A, 0xBE19, 0xBDF9, 0xB5B9, 0xB598, 0xAD78, 0xA557, 0x9D36, 0x9D16, 0x94F5, 0x8CF5,   // 0xD8C0 (55488) pixels
0x8D16, 0x9537, 0x9578, 0x9DB9, 0x9DD9, 0x9DFA, 0x9DFA, 0x9DFA, 0x95FA, 0x961A, 0x961A, 0x961A, 0x9E1B, 0x9DFB, 0x9DFB, 0x9E1B,   // 0xD8D0 (55504) pixels
0x9DFA, 0x9E1A, 0x9DFA, 0x9E1A, 0x9DFA, 0x9DFA, 0x9DFA, 0x9DFA, 0x9DFA, 0x9DFA, 0x9DFA, 0x9DFA, 0x9DFA, 0x9DFA, 0x9DFA, 0x9DFA,   // 0xD8E0 (55520) pixels
0x9DFA, 0x961A, 0x9DFA, 0x961A, 0x9DFA, 0x961A, 0x9DFA, 0x961A, 0x9DFA, 0x961A, 0x9DFA, 0x961A, 0x9DFA, 0x961A, 0x9DFA, 0x961A,   // 0xD8F0 (55536) pixels
0x95FA, 0x95FA, 0x95FA, 0x95FA, 0x95FA, 0x95FA, 0x95FA, 0x95FA, 0x961A, 0x961A, 0x961A, 0x961A, 0x961A, 0x961A, 0x961A, 0x961A,   // 0xD900 (55552) pixels
0x961A, 0x9DFA, 0x9DFA, 0x961A, 0x961A, 0x961A, 0x95FB, 0x961B, 0x95FA, 0x95FA, 0x95FB, 0x95FB, 0x9E1B, 0x9E1B, 0x95FB, 0x95FB,   // 0xD910 (55568) pixels
0x9DFB, 0x9DFB, 0x9DFB, 0x9DFB, 0x9DFB, 0x9DFB, 0x9DDB, 0x9DDB, 0xA5FC, 0xADDC, 0x94F9, 0x7BF5, 0x5AB1, 0x39AD, 0x396D, 0x396D,   // 0xD920 (55584) pixels
0x396E, 0x398E, 0x398E, 0x398E, 0x41CE, 0x420F, 0x5270, 0x5B12, 0x73D4, 0x8497, 0x9519, 0x9D7A, 0xA5DB, 0xA5FB, 0x9DFB, 0x9DFB,   // 0xD930 (55600) pixels
0x9DFB, 0x95DA, 0x9DDA, 0xA5FA, 0x9DB9, 0x9537, 0x9517, 0x9D57, 0xAD98, 0xB5FA, 0xC63A, 0xC65A, 0xC65A, 0xC63A, 0xC63A, 0xBE19,   // 0xD940 (55616) pixels
0xBE19, 0xBDF8, 0xBDD8, 0xBDD8, 0xBDD8, 0xB5D8, 0xB5B8, 0xB5B8, 0xAD98, 0xAD77, 0xAD77, 0xA577, 0xA557, 0xA557, 0xA536, 0x9D36,   // 0xD950 (55632) pixels
0x9D36, 0x9D16, 0x9D16, 0x9D16, 0x9CF7, 0x9CF7, 0x9496, 0x8415, 0x5AB0, 0x524F, 0x520F, 0x520F, 0x5210, 0x51F0, 0x51F0, 0x51F0,   // 0xD960 (55648) pixels
0x51F0, 0x51F0, 0x51F0, 0x51F0, 0x5210, 0x5210, 0x49F0, 0x49EF, 0x49EF, 0x49EF, 0x4A0F, 0x4A10, 0x4A30, 0x5230, 0x5250, 0x5270,   // 0xD970 (55664) pixels
0x5AB1, 0x6312, 0x6B73, 0x7BF5, 0x8477, 0x8CD8, 0x9D5A, 0xA5BB, 0xA5DC, 0xA5DB, 0xA5DB, 0xA5DB, 0x9DFB, 0x9DFB, 0x9DFB, 0x9DFB,   // 0xD980 (55680) pixels
0x9E1A, 0x9E1A, 0x9E1A, 0x9E1A, 0x9DFA, 0x9DFA, 0xA5FA, 0xA5DA, 0xADFA, 0xC69C, 0xDF1E, 0xE73E, 0xE75E, 0xEF3E, 0xE73D, 0xEF3D,   // 0xD990 (55696) pixels
0xE73D, 0xE73D, 0xDF1D, 0xDF1D, 0xDEFC, 0xDEFC, 0xD6DC, 0xD6DB, 0xD6BB, 0xCE9B, 0xCE7A, 0xCE7A, 0xC65A, 0xC65A, 0xC639, 0xC639,   // 0xD9A0 (55712) pixels
0xBE19, 0xBE19, 0xBDF9, 0xB5F9, 0xADD9, 0xA5DA, 0xA5FA, 0x9DFA, 0x9DFB, 0x9DFB, 0x9E1B, 0x9E1B, 0x9E1B, 0x9E1B, 0x9E1A, 0x9E1A,   // 0xD9B0 (55728) pixels
0x9DFA, 0x9DFA, 0x9DFA, 0x9DFA, 0x9DFA, 0x9DFA, 0x9E1A, 0x9E1A, 0x9DFB, 0x9DFB, 0x9E1B, 0x9E1B, 0x9E1B, 0x9E1B, 0x9E1B, 0x9E1B,   // 0xD9C0 (55744) pixels
0x961B, 0x961A, 0x961B, 0x961A, 0x961B, 0x961A, 0x9E1B, 0x9E1A, 0x9E1A, 0x9E1A, 0x9DFA, 0x9DFA, 0x9DFA, 0x9DFA, 0x9DFA, 0x9DFA,   // 0xD9D0 (55760) pixels
0x9DFA, 0x9DFA, 0x9DFB, 0x9DFA, 0x9DFB, 0x9DFA, 0x9DFB, 0x9DFA, 0x9DFB, 0x9DFA, 0x9DFB, 0x9DFA, 0x9DFB, 0x9DFA, 0x9DFB, 0x9DFB,   // 0xD9E0 (55776) pixels
0x9DFB, 0x9DFB, 0x9DFB, 0x9DFB, 0x9DFA, 0x9DDA, 0xA61A, 0xB65B, 0xCEFD, 0xD71D, 0xDF3E, 0xDF3D, 0xDF1D, 0xDEFC, 0xDEFC, 0xDEDC,   // 0xD9F0 (55792) pixels
0xD6BB, 0xD6BB, 0xCE9B, 0xCE7B, 0xC65A, 0xC61A, 0xBDF9, 0xBDD9, 0xB5B9, 0xAD98, 0xA577, 0xA557, 0x9D37, 0x9D16, 0x9516, 0x94F6,   // 0xDA00 (55808) pixels
0x9537, 0x9558, 0x9D99, 0x9DDA, 0x9DFA, 0x9DFA, 0x9DFA, 0x9DFA, 0x95FA, 0x961A, 0x9DFA, 0x9DFA, 0x9DFB, 0x9DFB, 0x9DFB, 0x9E1B,   // 0xDA10 (55824) pixels
0x9DFA, 0x9DFA, 0x9DFA, 0x9DFA, 0x9DFA, 0x9DFA, 0x9DFA, 0x9DFA, 0x9DFA, 0x9DFA, 0x9DFA, 0x9DFA, 0x9DFA, 0x9DFA, 0x9DFA, 0x9DFA,   // 0xDA20 (55840) pixels
0x9DFA, 0x9E1A, 0x9DFA, 0x9E1A, 0x9DFA, 0x9E1A, 0x9DFA, 0x9E1A, 0x9DFA, 0x9E1A, 0x9DFA, 0x9E1A, 0x9DFA, 0x9E1A, 0x9DFA, 0x9E1A,   // 0xDA30 (55856) pixels
0x9DFA, 0x961A, 0x9DFA, 0x961A, 0x9DFA, 0x961A, 0x9DFA, 0x961A, 0x9DFA, 0x961A, 0x9DFA, 0x961A, 0x9DFA, 0x961A, 0x9DFA, 0x961A,   // 0xDA40 (55872) pixels
0x961A, 0x961A, 0x961A, 0x961A, 0x961B, 0x961B, 0x961B, 0x961B, 0x961B, 0x95FB, 0x95FB, 0x961B, 0x961B, 0x961B, 0x95FB, 0x95FB,   // 0xDA50 (55888) pixels
0x9DFB, 0x9DFB, 0x9DFB, 0x9DFB, 0x9DFB, 0x9DFB, 0x9DDB, 0x9DDA, 0x9D9A, 0x9539, 0x7C36, 0x6B53, 0x5270, 0x398D, 0x396D, 0x416D,   // 0xDA60 (55904) pixels
0x394D, 0x396E, 0x396E, 0x396D, 0x41AE, 0x41AE, 0x41EE, 0x4A4F, 0x5AD1, 0x6B93, 0x7C35, 0x84B7, 0x9539, 0x9DBB, 0x9DDB, 0x9DDB,   // 0xDA70 (55920) pixels
0x9DFA, 0x95DA, 0x95DA, 0x9DFA, 0x9DDA, 0x9578, 0x9516, 0x94F6, 0x9516, 0xAD98, 0xBE1A, 0xC63A, 0xC63A, 0xC63A, 0xBE39, 0xBE19,   // 0xDA80 (55936) pixels
0xBDF9, 0xBDF8, 0xBDD8, 0xB5D8, 0xB5D8, 0xB5B8, 0xB5B8, 0xAD98, 0xAD77, 0xAD57, 0xA557, 0xA557, 0xA537, 0xA537, 0x9D36, 0x9D16,   // 0xDA90 (55952) pixels
0x9D16, 0x94F5, 0x9D16, 0x9D16, 0x94F6, 0x9CF7, 0x9CD7, 0x8C55, 0x6B52, 0x5AB0, 0x520E, 0x49EF, 0x51EF, 0x51F0, 0x51F0, 0x51D0,   // 0xDAA0 (55968) pixels
0x51F0, 0x51F0, 0x5210, 0x5210, 0x5210, 0x5210, 0x5210, 0x520F, 0x5210, 0x5230, 0x5250, 0x5271, 0x5A71, 0x5AB2, 0x62F2, 0x6B13,   // 0xDAB0 (55984) pixels
0x7BD5, 0x7C36, 0x8C98, 0x94F9, 0x955A, 0x9D9B, 0xA5DC, 0xA5FC, 0xA5DC, 0xA5DB, 0xA5DB, 0xA5DB, 0x9DFB, 0x9DFB, 0x9DFB, 0x9DFB,   // 0xDAC0 (56000) pixels
0x9E1A, 0x9E1A, 0x9E1A, 0x9E1A, 0x9DFA, 0x9DFA, 0xA5FA, 0xA5D9, 0xAE1A, 0xC6BC, 0xDF1E, 0xE73E, 0xE73E, 0xE73E, 0xE71D, 0xE73D,   // 0xDAD0 (56016) pixels
0xE73D, 0xE73D, 0xDF1D, 0xDF1D, 0xDEFC, 0xDEFC, 0xD6DC, 0xD6BB, 0xD6BB, 0xCE9B, 0xCE7A, 0xCE5A, 0xC65A, 0xC65A, 0xC639, 0xBE19,   // 0xDAE0 (56032) pixels
0xBE19, 0xBE19, 0xB5F9, 0xB5F9, 0xADD9, 0xA5DA, 0xA5FA, 0x9DFA, 0x9DFB, 0x9DFB, 0x9DFB, 0x9E1B, 0x9E1B, 0x9E1A, 0x9E1A, 0x9E1A,   // 0xDAF0 (56048) pixels
0x9E1B, 0x9E1B, 0x9DFA, 0x9DFA, 0x9DFA, 0x9DFA, 0x9DFA, 0x9DFA, 0x9DFB, 0x9DFB, 0x9DFB, 0x9E1B, 0x9DFB, 0x9E1B, 0x9DFB, 0x9E1B,   // 0xDB00 (56064) pixels
0x961A, 0x961A, 0x961A, 0x961A, 0x961A, 0x9E1A, 0x9E1A, 0x9E1A, 0x9E1B, 0x9E1B, 0x9E1A, 0x9E1A, 0x9DFA, 0x9DFA, 0x9DFA, 0x9DFA,   // 0xDB10 (56080) pixels
0x9E1B, 0x9E1B, 0x9DFB, 0x9E1B, 0x9DFB, 0x9E1B, 0x9E1B, 0x9E1B, 0x9DFA, 0x9DFA, 0x9E1A, 0x9E1A, 0x9E1A, 0x9E1A, 0x9E1A, 0x9DFB,   // 0xDB20 (56096) pixels
0x9DFB, 0x9DFB, 0x9DFB, 0x9DFB, 0x9DFA, 0x9DDA, 0xAE3B, 0xBE9B, 0xCF1D, 0xD73D, 0xDF3D, 0xDF1D, 0xDEFC, 0xDEDC, 0xDEDB, 0xD6BB,   // 0xDB30 (56112) pixels
0xCE7B, 0xCE7B, 0xCE7B, 0xC65A, 0xC63A, 0xBE19, 0xBDF9, 0xB5D9, 0xB5B8, 0xAD98, 0xA577, 0xA557, 0xA557, 0x9D37, 0x9516, 0x9516,   // 0xDB40 (56128) pixels
0x9537, 0x9578, 0x9DB9, 0xA5FA, 0x9DFA, 0x9DFA, 0x9DFA, 0x9E1A, 0x9DFA, 0x9DFA, 0x9DFA, 0x9DFB, 0x9DFB, 0x9DFB, 0x9DFB, 0x9DFB,   // 0xDB50 (56144) pixels
0x9DFB, 0x9DFA, 0x9DFA, 0x9DFA, 0x9DFA, 0x9DFA, 0x9DFA, 0x9DFA, 0x9DFA, 0x9DFA, 0x9DFA, 0x9DFA, 0x9DFA, 0x9DFA, 0x9DFA, 0x9DFA,   // 0xDB60 (56160) pixels
0x9DFA, 0x9DFA, 0x9DFA, 0x9DFA, 0x9DFA, 0x9DFA, 0x9DFA, 0x9DFA, 0x9DFA, 0x9DFA, 0x9DFA, 0x9DFA, 0x9DFA, 0x9DFA, 0x9DFA, 0x9E1A,   // 0xDB70 (56176) pixels
0x9E1A, 0x9E1A, 0x9E1A, 0x9E1A, 0x9E1A, 0x9E1A, 0x9E1A, 0x9E1A, 0x9E1A, 0x9E1A, 0x9E1A, 0x9E1A, 0x9E1A, 0x9E1A, 0x9E1A, 0x9E1A,   // 0xDB80 (56192) pixels
0x9E1A, 0x9E1A, 0x961B, 0x961B, 0x961B, 0x961B, 0x961B, 0x961B, 0x961B, 0x95FB, 0x95FB, 0x961B, 0x961B, 0x961B, 0x95FB, 0x95FB,   // 0xDB90 (56208) pixels
0x9E1B, 0x9E1B, 0x9DFB, 0x9DFB, 0x9DFB, 0x9DFB, 0x9DDA, 0x9DBA, 0x8CD8, 0x7C77, 0x6353, 0x5290, 0x41EE, 0x316D, 0x394D, 0x396D,   // 0xDBA0 (56224) pixels
0x394D, 0x396E, 0x394D, 0x396D, 0x398E, 0x41AE, 0x39AE, 0x41CE, 0x420E, 0x52B1, 0x6353, 0x73F5, 0x8CB7, 0x955A, 0x9DBA, 0x9DDA,   // 0xDBB0 (56240) pixels
0x9DFA, 0x95FA, 0x9DDA, 0x9DFA, 0xA5FA, 0x9DB9, 0x9537, 0x8CB5, 0x8494, 0x9D37, 0xB5D9, 0xBE1A, 0xBE19, 0xBE39, 0xBE19, 0xBE19,   // 0xDBC0 (56256) pixels
0xBDF9, 0xBDF9, 0xB5D8, 0xB5D8, 0xB5D8, 0xB5B8, 0xB598, 0xAD98, 0xA557, 0xA557, 0xA557, 0xA537, 0xA537, 0x9D36, 0x9D16, 0x9D16,   // 0xDBD0 (56272) pixels
0x9515, 0x94F5, 0x94F6, 0x94F6, 0x94D5, 0x9CF6, 0x9CF7, 0x9475, 0x83D4, 0x6AF1, 0x520E, 0x49CE, 0x51EF, 0x5210, 0x51F0, 0x49D0,   // 0xDBE0 (56288) pixels
0x51F0, 0x51EF, 0x5210, 0x5210, 0x5230, 0x5230, 0x4A30, 0x4A30, 0x5230, 0x5270, 0x5AB1, 0x62F2, 0x6B33, 0x7374, 0x7BF6, 0x8437,   // 0xDBF0 (56304) pixels
0x94D8, 0x9D39, 0x9D9A, 0xA5BB, 0xA5DB, 0xA5FB, 0xA5DB, 0x9DBB, 0xA5DB, 0xA5DB, 0xA5FB, 0xA5FB, 0xA5FB, 0x9DFB, 0x9DFB, 0x9DFB,   // 0xDC00 (56320) pixels
0x961A, 0x95FA, 0x961A, 0x9E1B, 0x9DFA, 0x9DD9, 0x9DDA, 0xADFA, 0xB61A, 0xCEBC, 0xDF1E, 0xE73E, 0xE73E, 0xE73D, 0xE73D, 0xE73D,   // 0xDC10 (56336) pixels
0xE71D, 0xDF1D, 0xDF1D, 0xDF1D, 0xDEFC, 0xDEFC, 0xDEDC, 0xD6BB, 0xD69B, 0xD69B, 0xCE7B, 0xCE7A, 0xC65A, 0xC65A, 0xC639, 0xBE39,   // 0xDC20 (56352) pixels
0xBE39, 0xB619, 0xADD8, 0xADD9, 0xA5D9, 0xA5FA, 0x9DFA, 0x9DFB, 0x9DFB, 0x9DFB, 0x9DFB, 0x9DFB, 0x9DFB, 0x9E1A, 0x9DFA, 0x9DFA,   // 0xDC30 (56368) pixels
0x9DFA, 0x9DFA, 0x9DFA, 0x9DFA, 0x9DFA, 0x9DFA, 0x9DFA, 0x9DFA, 0x9DFA, 0x9DFA, 0x9DFA, 0x9DFA, 0x9DFA, 0x9E1A, 0x9DFA, 0x9DFA,   // 0xDC40 (56384) pixels
0x9DFB, 0x9E1B, 0x9E1B, 0x9E1B, 0x9E1B, 0x9DFB, 0x9DFB, 0x9DFB, 0x9DFB, 0x9DFB, 0x9DFB, 0x9DFB, 0x9DFB, 0x9DFB, 0x9DFB, 0x9DFB,   // 0xDC50 (56400) pixels
0x9DFB, 0x9DFB, 0x9DFB, 0x9DFB, 0x9DFB, 0x9DFB, 0x9DFB, 0x9DFB, 0x9DFB, 0x9DFB, 0x9DFB, 0x9DFB, 0x9DFB, 0x9DFB, 0x9DFB, 0x9DFB,   // 0xDC60 (56416) pixels
0x95FA, 0x9E1B, 0x9DFB, 0x9DFA, 0x9DFA, 0xA5FA, 0xAE3B, 0xC6BC, 0xD71D, 0xD6FD, 0xD6FC, 0xD6BB, 0xD6BB, 0xD69B, 0xD69B, 0xCE7A,   // 0xDC70 (56432) pixels
0xC65A, 0xC65A, 0xC63A, 0xBE19, 0xBDF9, 0xBDF9, 0xB5B8, 0xB598, 0xAD98, 0xAD77, 0xA557, 0x9D37, 0x9D36, 0x9D36, 0x9536, 0x9537,   // 0xDC80 (56448) pixels
0x9578, 0x9DB9, 0x9DFA, 0x9DFA, 0x9DFA, 0x9DFA, 0x9DFA, 0x9DFA, 0x9DFA, 0x9DFA, 0x9DFA, 0x9DFB, 0x9DFB, 0x9DFB, 0x9DFB, 0x9DFB,   // 0xDC90 (56464) pixels
0x9DFB, 0x9DFA, 0x9DFA, 0x9DFA, 0x9DFA, 0x9DFA, 0x9DFA, 0x9DFA, 0x9DFA, 0x9DFA, 0x9DFA, 0x9DFA, 0x9DFA, 0x9DFA, 0x9DFA, 0x9DFA,   // 0xDCA0 (56480) pixels
0x9DFB, 0x9DFB, 0x9DFB, 0x9DFB, 0x9DFB, 0x9DFB, 0x9DFB, 0x9DFB, 0x9DFB, 0x9DFB, 0x9DFB, 0x9DFB, 0x9DFB, 0x9DFB, 0x9DFB, 0x9DFB,   // 0xDCB0 (56496) pixels
0x9DFB, 0x9E1B, 0x9E1B, 0x9E1B, 0x9E1B, 0x9E1B, 0x9E1B, 0x9E1B, 0x9E1B, 0x9E1B, 0x9E1B, 0x9E1B, 0x9E1B, 0x9E1B, 0x9E1B, 0x9E1B,   // 0xDCC0 (56512) pixels
0x9E1B, 0x961B, 0x961B, 0x961B, 0x9E1B, 0x9E1B, 0x9E1B, 0x961B, 0x9E1B, 0x95FB, 0x95FB, 0x95FB, 0x9E1B, 0x9E1B, 0x9DFB, 0x9DFB,   // 0xDCD0 (56528) pixels
0x9E1B, 0x95FA, 0x9DFB, 0x9E1B, 0x9E1B, 0x9DFB, 0x9DBA, 0x9559, 0x7415, 0x52D1, 0x4A70, 0x39CE, 0x39AE, 0x316D, 0x396D, 0x394D,   // 0xDCE0 (56544) pixels
0x394D, 0x396D, 0x396D, 0x396E, 0x398E, 0x398E, 0x41AE, 0x41AE, 0x4A0F, 0x5271, 0x62F2, 0x7394, 0x8456, 0x9518, 0x9D9A, 0x9DBA,   // 0xDCF0 (56560) pixels
0x9DFA, 0x95FA, 0x95DA, 0x9DFA, 0xA61B, 0xA5FA, 0x9D98, 0x8D16, 0x8CD5, 0x8CD5, 0x9516, 0xADB8, 0xBE19, 0xBE19, 0xBDF8, 0xBE19,   // 0xDD00 (56576) pixels
0xB5F9, 0xB5D8, 0xB5D8, 0xB5B8, 0xB598, 0xAD98, 0xAD77, 0xAD77, 0xA537, 0xA536, 0xA536, 0xA536, 0x9D36, 0x9D36, 0x9D16, 0x9D16,   // 0xDD10 (56592) pixels
0x94F5, 0x94F5, 0x94F6, 0x9CF6, 0x94F6, 0x9CD6, 0x9CD6, 0x9CB6, 0x9455, 0x7373, 0x5A70, 0x49EE, 0x51EF, 0x5210, 0x51F0, 0x51F0,   // 0xDD20 (56608) pixels
0x51F0, 0x5230, 0x5230, 0x5230, 0x5250, 0x5250, 0x5250, 0x5290, 0x52B1, 0x6312, 0x6B93, 0x73D4, 0x7C56, 0x8CD8, 0x9D3A, 0x9D7A,   // 0xDD30 (56624) pixels
0xA5BB, 0xA5DB, 0xA5FB, 0xA5FB, 0xA5FB, 0x9DFB, 0x9DDB, 0x9DDA, 0x9DFB, 0x9DFB, 0x9DFB, 0x9DFB, 0x9DFB, 0x9DFB, 0x9E1B, 0x9E1B,   // 0xDD40 (56640) pixels
0x961A, 0x95FA, 0x95FA, 0x961A, 0x95FA, 0x95D9, 0x9DDA, 0xADFA, 0xB63B, 0xCEBD, 0xDF1E, 0xE73E, 0xE73E, 0xEF5D, 0xE75D, 0xE75D,   // 0xDD50 (56656) pixels
0xE71D, 0xDF1D, 0xDF1D, 0xDF1C, 0xDEFC, 0xDEFC, 0xDEDC, 0xD6BB, 0xD69B, 0xCE7B, 0xCE7A, 0xCE7A, 0xC65A, 0xC63A, 0xBE39, 0xBE39,   // 0xDD60 (56672) pixels
0xBE39, 0xB619, 0xADF8, 0xADD9, 0xA5D9, 0xA5FA, 0x9DFA, 0x9DFB, 0x9DFB, 0x9DFB, 0x9DFB, 0x9DFB, 0x9DFB, 0x9E1A, 0x9DFA, 0x9E1A,   // 0xDD70 (56688) pixels
0x9DFA, 0x9DFA, 0x9DFA, 0x9DFA, 0x9DFA, 0x9DFA, 0x9DFA, 0x9DFA, 0x9DFA, 0x9DFA, 0x9DFA, 0x9DFA, 0x9DFA, 0x9DFA, 0x9DFA, 0x9DFA,   // 0xDD80 (56704) pixels
0x9DFB, 0x9DFB, 0x9DFB, 0x9DFB, 0x9DFB, 0x9DFB, 0x9DFB, 0x9DFB, 0x9DFB, 0x9DFB, 0x9DFB, 0x9DFB, 0x9DFB, 0x9DFB, 0x9DFB, 0x9DFB,   // 0xDD90 (56720) pixels
0x9DFB, 0x9DFB, 0x9DFB, 0x9DFB, 0x9DFB, 0x9DFB, 0x9DFB, 0x9DFB, 0x9DFB, 0x9DFB, 0x9DFB, 0x9DFB, 0x9DFB, 0x9DFB, 0x9DFB, 0x9DFB,   // 0xDDA0 (56736) pixels
0x9DFA, 0x9E1B, 0x9DFB, 0x9DFA, 0x9DFB, 0xA61A, 0xAE3B, 0xBE9C, 0xD6FD, 0xD6FC, 0xD6BB, 0xCE9B, 0xCE7A, 0xCE7A, 0xC65A, 0xC63A,   // 0xDDB0 (56752) pixels
0xBE19, 0xBDF9, 0xBDD8, 0xB5D8, 0xB5B8, 0xB5B8, 0xB577, 0xAD77, 0xAD57, 0xA556, 0x9D36, 0x9D16, 0x9516, 0x9516, 0x9516, 0x9537,   // 0xDDC0 (56768) pixels
0x9598, 0x9DD9, 0x9DDA, 0x9DFA, 0x9DFA, 0x9DFA, 0x9DFA, 0x9DFA, 0x9DFA, 0x9DFA, 0x9DFB, 0x9DFB, 0x9DFB, 0x9DFB, 0x9DFB, 0x9DFB,   // 0xDDD0 (56784) pixels
0x9DFB, 0x9DFA, 0x9DFA, 0x9DFA, 0x9DFA, 0x9DFA, 0x9DFA, 0x9DFA, 0x9DFA, 0x9DFA, 0x9DFA, 0x9DFA, 0x9DFA, 0x9DFA, 0x9DFA, 0x9DFA,   // 0xDDE0 (56800) pixels
0x9DFB, 0x9DFB, 0x9DFB, 0x9DFB, 0x9DFB, 0x9DFB, 0x9DFB, 0x9DFB, 0x9DFB, 0x9DFB, 0x9DFB, 0x9DFB, 0x9DFB, 0x9DFB, 0x9DFB, 0x9DFB,   // 0xDDF0 (56816) pixels
0x9E1B, 0x9E1B, 0x9E1B, 0x9E1B, 0x9E1B, 0x9E1B, 0x9E1B, 0x9E1B, 0x9E1B, 0x9E1B, 0x9E1B, 0x9E1B, 0x9E1B, 0x9E1B, 0x9E1B, 0x9E1B,   // 0xDE00 (56832) pixels
0x961B, 0x961B, 0x961B, 0x961B, 0x95FB, 0x95FB, 0x95FB, 0x95FB, 0x9E1B, 0x95FB, 0x9DFB, 0x9DFB, 0x9DFB, 0x9DFB, 0x9DFB, 0x9DFB,   // 0xDE10 (56848) pixels
0x9E1B, 0x95FA, 0x9DFB, 0x9E1B, 0x9DFA, 0x9DFA, 0x9D9A, 0x9539, 0x6BB4, 0x5290, 0x4A2F, 0x41CE, 0x39AE, 0x396D, 0x398D, 0x396D,   // 0xDE20 (56864) pixels
0x394D, 0x396D, 0x396D, 0x396E, 0x398E, 0x398E, 0x418F, 0x41AE, 0x41CF, 0x5230, 0x62D2, 0x6B73, 0x8436, 0x94F8, 0x9D79, 0x9DBA,   // 0xDE30 (56880) pixels
0x9DFB, 0x95FA, 0x95FA, 0x9DFA, 0xA61B, 0xA61B, 0x9DB9, 0x9D78, 0x8CF6, 0x8CD5, 0x8CD5, 0xA577, 0xB5F9, 0xBDF9, 0xBDF8, 0xBDF8,   // 0xDE40 (56896) pixels
0xB5D8, 0xB5D8, 0xB5B8, 0xADB8, 0xAD98, 0xAD77, 0xAD77, 0xAD57, 0xA536, 0xA536, 0xA536, 0xA516, 0x9D16, 0x9D16, 0x9D16, 0x9CF5,   // 0xDE50 (56912) pixels
0x94F5, 0x94F5, 0x94F5, 0x94F5, 0x9CD6, 0x9CD5, 0x9CD6, 0x9CD6, 0x9CB7, 0x83F4, 0x6AF1, 0x5A50, 0x5230, 0x5210, 0x5210, 0x5210,   // 0xDE60 (56928) pixels
0x5230, 0x5250, 0x5250, 0x5250, 0x5291, 0x5AD1, 0x6312, 0x6B73, 0x73F5, 0x7C56, 0x8CD8, 0x9519, 0x9559, 0x9D9B, 0xA5BB, 0x9DBB,   // 0xDE70 (56944) pixels
0x9DDA, 0x9DDA, 0x9DDA, 0x9DFB, 0x9DFB, 0x9DDA, 0x9DDA, 0x9DDA, 0x9DFB, 0x9DFB, 0x9DFB, 0x9DFB, 0x9DFB, 0x9E1B, 0x9E1B, 0x9E1B,   // 0xDE80 (56960) pixels
0x95FA, 0x95FA, 0x95FA, 0x95FA, 0x95FA, 0x95D9, 0x9DDA, 0xAE1A, 0xB63B, 0xCEDD, 0xDF3E, 0xE73E, 0xE73E, 0xEF5D, 0xE73D, 0xE75D,   // 0xDE90 (56976) pixels
0xE73D, 0xE71D, 0xDF1C, 0xDF1C, 0xDEFC, 0xDEFC, 0xDEDC, 0xD6BB, 0xD69B, 0xD69B, 0xCE7B, 0xCE7A, 0xC65A, 0xC65A, 0xC639, 0xBE39,   // 0xDEA0 (56992) pixels
0xBE19, 0xB619, 0xADF8, 0xA5D9, 0xA5D9, 0xA5FA, 0x9DFA, 0x9DFB, 0x9DFB, 0x9DFB, 0x9DFB, 0x9DFB, 0x9DFB, 0x9DFA, 0x9DFA, 0x9E1A,   // 0xDEB0 (57008) pixels
0x9DFA, 0x9DFA, 0x9DFA, 0x9DFA, 0x9DFA, 0x9DFA, 0x9DFA, 0x9DFA, 0x9DFA, 0x9DFA, 0x9DFA, 0x9DFA, 0x9DFA, 0x9DFA, 0x9DFA, 0x9DFA,   // 0xDEC0 (57024) pixels
0x9DFB, 0x9DFB, 0x9DFB, 0x9DFB, 0x9DFB, 0x9DFB, 0x9DFB, 0x9DFB, 0x9DFB, 0x9DFB, 0x9DFB, 0x9DFB, 0x9DFB, 0x9DFB, 0x9DFB, 0x9DFB,   // 0xDED0 (57040) pixels
0x9DFB, 0x9DFB, 0x9DFB, 0x9DFB, 0x9DFB, 0x9DFB, 0x9DFB, 0x9DFB, 0x9DFB, 0x9DFB, 0x9DFB, 0x9DFB, 0x9DFB, 0x9DFB, 0x9DFB, 0x9DFB,   // 0xDEE0 (57056) pixels
0x9DFB, 0x9E1B, 0x9DFB, 0x9DFA, 0x9DFB, 0x9DFB, 0xAE1B, 0xBE7C, 0xCEBC, 0xCEBC, 0xCE7B, 0xC639, 0xC619, 0xC619, 0xBE18, 0xBDF8,   // 0xDEF0 (57072) pixels
0xB5D8, 0xB5B8, 0xAD97, 0xAD77, 0xAD77, 0xAD77, 0xAD56, 0xA536, 0xA536, 0xA536, 0x9D16, 0x94F5, 0x94F5, 0x9516, 0x9537, 0x9557,   // 0xDF00 (57088) pixels
0x9DB9, 0x9DDA, 0x9DFA, 0x9DFA, 0x9DFA, 0x9DFA, 0x9DFA, 0x9DFA, 0x9DFA, 0x9DFA, 0x9DFB, 0x9DFB, 0x9DFB, 0x9DFB, 0x9DFB, 0x9DFB,   // 0xDF10 (57104) pixels
0x9DFB, 0x9DFA, 0x9DFA, 0x9DFA, 0x9DFA, 0x9DFA, 0x9DFA, 0x9DFA, 0x9DFA, 0x9DFA, 0x9DFA, 0x9DFA, 0x9DFA, 0x9DFA, 0x9DFA, 0x9DFA,   // 0xDF20 (57120) pixels
0x9DFB, 0x9DFB, 0x9DFB, 0x9DFB, 0x9DFB, 0x9DFB, 0x9DFB, 0x9DFB, 0x9DFB, 0x9DFB, 0x9DFB, 0x9DFB, 0x9DFB, 0x9DFB, 0x9DFB, 0x9DFB,   // 0xDF30 (57136) pixels
0x9E1B, 0x9E1B, 0x9E1B, 0x9E1B, 0x9E1B, 0x9E1B, 0x9E1B, 0x9E1B, 0x9E1B, 0x9E1B, 0x9E1B, 0x9E1B, 0x9E1B, 0x9E1B, 0x9E1B, 0x9E1B,   // 0xDF40 (57152) pixels
0x961B, 0x961B, 0x95FB, 0x95FB, 0x95FB, 0x95FB, 0x95FB, 0x95FB, 0x9E1B, 0x95FB, 0x9DFB, 0x9DFB, 0x9DFB, 0x9DFB, 0x9DFB, 0x9DFB,   // 0xDF50 (57168) pixels
0x9DFB, 0x9DFB, 0x9DFB, 0x9DFA, 0x9DFA, 0x9DDA, 0x9D9A, 0x9518, 0x6B93, 0x4A70, 0x4A2F, 0x41CE, 0x41AE, 0x398D, 0x398D, 0x396D,   // 0xDF60 (57184) pixels
0x396D, 0x396D, 0x396D, 0x396E, 0x398E, 0x398E, 0x418F, 0x41AE, 0x41CF, 0x4A30, 0x5AB2, 0x6B53, 0x7C16, 0x8CD8, 0x9D7A, 0x9DDA,   // 0xDF70 (57200) pixels
0x9E1B, 0x9DFA, 0x9DFA, 0x9DFA, 0x9DFB, 0xA61B, 0xA5FA, 0xA5B9, 0x9537, 0x8CD5, 0x8CB5, 0x9D16, 0xAD98, 0xB5D8, 0xB5D8, 0xB5D8,   // 0xDF80 (57216) pixels
0xB5B8, 0xADB8, 0xAD97, 0xAD97, 0xAD77, 0xAD77, 0xA557, 0xA556, 0xA536, 0xA536, 0x9D16, 0x9D16, 0x9D16, 0x9D16, 0x94F5, 0x94F5,   // 0xDF90 (57232) pixels
0x94F5, 0x94F5, 0x94F5, 0x94F5, 0x94D5, 0x9CD6, 0x9CD6, 0x9CD6, 0x9CD7, 0x8C35, 0x7352, 0x5AB0, 0x522F, 0x4A0F, 0x5230, 0x5251,   // 0xDFA0 (57248) pixels
0x5270, 0x52B1, 0x5AB1, 0x5AF2, 0x6B53, 0x73D5, 0x7C36, 0x8497, 0x9519, 0x9D5A, 0xA5BB, 0xA5DB, 0xA5FC, 0xA5FC, 0xA5FB, 0xA5DB,   // 0xDFB0 (57264) pixels
0x9DDA, 0x9DDA, 0x9DDA, 0x9DDA, 0x9DDA, 0x9DDA, 0x9DDA, 0x9DDA, 0x9DFB, 0x9DFB, 0x9DFB, 0x9DFB, 0x9DFB, 0x9E1B, 0x9E1B, 0x9E1B,   // 0xDFC0 (57280) pixels
0x9E1B, 0x961A, 0x95FA, 0x961A, 0x95FA, 0x95D9, 0xA5FA, 0xAE1A, 0xBE5B, 0xCEDD, 0xE73E, 0xE73E, 0xE73E, 0xEF5E, 0xE73D, 0xE73D,   // 0xDFD0 (57296) pixels
0xE73D, 0xE71D, 0xDF1C, 0xDF1C, 0xDEFC, 0xDEFC, 0xDEDC, 0xD6BB, 0xD69B, 0xCE7A, 0xCE7A, 0xCE7A, 0xC65A, 0xC65A, 0xBE39, 0xBE39,   // 0xDFE0 (57312) pixels
0xBE19, 0xB619, 0xADF9, 0xA5D9, 0xA5F9, 0xA5FA, 0x9DFA, 0x9DFB, 0x9DFB, 0x9DFB, 0x9DFB, 0x9DFB, 0x9DFB, 0x9DFA, 0x9DFA, 0x9DFA,   // 0xDFF0 (57328) pixels
0x9DFA, 0x9DFA, 0x9DFA, 0x9DFA, 0x9DFA, 0x9DFA, 0x9DFA, 0x9DFA, 0x9DFA, 0x9DFA, 0x9DFA, 0x9DFA, 0x9DFA, 0x9DFA, 0x9DFA, 0x9DFA,   // 0xE000 (57344) pixels
0x9DFB, 0x9DFB, 0x9DFB, 0x9DFB, 0x9DFB, 0x9DFB, 0x9DFB, 0x9DFB, 0x9DFB, 0x9DFB, 0x9DFB, 0x9DFB, 0x9DFB, 0x9DFB, 0x9DFB, 0x9DFB,   // 0xE010 (57360) pixels
0x9DFB, 0x9DFB, 0x9DFB, 0x9DFB, 0x9DFB, 0x9DFB, 0x9DFB, 0x9DFB, 0x9E1B, 0x9E1B, 0x9DFB, 0x9DFB, 0x9DFB, 0x9DFB, 0x9DFA, 0x9DFA,   // 0xE020 (57376) pixels
0x9DFB, 0x9E1B, 0x9DFB, 0x9DFB, 0x9DFB, 0x9DFA, 0xA5FA, 0xB65B, 0xC69C, 0xC67B, 0xC65A, 0xC639, 0xC619, 0xC619, 0xBDF8, 0xB5D8,   // 0xE030 (57392) pixels
0xB5B8, 0xB597, 0xAD77, 0xAD56, 0xAD77, 0xAD56, 0xA536, 0xA516, 0xA536, 0x9D16, 0x9D16, 0x94F6, 0x94F6, 0x9516, 0x9537, 0x9D78,   // 0xE040 (57408) pixels
0x9DDA, 0x9DFA, 0x9DFA, 0x9DFA, 0x9DFA, 0x9DFA, 0x9DFA, 0x9DFA, 0x9DFA, 0x9DFA, 0x9DFB, 0x9DFB, 0x9DFB, 0x9DFB, 0x9DFB, 0x9DFB,   // 0xE050 (57424) pixels
0x9DFA, 0x9DFA, 0x9DFA, 0x9DFA, 0x9DFA, 0x9DFA, 0x9DFA, 0x9DFA, 0x9DFA, 0x9DFA, 0x9DFA, 0x9DFA, 0x9DFA, 0x9DFA, 0x9DFA, 0x9DFA,   // 0xE060 (57440) pixels
0x9DFB, 0x9DFB, 0x9DFB, 0x9DFB, 0x9DFB, 0x9DFB, 0x9DFB, 0x9DFB, 0x9DFB, 0x9DFB, 0x9DFB, 0x9DFB, 0x9DFB, 0x9DFB, 0x9DFB, 0x9DFB,   // 0xE070 (57456) pixels
0x9E1B, 0x9E1B, 0x9E1B, 0x9E1B, 0x9E1B, 0x9E1B, 0x9E1B, 0x9E1B, 0x9E1B, 0x9E1B, 0x9E1B, 0x9E1B, 0x9E1B, 0x9E1B, 0x9E1B, 0x9E1B,   // 0xE080 (57472) pixels
0x95FB, 0x961B, 0x95FB, 0x95FB, 0x95FB, 0x95FB, 0x95FB, 0x95FB, 0x9E1B, 0x95FB, 0x9DFB, 0x9DFB, 0x9DFB, 0x9DFB, 0x9DFB, 0x9DFB,   // 0xE090 (57488) pixels
0x9DFB, 0x9DFA, 0x9DFB, 0x9E1B, 0x9DFA, 0x9DDA, 0x9D9A, 0x9539, 0x6BB4, 0x5290, 0x4A30, 0x41CE, 0x41AE, 0x398D, 0x398D, 0x396D,   // 0xE0A0 (57504) pixels
0x396D, 0x396D, 0x396D, 0x396E, 0x398E, 0x398E, 0x418F, 0x41AE, 0x41CF, 0x4A30, 0x5AB1, 0x6B53, 0x7BF5, 0x8CD8, 0x9D7A, 0xA5DB,   // 0xE0B0 (57520) pixels
0xA61B, 0x9E1B, 0x9DFA, 0x9DFA, 0x9DFA, 0x9DFA, 0xA5FA, 0xA5DA, 0x9D98, 0x9537, 0x8CD5, 0x9516, 0xA557, 0xB598, 0xB5B8, 0xB5D8,   // 0xE0C0 (57536) pixels
0xADB8, 0xADB7, 0xAD97, 0xAD77, 0xAD77, 0xA557, 0xA556, 0xA536, 0xA536, 0xA516, 0x9D16, 0x9D16, 0x9D16, 0x9CF5, 0x94F5, 0x94F5,   // 0xE0D0 (57552) pixels
0x94F5, 0x94F5, 0x94F5, 0x94F5, 0x94F5, 0x94F6, 0x9CF6, 0x9CF6, 0x9CF7, 0x9496, 0x7BD4, 0x6311, 0x5270, 0x4A50, 0x5291, 0x5AF2,   // 0xE0E0 (57568) pixels
0x5AF2, 0x6353, 0x6B94, 0x7C15, 0x8497, 0x94F9, 0x9D3A, 0xA57B, 0xA59B, 0xA5DB, 0xA5DB, 0xA5DB, 0x9DFB, 0xA5FB, 0x9DFB, 0x9DFB,   // 0xE0F0 (57584) pixels
0x9DFB, 0x9DFB, 0x9DFB, 0x9DFB, 0x9DFB, 0x9DFB, 0x9DFB, 0x9DFB, 0x9DFB, 0x9DFB, 0x9DFB, 0x9DFB, 0x9DFB, 0x9DFB, 0x9E1B, 0x9E1B,   // 0xE100 (57600) pixels
0x9E3B, 0x9E1B, 0x9E1B, 0x9E1B, 0x9DFA, 0x9DD9, 0xA5FA, 0xAE3B, 0xBE7C, 0xD6FE, 0xE73E, 0xE73E, 0xEF5E, 0xEF5E, 0xE73D, 0xE73D,   // 0xE110 (57616) pixels
0xDF1C, 0xDF1C, 0xDEFC, 0xDEFC, 0xDEDC, 0xDEDC, 0xD6BB, 0xD69B, 0xCE7A, 0xCE7A, 0xCE5A, 0xC65A, 0xC63A, 0xC639, 0xBE19, 0xBE19,   // 0xE120 (57632) pixels
0xB619, 0xB619, 0xADF9, 0xADD9, 0xA5F9, 0xA5FA, 0x9DFA, 0x9DFB, 0x9DFB, 0x9DFB, 0x9DFB, 0x9DFB, 0x9DFB, 0x9DFA, 0x9DFA, 0x9DFA,   // 0xE130 (57648) pixels
0x9DFA, 0x9DFA, 0x9DFA, 0x9DFA, 0x9DFA, 0x9DFA, 0x9DFA, 0x9DFA, 0x9DFA, 0x9DFA, 0x9DFA, 0x9DFA, 0x9DFA, 0x9DFA, 0x9DFA, 0x9DFA,   // 0xE140 (57664) pixels
0x9DFB, 0x9DFB, 0x9DFB, 0x9DFB, 0x9DFB, 0x9DFB, 0x9DFB, 0x9DFB, 0x9DFB, 0x9DFB, 0x9DFB, 0x9DFB, 0x9DFB, 0x9DFB, 0x9DFB, 0x9DFB,   // 0xE150 (57680) pixels
0x9DFB, 0x9DFB, 0x9DFB, 0x9DFB, 0x9DFB, 0x9DFB, 0x9DFB, 0x9DFB, 0x9E1B, 0x9E1B, 0x9DFB, 0x9DFB, 0x9DFB, 0x9DFB, 0x9DFA, 0x9DFA,   // 0xE160 (57696) pixels
0x9DFB, 0x9DFB, 0x9DFB, 0x9DFB, 0x9DFB, 0x9DDA, 0xA5DA, 0xAE1A, 0xBE5B, 0xC67B, 0xCE7B, 0xCE7B, 0xCE7A, 0xCE5A, 0xC639, 0xBE19,   // 0xE170 (57712) pixels
0xBDF8, 0xB5B8, 0xB597, 0xAD77, 0xAD56, 0xAD56, 0xA536, 0xA516, 0xA516, 0x9D16, 0x9D16, 0x94F6, 0x94F6, 0x9537, 0x9D58, 0x9D99,   // 0xE180 (57728) pixels
0x9DDA, 0x9E1A, 0x9E1B, 0x9E1B, 0x9DFB, 0x9DFB, 0x9DFB, 0x9DFA, 0x9DFA, 0x9DFA, 0x9DFA, 0x9DFB, 0x9DFB, 0x9DFB, 0x9DFB, 0x9DFB,   // 0xE190 (57744) pixels
0x9DFA, 0x9DFA, 0x9DFA, 0x9DFA, 0x9DFA, 0x9DFA, 0x9DFA, 0x9DFA, 0x9DFA, 0x9DFA, 0x9DFA, 0x9DFA, 0x9DFA, 0x9DFA, 0x9DFA, 0x9DFA,   // 0xE1A0 (57760) pixels
0x9DFB, 0x9DFB, 0x9DFB, 0x9DFB, 0x9DFB, 0x9DFB, 0x9DFB, 0x9DFB, 0x9DFB, 0x9DFB, 0x9DFB, 0x9DFB, 0x9DFB, 0x9DFB, 0x9DFB, 0x9DFB,   // 0xE1B0 (57776) pixels
0x9DFB, 0x9DFB, 0x9DFB, 0x9DFB, 0x9DFB, 0x9DFB, 0x9DFB, 0x9DFB, 0x9DFB, 0x9DFB, 0x9DFB, 0x9DFB, 0x9DFB, 0x9DFB, 0x9DFB, 0x9E1B,   // 0xE1C0 (57792) pixels
0x95FB, 0x95FB, 0x95FB, 0x95FB, 0x95FB, 0x95FB, 0x95FB, 0x95FB, 0x9DFB, 0x9DFB, 0x9DFB, 0x9DFB, 0x9DFB, 0x9DFB, 0x9DFB, 0x9DFB,   // 0xE1D0 (57808) pixels
0x9DFB, 0x9DFA, 0x9DFB, 0x9E1B, 0x9DFA, 0x9DFA, 0x9DBA, 0x9D59, 0x73F5, 0x52B1, 0x4A50, 0x41CF, 0x41AE, 0x398E, 0x398D, 0x396D,   // 0xE1E0 (57824) pixels
0x396D, 0x396D, 0x396D, 0x396E, 0x398E, 0x398E, 0x398E, 0x41AE, 0x41CF, 0x4A0F, 0x5271, 0x6313, 0x73D5, 0x8497, 0x9539, 0x9DBA,   // 0xE1F0 (57840) pixels
0xA5DA, 0x9DFA, 0x9DFA, 0x9DFA, 0x9DFA, 0x9DFA, 0x9DFA, 0xA5FA, 0xA5D9, 0x9D98, 0x9537, 0x9516, 0x9D37, 0xAD77, 0xB598, 0xB5B8,   // 0xE200 (57856) pixels
0xADB8, 0xAD97, 0xAD97, 0xA577, 0xA577, 0xA557, 0xA536, 0xA536, 0xA536, 0xA536, 0x9D16, 0x9D16, 0x9D16, 0x9D16, 0x94F5, 0x94F5,   // 0xE210 (57872) pixels
0x94F5, 0x94F6, 0x94F5, 0x94D5, 0x94F6, 0x94F6, 0x94F6, 0x94F6, 0x9D38, 0x94D7, 0x8435, 0x6B73, 0x5AF1, 0x52D1, 0x6332, 0x6B94,   // 0xE220 (57888) pixels
0x7415, 0x7C76, 0x84B8, 0x9519, 0x9D9B, 0xA5BB, 0xA5DC, 0xA5FC, 0xA5FC, 0xA5FB, 0xA5FB, 0x9DFB, 0x9DFB, 0x9DFB, 0x9E1B, 0x9E1B,   // 0xE230 (57904) pixels
0x9DFB, 0x9DFB, 0x9DFB, 0x9DFB, 0x9DFB, 0x9DFB, 0x9DFB, 0x9DFB, 0x9DFB, 0x9DFB, 0x9DFB, 0x9DFB, 0x9DFB, 0x9DFB, 0x9DFB, 0x9DFB,   // 0xE240 (57920) pixels
0x9E3B, 0x9E1B, 0x9E1B, 0x9E1B, 0x9DFA, 0x9DFA, 0xA61A, 0xB63B, 0xC6BD, 0xD71E, 0xE75F, 0xE73E, 0xEF5E, 0xE73D, 0xE73D, 0xE71C,   // 0xE250 (57936) pixels
0xDEFC, 0xDEFC, 0xDEFC, 0xDEFC, 0xDEDC, 0xD6BB, 0xD69B, 0xD69B, 0xCE7A, 0xCE5A, 0xC65A, 0xC65A, 0xC63A, 0xC639, 0xBE39, 0xBE39,   // 0xE260 (57952) pixels
0xB619, 0xAE19, 0xADF9, 0xA5F9, 0xA5F9, 0xA5FA, 0x9DFA, 0x9DFA, 0x9DFB, 0x9DFB, 0x9DFB, 0x9DFB, 0x9DFB, 0x9DFA, 0x9DFA, 0x9DFA,   // 0xE270 (57968) pixels
0x9DFA, 0x9DFA, 0x9DFA, 0x9DFA, 0x9DFA, 0x9DFA, 0x9DFA, 0x9DFA, 0x9DFA, 0x9DFA, 0x9DFA, 0x9DFA, 0x9DFA, 0x9DFA, 0x9DFA, 0x9DFA,   // 0xE280 (57984) pixels
0x9DFB, 0x9DFB, 0x9DFB, 0x9DFB, 0x9DFB, 0x9DFB, 0x9DFB, 0x9DFB, 0x9DFB, 0x9DFB, 0x9DFB, 0x9DFB, 0x9DFB, 0x9DFB, 0x9DFB, 0x9DFB,   // 0xE290 (58000) pixels
0x9DFB, 0x9DFB, 0x9DFB, 0x9DFB, 0x9DFB, 0x9DFB, 0x9DFB, 0x9DFB, 0x9DFB, 0x9DFB, 0x9DFB, 0x9DFB, 0x9DFB, 0x9DFB, 0x9DFB, 0x9DFB,   // 0xE2A0 (58016) pixels
0x9DFB, 0x9DFB, 0x9DFB, 0x9DFB, 0x9DFB, 0x9DDA, 0xA5DA, 0xADFA, 0xB63A, 0xC67B, 0xD6BC, 0xD6DC, 0xDEDC, 0xD6BB, 0xCE7A, 0xC65A,   // 0xE2B0 (58032) pixels
0xBE19, 0xBDF8, 0xB5B8, 0xAD77, 0xAD56, 0xA536, 0xA516, 0x9D16, 0x9D16, 0x9D16, 0x9516, 0x9516, 0x9517, 0x9538, 0x9D78, 0x9D99,   // 0xE2C0 (58048) pixels
0x9DDA, 0x9DFB, 0x9E1B, 0x9E1B, 0x9DFB, 0x9DFB, 0x9DFB, 0x95FA, 0x9DFA, 0x9DFA, 0x9DFA, 0x9DFB, 0x9DFB, 0x9DFB, 0x9DFB, 0x9DFB,   // 0xE2D0 (58064) pixels
0x9DFA, 0x9DFA, 0x9DFA, 0x9DFA, 0x9DFA, 0x9DFA, 0x9DFA, 0x9DFA, 0x9DFA, 0x9DFA, 0x9DFA, 0x9DFA, 0x9DFA, 0x9DFA, 0x9DFA, 0x9DFA,   // 0xE2E0 (58080) pixels
0x9DFB, 0x9DFB, 0x9DFB, 0x9DFB, 0x9DFB, 0x9DFB, 0x9DFB, 0x9DFB, 0x9DFB, 0x9DFB, 0x9DFB, 0x9DFB, 0x9DFB, 0x9DFB, 0x9DFB, 0x9DFB,   // 0xE2F0 (58096) pixels
0x9DFB, 0x9DFB, 0x9DFB, 0x9DFB, 0x9DFB, 0x9DFB, 0x9DFB, 0x9DFB, 0x9DFB, 0x9DFB, 0x9DFB, 0x9DFB, 0x9DFB, 0x9DFB, 0x9DFB, 0x9DFB,   // 0xE300 (58112) pixels
0x95FB, 0x95FB, 0x95FB, 0x95FB, 0x95FB, 0x95FB, 0x95FB, 0x95FB, 0x9DFB, 0x9DFB, 0x9DFB, 0x9DFB, 0x9DFB, 0x9DFB, 0x9DFB, 0x9DFB,   // 0xE310 (58128) pixels
0x9DFB, 0x9DFA, 0x9DFB, 0x9DFB, 0x9DFA, 0x9DFA, 0xA5DA, 0x9D7A, 0x7C15, 0x5AD1, 0x5250, 0x41CF, 0x41AE, 0x396E, 0x398D, 0x396D,   // 0xE320 (58144) pixels
0x396D, 0x396D, 0x396D, 0x396E, 0x398E, 0x398E, 0x398E, 0x41AE, 0x41AE, 0x49EF, 0x5250, 0x62F2, 0x73B4, 0x8456, 0x9518, 0x9D9A,   // 0xE330 (58160) pixels
0x9DDA, 0x9DFA, 0x9DFA, 0x9DFA, 0x9DFA, 0x9E1A, 0xA61A, 0xA61A, 0xA5FA, 0xA5D9, 0x9D98, 0x9D57, 0x9D37, 0xA557, 0xAD98, 0xB598,   // 0xE340 (58176) pixels
0xADB8, 0xAD97, 0xAD97, 0xA577, 0xA577, 0xA557, 0xA536, 0xA536, 0xA536, 0xA536, 0x9D36, 0x9D16, 0x9D16, 0x9D16, 0x9CF5, 0x94F6,   // 0xE350 (58192) pixels
0x94F5, 0x94F5, 0x94F5, 0x94F5, 0x94F6, 0x94F6, 0x94F6, 0x94F6, 0x9D37, 0x94F7, 0x84B6, 0x7C35, 0x73F4, 0x73F4, 0x7C56, 0x8CD8,   // 0xE360 (58208) pixels
0x955A, 0x9D9A, 0x9D9A, 0x9DDB, 0xA5FC, 0xA61C, 0xA5FB, 0xA61C, 0xA61C, 0x9E1B, 0x9E1B, 0x9E1B, 0x9E1B, 0x9E1B, 0x9E1B, 0x9E1B,   // 0xE370 (58224) pixels
0x9DFB, 0x9DFB, 0x9DFB, 0x9DFB, 0x9DFB, 0x9DFB, 0x9DFB, 0x9DFB, 0x9DFB, 0x9DFB, 0x9DFB, 0x9DFB, 0x9DFB, 0x9DFB, 0x9DFB, 0x9DFB,   // 0xE380 (58240) pixels
0x9E1B, 0x9E1B, 0x9E1B, 0x9E1B, 0x9DFA, 0x9DFA, 0xA61A, 0xB65B, 0xC6BD, 0xD71E, 0xE73F, 0xE73E, 0xE73E, 0xE71D, 0xDEFC, 0xDEFC,   // 0xE390 (58256) pixels
0xDEDC, 0xDEDC, 0xD6BB, 0xD6BB, 0xD6BB, 0xD69B, 0xCE7A, 0xCE5A, 0xC63A, 0xC63A, 0xC639, 0xC639, 0xC639, 0xC639, 0xBE39, 0xBE39,   // 0xE3A0 (58272) pixels
0xB619, 0xAE19, 0xADF9, 0xA5D9, 0xA5FA, 0xA5FA, 0x9DFA, 0x9DFA, 0x9DFB, 0x9DFB, 0x9DFB, 0x9DFB, 0x9DFB, 0x9DFA, 0x9DFA, 0x9DFA,   // 0xE3B0 (58288) pixels
0x9DFA, 0x9DFA, 0x9DFA, 0x9DFA, 0x9DFA, 0x9DFA, 0x9DFA, 0x9DFA, 0x9DFA, 0x9DFA, 0x9DFA, 0x9DFA, 0x9DFA, 0x9DFA, 0x9DFA, 0x9DFA,   // 0xE3C0 (58304) pixels
0x9DFB, 0x9DFB, 0x9DFB, 0x9DFB, 0x9DFB, 0x9DFB, 0x9DFB, 0x9DFB, 0x9DFB, 0x9DFB, 0x9DFB, 0x9DFB, 0x9DFB, 0x9DFB, 0x9DFB, 0x9DFB,   // 0xE3D0 (58320) pixels
0x9DFB, 0x9DFB, 0x9DFB, 0x9DFB, 0x9DFB, 0x9DFB, 0x9DFB, 0x9DFB, 0x9DFB, 0x9DFB, 0x9DFB, 0x9DFB, 0x9DFB, 0x9DFB, 0x9DFB, 0x9DFB,   // 0xE3E0 (58336) pixels
0x9DFB, 0x9E1B, 0x9DFB, 0x9DFB, 0x9E1B, 0x9DFB, 0xA5DA, 0xA5FA, 0xB61A, 0xC67B, 0xD6DC, 0xDF1D, 0xDEFC, 0xDEDC, 0xD6BB, 0xCE7B,   // 0xE3F0 (58352) pixels
0xC639, 0xBE18, 0xB5D8, 0xAD77, 0xA536, 0xA515, 0x9CF5, 0x9CF5, 0x9D16, 0x9D16, 0x9516, 0x9517, 0x9538, 0x9D78, 0x9D99, 0x9DBA,   // 0xE400 (58368) pixels
0x95DA, 0x95FB, 0x9E1B, 0x9E1B, 0x95FB, 0x95FB, 0x9DFB, 0x9DFB, 0x9DFB, 0x9DFB, 0x9DFA, 0x9DFB, 0x9DFB, 0x9DFB, 0x9DFB, 0x9DFB,   // 0xE410 (58384) pixels
0x9DFA, 0x9DFA, 0x9DFA, 0x9DFA, 0x9DFA, 0x9DFA, 0x9DFA, 0x9DFA, 0x9DFA, 0x9DFA, 0x9DFA, 0x9DFA, 0x9DFA, 0x9DFA, 0x9DFA, 0x9DFA,   // 0xE420 (58400) pixels
0x9DFB, 0x9DFB, 0x9DFB, 0x9DFB, 0x9DFB, 0x9DFB, 0x9DFB, 0x9DFB, 0x9DFB, 0x9DFB, 0x9DFB, 0x9DFB, 0x9DFB, 0x9DFB, 0x9DFB, 0x9DFB,   // 0xE430 (58416) pixels
0x9DFB, 0x9DFB, 0x9DFB, 0x9DFB, 0x9DFB, 0x9DFB, 0x9DFB, 0x9DFB, 0x9DFB, 0x9DFB, 0x9DFB, 0x9DFB, 0x9DFB, 0x9DFB, 0x9DFB, 0x9DFB,   // 0xE440 (58432) pixels
0x95FB, 0x95FB, 0x95FB, 0x95FB, 0x95FB, 0x95FB, 0x9DFB, 0x9DFB, 0x9DFB, 0x9DFB, 0x9DFB, 0x9DFB, 0x9DFB, 0x9DFB, 0x9DFB, 0x9DFB,   // 0xE450 (58448) pixels
0x9DFB, 0x9DFA, 0x9DFB, 0x9DFA, 0x9DFA, 0x9DFA, 0xA5DB, 0xA59A, 0x7C36, 0x5AF2, 0x5271, 0x49EF, 0x41CF, 0x418E, 0x418E, 0x396D,   // 0xE460 (58464) pixels
0x396D, 0x396D, 0x396E, 0x398E, 0x398E, 0x398E, 0x418E, 0x418E, 0x41AE, 0x49EF, 0x5250, 0x62F2, 0x7394, 0x8456, 0x94F8, 0x9D7A,   // 0xE470 (58480) pixels
0x9DDA, 0x9DFA, 0xA61A, 0x9DFA, 0x9DFA, 0x9E1A, 0x9E1A, 0x9E1A, 0x9DFA, 0x9DFA, 0xA5D9, 0x9D98, 0xA578, 0xA578, 0xAD98, 0xAD98,   // 0xE480 (58496) pixels
0xAD98, 0xAD97, 0xA597, 0xA577, 0xA577, 0xA556, 0xA536, 0x9D36, 0xA536, 0x9D36, 0x9D36, 0x9D16, 0x9D16, 0x9D16, 0x9D16, 0x9516,   // 0xE490 (58512) pixels
0x94F6, 0x94F6, 0x9516, 0x9516, 0x9517, 0x9537, 0x9537, 0x9537, 0x9D78, 0x9D78, 0x9D79, 0x9579, 0x9559, 0x9559, 0xA59B, 0xA5FC,   // 0xE4A0 (58528) pixels
0xA5FB, 0xA61C, 0xA61B, 0xA5FB, 0xA61C, 0x9E1B, 0x9DFB, 0x9DFB, 0x9DFB, 0x9DFB, 0x9DFB, 0x9E1B, 0x9E1B, 0x9E1A, 0x95FA, 0x95FA,   // 0xE4B0 (58544) pixels
0x9DFB, 0x9DFB, 0x9DFB, 0x9DFB, 0x9DFB, 0x9DFB, 0x9DFB, 0x9DFB, 0x9DFB, 0x9DFB, 0x9DFB, 0x9DFB, 0x9DFB, 0x9DFB, 0x9DFB, 0x9DFB,   // 0xE4C0 (58560) pixels
0x9DFA, 0x9DFA, 0x9E1B, 0x9E1B, 0x9DFA, 0x9DFA, 0xA61A, 0xB65C, 0xC69D, 0xD6FE, 0xDF3E, 0xDF1E, 0xE71D, 0xDEFD, 0xDEDC, 0xD6BB,   // 0xE4D0 (58576) pixels
0xD69B, 0xD69B, 0xCE7A, 0xCE7A, 0xCE7A, 0xCE5A, 0xC639, 0xC619, 0xBDF9, 0xBE19, 0xBDF9, 0xBDF9, 0xBE19, 0xBE19, 0xBE19, 0xB619,   // 0xE4E0 (58592) pixels
0xB619, 0xADF9, 0xADF9, 0xA5F9, 0xA5FA, 0xA5FA, 0x9DFA, 0x9DFA, 0x9DFB, 0x9DFB, 0x9DFB, 0x9DFB, 0x9DFB, 0x9DFA, 0x9DFA, 0x9DFA,   // 0xE4F0 (58608) pixels
0x9DFA, 0x9DFA, 0x9DFA, 0x9DFA, 0x9DFA, 0x9DFA, 0x9DFA, 0x9DFA, 0x9DFA, 0x9DFA, 0x9DFA, 0x9DFA, 0x9DFA, 0x9DFA, 0x9DFA, 0x9DFA,   // 0xE500 (58624) pixels
0x9DFB, 0x9DFB, 0x9DFB, 0x9DFB, 0x9DFB, 0x9DFB, 0x9DFB, 0x9DFB, 0x9DFB, 0x9DFB, 0x9DFB, 0x9DFB, 0x9DFB, 0x9DFB, 0x9DFB, 0x9DFB,   // 0xE510 (58640) pixels
0x9DFB, 0x9DFB, 0x9DFB, 0x9DFB, 0x9DFB, 0x9DFB, 0x9DFB, 0x9DFB, 0x9DFB, 0x9DFB, 0x9DFB, 0x9DFB, 0x9DFB, 0x9DFB, 0x9DFB, 0x9DFB,   // 0xE520 (58656) pixels
0x9DFB, 0x9E1B, 0x9DFB, 0x9DFB, 0x9E1B, 0x9DFB, 0xA5DA, 0xA5DA, 0xB61A, 0xC67B, 0xDF1D, 0xE73E, 0xE73D, 0xDEFC, 0xD6DC, 0xD69B,   // 0xE530 (58672) pixels
0xC639, 0xC639, 0xBDF8, 0xAD97, 0xA536, 0x9CF5, 0x94F5, 0x94F5, 0x9D16, 0x9516, 0x9517, 0x9537, 0x9D58, 0x9D99, 0xA5BA, 0x9DDA,   // 0xE540 (58688) pixels
0x95DA, 0x95FB, 0x95FB, 0x95FB, 0x95DB, 0x95FB, 0x9DFB, 0x9DFB, 0x9DFB, 0x9DFB, 0x9DFA, 0x9DFB, 0x9DFB, 0x9DFB, 0x9DFB, 0x9DFB,   // 0xE550 (58704) pixels
0x9DFA, 0x9DFA, 0x9DFA, 0x9DFA, 0x9DFA, 0x9DFA, 0x9DFA, 0x9DFA, 0x9DFA, 0x9DFA, 0x9DFA, 0x9DFA, 0x9DFA, 0x9DFA, 0x9DFA, 0x9DFA,   // 0xE560 (58720) pixels
0x9DFB, 0x9DFB, 0x9DFB, 0x9DFB, 0x9DFB, 0x9DFB, 0x9DFB, 0x9DFB, 0x9DFB, 0x9DFB, 0x9DFB, 0x9DFB, 0x9DFB, 0x9DFB, 0x9DFB, 0x9DFB,   // 0xE570 (58736) pixels
0x9DFB, 0x9DFB, 0x9DFB, 0x9DFB, 0x9DFB, 0x9DFB, 0x9DFB, 0x9DFB, 0x9DFB, 0x9DFB, 0x9DFB, 0x9DFB, 0x9DFB, 0x9DFB, 0x9DFB, 0x9DFB,   // 0xE580 (58752) pixels
0x95FA, 0x95FA, 0x95FA, 0x95FA, 0x95FA, 0x95FA, 0x9DFA, 0x9DFA, 0x9DFB, 0x9DFB, 0x9DFB, 0x9DFB, 0x9DFB, 0x9DFB, 0x9DFB, 0x9DFB,   // 0xE590 (58768) pixels
0x9DFB, 0x9DFA, 0x9DFA, 0x9DFA, 0x9DDA, 0x9DFA, 0xA5DB, 0x9D9A, 0x8456, 0x6312, 0x5AB1, 0x4A10, 0x49EF, 0x418E, 0x418E, 0x396D,   // 0xE5A0 (58784) pixels
0x396D, 0x396D, 0x396E, 0x398E, 0x398E, 0x398E, 0x418E, 0x418E, 0x41AE, 0x41CF, 0x5250, 0x62F2, 0x7394, 0x7C36, 0x8CD8, 0x9D7A,   // 0xE5B0 (58800) pixels
0xA5DA, 0xA5FA, 0xA61A, 0x9DFA, 0x9DFA, 0x95FA, 0x961A, 0x95FA, 0x9DFA, 0x9E1A, 0xA5FA, 0x9DB9, 0xA5B9, 0xADB9, 0xADB9, 0xAD98,   // 0xE5C0 (58816) pixels
0xAD98, 0xAD97, 0xA597, 0xA577, 0xA577, 0xA556, 0x9D36, 0x9D36, 0xA536, 0x9D36, 0x9D36, 0x9D36, 0x9D16, 0x9D16, 0x9D16, 0x9516,   // 0xE5D0 (58832) pixels
0x9516, 0x9516, 0x9536, 0x9537, 0x9D57, 0x9D57, 0x9D57, 0x9578, 0x9D98, 0x9D99, 0xA5DA, 0xA5FB, 0xA5FB, 0xA5FB, 0xA5FB, 0xA61C,   // 0xE5E0 (58848) pixels
0x9E1B, 0xA63B, 0x9E1B, 0x9E1B, 0x9E1B, 0x9E1B, 0x9DFB, 0x9E1B, 0x9E1B, 0x9DFB, 0x961A, 0x9E1B, 0x9E1B, 0x9E1B, 0x9E1A, 0x9E1A,   // 0xE5F0 (58864) pixels
0x9DFB, 0x9DFB, 0x9DFB, 0x9DFB, 0x9DFB, 0x9DFB, 0x9DFB, 0x9DFB, 0x9DFB, 0x9DFB, 0x9DFB, 0x9DFB, 0x9DFB, 0x9DFB, 0x9DFB, 0x9DFB,   // 0xE600 (58880) pixels
0x9DFA, 0x9DFA, 0x9DFA, 0x9DFA, 0x9DFA, 0x9DFA, 0xA63B, 0xB67C, 0xC6BD, 0xCEDD, 0xD6FE, 0xDEDD, 0xDEBC, 0xD6BB, 0xCE7A, 0xCE5A,   // 0xE610 (58896) pixels
0xCE5A, 0xCE5A, 0xC639, 0xC639, 0xC619, 0xBDF9, 0xBDD8, 0xB5B8, 0xB597, 0xB5B8, 0xB5B8, 0xB5D8, 0xB5D8, 0xB5D8, 0xB5D8, 0xB5D8,   // 0xE620 (58912) pixels
0xADD8, 0xADF9, 0xA5F9, 0xA5F9, 0xA5FA, 0x9DFA, 0x9DFA, 0x9DFA, 0x9DFB, 0x9DFB, 0x9DFB, 0x9DFB, 0x9DFB, 0x9DFA, 0x9DFA, 0x9DFA,   // 0xE630 (58928) pixels
0x9DFA, 0x9DFA, 0x9DFA, 0x9DFA, 0x9DFA, 0x9DFA, 0x9DFA, 0x9DFA, 0x9DFA, 0x9DFA, 0x9DFA, 0x9DFA, 0x9DFA, 0x9DFA, 0x9DFA, 0x9DFA,   // 0xE640 (58944) pixels
0x9E1A, 0x9E1A, 0x9E1A, 0x9E1A, 0x9E1A, 0x9E1A, 0x9E1A, 0x9E1A, 0x9E1A, 0x9E1A, 0x9E1A, 0x9E1A, 0x9E1A, 0x9E1A, 0x9E1A, 0x9E1A,   // 0xE650 (58960) pixels
0x9E1A, 0x9E1A, 0x9E1A, 0x9E1A, 0x9E1A, 0x9E1A, 0x9E1A, 0x9E1A, 0x9E1A, 0x9DFA, 0x9DFA, 0x9DFA, 0x9DFA, 0x9E1A, 0x9E1B, 0x9E1B,   // 0xE660 (58976) pixels
0x9DFB, 0x9DFB, 0x9DFB, 0x9E1B, 0xA61B, 0x9DFA, 0x9DB9, 0xADFA, 0xBE3A, 0xCEBC, 0xDF1D, 0xE73D, 0xE71D, 0xDEFC, 0xD6DC, 0xCE9B,   // 0xE670 (58992) pixels
0xC65A, 0xC639, 0xB5D8, 0xAD97, 0xA556, 0x9D36, 0x9D16, 0x9D16, 0x9D57, 0x9D57, 0x9D78, 0x9D78, 0x9D99, 0x9DBA, 0xA5DA, 0x9DFB,   // 0xE680 (59008) pixels
0x95FB, 0x95FB, 0x95FB, 0x95FB, 0x95FB, 0x95FB, 0x9DFB, 0x9DFB, 0x9DFB, 0x9DFB, 0x9DFB, 0x9DFB, 0x9DFA, 0x9DFA, 0x9DFA, 0x9DFB,   // 0xE690 (59024) pixels
0x9DFA, 0x9DFA, 0x9DFA, 0x9DFA, 0x9DFA, 0x9DFA, 0x9DFA, 0x9DFA, 0x9DFA, 0x9DFA, 0x9DFA, 0x9DFA, 0x9DFA, 0x9DFA, 0x9DFA, 0x9DFA,   // 0xE6A0 (59040) pixels
0x9E1A, 0x9E1A, 0x9E1A, 0x9E1A, 0x9E1A, 0x9E1A, 0x9E1A, 0x9E1A, 0x9E1A, 0x9E1A, 0x9E1A, 0x9E1A, 0x9E1A, 0x9E1A, 0x9E1A, 0x9E1A,   // 0xE6B0 (59056) pixels
0x9DFB, 0x9DFB, 0x9DFB, 0x9DFB, 0x9DFB, 0x9DFB, 0x9DFB, 0x9DFB, 0x9DFB, 0x9DFB, 0x9DFB, 0x9DFB, 0x9DFB, 0x9DFB, 0x9DFB, 0x9DFB,   // 0xE6C0 (59072) pixels
0x95FB, 0x95FB, 0x95FB, 0x95FB, 0x9DFB, 0x9DFB, 0x9DFB, 0x9DFB, 0x9DFB, 0x9DFB, 0x9DFB, 0x9DFB, 0x9DFB, 0x9DFB, 0x9E1B, 0x9E1B,   // 0xE6D0 (59088) pixels
0x9DFB, 0x9DFB, 0x9DFB, 0x9E1A, 0x9DFA, 0x9DFA, 0xA5DB, 0xA59A, 0x8456, 0x6B53, 0x5AB1, 0x49EF, 0x4A10, 0x49CF, 0x418E, 0x396D,   // 0xE6E0 (59104) pixels
0x396D, 0x396D, 0x396E, 0x398E, 0x398E, 0x398E, 0x418E, 0x418E, 0x41AE, 0x49CF, 0x5250, 0x5AD2, 0x6B74, 0x7C16, 0x8C98, 0x9D7A,   // 0xE6F0 (59120) pixels
0xA5FA, 0xA61A, 0x9E1A, 0x9DFA, 0x961A, 0x961A, 0x961A, 0x961A, 0x961A, 0x9E1A, 0xA61A, 0xA5FA, 0xA5DA, 0xADFA, 0xADDA, 0xA598,   // 0xE700 (59136) pixels
0xA598, 0xA597, 0xA577, 0xA577, 0xA557, 0xA557, 0x9D56, 0x9D56, 0xA537, 0x9D37, 0x9D36, 0x9D36, 0x9D16, 0x9516, 0x9516, 0x9516,   // 0xE710 (59152) pixels
0x9536, 0x9537, 0x9557, 0x9577, 0x9D78, 0x9D98, 0x9D98, 0x9D98, 0x9DD9, 0x9DDA, 0xA5FA, 0xA5FB, 0xA61B, 0x9DFB, 0x9DFB, 0x9DFA,   // 0xE720 (59168) pixels
0x9DFB, 0x9E1A, 0x9DFB, 0x9E1A, 0x9DFB, 0x9E1A, 0x9E1A, 0x9E1A, 0x9E1A, 0x9E1A, 0x9E1A, 0x9E1A, 0x9E1A, 0x9E1A, 0x9E1A, 0x9E1A,   // 0xE730 (59184) pixels
0x9DFB, 0x9DFB, 0x9DFB, 0x9DFB, 0x9DFB, 0x9DFB, 0x9DFB, 0x9DFB, 0x9DFB, 0x9DFB, 0x9DFB, 0x9DFB, 0x9DFB, 0x9DFB, 0x9DFB, 0x9DFB,   // 0xE740 (59200) pixels
0x9DFA, 0x9DFA, 0x9DFA, 0x9DFA, 0x9DFA, 0x9DFA, 0xA61B, 0xB67C, 0xC6BD, 0xCEDD, 0xD6DD, 0xD6BC, 0xCE9B, 0xCE7B, 0xCE5A, 0xC639,   // 0xE750 (59216) pixels
0xBDF8, 0xBDF8, 0xBDD8, 0xBDD8, 0xBDD8, 0xB5B8, 0xB597, 0xAD97, 0xAD77, 0xAD97, 0xAD97, 0xAD97, 0xAD97, 0xADB7, 0xADB8, 0xADB8,   // 0xE760 (59232) pixels
0xADD8, 0xA5D9, 0xA5D9, 0xA5F9, 0xA5FA, 0x9DFA, 0x9DFA, 0x9E1B, 0x9DFB, 0x9DFB, 0x9DFB, 0x9DFB, 0x9DFB, 0x9DFB, 0x9DFA, 0x9DFA,   // 0xE770 (59248) pixels
0x9DFA, 0x9DFA, 0x9DFA, 0x9DFA, 0x9DFA, 0x9DFA, 0x9DFA, 0x9DFA, 0x9DFA, 0x9DFA, 0x9DFA, 0x9DFA, 0x9DFA, 0x9DFA, 0x9DFA, 0x9DFA,   // 0xE780 (59264) pixels
0x9E1A, 0x9E1A, 0x9E1A, 0x9E1A, 0x9E1A, 0x9E1A, 0x9E1A, 0x9E1A, 0x9E1A, 0x9E1A, 0x9E1A, 0x9E1A, 0x9E1A, 0x9E1A, 0x9E1A, 0x9E1A,   // 0xE790 (59280) pixels
0x9E1A, 0x9E1A, 0x9E1A, 0x9E1A, 0x9E1A, 0x9E1A, 0x9E1A, 0x9E1A, 0x9E1A, 0x9DFA, 0x9DFA, 0x9DFA, 0x9DFA, 0x9E1A, 0x9E1A, 0x9E1A,   // 0xE7A0 (59296) pixels
0x9E1A, 0x9E1B, 0x9DFB, 0x9E1B, 0x9E1B, 0x9DDA, 0x9DB9, 0xADFA, 0xBE5B, 0xCEDC, 0xE73D, 0xE73D, 0xDEFC, 0xDEDC, 0xD6BB, 0xCE7B,   // 0xE7B0 (59312) pixels
0xC65A, 0xBE19, 0xB5D8, 0xAD97, 0xA557, 0x9D36, 0x9D36, 0x9D37, 0x9D78, 0xA598, 0xA599, 0x9DB9, 0x9DBA, 0x9DDA, 0xA5DA, 0x9DFB,   // 0xE7C0 (59328) pixels
0x95FB, 0x95FB, 0x95FB, 0x95FB, 0x95FB, 0x95FB, 0x9DFB, 0x9DFB, 0x9DFB, 0x9DFB, 0x9DFB, 0x9DFB, 0x9DFA, 0x9DFA, 0x9DFA, 0x9E1B,   // 0xE7D0 (59344) pixels
0x9DFA, 0x9DFA, 0x9DFA, 0x9DFA, 0x9DFA, 0x9DFA, 0x9DFA, 0x9DFA, 0x9DFA, 0x9DFA, 0x9DFA, 0x9DFA, 0x9DFA, 0x9DFA, 0x9DFA, 0x9DFA,   // 0xE7E0 (59360) pixels
0x9E1A, 0x9E1A, 0x9E1A, 0x9E1A, 0x9E1A, 0x9E1A, 0x9E1A, 0x9E1A, 0x9E1A, 0x9E1A, 0x9E1A, 0x9E1A, 0x9E1A, 0x9E1A, 0x9E1A, 0x9E1A,   // 0xE7F0 (59376) pixels
0x9DFB, 0x9DFB, 0x9DFB, 0x9DFB, 0x9DFB, 0x9DFB, 0x9DFB, 0x9DFB, 0x9DFB, 0x9DFB, 0x9DFB, 0x9DFB, 0x9DFB, 0x9DFB, 0x9DFB, 0x9DFB,   // 0xE800 (59392) pixels
0x9DFB, 0x95FB, 0x95FB, 0x95FB, 0x9DFB, 0x9DFB, 0x9DFB, 0x9DFB, 0x9DFB, 0x9DFB, 0x9DFB, 0x9DFB, 0x9DFB, 0x9DFB, 0x9E1B, 0x9E1B,   // 0xE810 (59408) pixels
0x9DFB, 0x9DFA, 0x9DFB, 0x9E1A, 0x9DFA, 0x9DFB, 0xA5FB, 0xA5BB, 0x8477, 0x6B74, 0x5AD2, 0x4A0F, 0x4A10, 0x49CF, 0x418E, 0x396D,   // 0xE820 (59424) pixels
0x396D, 0x396D, 0x396E, 0x398E, 0x398E, 0x398E, 0x418E, 0x418E, 0x41AF, 0x49CF, 0x5250, 0x5AB1, 0x6B54, 0x7C16, 0x8C98, 0x9D5A,   // 0xE830 (59440) pixels
0x9DDA, 0x9E1A, 0x9E1A, 0x9E1A, 0x961A, 0x961A, 0x961A, 0x961A, 0x95FA, 0x9E1A, 0x9E1B, 0xA5FA, 0xA5FA, 0xADFA, 0xADFA, 0xADD9,   // 0xE840 (59456) pixels
0xA598, 0xA597, 0xA577, 0xA577, 0x9D57, 0x9D56, 0x9D57, 0x9D57, 0x9D36, 0x9D36, 0x9D36, 0x9D36, 0x9D36, 0x9D36, 0x9D36, 0x9536,   // 0xE850 (59472) pixels
0x9557, 0x9557, 0x9D78, 0x9D98, 0x9D99, 0x9DB9, 0x9DD9, 0x9DD9, 0x9DDA, 0x9DFA, 0x9DFA, 0x9DFA, 0x9DFA, 0x9DFA, 0x9DFA, 0x9DFA,   // 0xE860 (59488) pixels
0x9E1A, 0x9E1A, 0x9E1A, 0x9E1A, 0x9E1A, 0x9E1A, 0x9E1A, 0x9E1A, 0x9E1A, 0x9E1A, 0x9E1A, 0x9E1A, 0x9E1A, 0x9E1A, 0x9E1A, 0x9E1A,   // 0xE870 (59504) pixels
0x9DFB, 0x9DFB, 0x9DFB, 0x9DFB, 0x9DFB, 0x9DFB, 0x9DFB, 0x9DFB, 0x9DFB, 0x9DFB, 0x9DFB, 0x9DFB, 0x9DFB, 0x9DFB, 0x9DFB, 0x9DFB,   // 0xE880 (59520) pixels
0x9DFA, 0x9DFA, 0x9DFA, 0x9E1A, 0x9E1A, 0x9DFA, 0xA61B, 0xAE5B, 0xBE9C, 0xC69C, 0xC67C, 0xC65B, 0xC63A, 0xC619, 0xC619, 0xBDF8,   // 0xE890 (59536) pixels
0xBDD8, 0xBDD8, 0xBDD8, 0xBDD8, 0xB5D8, 0xB5D8, 0xB5B8, 0xB598, 0xAD77, 0xAD77, 0xAD77, 0xA577, 0xA577, 0xA577, 0xA597, 0xA597,   // 0xE8A0 (59552) pixels
0xA5B8, 0xA5D8, 0xA5D9, 0xA5F9, 0xA5FA, 0x9DFA, 0x9E1A, 0x9E1B, 0x9DFB, 0x9DFB, 0x9DFB, 0x9DFB, 0x9DFB, 0x9DFB, 0x9DFA, 0x9DFA,   // 0xE8B0 (59568) pixels
0x9DFA, 0x9DFA, 0x9DFA, 0x9DFA, 0x9DFA, 0x9DFA, 0x9DFA, 0x9DFA, 0x9DFA, 0x9DFA, 0x9DFA, 0x9DFA, 0x9DFA, 0x9DFA, 0x9DFA, 0x9DFA,   // 0xE8C0 (59584) pixels
0x9E1A, 0x9E1A, 0x9E1A, 0x9E1A, 0x9E1A, 0x9E1A, 0x9E1A, 0x9E1A, 0x9E1A, 0x9E1A, 0x9E1A, 0x9E1A, 0x9E1A, 0x9E1A, 0x9E1A, 0x9E1A,   // 0xE8D0 (59600) pixels
0x9E1A, 0x9E1A, 0x9E1A, 0x9E1A, 0x9E1A, 0x9E1A, 0x9E1A, 0x9E1A, 0x9E1A, 0x9DFA, 0x9DFA, 0x9DFA, 0x9DFA, 0x9E1A, 0x9E1A, 0x9E1A,   // 0xE8E0 (59616) pixels
0x9E1B, 0x9E1B, 0x9E1B, 0x9E1A, 0x9DFA, 0x9DDA, 0xA5DA, 0xAE1A, 0xC69C, 0xD6FD, 0xE75E, 0xE73D, 0xDEFC, 0xD6BB, 0xCE7B, 0xCE7A,   // 0xE8F0 (59632) pixels
0xC639, 0xBDF8, 0xB5B8, 0xAD77, 0xA557, 0x9D36, 0x9D57, 0x9D57, 0xA599, 0xA5DA, 0xA5FA, 0xA5FA, 0xA5FA, 0x9DFA, 0x9DFA, 0x9DFB,   // 0xE900 (59648) pixels
0x9DFB, 0x9DFB, 0x9DFB, 0x9DFB, 0x9DFB, 0x9DFB, 0x9DFB, 0x9DFB, 0x9DFA, 0x9DFB, 0x9DFB, 0x9DFB, 0x9DFA, 0x9DFA, 0x9DFA, 0x9E1B,   // 0xE910 (59664) pixels
0x9DFA, 0x9E1A, 0x9E1A, 0x9E1A, 0x9E1A, 0x9E1A, 0x9E1A, 0x9E1A, 0x9DFA, 0x9DFA, 0x9DFA, 0x9DFA, 0x9DFA, 0x9DFA, 0x9DFA, 0x9DFA,   // 0xE920 (59680) pixels
0x9E1A, 0x9E1A, 0x9E1A, 0x9E1A, 0x9E1A, 0x9E1A, 0x9E1A, 0x9E1A, 0x9E1A, 0x9E1A, 0x9E1A, 0x9E1A, 0x9E1A, 0x9E1A, 0x9E1A, 0x9E1A,   // 0xE930 (59696) pixels
0x9DFB, 0x9DFB, 0x9DFB, 0x9DFB, 0x9DFB, 0x9DFB, 0x9DFB, 0x9DFB, 0x9DFB, 0x9DFB, 0x9DFB, 0x9DFB, 0x9DFB, 0x9DFB, 0x9DFB, 0x9DFB,   // 0xE940 (59712) pixels
0x9DFB, 0x9DFB, 0x9DFB, 0x9DFB, 0x9DFB, 0x9DFB, 0x9DFB, 0x9DFB, 0x9DFB, 0x9DFB, 0x9DFB, 0x9DFB, 0x9DFB, 0x9DFB, 0x9DFB, 0x9DFB,   // 0xE950 (59728) pixels
0x9DFB, 0x9DFA, 0x9DFA, 0x9DFA, 0x9DFA, 0x9E1B, 0xA61B, 0xA5DB, 0x8CB8, 0x73B4, 0x5AD2, 0x41EF, 0x49EF, 0x41CF, 0x41AE, 0x418E,   // 0xE960 (59744) pixels
0x396E, 0x396E, 0x396E, 0x396E, 0x398E, 0x398E, 0x418E, 0x41AE, 0x49CF, 0x49CF, 0x5230, 0x5A91, 0x6B33, 0x7BF5, 0x8477, 0x9D5A,   // 0xE970 (59760) pixels
0x9DDA, 0x9DFA, 0x9E1B, 0x9E1A, 0x9E1A, 0x961A, 0x961A, 0x95FA, 0x961A, 0x9E1B, 0x9E1B, 0x9DFA, 0xA5FA, 0xA5FA, 0xA5FA, 0xA5D9,   // 0xE980 (59776) pixels
0xA598, 0xA598, 0xA598, 0xA577, 0xA577, 0x9D57, 0x9D57, 0x9D57, 0x9D37, 0x9D57, 0x9D57, 0x9D57, 0x9D57, 0x9D77, 0x9D77, 0x9D78,   // 0xE990 (59792) pixels
0x9D98, 0x9DB9, 0x9DB9, 0x9DD9, 0xA5DA, 0xA5FA, 0xA5FA, 0xA5FA, 0x9DFA, 0x9DFA, 0x9DFA, 0x9DFA, 0x9DFA, 0x9DFA, 0x9E1A, 0x9E1B,   // 0xE9A0 (59808) pixels
0x9DFA, 0x9DFA, 0x9DFA, 0x9DFA, 0x9DFA, 0x9DFA, 0x9DFA, 0x9DFA, 0x9DFA, 0x9DFA, 0x9DFA, 0x9DFA, 0x9DFB, 0x9DFB, 0x9DFB, 0x9DFB,   // 0xE9B0 (59824) pixels
0x9DFB, 0x9DFB, 0x9DFB, 0x9DFB, 0x9DFB, 0x9DFB, 0x9DFB, 0x9DFB, 0x9DFB, 0x9DFB, 0x9DFB, 0x9DFB, 0x9DFB, 0x9DFB, 0x9DFB, 0x9DFB,   // 0xE9C0 (59840) pixels
0x9DFA, 0x9DFA, 0x9DFA, 0x9E1A, 0x9E1A, 0x9DFA, 0xA61A, 0xAE3B, 0xB63B, 0xB65B, 0xBE3B, 0xBE1A, 0xBDF9, 0xBDF9, 0xBDF9, 0xBDD8,   // 0xE9D0 (59856) pixels
0xBDD8, 0xB5D8, 0xB5B8, 0xB5B8, 0xB5B8, 0xB5B8, 0xB598, 0xB5B8, 0xAD97, 0xAD98, 0xAD98, 0xAD97, 0xA577, 0xA577, 0xA577, 0x9D77,   // 0xE9E0 (59872) pixels
0xA5B8, 0xA5D9, 0xA5D9, 0xA5FA, 0xA5FA, 0x9DFA, 0x9DFA, 0x9DFA, 0x9DFB, 0x9DFB, 0x9DFB, 0x9DFB, 0x9DFB, 0x9DFB, 0x9DFA, 0x9DFA,   // 0xE9F0 (59888) pixels
0x9DFA, 0x9DFA, 0x9DFA, 0x9DFA, 0x9DFA, 0x9DFA, 0x9DFA, 0x9DFA, 0x9DFA, 0x9DFA, 0x9DFA, 0x9DFA, 0x9DFA, 0x9DFA, 0x9DFA, 0x9DFA,   // 0xEA00 (59904) pixels
0x9E1A, 0x9E1A, 0x9E1A, 0x9E1A, 0x9E1A, 0x9E1A, 0x9E1A, 0x9E1A, 0x9E1A, 0x9E1A, 0x9E1A, 0x9E1A, 0x9E1A, 0x9E1A, 0x9E1A, 0x9E1A,   // 0xEA10 (59920) pixels
0x9E1A, 0x9E1A, 0x9E1A, 0x9E1A, 0x9E1A, 0x9E1A, 0x9E1A, 0x9E1A, 0x9E1A, 0x9DFA, 0x9DFA, 0x9DFA, 0x9E1A, 0x9E1A, 0x9E1A, 0x9DFA,   // 0xEA20 (59936) pixels
0x9E1A, 0x9E1A, 0x9E1A, 0x9DFA, 0x9DFA, 0x9DFA, 0xA5FA, 0xB65B, 0xCEFD, 0xDF3E, 0xE73E, 0xE71D, 0xDEDC, 0xD69B, 0xCE5A, 0xC63A,   // 0xEA30 (59952) pixels
0xBE19, 0xB5D8, 0xAD97, 0xA577, 0x9D56, 0x9D57, 0x9D57, 0x9D78, 0xA5B9, 0xA5FA, 0xA61B, 0xA61B, 0xA5FB, 0x9DFA, 0x9DFA, 0x9DFA,   // 0xEA40 (59968) pixels
0x9DFB, 0x9DFB, 0x9DFB, 0x9DFB, 0x9DFB, 0x9DFB, 0x9DFB, 0x9DFB, 0x9DFA, 0x9DFB, 0x9DFB, 0x9DFB, 0x9DFA, 0x9DFA, 0x9DFA, 0x9E1B,   // 0xEA50 (59984) pixels
0x9E1A, 0x9E1A, 0x9E1A, 0x9E1A, 0x9E1A, 0x9E1A, 0x9E1A, 0x9E1A, 0x9DFA, 0x9DFA, 0x9DFA, 0x9DFA, 0x9DFA, 0x9DFA, 0x9DFA, 0x9DFA,   // 0xEA60 (60000) pixels
0x9E1A, 0x9E1A, 0x9E1A, 0x9E1A, 0x9E1A, 0x9E1A, 0x9E1A, 0x9E1A, 0x9E1A, 0x9E1A, 0x9E1A, 0x9E1A, 0x9E1A, 0x9E1A, 0x9E1A, 0x9E1A,   // 0xEA70 (60016) pixels
0x9DFB, 0x9DFB, 0x9DFB, 0x9DFB, 0x9DFB, 0x9DFB, 0x9DFB, 0x9DFB, 0x9DFB, 0x9DFB, 0x9DFB, 0x9DFB, 0x9DFB, 0x9DFB, 0x9DFB, 0x9DFB,   // 0xEA80 (60032) pixels
0x9E1B, 0x9E1B, 0x9E1B, 0x9E1B, 0x9E1B, 0x9E1B, 0x9E1B, 0x9E1B, 0x9DFB, 0x9DFB, 0x9DFB, 0x9DFB, 0x9DFB, 0x9DFB, 0x9DFB, 0x9DFB,   // 0xEA90 (60048) pixels
0x9E1B, 0x9DFA, 0x9DFA, 0x9DFA, 0x9DFA, 0x9E1B, 0xA61B, 0xA5DB, 0x94F9, 0x73D5, 0x5AF2, 0x41EF, 0x49EF, 0x41CF, 0x41AF, 0x41AE,   // 0xEAA0 (60064) pixels
0x398E, 0x398E, 0x396E, 0x396E, 0x398E, 0x398E, 0x418E, 0x41AE, 0x41AF, 0x49CF, 0x5230, 0x5A71, 0x6B13, 0x7BD5, 0x8457, 0x9D3A,   // 0xEAB0 (60080) pixels
0x9DBA, 0x9DFA, 0x9DFA, 0x9DFA, 0x9DFA, 0x9DFA, 0x961A, 0x95FA, 0x9E1B, 0x9E1B, 0x9E1A, 0x9DFA, 0x9DFA, 0xA5FA, 0xA5FA, 0xA5D9,   // 0xEAC0 (60096) pixels
0xA5D9, 0xA5D8, 0xA5B8, 0xA5B8, 0xA598, 0xA598, 0x9D77, 0x9D77, 0xA577, 0x9D78, 0x9D78, 0x9D98, 0xA598, 0xA598, 0xA5B8, 0xA5D9,   // 0xEAD0 (60112) pixels
0xA5FA, 0xA5FA, 0xA5FA, 0xA5FA, 0xA5FA, 0xA5FA, 0xA5FA, 0x9DFA, 0x9DFA, 0x9DFA, 0x9DFA, 0x9DFA, 0x9DFA, 0x9DFA, 0x9E1A, 0x9E1A,   // 0xEAE0 (60128) pixels
0x9DFA, 0x9DFA, 0x9DFA, 0x9DFA, 0x9DFA, 0x9DFA, 0x9DFA, 0x9DFA, 0x9DFA, 0x9DFA, 0x9DFA, 0x9DFB, 0x9DFB, 0x9DFB, 0x9DFB, 0x9DFB,   // 0xEAF0 (60144) pixels
0x9DFB, 0x9DFB, 0x9DFB, 0x9DFB, 0x9DFB, 0x9DFB, 0x9DFB, 0x9DFB, 0x9DFB, 0x9DFB, 0x9DFB, 0x9DFB, 0x9DFB, 0x9DFB, 0x9DFB, 0x9DFB,   // 0xEB00 (60160) pixels
0x9DFA, 0x9DFA, 0x9DFA, 0x9E1A, 0x9E1A, 0x9E1A, 0x9E1A, 0xA63B, 0xAE1B, 0xB63B, 0xBE3B, 0xBE1A, 0xBDF9, 0xBDF9, 0xBDF9, 0xB5D8,   // 0xEB10 (60176) pixels
0xBDD9, 0xB5D8, 0xB5B8, 0xAD97, 0xAD77, 0xAD77, 0xAD77, 0xAD77, 0xAD77, 0xAD98, 0xADB8, 0xAD98, 0xA598, 0xA597, 0xA597, 0xA597,   // 0xEB20 (60192) pixels
0xA5D8, 0xA5D9, 0xA5F9, 0xA5FA, 0x9DFA, 0x9DFA, 0x9DFA, 0x9DFA, 0x9DFB, 0x9DFB, 0x9DFB, 0x9DFB, 0x9DFB, 0x9DFB, 0x9DFA, 0x9DFA,   // 0xEB30 (60208) pixels
0x9DFA, 0x9DFA, 0x9DFA, 0x9DFA, 0x9DFA, 0x9DFA, 0x9DFA, 0x9DFA, 0x9DFA, 0x9DFA, 0x9DFA, 0x9DFA, 0x9DFA, 0x9DFA, 0x9DFA, 0x9DFA,   // 0xEB40 (60224) pixels
0x9E1A, 0x9E1A, 0x9E1A, 0x9E1A, 0x9E1A, 0x9E1A, 0x9E1A, 0x9E1A, 0x9E1A, 0x9E1A, 0x9E1A, 0x9E1A, 0x9E1A, 0x9E1A, 0x9E1A, 0x9E1A,   // 0xEB50 (60240) pixels
0x9E1A, 0x9E1A, 0x9E1A, 0x9E1A, 0x9E1A, 0x9E1A, 0x9E1A, 0x9E1A, 0x9E1A, 0x9DFA, 0x9DFA, 0x9DFA, 0x9E1A, 0x9E1A, 0x9DFA, 0x9DFA,   // 0xEB60 (60256) pixels
0x9DFA, 0x9E1A, 0x9DFA, 0x9DFA, 0x9E1A, 0x9E1A, 0xAE3B, 0xBE9C, 0xD71E, 0xDF3D, 0xDF1D, 0xDEFC, 0xD6BC, 0xD69B, 0xC63A, 0xBE19,   // 0xEB70 (60272) pixels
0xBDF9, 0xB5D8, 0xAD97, 0xA577, 0x9D57, 0x9D57, 0x9D77, 0x9D98, 0xA5D9, 0xA5FA, 0xA5FA, 0x9DFA, 0x9DFA, 0x9DFA, 0x9DFA, 0x9DFA,   // 0xEB80 (60288) pixels
0x9DFB, 0x9DFB, 0x9DFB, 0x9DFB, 0x9DFB, 0x9DFA, 0x9DFA, 0x9DFA, 0x9DFA, 0x9DFB, 0x9DFA, 0x9DFA, 0x9DFA, 0x9DFA, 0x9DFA, 0x9E1B,   // 0xEB90 (60304) pixels
0x9E1A, 0x9E1A, 0x9E1A, 0x9E1A, 0x9E1A, 0x9E1A, 0x9E1A, 0x9E1A, 0x9E1A, 0x9E1A, 0x9DFA, 0x9DFA, 0x9DFA, 0x9DFA, 0x9DFA, 0x9DFA,   // 0xEBA0 (60320) pixels
0x9E1A, 0x9E1A, 0x9E1A, 0x9E1A, 0x9E1A, 0x9E1A, 0x9E1A, 0x9E1A, 0x9E1A, 0x9E1A, 0x9E1A, 0x9E1A, 0x9E1A, 0x9E1A, 0x9E1A, 0x9E1A,   // 0xEBB0 (60336) pixels
0x9DFB, 0x9DFB, 0x9DFB, 0x9DFB, 0x9DFB, 0x9DFB, 0x9DFB, 0x9DFB, 0x9DFB, 0x9DFB, 0x9DFB, 0x9DFB, 0x9DFB, 0x9DFB, 0x9DFB, 0x9DFB,   // 0xEBC0 (60352) pixels
0x9E1B, 0x9E1B, 0x9E1B, 0x9E1B, 0x9E1B, 0x9E1B, 0x9E1B, 0x9E1B, 0x9DFA, 0x9DFA, 0x9DFA, 0x9DFA, 0x9DFA, 0x9DFA, 0x9DFA, 0x9DFA,   // 0xEBD0 (60368) pixels
0x9E1B, 0x9DFA, 0x9DFA, 0x9E1A, 0x9DFA, 0x9E1B, 0xA61B, 0xA5FB, 0x9519, 0x73F5, 0x62F3, 0x41EF, 0x41EF, 0x49EF, 0x49CF, 0x41CF,   // 0xEBE0 (60384) pixels
0x41AE, 0x398E, 0x398E, 0x396E, 0x398E, 0x398E, 0x418E, 0x418E, 0x41AE, 0x41AE, 0x4A0F, 0x5271, 0x6313, 0x73B5, 0x8457, 0x9D3A,   // 0xEBF0 (60400) pixels
0x9DBA, 0x9DDA, 0xA5FB, 0x9DFB, 0x9DFB, 0x9DFB, 0x9DFB, 0x9DFB, 0x9DFA, 0x9DFA, 0x9DFA, 0x9DDA, 0xA5FA, 0xA5FA, 0xA5FA, 0xA5FA,   // 0xEC00 (60416) pixels
0xA5D9, 0xA5D9, 0xA5D9, 0xA5D9, 0xA5B9, 0xA5B8, 0xA5B8, 0xA598, 0xA5B9, 0xA5B9, 0xA5B9, 0xA5B9, 0xA5B9, 0xA5D9, 0xADD9, 0xA5F9,   // 0xEC10 (60432) pixels
0xA5FA, 0xA61A, 0xA61A, 0xA61A, 0xA61A, 0x9E1A, 0x9DFA, 0x9DFA, 0x9DFA, 0x9DFA, 0x9DFA, 0x9DFA, 0x9DFA, 0x9DFA, 0x9DFA, 0x9DFA,   // 0xEC20 (60448) pixels
0x9DFA, 0x9DFA, 0x9DFA, 0x9DFA, 0x9DFA, 0x9DFA, 0x9DFB, 0x9DFB, 0x9DFB, 0x9DFB, 0x9DFB, 0x9DFB, 0x9DFB, 0x9DFB, 0x9DFB, 0x9DFB,   // 0xEC30 (60464) pixels
0x9DFB, 0x9DFB, 0x9DFB, 0x9DFB, 0x9DFB, 0x9DFB, 0x9DFB, 0x9DFB, 0x9DFB, 0x9DFB, 0x9DFB, 0x9DFB, 0x9DFB, 0x9DFB, 0x9DFB, 0x9DFB,   // 0xEC40 (60480) pixels
0x9DFA, 0x9DFA, 0x9E1A, 0x9E1A, 0x9E1A, 0x9E1A, 0x9E1A, 0xA61A, 0xAE1B, 0xB63B, 0xBE3B, 0xBE3A, 0xBE1A, 0xBE19, 0xBDF9, 0xB5D8,   // 0xEC50 (60496) pixels
0xB5D8, 0xB5B8, 0xAD97, 0xA557, 0xA536, 0x9D16, 0x9D16, 0x9D16, 0xA557, 0xA577, 0xAD98, 0xADB8, 0xA5B8, 0xA5B8, 0xA5B8, 0xA5B8,   // 0xEC60 (60512) pixels
0xA5D9, 0xA5F9, 0xA5F9, 0xA5FA, 0x9DFA, 0x9DFA, 0x9DFA, 0x9DFA, 0x9DFB, 0x9DFB, 0x9DFB, 0x9DFB, 0x9DFB, 0x9DFB, 0x9DFA, 0x9DFA,   // 0xEC70 (60528) pixels
0x9DFA, 0x9DFA, 0x9DFA, 0x9DFA, 0x9DFA, 0x9DFA, 0x9DFA, 0x9DFA, 0x9DFA, 0x9DFA, 0x9DFA, 0x9DFA, 0x9DFA, 0x9DFA, 0x9DFA, 0x9DFA,   // 0xEC80 (60544) pixels
0x9E1A, 0x9E1A, 0x9E1A, 0x9E1A, 0x9E1A, 0x9E1A, 0x9E1A, 0x9E1A, 0x9E1A, 0x9E1A, 0x9E1A, 0x9E1A, 0x9E1A, 0x9E1A, 0x9E1A, 0x9E1A,   // 0xEC90 (60560) pixels
0x9E1A, 0x9E1A, 0x9E1A, 0x9E1A, 0x9E1A, 0x9E1A, 0x9E1A, 0x9E1A, 0x9E1A, 0x9DFA, 0x9DFA, 0x9E1A, 0x9E1A, 0x9E1A, 0x9DFA, 0x9DFA,   // 0xECA0 (60576) pixels
0x9E1A, 0x9E1A, 0x9DF9, 0x9E1A, 0x9E1A, 0xA61A, 0xAE5B, 0xBE9C, 0xD73E, 0xD6FD, 0xD6DC, 0xD6BB, 0xD69B, 0xCE7B, 0xC63A, 0xBDF9,   // 0xECB0 (60592) pixels
0xB5F9, 0xADB8, 0xA597, 0xA577, 0x9D57, 0x9D77, 0xA598, 0xA5D9, 0xA5DA, 0xA5FA, 0x9DDA, 0x9DDA, 0x95DA, 0x9DFA, 0x9E1A, 0x9E1A,   // 0xECC0 (60608) pixels
0x9DFA, 0x9DFB, 0x9DFB, 0x9DFB, 0x9DFB, 0x9DFB, 0x9DFA, 0x9DDA, 0x9DFA, 0x9DFB, 0x9DFA, 0x9DFA, 0x9DFA, 0x9DFA, 0x9DFA, 0x9E1B,   // 0xECD0 (60624) pixels
0x9E1A, 0x9E1A, 0x9E1A, 0x9E1A, 0x9E1A, 0x9E1A, 0x9E1A, 0x9E1A, 0x9E1A, 0x9E1A, 0x9DFA, 0x9DFA, 0x9DFA, 0x9DFA, 0x9DFA, 0x9DFA,   // 0xECE0 (60640) pixels
0x9E1A, 0x9E1A, 0x9E1A, 0x9E1A, 0x9E1A, 0x9E1A, 0x9E1A, 0x9E1A, 0x9E1A, 0x9E1A, 0x9E1A, 0x9E1A, 0x9E1A, 0x9E1A, 0x9E1A, 0x9E1A,   // 0xECF0 (60656) pixels
0x9DFB, 0x9DFB, 0x9DFB, 0x9DFB, 0x9DFB, 0x9DFB, 0x9DFB, 0x9DFB, 0x9DFB, 0x9DFB, 0x9DFB, 0x9DFB, 0x9DFB, 0x9DFB, 0x9DFB, 0x9DFB,   // 0xED00 (60672) pixels
0x9E1B, 0x9E1B, 0x9E1B, 0x9E1B, 0x9E1B, 0x9E1B, 0x9E1B, 0x9E1B, 0x9DFA, 0x9DFA, 0x9DFA, 0x9DFA, 0x9DFA, 0x9DFA, 0x9DFA, 0x9DFA,   // 0xED10 (60688) pixels
0x9DFB, 0x9DFA, 0x9E1A, 0x9E1A, 0x9DFA, 0x9E1B, 0xA61B, 0xA5FB, 0x9539, 0x7C16, 0x6313, 0x41EF, 0x41EF, 0x49EF, 0x49EF, 0x49CF,   // 0xED20 (60704) pixels
0x41CF, 0x41AE, 0x398E, 0x398E, 0x398E, 0x398E, 0x398E, 0x396E, 0x418E, 0x41AE, 0x49EF, 0x5250, 0x62F2, 0x73B5, 0x8457, 0x9D1A,   // 0xED30 (60720) pixels
0xA5BB, 0xA5FB, 0xA61B, 0xA61B, 0xA5FB, 0xA5FB, 0xA61B, 0xA61B, 0xA5FB, 0xA5FB, 0xA5FA, 0xA5DA, 0xA5DA, 0x9DD9, 0x9DD9, 0xA5D9,   // 0xED40 (60736) pixels
0xA5D9, 0xA5D9, 0xA5D9, 0xA5D9, 0xADD9, 0xADF9, 0xADD9, 0xADD9, 0xADD9, 0xADD9, 0xADD9, 0xA5D9, 0xA5D9, 0xA5D9, 0xA5F9, 0xA5F9,   // 0xED50 (60752) pixels
0xA5FA, 0x9DFA, 0xA5FA, 0x9E1A, 0x9E1A, 0x9E1A, 0x9DFA, 0x9DFA, 0x9DFA, 0x9DFA, 0x9DFA, 0x9E1A, 0x9E1B, 0x9E1B, 0x9DFA, 0x9DFA,   // 0xED60 (60768) pixels
0x9DFA, 0x9DFA, 0x9DFA, 0x9DFA, 0x9DFA, 0x9DFA, 0x9DFB, 0x9DFB, 0x9DFB, 0x9DFB, 0x9DFB, 0x9DFB, 0x9DFB, 0x9DFB, 0x9DFB, 0x9DFB,   // 0xED70 (60784) pixels
0x9DFB, 0x9DFB, 0x9DFB, 0x9DFB, 0x9DFB, 0x9DFB, 0x9DFB, 0x9DFB, 0x9DFB, 0x9DFB, 0x9DFB, 0x9DFB, 0x9DFB, 0x9DFB, 0x9DFB, 0x9DFB,   // 0xED80 (60800) pixels
0x9DFA, 0x9E1A, 0x9E1A, 0x9E1A, 0x9E1A, 0x9E1A, 0x9E1A, 0x9DFA, 0xAE1A, 0xB61A, 0xB63A, 0xBE1A, 0xBE1A, 0xBE19, 0xBE19, 0xBDF9,   // 0xED90 (60816) pixels
0xB5B8, 0xB5B8, 0xAD98, 0xA557, 0x9D36, 0x9CF5, 0x94D5, 0x94D5, 0x9D16, 0xA557, 0xAD98, 0xADD9, 0xADD9, 0xADD8, 0xADD8, 0xA5D9,   // 0xEDA0 (60832) pixels
0xA5F9, 0xA5F9, 0xA5F9, 0xA5FA, 0x9DFA, 0x9DFA, 0x9DFA, 0x9DFA, 0x9DFB, 0x9DFB, 0x9DFB, 0x9DFB, 0x9DFB, 0x9DFB, 0x9DFB, 0x9DFB,   // 0xEDB0 (60848) pixels
0x9DFA, 0x9DFA, 0x9DFA, 0x9DFA, 0x9DFA, 0x9DFA, 0x9DFA, 0x9DFA, 0x9DFA, 0x9DFA, 0x9DFA, 0x9DFA, 0x9DFA, 0x9DFA, 0x9DFA, 0x9DFA,   // 0xEDC0 (60864) pixels
0x9E1A, 0x9E1A, 0x9E1A, 0x9E1A, 0x9E1A, 0x9E1A, 0x9E1A, 0x9E1A, 0x9E1A, 0x9E1A, 0x9E1A, 0x9E1A, 0x9E1A, 0x9E1A, 0x9E1A, 0x9E1A,   // 0xEDD0 (60880) pixels
0x9E1A, 0x9E1A, 0x9E1A, 0x9E1A, 0x9E1A, 0x9E1A, 0x9E1A, 0x9E1A, 0x9E1A, 0x9E1A, 0x9DFA, 0x9E1A, 0x9E1B, 0x9E1A, 0x9DFA, 0x9DFA,   // 0xEDE0 (60896) pixels
0x9E1A, 0x9E19, 0x9E19, 0x9E19, 0x9E1A, 0xA61A, 0xAE3A, 0xBE9B, 0xCEBC, 0xC69B, 0xC65A, 0xC63A, 0xC619, 0xBDF9, 0xBDD8, 0xB5D8,   // 0xEDF0 (60912) pixels
0xADB8, 0xAD97, 0xA577, 0x9D57, 0x9D57, 0x9D78, 0xA5B9, 0xA5FA, 0xA5FA, 0x9DFA, 0x9DDA, 0x95DA, 0x9DFA, 0x9E1A, 0x9E1A, 0x9DFA,   // 0xEE00 (60928) pixels
0x9DFA, 0x9DFA, 0x9DFA, 0x9DFA, 0x9DFA, 0x9DFA, 0x9DFA, 0x9DDA, 0x9DFA, 0x9DFA, 0x9DFA, 0x9DFA, 0x9DFA, 0x9DFA, 0x9E1A, 0x9E1B,   // 0xEE10 (60944) pixels
0x9E1A, 0x9E1A, 0x9E1A, 0x9E1A, 0x9E1A, 0x9E1A, 0x9E1A, 0x9E1A, 0x9E1A, 0x9E1A, 0x9DFA, 0x9DFA, 0x9DFA, 0x9DFA, 0x9DFA, 0x9DFA,   // 0xEE20 (60960) pixels
0x9E1A, 0x9E1A, 0x9E1A, 0x9E1A, 0x9E1A, 0x9E1A, 0x9E1A, 0x9E1A, 0x9E1A, 0x9E1A, 0x9E1A, 0x9E1A, 0x9E1A, 0x9E1A, 0x9E1A, 0x9E1A,   // 0xEE30 (60976) pixels
0x9DFB, 0x9DFB, 0x9DFB, 0x9DFB, 0x9DFB, 0x9DFB, 0x9DFB, 0x9DFB, 0x9DFB, 0x9DFB, 0x9DFB, 0x9DFB, 0x9DFB, 0x9DFB, 0x9DFB, 0x9DFB,   // 0xEE40 (60992) pixels
0x9E1A, 0x9E1A, 0x9E1A, 0x9E1A, 0x9E1A, 0x9E1A, 0x9DFA, 0x9DFA, 0x9E1B, 0x9E1B, 0x9DFA, 0x9DFA, 0x9DFA, 0x9DFA, 0x9DFA, 0x9DFA,   // 0xEE50 (61008) pixels
0x9DFA, 0x9DFA, 0x9E1A, 0x9E1A, 0x95FA, 0x9E1B, 0xA61B, 0xA5FB, 0x953A, 0x7C36, 0x6334, 0x420F, 0x41EF, 0x49F0, 0x49F0, 0x49EF,   // 0xEE60 (61024) pixels
0x41CF, 0x41AF, 0x398E, 0x398E, 0x398E, 0x398E, 0x396D, 0x396D, 0x396D, 0x418E, 0x49EF, 0x5230, 0x62D2, 0x7395, 0x8437, 0x9519,   // 0xEE70 (61040) pixels
0x9D9B, 0x9DDB, 0xA5FB, 0xA5DB, 0x9DDA, 0x9DDA, 0xA5DB, 0xA5DB, 0xA5DB, 0xA5DA, 0xA5DA, 0xA5DA, 0xA5DA, 0xA5DA, 0x9DD9, 0xA5D9,   // 0xEE80 (61056) pixels
0xA5F9, 0xA5F9, 0xA5F9, 0xADFA, 0xADFA, 0xADFA, 0xADFA, 0xAE1A, 0xADFA, 0xADFA, 0xADFA, 0xADFA, 0xA5FA, 0xA5DA, 0xA5FA, 0xA5FA,   // 0xEE90 (61072) pixels
0x9DF9, 0x9E1A, 0x9DFA, 0x9E1A, 0x9E1A, 0x9E1A, 0x9E1A, 0x9E1A, 0x9DFA, 0x9DFA, 0x9DFA, 0x9DFB, 0x9DFB, 0x9DFB, 0x9DFA, 0x9DFA,   // 0xEEA0 (61088) pixels
0x9DFA, 0x9DFA, 0x9DFB, 0x9DFB, 0x9DFB, 0x9DFB, 0x9DFB, 0x9DFB, 0x9DFB, 0x9DFB, 0x9DFB, 0x9DFB, 0x9DFB, 0x9DFB, 0x9DFB, 0x9DFB,   // 0xEEB0 (61104) pixels
0x9DFB, 0x9E1B, 0x9DFB, 0x9DFB, 0x9DFB, 0x9DFB, 0x9DFB, 0x9DFB, 0x9DFB, 0x9DFB, 0x9DFB, 0x9DFB, 0x9DFB, 0x9DFB, 0x9DFB, 0x9DFB,   // 0xEEC0 (61120) pixels
0x9DFA, 0x9E1A, 0x9E1A, 0x9E1A, 0x9E1A, 0x9E1A, 0x9E1A, 0x9DFA, 0xA5FA, 0xA61A, 0xAE1A, 0xB61A, 0xB61A, 0xBE1A, 0xBE1A, 0xBE19,   // 0xEED0 (61136) pixels
0xC63A, 0xC63A, 0xC61A, 0xBDF9, 0xADB8, 0xA577, 0xA536, 0x9D36, 0x9D36, 0xA577, 0xADB8, 0xADF9, 0xADF9, 0xADF9, 0xADF9, 0xA5F9,   // 0xEEE0 (61152) pixels
0xA5F9, 0xA5F9, 0xA5FA, 0x9DFA, 0x9DFA, 0x9DFA, 0x9DFA, 0x9DFA, 0x9DFB, 0x9DFB, 0x9DFB, 0x9DFB, 0x9DFB, 0x9DFB, 0x9DFB, 0x9DFB,   // 0xEEF0 (61168) pixels
0x9DFA, 0x9DFA, 0x9DFA, 0x9DFA, 0x9DFA, 0x9DFA, 0x9DFA, 0x9DFA, 0x9DFA, 0x9DFA, 0x9DFA, 0x9DFA, 0x9DFA, 0x9DFA, 0x9DFA, 0x9DFA,   // 0xEF00 (61184) pixels
0x9DFA, 0x9E1A, 0x9E1A, 0x9E1A, 0x9E1A, 0x9E1A, 0x9E1A, 0x9E1A, 0x9E1A, 0x9E1A, 0x9E1A, 0x9E1A, 0x9E1A, 0x9E1A, 0x9E1A, 0x9E1A,   // 0xEF10 (61200) pixels
0x9E1A, 0x9E1A, 0x9E1A, 0x9E1A, 0x9E1A, 0x9E1A, 0x9E1A, 0x9E1A, 0x9E1A, 0x9E1A, 0x9E1A, 0x9E1A, 0x9E1B, 0x9E1A, 0x9DFA, 0x95FA,   // 0xEF20 (61216) pixels
0x9E1A, 0x9E19, 0x95F9, 0x9E19, 0x9E1A, 0xA61A, 0xAE1A, 0xB67B, 0xB63A, 0xB619, 0xB5D8, 0xB5B8, 0xB597, 0xAD77, 0xAD77, 0xAD77,   // 0xEF30 (61232) pixels
0xA577, 0xA577, 0x9D56, 0x9D56, 0x9D57, 0x9D98, 0xA5B9, 0xA5FA, 0xA5FA, 0x9DFA, 0x9DFA, 0x9DFA, 0x9DFA, 0x9E1A, 0x9E1B, 0x9DFA,   // 0xEF40 (61248) pixels
0x9DFA, 0x9DFA, 0x9DFA, 0x9DFA, 0x9DFA, 0x9DFA, 0x9DFA, 0x9DFA, 0x9DFA, 0x9DFA, 0x9DFA, 0x9DFA, 0x9DFA, 0x9DFA, 0x9E1A, 0x9E1B,   // 0xEF50 (61264) pixels
0x9E1A, 0x9E1A, 0x9E1A, 0x9E1A, 0x9E1A, 0x9E1A, 0x9E1A, 0x9E1A, 0x9E1A, 0x9E1A, 0x9DFA, 0x9DFA, 0x9DFA, 0x9DFA, 0x9DFA, 0x9DFA,   // 0xEF60 (61280) pixels
0x9E1A, 0x9E1A, 0x9E1A, 0x9E1A, 0x9E1A, 0x9E1A, 0x9E1A, 0x9E1A, 0x9E1A, 0x9E1A, 0x9E1A, 0x9E1A, 0x9E1A, 0x9E1A, 0x9E1A, 0x9E1A,   // 0xEF70 (61296) pixels
0x9DFB, 0x9DFB, 0x9DFB, 0x9DFB, 0x9DFB, 0x9DFB, 0x9DFB, 0x9DFB, 0x9DFB, 0x9DFB, 0x9DFB, 0x9DFB, 0x9DFB, 0x9DFB, 0x9DFB, 0x9DFB,   // 0xEF80 (61312) pixels
0x9E1A, 0x9E1A, 0x9E1A, 0x9E1A, 0x9E1A, 0x9E1A, 0x9DFA, 0x9DFA, 0x9E1B, 0x9E1B, 0x9DFA, 0x9DFA, 0x9DFA, 0x9DFA, 0x9DFA, 0x9DFA,   // 0xEF90 (61328) pixels
0x9DFA, 0x9DFA, 0x9DFA, 0x9E1A, 0x9DFA, 0x9E1B, 0xA61B, 0xA5DB, 0x9D5A, 0x7C57, 0x6B54, 0x4A0F, 0x4A0F, 0x4A10, 0x49F0, 0x49CF,   // 0xEFA0 (61344) pixels
0x49EF, 0x41CF, 0x41AE, 0x398E, 0x398E, 0x398E, 0x396D, 0x394D, 0x416D, 0x416D, 0x49CF, 0x5230, 0x62B2, 0x7374, 0x83F7, 0x94D9,   // 0xEFB0 (61360) pixels
0x9D3A, 0x9D5A, 0x9D7A, 0x9D5A, 0x9D59, 0x9D59, 0x9D7A, 0x9D79, 0xA59A, 0xA59A, 0xA5BA, 0xA5DA, 0xADFA, 0xADFA, 0xAE1A, 0xAE1A,   // 0xEFC0 (61376) pixels
0xAE1A, 0xAE1A, 0xAE1A, 0xAE1A, 0xAE1A, 0xAE1A, 0xAE1A, 0xB61A, 0xB61A, 0xB61A, 0xADFA, 0xADFA, 0xADFA, 0xADD9, 0xADD9, 0xA5F9,   // 0xEFD0 (61392) pixels
0xA5F9, 0xA619, 0x9E1A, 0x9E1A, 0x9E1A, 0x9DFA, 0x9DFA, 0x9DFA, 0x9DFA, 0x9DFA, 0x9DFA, 0x9DFA, 0x9DFA, 0x9DFB, 0x9DFB, 0x9DFB,   // 0xEFE0 (61408) pixels
0x9DFA, 0x9DFA, 0x9DFB, 0x9DFB, 0x9DFB, 0x9DFB, 0x9DFB, 0x9DFB, 0x9DFB, 0x9DFB, 0x9DFB, 0x9DFB, 0x9DFB, 0x9DFB, 0x9DFB, 0x9DFB,   // 0xEFF0 (61424) pixels
0x9E1B, 0x9E1B, 0x9DFB, 0x9DFB, 0x9DFB, 0x9DFB, 0x9DFB, 0x9DFB, 0x9DFB, 0x9DFB, 0x9DFB, 0x9DFB, 0x9DFB, 0x9DFB, 0x9DFB, 0x9DFB,   // 0xF000 (61440) pixels
0x9E1B, 0x9E1B, 0x9E1B, 0x9E1B, 0x9E1A, 0x9E1A, 0x9E1A, 0x9E1B, 0x9DFB, 0x9DFA, 0xA5FA, 0xAE1A, 0xADFA, 0xADF9, 0xB61A, 0xC63B,   // 0xF010 (61456) pixels
0xCE7C, 0xD67C, 0xCE7B, 0xC63B, 0xBDF9, 0xADB8, 0xA597, 0xA597, 0xA598, 0xA598, 0xA5D8, 0xA5F9, 0xADF9, 0xADF9, 0xA5F9, 0xA5F9,   // 0xF020 (61472) pixels
0xA5FA, 0x9E1A, 0x9E1A, 0x9E1A, 0x9E1A, 0x9E1A, 0x9E1A, 0x9E1A, 0x9DFA, 0x9DFA, 0x9DFA, 0x9DFA, 0x9DFB, 0x9DFB, 0x9DFB, 0x9DFB,   // 0xF030 (61488) pixels
0x9DFA, 0x9DFA, 0x9DFA, 0x9DFA, 0x9DFA, 0x9DFA, 0x9DFA, 0x9DFA, 0x9DFA, 0x9DFA, 0x9DFA, 0x9DFB, 0x9DFB, 0x9DFB, 0x9DFA, 0x9DFA,   // 0xF040 (61504) pixels
0x9DFA, 0x9DFA, 0x9DFA, 0x9DFA, 0x9DFA, 0x9DFA, 0x9DFA, 0x9DFA, 0x9DFA, 0x9DFA, 0x9DFA, 0x9DFA, 0x9DFA, 0x9DFA, 0x9DFA, 0x9E1A,   // 0xF050 (61520) pixels
0x9E1A, 0x9E1A, 0x9E1A, 0x9E1A, 0x9DFB, 0x9DFB, 0x9DFB, 0x9DFB, 0x9DFB, 0x9DFB, 0x9E1A, 0x9E1A, 0x9E1A, 0x9DFA, 0x95FA, 0x95FA,   // 0xF060 (61536) pixels
0x9E1A, 0x9E1A, 0x95F9, 0x9DF9, 0x9E3A, 0x9E19, 0xA5F9, 0xAE5A, 0xB63A, 0xBE5A, 0xBE3A, 0xBDF9, 0xB5B8, 0xA556, 0xA535, 0x9D15,   // 0xF070 (61552) pixels
0x9D36, 0x9536, 0x9536, 0x9557, 0x9577, 0x9DB8, 0x9DD9, 0x9DD9, 0x9DFA, 0x9DFA, 0x9DFA, 0x9E1B, 0x9E1B, 0x9DFB, 0x9DFB, 0x9DFA,   // 0xF080 (61568) pixels
0x9DFA, 0x9DFA, 0x9DFA, 0x9DFA, 0x9DFA, 0x9DFA, 0x9DFA, 0x9DFA, 0x9DFA, 0x9DFA, 0x9DFA, 0x9DFA, 0x9DFA, 0x9DFA, 0x9DFA, 0x9DFA,   // 0xF090 (61584) pixels
0x9DFA, 0x9E1A, 0x9E1A, 0x9E1A, 0x9E1A, 0x9E1A, 0x9E1A, 0x9E1A, 0x9E1A, 0x9E1A, 0x9E1A, 0x9DFA, 0x9DFA, 0x9DFA, 0x9DFA, 0x9DFA,   // 0xF0A0 (61600) pixels
0x9DFA, 0x9DFA, 0x9DFA, 0x9DFA, 0x9DFA, 0x9DFA, 0x9DFA, 0x9DFA, 0x9DFA, 0x9DFA, 0x9DFA, 0x9DFA, 0x9DFA, 0x9DFA, 0x9DFA, 0x9DFA,   // 0xF0B0 (61616) pixels
0x9DFA, 0x9DFA, 0x9DFA, 0x9DFA, 0x9DFA, 0x9DFA, 0x9DFA, 0x9DFA, 0x9DFA, 0x9DFA, 0x9DFA, 0x9DFA, 0x9DFA, 0x9DFA, 0x9DFA, 0x9DFA,   // 0xF0C0 (61632) pixels
0x9DFA, 0x9DFA, 0x9DFA, 0x9DFA, 0x9DFA, 0x9DFA, 0x9DFA, 0x9DFA, 0x9DFA, 0x9DFA, 0x9DFA, 0x9DFA, 0x9DFA, 0x9DFA, 0x9DFA, 0x9DFA,   // 0xF0D0 (61648) pixels
0x9DFA, 0x9DFA, 0x9E1B, 0x9E1B, 0x95DA, 0x9DFB, 0xA61C, 0xA5DC, 0x9D7A, 0x8C97, 0x6B53, 0x5250, 0x49EF, 0x49EF, 0x49EF, 0x49AF,   // 0xF0E0 (61664) pixels
0x49CF, 0x49CF, 0x41AE, 0x418E, 0x418E, 0x418E, 0x396E, 0x416D, 0x416E, 0x418E, 0x49EF, 0x5230, 0x6291, 0x6AF3, 0x7354, 0x7B95,   // 0xF0F0 (61680) pixels
0x8417, 0x8437, 0x8437, 0x8C57, 0x8C57, 0x8C57, 0x8C77, 0x8C77, 0x8CB7, 0x9D59, 0xADBA, 0xADB9, 0xADF9, 0xB61A, 0xB5F9, 0xB5F9,   // 0xF100 (61696) pixels
0xB5F9, 0xB5F9, 0xADF9, 0xADF9, 0xADF9, 0xB5D9, 0xB5D9, 0xADD9, 0xB5F9, 0xB5D9, 0xB5D9, 0xB5F9, 0xB5F9, 0xB5F9, 0xADF9, 0xADF9,   // 0xF110 (61712) pixels
0xA5F9, 0xA5F9, 0xA61A, 0xA619, 0xA5F9, 0x9DF9, 0xA61A, 0x9E1A, 0x9E1A, 0x9E1A, 0x9E1A, 0x9E1A, 0x9DFB, 0x9DFB, 0x9DFB, 0x9DFB,   // 0xF120 (61728) pixels
0x9E1B, 0x9E1B, 0x9E1B, 0x9E1B, 0x9E1B, 0x9E1B, 0x9E1B, 0x9E1B, 0x9E1B, 0x9E1B, 0x9E1B, 0x9E1B, 0x9E1B, 0x9E1B, 0x9E1B, 0x9E1B,   // 0xF130 (61744) pixels
0x9E1B, 0x9E1B, 0x9E1B, 0x9E1B, 0x9E1B, 0x9E1B, 0x9E1B, 0x9E1B, 0x9E1B, 0x9E1B, 0x9DFB, 0x9DFB, 0x9DFB, 0x9DFB, 0x9DFB, 0x9DFB,   // 0xF140 (61760) pixels
0x9E1B, 0x9E1B, 0x9E1B, 0x9E1B, 0x9E1A, 0x9E1A, 0x9E1B, 0x9E1B, 0x9DFB, 0x9DFA, 0x9DFA, 0xA5FA, 0xA5FA, 0xADDA, 0xB61A, 0xBE5B,   // 0xF150 (61776) pixels
0xD6BC, 0xD6BC, 0xD69C, 0xCE5B, 0xBE1A, 0xB5D9, 0xADB8, 0xA5B8, 0xA5B8, 0xA5D8, 0xA5F9, 0xA5F9, 0xA619, 0xA61A, 0xA5F9, 0xA5FA,   // 0xF160 (61792) pixels
0x9DFA, 0x9DFA, 0x9DFA, 0x9DFA, 0x9DFA, 0x9DFA, 0x9DFA, 0x9DFA, 0x9DFA, 0x9DFA, 0x9DFA, 0x9DFA, 0x9DFB, 0x9DFB, 0x9DFB, 0x9DFB,   // 0xF170 (61808) pixels
0x9DFA, 0x9DFA, 0x9DFA, 0x9DFA, 0x9DFA, 0x9DFA, 0x9DFA, 0x9DFA, 0x9DFA, 0x9DFA, 0x9DFA, 0x9DFA, 0x9DFA, 0x9DFA, 0x9DFA, 0x9DFA,   // 0xF180 (61824) pixels
0x9DFA, 0x9DFA, 0x9DFA, 0x9DFA, 0x9DFA, 0x9DFA, 0x9DFA, 0x9DFA, 0x9DFA, 0x9DFA, 0x9DFA, 0x9DFA, 0x9DFA, 0x9DFA, 0x9DFA, 0x9DFA,   // 0xF190 (61840) pixels
0x9E1A, 0x9E1A, 0x9E1A, 0x9E1A, 0x9DFB, 0x9DFB, 0x9DFB, 0x9DFB, 0x9DFB, 0x9DFB, 0x9E1A, 0x9E1A, 0x9E1A, 0x9DFA, 0x95FA, 0x95FA,   // 0xF1A0 (61856) pixels
0x9E1A, 0x9E1A, 0x95F9, 0x9E19, 0xA63A, 0x9E19, 0x9DF9, 0xAE3A, 0xBE9B, 0xC69C, 0xCEBC, 0xC67A, 0xBDF9, 0xAD97, 0x9D35, 0x94F5,   // 0xF1B0 (61872) pixels
0x9515, 0x9516, 0x9536, 0x9557, 0x9598, 0x9DB9, 0x9DD9, 0x95D9, 0x9DFA, 0x9DFA, 0x9DFA, 0x9E1B, 0x9E1B, 0x9DFB, 0x9DFB, 0x9DFB,   // 0xF1C0 (61888) pixels
0x9DFA, 0x9DFA, 0x9DFA, 0x9DFA, 0x9DFA, 0x9DFA, 0x9DFA, 0x9DFA, 0x9DFA, 0x9DFA, 0x9DFA, 0x9DFA, 0x9DFA, 0x9DFA, 0x9DFA, 0x9DFA,   // 0xF1D0 (61904) pixels
0x9E1A, 0x9E1A, 0x9E1A, 0x9E1A, 0x9E1A, 0x9E1A, 0x9E1B, 0x9E1B, 0x9E1B, 0x9E1A, 0x9E1A, 0x9DFA, 0x9DFA, 0x9DFA, 0x9DFA, 0x9E1A,   // 0xF1E0 (61920) pixels
0x9DFA, 0x9DFA, 0x9DFA, 0x9DFA, 0x9DFA, 0x9DFA, 0x9DFA, 0x9DFA, 0x9DFA, 0x9DFA, 0x9DFA, 0x9DFA, 0x9DFA, 0x9DFA, 0x9DFA, 0x9DFA,   // 0xF1F0 (61936) pixels
0x9DFA, 0x9DFA, 0x9DFA, 0x9DFA, 0x9DFA, 0x9DFA, 0x9DFA, 0x9DFA, 0x9DFA, 0x9DFA, 0x9DFA, 0x9DFA, 0x9DFA, 0x9DFA, 0x9DFA, 0x9DFA,   // 0xF200 (61952) pixels
0x9DFA, 0x9DFA, 0x9DFA, 0x9DFA, 0x9DFA, 0x9DFA, 0x9DFA, 0x9DFA, 0x9DFA, 0x9DFA, 0x9DFA, 0x9DFA, 0x9E1B, 0x9E1B, 0x9DFA, 0x9DFA,   // 0xF210 (61968) pixels
0x9DFA, 0x9DDA, 0x9DDA, 0x95DA, 0x95DB, 0x9DFC, 0xA61C, 0xA5BB, 0x9D3A, 0x8C77, 0x6B33, 0x524F, 0x49CF, 0x49EF, 0x51EF, 0x49CF,   // 0xF220 (61984) pixels
0x49CF, 0x49AF, 0x49AE, 0x41AE, 0x418E, 0x41AE, 0x49AF, 0x49CF, 0x49EF, 0x51F0, 0x5210, 0x5A31, 0x5A51, 0x6292, 0x6AB3, 0x6AF3,   // 0xF230 (62000) pixels
0x6B14, 0x6B34, 0x7334, 0x7354, 0x7374, 0x7374, 0x7394, 0x73B4, 0x8455, 0x9D18, 0xAD9A, 0xADB9, 0xB5D9, 0xB5D9, 0xB5D9, 0xB5F9,   // 0xF240 (62016) pixels
0xB5D9, 0xB5D9, 0xADB9, 0xADB9, 0xADB9, 0xADB8, 0xADB8, 0xADB8, 0xADB8, 0xADB8, 0xADB8, 0xB5D9, 0xB5D9, 0xB5D9, 0xB5D9, 0xB5F9,   // 0xF250 (62032) pixels
0xADF9, 0xADF9, 0xAE19, 0xA619, 0xA5F9, 0xA5F9, 0xA63A, 0x9E1A, 0x9E1A, 0x9E1A, 0x9E1A, 0x9E1A, 0x9DFB, 0x9DFB, 0x9DFB, 0x9DFB,   // 0xF260 (62048) pixels
0x9E1B, 0x9E1B, 0x9E1B, 0x9E1B, 0x9E1B, 0x9E1B, 0x9E1B, 0x9E1B, 0x9E1B, 0x9E1B, 0x9E1B, 0x9E1B, 0x9E1B, 0x9E1B, 0x9E1B, 0x9E1B,   // 0xF270 (62064) pixels
0x9E1B, 0x9E1B, 0x9E1B, 0x9E1B, 0x9E1B, 0x9E1B, 0x9E1B, 0x9E1B, 0x9E1B, 0x9E1B, 0x9DFB, 0x9DFB, 0x9DFB, 0x9DFB, 0x9DFB, 0x9DFB,   // 0xF280 (62080) pixels
0x9E1B, 0x9E1B, 0x9E1B, 0x9E1B, 0x9E1A, 0x9E1A, 0x9E1B, 0x9E1B, 0x9DFB, 0x9DFB, 0x9DFA, 0x9DFA, 0xA5DA, 0xA5D9, 0xB61A, 0xC65B,   // 0xF290 (62096) pixels
0xDEFD, 0xDEDD, 0xD6DC, 0xCE9B, 0xC63A, 0xB5F9, 0xADD9, 0xADD8, 0xA5D9, 0xA5F9, 0xA5F9, 0xA61A, 0xA61A, 0xA61A, 0xA5FA, 0x9DFA,   // 0xF2A0 (62112) pixels
0x9DFA, 0x9DFA, 0x9DFA, 0x9DFA, 0x9DFA, 0x9DFA, 0x9DFA, 0x9DFA, 0x9DFA, 0x9DFA, 0x9DFA, 0x9DFA, 0x9DFB, 0x9DFB, 0x9DFB, 0x9DFB,   // 0xF2B0 (62128) pixels
0x9DFA, 0x9DFA, 0x9DFA, 0x9DFA, 0x9DFA, 0x9DFA, 0x9DFA, 0x9DFA, 0x9DFA, 0x9DFA, 0x9DFA, 0x9DFA, 0x9DFA, 0x9DFA, 0x9DFA, 0x9DFA,   // 0xF2C0 (62144) pixels
0x9DFA, 0x9DFA, 0x9DFA, 0x9DFA, 0x9DFA, 0x9DFA, 0x9DFA, 0x9DFA, 0x9DFA, 0x9DFA, 0x9DFA, 0x9DFA, 0x9DFA, 0x9DFA, 0x9DFA, 0x9DFA,   // 0xF2D0 (62160) pixels
0x9E1A, 0x9E1A, 0x9E1A, 0x9E1A, 0x9DFB, 0x9DFB, 0x9DFB, 0x9DFB, 0x9DFA, 0x9DFB, 0x9DFA, 0x9DFA, 0x961A, 0x961A, 0x95FA, 0x95FA,   // 0xF2E0 (62176) pixels
0x9DFA, 0x9E1A, 0x9DF9, 0x9E1A, 0x9E3A, 0x9E19, 0xA5F9, 0xAE3A, 0xC6BC, 0xCEDC, 0xD6DC, 0xCE9B, 0xBE39, 0xAD97, 0x9D35, 0x94F4,   // 0xF2F0 (62192) pixels
0x9516, 0x9536, 0x9577, 0x9D98, 0x9DD9, 0x9DF9, 0x9DFA, 0x9DFA, 0x9DFA, 0x9DFA, 0x9E1B, 0x9E1B, 0x9E1B, 0x9DFB, 0x9DFA, 0x9DFA,   // 0xF300 (62208) pixels
0x9DFA, 0x9DFA, 0x9DFA, 0x9DFA, 0x9DFA, 0x9DFA, 0x9DFA, 0x9DFA, 0x9DFA, 0x9DFA, 0x9DFA, 0x9DFA, 0x9DFA, 0x9DFA, 0x9DFA, 0x9DFA,   // 0xF310 (62224) pixels
0x9E1A, 0x9E1A, 0x9E1A, 0x9E1A, 0x9E1A, 0x9E1B, 0x9E1B, 0x9E1B, 0x9E1B, 0x9E1A, 0x9E1A, 0x9DFA, 0x9DFA, 0x9DFA, 0x9DFA, 0x9E1A,   // 0xF320 (62240) pixels
0x9DFA, 0x9DFA, 0x9DFA, 0x9DFA, 0x9DFA, 0x9DFA, 0x9DFA, 0x9DFA, 0x9DFA, 0x9DFA, 0x9DFA, 0x9DFA, 0x9DFA, 0x9DFA, 0x9DFA, 0x9DFA,   // 0xF330 (62256) pixels
0x9DFA, 0x9DFA, 0x9DFA, 0x9DFA, 0x9DFA, 0x9DFA, 0x9DFA, 0x9DFA, 0x9DFA, 0x9DFA, 0x9DFA, 0x9DFA, 0x9DFA, 0x9DFA, 0x9DFA, 0x9DFA,   // 0xF340 (62272) pixels
0x9DFA, 0x9DFA, 0x9DFA, 0x9DFA, 0x9DFA, 0x9DFA, 0x9DFA, 0x9DFA, 0x9E1B, 0x9DFA, 0x9DFA, 0x9E1B, 0x9E1B, 0x9E1B, 0x9E1B, 0x9DFA,   // 0xF350 (62288) pixels
0xA61B, 0x9DFA, 0x9DDA, 0x9DDB, 0x9DDB, 0x9DDC, 0x9D7B, 0x8CF9, 0x8477, 0x73D5, 0x62F2, 0x522F, 0x49EF, 0x51EF, 0x51F0, 0x51D0,   // 0xF360 (62304) pixels
0x49CF, 0x49EF, 0x49EF, 0x49CF, 0x49CF, 0x49CF, 0x5210, 0x5230, 0x5A31, 0x5A51, 0x5A51, 0x5A71, 0x5A71, 0x6272, 0x6292, 0x62B2,   // 0xF370 (62320) pixels
0x62D3, 0x62D3, 0x6AF3, 0x6B13, 0x6B34, 0x6B54, 0x7374, 0x7393, 0x7C15, 0x9CF8, 0xADBA, 0xB5DA, 0xB5D9, 0xB5D9, 0xB5D9, 0xB5F9,   // 0xF380 (62336) pixels
0xADD9, 0xADB8, 0xADB8, 0xAD98, 0xAD98, 0xAD98, 0xA578, 0xA577, 0xA577, 0xA577, 0xA577, 0xAD98, 0xADB8, 0xADB8, 0xADB9, 0xADD9,   // 0xF390 (62352) pixels
0xADF9, 0xADF9, 0xAE1A, 0xAE19, 0xA5F9, 0xA619, 0xA63A, 0xA63A, 0x9E1A, 0x9E1A, 0x9E1A, 0x9E1A, 0x9DFB, 0x9DFB, 0x9DFB, 0x9DFB,   // 0xF3A0 (62368) pixels
0x9E1B, 0x9E1B, 0x9E1B, 0x9E1B, 0x9E1B, 0x9E1B, 0x9E1B, 0x9E1B, 0x9E1B, 0x9E1B, 0x9E1B, 0x9E1B, 0x9E1B, 0x9E1B, 0x9E1B, 0x9E1B,   // 0xF3B0 (62384) pixels
0x9E1B, 0x9E1B, 0x9E1B, 0x9E1B, 0x9E1B, 0x9E1B, 0x9E1B, 0x9E1B, 0x9E1B, 0x9E1B, 0x9DFB, 0x9DFB, 0x9DFB, 0x9DFB, 0x9DFB, 0x9DFB,   // 0xF3C0 (62400) pixels
0x9E1B, 0x9E1B, 0x9E1B, 0x9E1B, 0x9E1A, 0x9E1A, 0x9E1B, 0x9E1B, 0x9E1B, 0x9E1B, 0x9E1B, 0x9DFA, 0xA5DA, 0xADFA, 0xBE3B, 0xCE9C,   // 0xF3D0 (62416) pixels
0xE71E, 0xDF1E, 0xDEDD, 0xCEBC, 0xC65B, 0xBE3A, 0xADF9, 0xADD9, 0xA5F9, 0xA5F9, 0xA5FA, 0xA5FA, 0xA61A, 0xA5FA, 0xA5FA, 0x9DFA,   // 0xF3E0 (62432) pixels
0x9DFA, 0x9DFA, 0x9DFA, 0x9DFA, 0x9DFA, 0x9DFA, 0x9DFA, 0x9DFA, 0x9DFA, 0x9DFA, 0x9DFA, 0x9DFA, 0x9DFB, 0x9DFB, 0x9DFB, 0x9DFB,   // 0xF3F0 (62448) pixels
0x9DFA, 0x9DFA, 0x9DFA, 0x9DFA, 0x9DFA, 0x9DFA, 0x9DFA, 0x9DFA, 0x9DFA, 0x9DFA, 0x9DFA, 0x9DFA, 0x9DFA, 0x9DFA, 0x9DFA, 0x9DFA,   // 0xF400 (62464) pixels
0x9DFA, 0x9DFA, 0x9DFA, 0x9DFA, 0x9DFA, 0x9DFA, 0x9DFA, 0x9DFA, 0x9DFA, 0x9DFA, 0x9DFA, 0x9DFA, 0x9DFA, 0x9DFA, 0x9DFA, 0x9DFA,   // 0xF410 (62480) pixels
0x9DFA, 0x9E1A, 0x9DFA, 0x9E1A, 0x9DFB, 0x9DFB, 0x9DFB, 0x9DFB, 0x9DFB, 0x9DFA, 0x9DFA, 0x9DFA, 0x961A, 0x961A, 0x95FA, 0x95FA,   // 0xF420 (62496) pixels
0x9E1A, 0x9E1A, 0x9E1A, 0x9E19, 0x9E19, 0xA619, 0xAE3A, 0xB65A, 0xCEDC, 0xCEDC, 0xCE9C, 0xC67B, 0xBE19, 0xA597, 0x9D36, 0x9515,   // 0xF430 (62512) pixels
0x9D57, 0x9D77, 0x9DB8, 0xA5D9, 0xA61A, 0xA61A, 0x9E1A, 0x9E1A, 0x9DFA, 0x9DFA, 0x9E1B, 0x9E1B, 0x9DFB, 0x9DFB, 0x9DFB, 0x9DFA,   // 0xF440 (62528) pixels
0x9DFA, 0x9DFA, 0x9DFA, 0x9DFA, 0x9DFA, 0x9DFA, 0x9DFA, 0x9DFA, 0x9DFA, 0x9DFA, 0x9DFA, 0x9DFA, 0x9DFA, 0x9DFA, 0x9DFA, 0x9DFA,   // 0xF450 (62544) pixels
0x9E1A, 0x9E1A, 0x9E1A, 0x9E1A, 0x9E1B, 0x9E1B, 0x9E1B, 0x9E1B, 0x9E1B, 0x9E1B, 0x9E1A, 0x9E1A, 0x9DFA, 0x9DFA, 0x9E1A, 0x9E1A,   // 0xF460 (62560) pixels
0x9DFA, 0x9DFA, 0x9DFA, 0x9DFA, 0x9DFA, 0x9DFA, 0x9DFA, 0x9DFA, 0x9DFA, 0x9DFA, 0x9DFA, 0x9DFA, 0x9DFA, 0x9DFA, 0x9DFA, 0x9DFA,   // 0xF470 (62576) pixels
0x9DFA, 0x9DFA, 0x9DFA, 0x9DFA, 0x9DFA, 0x9DFA, 0x9DFA, 0x9DFA, 0x9DFA, 0x9DFA, 0x9DFA, 0x9DFA, 0x9DFA, 0x9DFA, 0x9DFA, 0x9DFA,   // 0xF480 (62592) pixels
0x9DFA, 0x9DFA, 0x9DFA, 0x9DFA, 0x9DFA, 0x9DFA, 0x9DFA, 0x9DFA, 0x9E1B, 0x9DFA, 0x9DFA, 0x9E1B, 0x9E1B, 0x9E1B, 0x9DFA, 0x9DFA,   // 0xF490 (62608) pixels
0xA61B, 0xA61B, 0xA61B, 0xA5FB, 0x9DBB, 0x955A, 0x8497, 0x6BD5, 0x6333, 0x62F2, 0x5AB1, 0x5250, 0x5230, 0x5230, 0x5210, 0x51F0,   // 0xF4A0 (62624) pixels
0x5210, 0x5210, 0x5210, 0x5210, 0x5210, 0x5210, 0x5A31, 0x5A51, 0x5A51, 0x5A51, 0x6271, 0x6272, 0x6272, 0x6292, 0x6292, 0x62B2,   // 0xF4B0 (62640) pixels
0x62B2, 0x62D3, 0x62D3, 0x6AF3, 0x6B13, 0x6B33, 0x7353, 0x7373, 0x7BD4, 0x9CD8, 0xB59A, 0xB5DA, 0xB5D9, 0xB5D9, 0xB5D9, 0xB5D8,   // 0xF4C0 (62656) pixels
0xADB9, 0xADB8, 0xAD98, 0xA598, 0xA578, 0xA577, 0xA557, 0xA557, 0x9D36, 0x9D36, 0x9D36, 0xA557, 0xA577, 0xA577, 0xA598, 0xADB8,   // 0xF4D0 (62672) pixels
0xADF9, 0xADF9, 0xB61A, 0xAE1A, 0xA5F9, 0xA619, 0xA61A, 0xA61A, 0x9E1A, 0x9E1A, 0x9E1A, 0x9E1A, 0x9DFB, 0x9DFB, 0x9DFB, 0x9E1B,   // 0xF4E0 (62688) pixels
0x9E1B, 0x9E1B, 0x9E1B, 0x9E1B, 0x9E1B, 0x9E1B, 0x9E1B, 0x9E1B, 0x9E1B, 0x9E1B, 0x9E1B, 0x9E1B, 0x9E1B, 0x9E1B, 0x9E1B, 0x9E1B,   // 0xF4F0 (62704) pixels
0x9E1B, 0x9E1B, 0x9E1B, 0x9E1B, 0x9E1B, 0x9E1B, 0x9E1B, 0x9E1B, 0x9E1B, 0x9E1B, 0x9DFB, 0x9DFB, 0x9DFB, 0x9DFB, 0x9DFB, 0x9DFB,   // 0xF500 (62720) pixels
0x9E1B, 0x9E1B, 0x9E1B, 0x9E1B, 0x9E1A, 0x9E1A, 0x9E1B, 0x9E1B, 0x9E1B, 0x9E1B, 0x9E1B, 0x9DFA, 0xA5DA, 0xAE1A, 0xBE7B, 0xD6FD,   // 0xF510 (62736) pixels
0xE73E, 0xDF1D, 0xD6FD, 0xCEBC, 0xC67B, 0xBE3A, 0xAE19, 0xADF9, 0xA5F9, 0xA5F9, 0xA5FA, 0xA5FA, 0xA5FA, 0x9DFA, 0x9DFA, 0x9DFA,   // 0xF520 (62752) pixels
0x9DFA, 0x9DFA, 0x9DFA, 0x9DFA, 0x9DFA, 0x9DFA, 0x9DFA, 0x9DFA, 0x9DFA, 0x9DFA, 0x9DFA, 0x9DFA, 0x9DFB, 0x9DFB, 0x9DFB, 0x9DFB,   // 0xF530 (62768) pixels
0x9DFA, 0x9DFA, 0x9DFA, 0x9DFA, 0x9DFA, 0x9DFA, 0x9DFA, 0x9DFA, 0x9DFA, 0x9DFA, 0x9DFA, 0x9DFA, 0x9DFA, 0x9DFA, 0x9DFA, 0x9DFA,   // 0xF540 (62784) pixels
0x9E1B, 0x9E1B, 0x9E1B, 0x9E1B, 0x9E1B, 0x9E1B, 0x9E1B, 0x9E1B, 0x9E1B, 0x9E1B, 0x9E1B, 0x9E1B, 0x9E1B, 0x9E1B, 0x9E1B, 0x9E1B,   // 0xF550 (62800) pixels
0x9E1B, 0x9E1B, 0x9DFB, 0x9E1B, 0x9E1B, 0x9E1B, 0x9E1B, 0x9E1B, 0x9DFA, 0x9DFA, 0x9DFA, 0x9DFA, 0x9DFA, 0x9DFA, 0x961A, 0x961A,   // 0xF560 (62816) pixels
0x9E1A, 0x9E1A, 0x9E1A, 0x9DF9, 0x9DF9, 0xA619, 0xB65A, 0xC6BB, 0xD71D, 0xD6DC, 0xCE7B, 0xBE1A, 0xADB8, 0xA577, 0x9D57, 0x9D57,   // 0xF570 (62832) pixels
0x9DB8, 0x9DB9, 0x9DD9, 0xA5FA, 0xA61A, 0xA61A, 0x9E1A, 0x9E1B, 0x9E1B, 0x9E1B, 0x9E1B, 0x9E1B, 0x9E1B, 0x9DFB, 0x9DFB, 0x9DFB,   // 0xF580 (62848) pixels
0x9DFA, 0x9DFA, 0x9DFA, 0x9DFA, 0x9DFA, 0x9DFA, 0x9DFA, 0x9DFA, 0x9DFA, 0x9DFA, 0x9DFA, 0x9E1B, 0x9E1B, 0x9DFA, 0x9DFA, 0x9DFA,   // 0xF590 (62864) pixels
0x9E1A, 0x9E1A, 0x9E1A, 0x9E1A, 0x9E1B, 0x9E1B, 0x9E1B, 0x9E1B, 0x9E1B, 0x9E1B, 0x9E1A, 0x9E1A, 0x9E1A, 0x9E1A, 0x9E1A, 0x9E1A,   // 0xF5A0 (62880) pixels
0x9E1B, 0x9E1B, 0x9E1B, 0x9E1B, 0x9E1B, 0x9E1B, 0x9E1B, 0x9E1B, 0x9E1B, 0x9E1B, 0x9E1B, 0x9E1B, 0x9E1B, 0x9E1B, 0x9E1B, 0x9E1B,   // 0xF5B0 (62896) pixels
0x9E1B, 0x9E1B, 0x9E1B, 0x9E1B, 0x9E1B, 0x9E1B, 0x9E1B, 0x9E1B, 0x9E1B, 0x9E1B, 0x9E1B, 0x9E1B, 0x9E1B, 0x9E1B, 0x9E1B, 0x9E1B,   // 0xF5C0 (62912) pixels
0x9E1B, 0x9E1B, 0x9E1B, 0x9E1B, 0x9E1B, 0x9E1B, 0x9E1B, 0x9E1B, 0x9DFA, 0x9DFA, 0x9DFA, 0x9DFA, 0x9DFA, 0x9DFA, 0x9DFA, 0x9DFA,   // 0xF5D0 (62928) pixels
0x9DFB, 0xA61B, 0xA61C, 0x9DBB, 0x953A, 0x8477, 0x6B94, 0x5AD2, 0x5290, 0x5270, 0x5270, 0x5A71, 0x5A51, 0x5A51, 0x5231, 0x5210,   // 0xF5E0 (62944) pixels
0x5A31, 0x5A31, 0x5A31, 0x5A31, 0x5A51, 0x5A51, 0x5A31, 0x5A31, 0x5A31, 0x5A51, 0x5A51, 0x5A52, 0x5A52, 0x6272, 0x6272, 0x6272,   // 0xF5F0 (62960) pixels
0x6292, 0x6292, 0x62B2, 0x62D2, 0x6AF3, 0x6B13, 0x6B13, 0x6B33, 0x7BB4, 0x94B7, 0xAD79, 0xB5BA, 0xB5D9, 0xB5D9, 0xB5D9, 0xADB8,   // 0xF600 (62976) pixels
0xADB8, 0xAD98, 0xAD98, 0xA577, 0xA557, 0xA557, 0x9D37, 0x9D36, 0x9CF6, 0x94F6, 0x9CF6, 0x9D16, 0x9D36, 0x9D36, 0xA557, 0xA557,   // 0xF610 (62992) pixels
0xADB8, 0xADD9, 0xB61A, 0xAE1A, 0xA5D9, 0xA5F9, 0xA5FA, 0x9DFA, 0x9E1A, 0x9E1A, 0x9E1A, 0x9E1A, 0x9E1B, 0x9E1B, 0x9DFB, 0x9E1B,   // 0xF620 (63008) pixels
0x9E1B, 0x9E1B, 0x9E1B, 0x9E1B, 0x9E1B, 0x9E1B, 0x9E1B, 0x9E1B, 0x9E1B, 0x9E1B, 0x9E1B, 0x9E1B, 0x9E1B, 0x9E1B, 0x9E1B, 0x9E1B,   // 0xF630 (63024) pixels
0x9E1B, 0x9E1B, 0x9E1B, 0x9E1B, 0x9E1B, 0x9E1B, 0x9E1B, 0x9E1B, 0x9E1B, 0x9E1B, 0x9DFB, 0x9DFB, 0x9DFB, 0x9DFB, 0x9DFB, 0x9DFB,   // 0xF640 (63040) pixels
0x9E1B, 0x9E1B, 0x9E1B, 0x9E1B, 0x9E1A, 0x9E1A, 0x9E1B, 0x9E1B, 0x9DFB, 0x9DFB, 0x9DFA, 0x9DDA, 0xA5DA, 0xB63B, 0xC6BC, 0xD71D,   // 0xF650 (63056) pixels
0xE75E, 0xDF3D, 0xD6FC, 0xCEBB, 0xC67B, 0xB63A, 0xAE1A, 0xA5F9, 0xA5F9, 0xA5FA, 0x9DFA, 0x9DFA, 0x9DFA, 0x9E1A, 0x9E1A, 0x9DFA,   // 0xF660 (63072) pixels
0x9DFA, 0x9DFA, 0x9DFA, 0x9DFA, 0x9DFA, 0x9DFA, 0x9DFA, 0x9DFA, 0x9DFA, 0x9DFA, 0x9DFA, 0x9DFA, 0x9DFB, 0x9DFB, 0x9DFB, 0x9DFB,   // 0xF670 (63088) pixels
0x9DFA, 0x9DFA, 0x9DFA, 0x9DFA, 0x9DFA, 0x9DFA, 0x9DFA, 0x9DFA, 0x9DFA, 0x9DFA, 0x9DFA, 0x9DFA, 0x9DFB, 0x9DFB, 0x9DFA, 0x9DFA,   // 0xF680 (63104) pixels
0x9E1B, 0x9E1B, 0x9E1B, 0x9E1B, 0x9E1B, 0x9E1B, 0x9E1B, 0x9E1B, 0x9E1B, 0x9E1B, 0x9E1B, 0x9E1B, 0x9E1B, 0x9E1B, 0x9E1B, 0x9E1B,   // 0xF690 (63120) pixels
0x9DFB, 0x9DFB, 0x9DFB, 0x9DFB, 0x9E1B, 0x9E1B, 0x9E1B, 0x9E1B, 0x9E1A, 0x9E1A, 0x9DFA, 0x9DFA, 0x9DFA, 0x9E1A, 0x9E1A, 0x9E1A,   // 0xF6A0 (63136) pixels
0x9E1A, 0x9DFA, 0x9DF9, 0x9DF9, 0x9DF8, 0xAE3A, 0xC6BB, 0xCEDC, 0xDF1D, 0xD6BC, 0xC63A, 0xB5D9, 0xA577, 0x9D37, 0x9D37, 0x9D78,   // 0xF6B0 (63152) pixels
0xA5D9, 0xA5FA, 0xA5FA, 0x9DFA, 0x9DFA, 0x9E1A, 0x9E1B, 0x9E1B, 0x9E1B, 0x9E1B, 0x9E1B, 0x9E1B, 0x9DFB, 0x9DFB, 0x9DFB, 0x9DFB,   // 0xF6C0 (63168) pixels
0x9DFA, 0x9DFA, 0x9DFA, 0x9DFA, 0x9DFA, 0x9DFA, 0x9DFA, 0x9DFA, 0x9DFA, 0x9DFA, 0x9DFA, 0x9E1B, 0x9E1B, 0x9DFA, 0x9DFA, 0x9DFA,   // 0xF6D0 (63184) pixels
0x9E1A, 0x9E1A, 0x9E1A, 0x9E1B, 0x9E1B, 0x9E1B, 0x9E1B, 0x9E1B, 0x9E1B, 0x9E1B, 0x9E1A, 0x9E1A, 0x9E1A, 0x9E1A, 0x9E1A, 0x9E1A,   // 0xF6E0 (63200) pixels
0x9E1B, 0x9E1B, 0x9E1B, 0x9E1B, 0x9E1B, 0x9E1B, 0x9E1B, 0x9E1B, 0x9E1B, 0x9E1B, 0x9E1B, 0x9E1B, 0x9E1B, 0x9E1B, 0x9E1B, 0x9E1B,   // 0xF6F0 (63216) pixels
0x9E1B, 0x9E1B, 0x9E1B, 0x9E1B, 0x9E1B, 0x9E1B, 0x9E1B, 0x9E1B, 0x9E1B, 0x9E1B, 0x9E1B, 0x9E1B, 0x9E1B, 0x9E1B, 0x9E1B, 0x9E1B,   // 0xF700 (63232) pixels
0x9E1B, 0x9E1B, 0x9E1B, 0x9E1B, 0x9E1B, 0x9E1B, 0x9E1B, 0x9E1B, 0x9DFA, 0x9DFA, 0x9DFA, 0x9DFA, 0x9DFA, 0x9DFA, 0x9DFA, 0x9DDA,   // 0xF710 (63248) pixels
0x9DFB, 0x9DDB, 0x9559, 0x84B7, 0x7C37, 0x6BB5, 0x5AF2, 0x5271, 0x5250, 0x5230, 0x5230, 0x5230, 0x5230, 0x5210, 0x5210, 0x5211,   // 0xF720 (63264) pixels
0x5211, 0x5211, 0x5A31, 0x5A31, 0x5A51, 0x5A52, 0x5A51, 0x5A31, 0x5A31, 0x5A31, 0x5A51, 0x5A51, 0x6272, 0x6272, 0x6272, 0x6272,   // 0xF730 (63280) pixels
0x62B2, 0x62B2, 0x62D3, 0x6AD3, 0x6AF3, 0x6B13, 0x6B13, 0x6B32, 0x7B94, 0x94B7, 0xB57A, 0xB5BA, 0xB5D9, 0xB5D9, 0xB5D9, 0xADB8,   // 0xF740 (63296) pixels
0xADB8, 0xAD98, 0xA578, 0xA557, 0xA557, 0x9D36, 0x9D16, 0x9D16, 0x94F5, 0x94F5, 0x94F5, 0x94F5, 0x9CF6, 0x9CF6, 0x9D16, 0x9D16,   // 0xF750 (63312) pixels
0xA578, 0xA598, 0xADD9, 0xADD9, 0xA5B8, 0xA5D9, 0xA5FA, 0xA5F9, 0xA5FA, 0x9E1A, 0x9E1A, 0x9E1A, 0x9E1B, 0x9E1B, 0x9DFB, 0x9E1B,   // 0xF760 (63328) pixels
0x9E1B, 0x9E1B, 0x9E1B, 0x9E1B, 0x9E1B, 0x9E1B, 0x9E1B, 0x9E1B, 0x9E1B, 0x9E1B, 0x9E1B, 0x9E1B, 0x9E1B, 0x9E1B, 0x9E1B, 0x9E1B,   // 0xF770 (63344) pixels
0x9E1B, 0x9E1B, 0x9E1B, 0x9E1B, 0x9E1B, 0x9E1B, 0x9E1B, 0x9E1B, 0x9E1B, 0x9E1B, 0x9DFB, 0x9DFB, 0x9DFB, 0x9DFB, 0x9DFB, 0x9DFB,   // 0xF780 (63360) pixels
0x9E1B, 0x9E1B, 0x9E1B, 0x9E1B, 0x9E1A, 0x9E1A, 0x9E1B, 0x9E1B, 0x9DFB, 0x9DFB, 0x9DFA, 0x9DDA, 0xA5FA, 0xB65B, 0xCEDC, 0xD71D,   // 0xF790 (63376) pixels
0xE77E, 0xDF3D, 0xD6FC, 0xCEBB, 0xBE7B, 0xB65A, 0xAE1A, 0xA5F9, 0xA5F9, 0x9DFA, 0x9DFA, 0x9E1A, 0x9E1B, 0x9E1B, 0x9E1B, 0x9DFA,   // 0xF7A0 (63392) pixels
0x9DFA, 0x9DFA, 0x9DFA, 0x9DFA, 0x9DFA, 0x9DFA, 0x9DFA, 0x9DFA, 0x9DFA, 0x9DFA, 0x9DFA, 0x9DFA, 0x9DFB, 0x9DFB, 0x9DFB, 0x9DFB,   // 0xF7B0 (63408) pixels
0x9DFA, 0x9DFA, 0x9DFA, 0x9DFA, 0x9DFA, 0x9DFA, 0x9DFA, 0x9DFA, 0x9DFA, 0x9DFA, 0x9DFB, 0x9DFB, 0x9DFB, 0x9DFB, 0x9DFB, 0x9DFB,   // 0xF7C0 (63424) pixels
0x9E1B, 0x9E1B, 0x9E1B, 0x9E1B, 0x9E1B, 0x9E1B, 0x9E1B, 0x9E1B, 0x9E1B, 0x9E1B, 0x9E1B, 0x9E1B, 0x9E1B, 0x9E1B, 0x9E1B, 0x9E1B,   // 0xF7D0 (63440) pixels
0x9DFB, 0x9DFB, 0x9DFB, 0x9DFB, 0x9DFB, 0x9DFB, 0x9E1B, 0x9E1B, 0x9E1B, 0x9E1A, 0x9E1A, 0x9E1A, 0x9E1A, 0x9E1A, 0x9E1A, 0x9E1A,   // 0xF7E0 (63456) pixels
0x9E1A, 0x95F9, 0x9DF9, 0xA619, 0xA639, 0xBE9B, 0xCEFC, 0xD6FC, 0xD6DC, 0xC65A, 0xBDF9, 0xAD98, 0xA557, 0x9537, 0x9D58, 0x9D99,   // 0xF7F0 (63472) pixels
0xA5FA, 0x9DFA, 0x9DFA, 0x9E1A, 0x9E1A, 0x9E1B, 0x9E1B, 0x9E1B, 0x9E1B, 0x9E1B, 0x9E1B, 0x9E1B, 0x9DFB, 0x9DFB, 0x9E1A, 0x9E1A,   // 0xF800 (63488) pixels
0x9DFA, 0x9DFA, 0x9DFA, 0x9DFA, 0x9DFA, 0x9DFA, 0x9DFA, 0x9DFA, 0x9DFA, 0x9DFA, 0x9E1B, 0x9E1B, 0x9E1B, 0x9E1B, 0x9DFA, 0x9DFA,   // 0xF810 (63504) pixels
0x9E1A, 0x9E1A, 0x9E1B, 0x9E1B, 0x9E1B, 0x9E1B, 0x9E1B, 0x9E1B, 0x9E1B, 0x9E1B, 0x9E1B, 0x9E1A, 0x9E1A, 0x9E1A, 0x9E1A, 0x9E1A,   // 0xF820 (63520) pixels
0x9E1B, 0x9E1B, 0x9E1B, 0x9E1B, 0x9E1B, 0x9E1B, 0x9E1B, 0x9E1B, 0x9E1B, 0x9E1B, 0x9E1B, 0x9E1B, 0x9E1B, 0x9E1B, 0x9E1B, 0x9E1B,   // 0xF830 (63536) pixels
0x9E1B, 0x9E1B, 0x9E1B, 0x9E1B, 0x9E1B, 0x9E1B, 0x9E1B, 0x9E1B, 0x9E1B, 0x9E1B, 0x9E1B, 0x9E1B, 0x9E1B, 0x9E1B, 0x9E1B, 0x9E1B,   // 0xF840 (63552) pixels
0x9E1B, 0x9E1B, 0x9E1B, 0x9E1B, 0x9E1B, 0x9E1B, 0x9E1B, 0x9E1B, 0x9E1B, 0x9DFA, 0x9DFA, 0x9DFA, 0x9E1B, 0x9DFA, 0x9DFA, 0x9DFA,   // 0xF850 (63568) pixels
0x9DDA, 0x9559, 0x7435, 0x6373, 0x6353, 0x6313, 0x5A92, 0x5A51, 0x5230, 0x5210, 0x51EF, 0x49EF, 0x49EF, 0x49F0, 0x49F0, 0x5210,   // 0xF860 (63584) pixels
0x5210, 0x5210, 0x5A31, 0x5A31, 0x5A51, 0x5A52, 0x5A52, 0x5A51, 0x5A51, 0x5A52, 0x6272, 0x6292, 0x6293, 0x6AB3, 0x6AD3, 0x6AD3,   // 0xF870 (63600) pixels
0x6AD3, 0x6AD3, 0x6AD3, 0x6AF3, 0x6AF3, 0x6AF3, 0x6AF3, 0x62F2, 0x7373, 0x9C97, 0xB59A, 0xB5BA, 0xB5DA, 0xB5F9, 0xB5D9, 0xB5B8,   // 0xF880 (63616) pixels
0xAD98, 0xAD98, 0xA577, 0xA557, 0xA537, 0x9D16, 0x9CF6, 0x9CF6, 0x94F5, 0x94D5, 0x94D5, 0x94D5, 0x94D5, 0x94D5, 0x94D5, 0x9CF6,   // 0xF890 (63632) pixels
0x9D37, 0xA557, 0xAD98, 0xA598, 0x9D78, 0x9D98, 0xA5D9, 0xA5FA, 0xA5FA, 0x9E1A, 0x9E1A, 0x9E1A, 0x9E1B, 0x9E1B, 0x9E1B, 0x9E1B,   // 0xF8A0 (63648) pixels
0x9E1B, 0x9E1B, 0x9E1B, 0x9E1B, 0x9E1B, 0x9E1B, 0x9E1B, 0x9E1B, 0x9E1B, 0x9E1B, 0x9E1B, 0x9E1B, 0x9E1B, 0x9E1B, 0x9E1B, 0x9E1B,   // 0xF8B0 (63664) pixels
0x9E1B, 0x9E1B, 0x9E1B, 0x9E1B, 0x9E1B, 0x9E1B, 0x9E1B, 0x9E1B, 0x9E1B, 0x9E1B, 0x9DFB, 0x9DFB, 0x9DFB, 0x9DFB, 0x9DFB, 0x9DFB,   // 0xF8C0 (63680) pixels
0x9E1B, 0x9E1B, 0x9E1B, 0x9E1B, 0x9E1A, 0x9E1A, 0x9E1B, 0x9E1B, 0x9E1B, 0x9E1B, 0x9DFA, 0x9DFA, 0xADFA, 0xBE5B, 0xCEDD, 0xDF3E,   // 0xF8D0 (63696) pixels
0xE79F, 0xDF5D, 0xD6FC, 0xCEBB, 0xBE7B, 0xB65A, 0xAE19, 0xA5F9, 0x9DFA, 0x9DFA, 0x9E1A, 0x9E1B, 0x9E1B, 0x9E1B, 0x9DFB, 0x9DFB,   // 0xF8E0 (63712) pixels
0x9DFB, 0x9E1A, 0x9E1A, 0x9E1A, 0x9E1A, 0x9E1A, 0x9DFB, 0x9DFB, 0x9DFB, 0x9DFB, 0x9DFB, 0x9DFB, 0x9DFB, 0x9DFB, 0x9DFB, 0x9DFB,   // 0xF8F0 (63728) pixels
0x9DFB, 0x9DFB, 0x9DFB, 0x9DFB, 0x9DFB, 0x9DFB, 0x9DFB, 0x9DFB, 0x9DFA, 0x9DFB, 0x9DFB, 0x9E1B, 0x9E1B, 0x9E1B, 0x9DFB, 0x9DFB,   // 0xF900 (63744) pixels
0x9E1B, 0x9E1B, 0x9E1B, 0x9E1B, 0x9E1B, 0x9E1B, 0x9E1B, 0x9E1B, 0x9E1B, 0x9E1B, 0x9E1B, 0x9E1B, 0x9E1B, 0x9E1B, 0x9E1B, 0x9E1B,   // 0xF910 (63760) pixels
0x9DFB, 0x9DFB, 0x9DFB, 0x9DFB, 0x9DFB, 0x9DFB, 0x9E1B, 0x9E1B, 0x9E1B, 0x9E1A, 0x9E1A, 0x9E1A, 0x9E1A, 0x9E1A, 0x9E1A, 0x9E1A,   // 0xF920 (63776) pixels
0xA63A, 0x95D9, 0x9DF9, 0xA63A, 0xB67B, 0xC6FC, 0xD73D, 0xD6FD, 0xCE7A, 0xBE19, 0xB5B8, 0xAD98, 0xA578, 0x9D58, 0x9D99, 0x9DDA,   // 0xF930 (63792) pixels
0x9DFA, 0x9DFA, 0x9DFA, 0x9E1A, 0x9E1B, 0x9E1B, 0x9E1B, 0x9E1B, 0x9E1B, 0x9E1B, 0x9E1B, 0x9E1B, 0x9DFB, 0x9DFB, 0x9E1A, 0x9E1A,   // 0xF940 (63808) pixels
0x9E1B, 0x9E1B, 0x9E1B, 0x9E1B, 0x9E1B, 0x9E1B, 0x9E1B, 0x9E1B, 0x9DFA, 0x9DFA, 0x9E1B, 0x9E1B, 0x9E1B, 0x9E1B, 0x9DFA, 0x9DFA,   // 0xF950 (63824) pixels
0x9E1B, 0x9E1B, 0x9E1B, 0x9E1B, 0x9E1B, 0x9E1B, 0x9E1B, 0x9E1B, 0x9E1B, 0x9E1B, 0x9E1B, 0x9E1A, 0x9E1A, 0x9E1A, 0x9E1A, 0x9E1B,   // 0xF960 (63840) pixels
0x9E1B, 0x9E1B, 0x9E1B, 0x9E1B, 0x9E1B, 0x9E1B, 0x9E1B, 0x9E1B, 0x9E1B, 0x9E1B, 0x9E1B, 0x9E1B, 0x9E1B, 0x9E1B, 0x9E1B, 0x9E1B,   // 0xF970 (63856) pixels
0x9E1B, 0x9E1B, 0x9E1B, 0x9E1B, 0x9E1B, 0x9E1B, 0x9E1B, 0x9E1B, 0x9E1B, 0x9E1B, 0x9E1B, 0x9E1B, 0x9E1B, 0x9E1B, 0x9E1B, 0x9E1B,   // 0xF980 (63872) pixels
0x9E1B, 0x9E1B, 0x9E1B, 0x9E1B, 0x9E1B, 0x9E1B, 0x9E1B, 0x9E1B, 0x9E1B, 0x9E1B, 0x9E1B, 0x9E1B, 0x9E1B, 0x9E1B, 0x9DFA, 0x9DFA,   // 0xF990 (63888) pixels
0x9DBA, 0x84D7, 0x5B72, 0x4A90, 0x5AB1, 0x62D2, 0x5A71, 0x5A31, 0x5210, 0x51EF, 0x49CF, 0x51EF, 0x51F0, 0x49F0, 0x5210, 0x5211,   // 0xF9A0 (63904) pixels
0x5211, 0x5A31, 0x5A31, 0x5A51, 0x5A51, 0x5A51, 0x6272, 0x6272, 0x6292, 0x6292, 0x6292, 0x6AB3, 0x6AD3, 0x72F4, 0x72F4, 0x72F4,   // 0xF9B0 (63920) pixels
0x7314, 0x7314, 0x7314, 0x7314, 0x7314, 0x6AF3, 0x6AD2, 0x62D2, 0x6B12, 0x9477, 0xB57A, 0xBDBA, 0xB5B9, 0xB5D9, 0xB5B9, 0xADB8,   // 0xF9C0 (63936) pixels
0xAD98, 0xAD98, 0xA577, 0xA557, 0xA537, 0x9D16, 0x9D16, 0x9CF6, 0x94F5, 0x94D5, 0x94D5, 0x94D5, 0x94D5, 0x94B5, 0x94D5, 0x94D5,   // 0xF9D0 (63952) pixels
0x9D16, 0x9D36, 0xA557, 0xA577, 0x9D57, 0x9D98, 0xA5D9, 0xA5FA, 0xA5FA, 0x9E1A, 0x9DFA, 0x9E1A, 0x9E1B, 0x9E1B, 0x9E1B, 0x9E1B,   // 0xF9E0 (63968) pixels
0x9E1B, 0x9E1B, 0x9E1B, 0x9E1B, 0x9E1B, 0x9E1B, 0x9E1B, 0x9E1B, 0x9E1B, 0x9E1B, 0x9E1B, 0x9E1B, 0x9E1B, 0x9E1B, 0x9E1B, 0x9E1B,   // 0xF9F0 (63984) pixels
0x9E1B, 0x9E1B, 0x9E1B, 0x9E1B, 0x9E1B, 0x9E1B, 0x9E1B, 0x9E1B, 0x9E1B, 0x9E1B, 0x9DFB, 0x9DFB, 0x9DFB, 0x9DFB, 0x9DFB, 0x9DFB,   // 0xFA00 (64000) pixels
0x9E1B, 0x9E1B, 0x9E1B, 0x9E1B, 0x9E1A, 0x9E1A, 0x9E1A, 0x9E1A, 0x9E1A, 0x9E1B, 0x9E1A, 0x9DFA, 0xA5F9, 0xBE7B, 0xCEFD, 0xDF3D,   // 0xFA10 (64016) pixels
0xE77E, 0xDF5D, 0xD6FD, 0xCEDC, 0xBE9B, 0xB65A, 0xAE1A, 0xA61A, 0x9E1A, 0x9E1A, 0x9E1A, 0x9E1B, 0x9E1B, 0x9E1B, 0x9DFB, 0x9E1B,   // 0xFA20 (64032) pixels
0x9DFB, 0x9DFB, 0x9DFB, 0x9DFB, 0x9DFB, 0x9DFB, 0x9DFB, 0x9DFB, 0x9DFB, 0x9DFB, 0x9DFB, 0x9DFB, 0x9DFB, 0x9DFB, 0x9DFB, 0x9DFB,   // 0xFA30 (64048) pixels
0x9DFB, 0x9DFB, 0x9DFB, 0x9DFB, 0x9DFB, 0x9DFB, 0x9DFB, 0x9DFB, 0x9DFB, 0x9DFB, 0x9DFB, 0x9DFB, 0x9DFB, 0x9DFB, 0x9DFB, 0x9DFB,   // 0xFA40 (64064) pixels
0x9E1B, 0x9E1B, 0x9E1B, 0x9E1B, 0x9E1B, 0x9E1B, 0x9E1B, 0x9E1B, 0x9E1B, 0x9E1B, 0x9E1B, 0x9E1B, 0x9E1B, 0x9E1B, 0x9E1B, 0x9E1B,   // 0xFA50 (64080) pixels
0x9DFB, 0x9DFB, 0x9DFB, 0x9DFB, 0x9DFB, 0x9E1B, 0x9E1B, 0x9E1B, 0x9DFA, 0x9E1A, 0x9E1B, 0x9E1A, 0x9E1A, 0x9E1A, 0x9E1A, 0x9DF9,   // 0xFA60 (64096) pixels
0x9DF9, 0x9DD9, 0x9DF9, 0xB67B, 0xC6FD, 0xD73D, 0xD6FC, 0xCEBC, 0xC63A, 0xB5D8, 0xAD77, 0xA557, 0xA578, 0x9D99, 0x9DB9, 0xA5FA,   // 0xFA70 (64112) pixels
0xA61A, 0x9E1A, 0x9E1B, 0x9E1B, 0x9E1B, 0x9E1B, 0x9E1B, 0x9E1B, 0x9E1B, 0x9E1B, 0x9E1B, 0x9E1B, 0x9E1B, 0x9E1B, 0x9E1A, 0x9E1A,   // 0xFA80 (64128) pixels
0x9E1B, 0x9E1B, 0x9E1B, 0x9E1B, 0x9E1B, 0x9E1B, 0x9E1B, 0x9E1B, 0x9E1B, 0x9E1B, 0x9E1B, 0x9E1B, 0x9E1B, 0x9E1B, 0x9E1B, 0x9E1B,   // 0xFA90 (64144) pixels
0x9E1B, 0x9E1B, 0x9E1B, 0x9E1B, 0x9E1B, 0x9E1B, 0x9E1B, 0x9E1B, 0x9E1B, 0x9E1B, 0x9E1B, 0x9E1B, 0x9E1B, 0x9E1B, 0x9E1B, 0x9E1B,   // 0xFAA0 (64160) pixels
0x9E1B, 0x9E1B, 0x9E1B, 0x9E1B, 0x9E1B, 0x9E1B, 0x9E1B, 0x9E1B, 0x9E1B, 0x9E1B, 0x9E1B, 0x9E1B, 0x9E1B, 0x9E1B, 0x9E1B, 0x9E1B,   // 0xFAB0 (64176) pixels
0x9E1B, 0x9E1B, 0x9E1B, 0x9E1B, 0x9E1B, 0x9E1B, 0x9E1B, 0x9E1B, 0x9E1B, 0x9E1B, 0x9E1B, 0x9E1B, 0x9E1B, 0x9E1B, 0x9E1B, 0x9E1B,   // 0xFAC0 (64192) pixels
0x9E1B, 0x9E1B, 0x9E1B, 0x9E1B, 0x9E1B, 0x9E1B, 0x9E1B, 0x9E1B, 0x9E1B, 0x9DFA, 0x9DFA, 0x9DFA, 0x9E1B, 0x9E1B, 0x9E1B, 0x9E1B,   // 0xFAD0 (64208) pixels
0x9DBA, 0x84B7, 0x5B52, 0x4A4F, 0x62D2, 0x6AD3, 0x6272, 0x5A11, 0x59F0, 0x51F0, 0x51F0, 0x5210, 0x5231, 0x5A31, 0x5A51, 0x5A51,   // 0xFAE0 (64224) pixels
0x5A52, 0x5A52, 0x6272, 0x6272, 0x6272, 0x6292, 0x6292, 0x6292, 0x6292, 0x6293, 0x6AB3, 0x6AB3, 0x6AD3, 0x72F4, 0x72F4, 0x72F4,   // 0xFAF0 (64240) pixels
0x7314, 0x7314, 0x72F4, 0x6AD3, 0x6AD3, 0x6AD3, 0x62B2, 0x62B1, 0x6AF2, 0x9477, 0xAD39, 0xB59A, 0xBDDA, 0xB5D9, 0xB5B8, 0xAD98,   // 0xFB00 (64256) pixels
0xAD78, 0xAD78, 0xAD77, 0xA557, 0xA537, 0xA537, 0x9D16, 0x9CF6, 0x9CF5, 0x94D5, 0x94D5, 0x94D5, 0x94D5, 0x94D5, 0x94D5, 0x94D5,   // 0xFB10 (64272) pixels
0x9CD5, 0x9D16, 0xA557, 0xA557, 0x9536, 0x9D77, 0xA5D9, 0xA5FA, 0xA5FA, 0x9DFA, 0x9DFA, 0x9E1A, 0x9E1B, 0x9E1B, 0x9E1B, 0x9E1B,   // 0xFB20 (64288) pixels
0x9E1B, 0x9E1B, 0x9E1B, 0x9E1B, 0x9E1B, 0x9E1B, 0x9E1B, 0x9E1B, 0x9E1B, 0x9E1B, 0x9E1B, 0x9E1B, 0x9E1B, 0x9E1B, 0x9E1B, 0x9E1B,   // 0xFB30 (64304) pixels
0x9E1B, 0x9E1B, 0x9E1B, 0x9E1B, 0x9E1B, 0x9E1B, 0x9E1B, 0x9E1B, 0x9E1B, 0x9E1B, 0x9E1B, 0x9E1B, 0x9DFB, 0x9DFB, 0x9DFB, 0x9DFB,   // 0xFB40 (64320) pixels
0x9E1B, 0x9E1B, 0x9E1B, 0x9E1B, 0x9E1A, 0x9E1A, 0x9E1A, 0x9E1A, 0x9E1A, 0x9DFA, 0x9E1A, 0x9DFA, 0xA5F9, 0xBE7B, 0xCEFD, 0xDF3D,   // 0xFB50 (64336) pixels
0xE77E, 0xDF3D, 0xD6FC, 0xCEBC, 0xBE9B, 0xB65A, 0xA61A, 0xA61A, 0xA61A, 0x9E1A, 0x9E1B, 0x9E1B, 0x9E1B, 0x9E1B, 0x9E1B, 0x9E1B,   // 0xFB60 (64352) pixels
0x9DFB, 0x9DFB, 0x9DFB, 0x9DFB, 0x9DFB, 0x9DFB, 0x9DFB, 0x9DFB, 0x9DFB, 0x9DFB, 0x9DFB, 0x9DFB, 0x9DFB, 0x9DFB, 0x9DFB, 0x9DFB,   // 0xFB70 (64368) pixels
0x9DFB, 0x9DFB, 0x9DFB, 0x9DFB, 0x9DFB, 0x9DFB, 0x9DFB, 0x9DFB, 0x9DFB, 0x9DFB, 0x9DFB, 0x9DFB, 0x9DFB, 0x9DFB, 0x9DFB, 0x9DFB,   // 0xFB80 (64384) pixels
0x9E1B, 0x9E1B, 0x9E1B, 0x9E1B, 0x9E1B, 0x9E1B, 0x9E1B, 0x9E1B, 0x9E1B, 0x9E1B, 0x9E1B, 0x9E1B, 0x9E1B, 0x9E1B, 0x9E1B, 0x9E1B,   // 0xFB90 (64400) pixels
0x9DFB, 0x9DFB, 0x9DFB, 0x9DFB, 0x9E1B, 0x9E1B, 0x9E1B, 0x9E1B, 0x9E1A, 0x9E1A, 0x9E1A, 0x9E1A, 0x9E1A, 0xA61A, 0x9DFA, 0x9DD9,   // 0xFBA0 (64416) pixels
0x9DF9, 0xA5FA, 0xAE5A, 0xBEBC, 0xCF1D, 0xD73D, 0xCEDC, 0xC67B, 0xBE19, 0xB598, 0xA537, 0xA557, 0xA578, 0x9D99, 0x9DDA, 0x9DFA,   // 0xFBB0 (64432) pixels
0x9E1A, 0x9E1A, 0x9E1B, 0x9E1B, 0x9E1B, 0x9E1B, 0x9E1B, 0x9E1B, 0x9E1B, 0x9E1B, 0x9E1B, 0x9E1B, 0x9E1B, 0x9E1B, 0x9E1A, 0x9E1A,   // 0xFBC0 (64448) pixels
0x9E1B, 0x9E1B, 0x9E1B, 0x9E1B, 0x9E1B, 0x9E1B, 0x9E1B, 0x9E1B, 0x9E1B, 0x9E1B, 0x9E1B, 0x9E1B, 0x9E1B, 0x9E1B, 0x9E1B, 0x9E1B,   // 0xFBD0 (64464) pixels
0x9E1B, 0x9E1B, 0x9E1B, 0x9E1B, 0x9E1B, 0x9E1B, 0x9E1B, 0x9E1B, 0x9E1B, 0x9E1B, 0x9E1B, 0x9E1B, 0x9E1B, 0x9E1B, 0x9E1B, 0x9E1B,   // 0xFBE0 (64480) pixels
0x9E1B, 0x9E1B, 0x9E1B, 0x9E1B, 0x9E1B, 0x9E1B, 0x9E1B, 0x9E1B, 0x9E1B, 0x9E1B, 0x9E1B, 0x9E1B, 0x9E1B, 0x9E1B, 0x9E1B, 0x9E1B,   // 0xFBF0 (64496) pixels
0x9E1B, 0x9E1B, 0x9E1B, 0x9E1B, 0x9E1B, 0x9E1B, 0x9E1B, 0x9E1B, 0x9E1B, 0x9E1B, 0x9E1B, 0x9E1B, 0x9E1B, 0x9E1B, 0x9E1B, 0x9E1B,   // 0xFC00 (64512) pixels
0x9E1B, 0x9E1B, 0x9E1B, 0x9E1B, 0x9E1B, 0x9E1B, 0x9E1B, 0x9E1B, 0x9E1B, 0x9DFA, 0x9DFA, 0x9E1B, 0x9E1B, 0x9E1B, 0x9E1B, 0x9E1B,   // 0xFC10 (64528) pixels
0x9DBA, 0x7C97, 0x5B32, 0x422F, 0x62B2, 0x6AB3, 0x6A93, 0x6252, 0x5A31, 0x5A11, 0x5A31, 0x5A51, 0x5A72, 0x5A72, 0x5A72, 0x6272,   // 0xFC20 (64544) pixels
0x6272, 0x6272, 0x6272, 0x6292, 0x6292, 0x6293, 0x6293, 0x6AB3, 0x6AB3, 0x6AB3, 0x6AB3, 0x6AD3, 0x6AD3, 0x6AD4, 0x72F4, 0x72F4,   // 0xFC30 (64560) pixels
0x6AD3, 0x6AD3, 0x6AD3, 0x6AB3, 0x6AB3, 0x6AB3, 0x6292, 0x5A71, 0x62D1, 0x9436, 0xAD19, 0xB57A, 0xBDBA, 0xB5B9, 0xB5B8, 0xAD98,   // 0xFC40 (64576) pixels
0xAD78, 0xAD78, 0xAD77, 0xA557, 0xA537, 0xA537, 0xA516, 0x9D16, 0x9CF5, 0x9CD5, 0x94D5, 0x94D5, 0x94D5, 0x94D5, 0x94D5, 0x94D5,   // 0xFC50 (64592) pixels
0x94B5, 0x9CF6, 0xA537, 0x9D36, 0x9516, 0x9D57, 0xA5B9, 0xA5D9, 0xA5FA, 0x9DFA, 0x9DFA, 0x9E1A, 0x9E1B, 0x9E1B, 0x9E1B, 0x9E1B,   // 0xFC60 (64608) pixels
0x9E1B, 0x9E1B, 0x9E1B, 0x9E1B, 0x9E1B, 0x9E1B, 0x9E1B, 0x9E1B, 0x9E1B, 0x9E1B, 0x9E1B, 0x9E1B, 0x9E1B, 0x9E1B, 0x9E1B, 0x9E1B,   // 0xFC70 (64624) pixels
0x9E1B, 0x9E1B, 0x9E1B, 0x9E1B, 0x9E1B, 0x9E1B, 0x9E1B, 0x9E1B, 0x9E1B, 0x9E1B, 0x9E1B, 0x9E1B, 0x9DFB, 0x9DFB, 0x9DFB, 0x9DFB,   // 0xFC80 (64640) pixels
0x9E1B, 0x9E1B, 0x9E1B, 0x9E1B, 0x9E1A, 0x9E1A, 0x9E1A, 0x9E1A, 0x9E1A, 0x9DFA, 0x9DFA, 0x9DFA, 0xADFA, 0xBE9B, 0xD71D, 0xDF3E,   // 0xFC90 (64656) pixels
0xE75E, 0xDF3D, 0xD6FC, 0xCEDB, 0xBE9B, 0xB65A, 0xAE3A, 0xA61A, 0xA61A, 0x9E1A, 0x9E1B, 0x9E1B, 0x9E1B, 0x9E1B, 0x9E1B, 0x9E1B,   // 0xFCA0 (64672) pixels
0x9DFB, 0x9DFB, 0x9DFB, 0x9DFB, 0x9DFB, 0x9DFB, 0x9DFB, 0x9DFB, 0x9DFB, 0x9DFB, 0x9DFB, 0x9DFB, 0x9DFB, 0x9DFB, 0x9DFB, 0x9DFB,   // 0xFCB0 (64688) pixels
0x9DFB, 0x9DFB, 0x9DFB, 0x9DFB, 0x9DFB, 0x9DFB, 0x9DFB, 0x9DFB, 0x9DFB, 0x9DFB, 0x9DFB, 0x9DFB, 0x9DFB, 0x9DFB, 0x9DFB, 0x9DFB,   // 0xFCC0 (64704) pixels
0x9E1B, 0x9E1B, 0x9E1B, 0x9E1B, 0x9E1B, 0x9E1B, 0x9E1B, 0x9E1B, 0x9E1B, 0x9E1B, 0x9E1B, 0x9E1B, 0x9E1B, 0x9E1B, 0x9E1B, 0x9E1B,   // 0xFCD0 (64720) pixels
0x9DFB, 0x9DFB, 0x9DFB, 0x9DFB, 0x9E1B, 0x9E1B, 0x9E1B, 0x9E1B, 0x9E1A, 0x9DFA, 0x9DFA, 0xA61A, 0xA61A, 0xA61A, 0xA5F9, 0x9DD9,   // 0xFCE0 (64736) pixels
0xA5F9, 0xB65A, 0xC6BC, 0xCF1D, 0xD73D, 0xCEFD, 0xC69B, 0xBE19, 0xB5B8, 0xA577, 0x9D36, 0x9D57, 0xA599, 0xA5DA, 0xA5DA, 0x9DFA,   // 0xFCF0 (64752) pixels
0x9E1A, 0x9E1A, 0x9E1A, 0x9E1A, 0x9E1B, 0x9E1B, 0x9E1B, 0x9E1B, 0x9E1B, 0x9E1B, 0x9E1B, 0x9E1B, 0x9E1B, 0x9E1B, 0x9E1A, 0x9E1A,   // 0xFD00 (64768) pixels
0x9E1B, 0x9E1B, 0x9E1B, 0x9E1B, 0x9E1B, 0x9E1B, 0x9E1B, 0x9E1B, 0x9E1B, 0x9E1B, 0x9E1B, 0x9E1B, 0x9E1B, 0x9E1B, 0x9E1B, 0x9E1B,   // 0xFD10 (64784) pixels
0x9E1B, 0x9E1B, 0x9E1B, 0x9E1B, 0x9E1B, 0x9E1B, 0x9E1B, 0x9E1B, 0x9E1B, 0x9E1B, 0x9E1B, 0x9E1B, 0x9E1B, 0x9E1B, 0x9E1B, 0x9E1B,   // 0xFD20 (64800) pixels
0x9E1B, 0x9E1B, 0x9E1B, 0x9E1B, 0x9E1B, 0x9E1B, 0x9E1B, 0x9E1B, 0x9E1B, 0x9E1B, 0x9E1B, 0x9E1B, 0x9E1B, 0x9E1B, 0x9E1B, 0x9E1B,   // 0xFD30 (64816) pixels
0x9E1B, 0x9E1B, 0x9E1B, 0x9E1B, 0x9E1B, 0x9E1B, 0x9E1B, 0x9E1B, 0x9E1B, 0x9E1B, 0x9E1B, 0x9E1B, 0x9E1B, 0x9E1B, 0x9E1B, 0x9E1B,   // 0xFD40 (64832) pixels
0x9E1B, 0x9E1B, 0x9E1B, 0x9E1B, 0x9E1B, 0x9E1B, 0x9E1B, 0x9E1B, 0x9E1B, 0x9DFA, 0x9DFA, 0x9E1B, 0x9E1B, 0x9E1B, 0x9E1B, 0x9E1B,   // 0xFD50 (64848) pixels
0x9D9A, 0x8497, 0x5B32, 0x4A2F, 0x6292, 0x6AB3, 0x72B3, 0x6A93, 0x6272, 0x6252, 0x5A52, 0x6272, 0x6292, 0x6292, 0x6293, 0x6AB3,   // 0xFD60 (64864) pixels
0x6293, 0x6293, 0x6293, 0x6293, 0x6293, 0x6AB3, 0x6AB3, 0x6AB3, 0x6AB3, 0x6AB3, 0x6AB3, 0x6AB3, 0x6AB3, 0x6AB3, 0x6AB3, 0x6AB3,   // 0xFD70 (64880) pixels
0x62B2, 0x62B2, 0x6292, 0x6292, 0x6292, 0x6292, 0x6271, 0x5A51, 0x6291, 0x8BF6, 0xA4D8, 0xB559, 0xB5B9, 0xB598, 0xAD98, 0xAD77,   // 0xFD80 (64896) pixels
0xAD78, 0xAD78, 0xA577, 0xA557, 0xA557, 0xA537, 0xA537, 0x9D16, 0x9CF6, 0x94F5, 0x94D5, 0x94D5, 0x94D5, 0x94D5, 0x94D5, 0x94B5,   // 0xFD90 (64912) pixels
0x94B5, 0x9CD5, 0x9D16, 0x9D16, 0x94F6, 0x9557, 0x9DB9, 0x9DD9, 0xA5FA, 0x9DFA, 0x9DFA, 0x9E1A, 0x9E1B, 0x9E1B, 0x9E1B, 0x9E1B,   // 0xFDA0 (64928) pixels
0x9E1B, 0x9E1B, 0x9E1B, 0x9E1B, 0x9E1B, 0x9E1B, 0x9E1B, 0x9E1B, 0x9E1B, 0x9E1B, 0x9E1B, 0x9E1B, 0x9E1B, 0x9E1B, 0x9E1B, 0x9E1B,   // 0xFDB0 (64944) pixels
0x9E1B, 0x9E1B, 0x9E1B, 0x9E1B, 0x9E1B, 0x9E1B, 0x9E1B, 0x9E1B, 0x9E1B, 0x9E1B, 0x9E1B, 0x9E1B, 0x9E1B, 0x9E1B, 0x9E1B, 0x9E1B,   // 0xFDC0 (64960) pixels
0x9E1B, 0x9E1B, 0x9E1B, 0x9E1B, 0x9E1A, 0x9E1A, 0x9E1A, 0x9E1A, 0x9E1B, 0x9DFA, 0x9DFA, 0x9DFA, 0xADFA, 0xBE9C, 0xD71D, 0xDF3D,   // 0xFDD0 (64976) pixels
0xE75E, 0xDF3D, 0xD6FC, 0xCEDC, 0xBE9B, 0xB65A, 0xAE3A, 0xA61A, 0xA61A, 0x9E1A, 0x9E1B, 0x9E1B, 0x9E1B, 0x9E1B, 0x9E1B, 0x9E1B,   // 0xFDE0 (64992) pixels
0x9DFB, 0x9DFB, 0x9DFB, 0x9DFB, 0x9DFB, 0x9DFB, 0x9DFB, 0x9DFB, 0x9DFB, 0x9DFB, 0x9DFB, 0x9DFB, 0x9DFB, 0x9DFB, 0x9DFB, 0x9DFB,   // 0xFDF0 (65008) pixels
0x9DFB, 0x9DFB, 0x9DFB, 0x9DFB, 0x9DFB, 0x9DFB, 0x9DFB, 0x9DFB, 0x9DFB, 0x9DFB, 0x9DFB, 0x9DFB, 0x9DFB, 0x9DFB, 0x9DFB, 0x9DFB,   // 0xFE00 (65024) pixels
0x9E1B, 0x9E1B, 0x9E1B, 0x9E1B, 0x9E1B, 0x9E1B, 0x9E1B, 0x9E1B, 0x9E1B, 0x9E1B, 0x9E1B, 0x9E1B, 0x9E1B, 0x9E1B, 0x9E1B, 0x9E1B,   // 0xFE10 (65040) pixels
0x9DFB, 0x9DFB, 0x9DFB, 0x9E1B, 0x9E1B, 0x9E1B, 0x9E1B, 0x9E1B, 0x9E1A, 0x9DFA, 0x9DFA, 0xA61A, 0xA61A, 0xA5F9, 0xA5F9, 0xAE1A,   // 0xFE20 (65056) pixels
0xB61A, 0xC69B, 0xD71D, 0xD71D, 0xCEFC, 0xC69B, 0xBE3A, 0xADB8, 0xA557, 0x9D37, 0x9D37, 0x9D78, 0xA5B9, 0xA5DA, 0xA5FA, 0x9DFB,   // 0xFE30 (65072) pixels
0x9E1A, 0x9E1A, 0x9E1A, 0x9E1A, 0x9E1B, 0x9E1B, 0x9E1B, 0x9E1B, 0x9E1B, 0x9E1B, 0x9E1B, 0x9E1B, 0x9E1B, 0x9E1B, 0x9E1A, 0x9E1A,   // 0xFE40 (65088) pixels
0x9E1B, 0x9E1B, 0x9E1B, 0x9E1B, 0x9E1B, 0x9E1B, 0x9E1B, 0x9E1B, 0x9E1B, 0x9E1B, 0x9E1B, 0x9E1B, 0x9E1B, 0x9E1B, 0x9E1B, 0x9E1B,   // 0xFE50 (65104) pixels
0x9E1B, 0x9E1B, 0x9E1B, 0x9E1B, 0x9E1B, 0x9E1B, 0x9E1B, 0x9E1B, 0x9E1B, 0x9E1B, 0x9E1B, 0x9E1B, 0x9E1B, 0x9E1B, 0x9E1B, 0x9E1B,   // 0xFE60 (65120) pixels
0x9E1B, 0x9E1B, 0x9E1B, 0x9E1B, 0x9E1B, 0x9E1B, 0x9E1B, 0x9E1B, 0x9E1B, 0x9E1B, 0x9E1B, 0x9E1B, 0x9E1B, 0x9E1B, 0x9E1B, 0x9E1B,   // 0xFE70 (65136) pixels
0x9E1B, 0x9E1B, 0x9E1B, 0x9E1B, 0x9E1B, 0x9E1B, 0x9E1B, 0x9E1B, 0x9E1B, 0x9E1B, 0x9E1B, 0x9E1B, 0x9E1B, 0x9E1B, 0x9E1B, 0x9E1B,   // 0xFE80 (65152) pixels
0x9E1B, 0x9E1B, 0x9E1B, 0x9E1B, 0x9E1B, 0x9E1B, 0x9E1B, 0x9E1B, 0x9E1B, 0x9DFA, 0x9DFA, 0x9E1B, 0x9E1B, 0x9E1B, 0x9E1B, 0x9DFB,   // 0xFE90 (65168) pixels
0x9D9A, 0x84B7, 0x6353, 0x4A50, 0x6292, 0x6AB3, 0x72B4, 0x72B4, 0x6A93, 0x6293, 0x6292, 0x6292, 0x62B3, 0x6293, 0x6A93, 0x6AB3,   // 0xFEA0 (65184) pixels
0x6293, 0x6293, 0x6293, 0x6293, 0x6293, 0x6293, 0x6293, 0x6293, 0x6292, 0x6292, 0x6272, 0x6272, 0x6272, 0x6272, 0x6272, 0x6272,   // 0xFEB0 (65200) pixels
0x5A72, 0x6292, 0x6272, 0x6272, 0x6272, 0x6272, 0x5A51, 0x5A30, 0x6291, 0x83D5, 0xA4B8, 0xAD59, 0xB59A, 0xAD78, 0xAD77, 0xAD77,   // 0xFEC0 (65216) pixels
0xA557, 0xA577, 0xA557, 0xA557, 0xA557, 0xA557, 0xA537, 0x9D36, 0x9CF6, 0x9CF6, 0x94D5, 0x94D5, 0x94D5, 0x94D5, 0x94D5, 0x94B5,   // 0xFED0 (65232) pixels
0x94B5, 0x94D5, 0x9CF6, 0x94F6, 0x94F6, 0x9537, 0x9D98, 0x9DB9, 0xA5FA, 0x9DFA, 0x9DFA, 0x9E1A, 0x9E1B, 0x9E1B, 0x9E1B, 0x9E1B,   // 0xFEE0 (65248) pixels
0x9E1B, 0x9E1B, 0x9E1B, 0x9E1B, 0x9E1B, 0x9E1B, 0x9E1B, 0x9E1B, 0x9E1B, 0x9E1B, 0x9E1B, 0x9E1B, 0x9E1B, 0x9E1B, 0x9E1B, 0x9E1B,   // 0xFEF0 (65264) pixels
0x9E1B, 0x9E1B, 0x9E1B, 0x9E1B, 0x9E1B, 0x9E1B, 0x9E1B, 0x9E1B, 0x9E1B, 0x9E1B, 0x9E1B, 0x9E1B, 0x9E1B, 0x9E1B, 0x9E1B, 0x9E1B,   // 0xFF00 (65280) pixels
0x9E1B, 0x9E1B, 0x9E1B, 0x9E1B, 0x9E1A, 0x9E1A, 0x9E1A, 0x9E1A, 0x9E1A, 0x9DFA, 0x9DFA, 0x9DFA, 0xAE1A, 0xBE9B, 0xD71D, 0xDF3D,   // 0xFF10 (65296) pixels
0xE75E, 0xDF3D, 0xD6FC, 0xCEDC, 0xBE9B, 0xB65A, 0xA61A, 0xA61A, 0xA61A, 0x9E1A, 0x9E1B, 0x9E1B, 0x9E1B, 0x9E1B, 0x9E1B, 0x9E1B,   // 0xFF20 (65312) pixels
0x9E1B, 0x9E1B, 0x9E1B, 0x9E1B, 0x9E1B, 0x9E1B, 0x9E1B, 0x9E1B, 0x9E1B, 0x9E1B, 0x9E1B, 0x9E1B, 0x9E1B, 0x9E1B, 0x9E1B, 0x9E1B,   // 0xFF30 (65328) pixels
0x9E1B, 0x9E1B, 0x9E1B, 0x9E1B, 0x9E1B, 0x9E1B, 0x9E1B, 0x9E1B, 0x9E1B, 0x9E1B, 0x9E1B, 0x9E1B, 0x9E1B, 0x9E1B, 0x9E1B, 0x9E1B,   // 0xFF40 (65344) pixels
0x9E1B, 0x9E1B, 0x9E1B, 0x9E1B, 0x9E1B, 0x9E1B, 0x9E1B, 0x9E1B, 0x9E1B, 0x9E1B, 0x9E1B, 0x9E1B, 0x9E1B, 0x9E1B, 0x9E1B, 0x9E1B,   // 0xFF50 (65360) pixels
0x9DFB, 0x9DFB, 0x9DFB, 0x9E1B, 0x9E1B, 0x9E1B, 0x9E1B, 0x9E1B, 0x9E1B, 0x9E1A, 0x9DFA, 0xA61A, 0xA5FA, 0xA5F9, 0xAE1A, 0xB63A,   // 0xFF60 (65376) pixels
0xC69B, 0xD6FC, 0xD71D, 0xCEDC, 0xC67B, 0xB619, 0xADB8, 0xA577, 0x9D16, 0x9D37, 0xA578, 0xA599, 0xA5DA, 0xA5DA, 0x9DFA, 0xA61B,   // 0xFF70 (65392) pixels
0x9E1A, 0x9E1A, 0x9E1A, 0x9E1A, 0x9E1A, 0x9E1A, 0x9E1B, 0x9E1B, 0x9E1B, 0x9E1B, 0x9E1B, 0x9E1B, 0x9E1B, 0x9E1B, 0x9E1B, 0x9E1B,   // 0xFF80 (65408) pixels
0x9E1B, 0x9E1B, 0x9E1B, 0x9E1B, 0x9E1B, 0x9E1B, 0x9E1B, 0x9E1B, 0x9E1B, 0x9E1B, 0x9E1B, 0x9E1B, 0x9E1B, 0x9E1B, 0x9E1B, 0x9E1B,   // 0xFF90 (65424) pixels
0x9E1B, 0x9E1B, 0x9E1B, 0x9E1B, 0x9E1B, 0x9E1B, 0x9E1B, 0x9E1B, 0x9E1B, 0x9E1B, 0x9E1B, 0x9E1B, 0x9E1B, 0x9E1B, 0x9E1B, 0x9E1B,   // 0xFFA0 (65440) pixels
0x9E1B, 0x9E1B, 0x9E1B, 0x9E1B, 0x9E1B, 0x9E1B, 0x9E1B, 0x9E1B, 0x9E1B, 0x9E1B, 0x9E1B, 0x9E1B, 0x9E1B, 0x9E1B, 0x9E1B, 0x9E1B,   // 0xFFB0 (65456) pixels
0x9E1B, 0x9E1B, 0x9E1B, 0x9E1B, 0x9E1B, 0x9E1B, 0x9E1B, 0x9E1B, 0x9E1B, 0x9E1B, 0x9E1B, 0x9E1B, 0x9E1B, 0x9E1B, 0x9E1B, 0x9E1B,   // 0xFFC0 (65472) pixels
0x9E1B, 0x9E1B, 0x9E1B, 0x9E1B, 0x9E1B, 0x9E1B, 0x9E1B, 0x9E1B, 0x9DFA, 0x9DFA, 0x9DFA, 0x9E1B, 0x9E1B, 0x9E1B, 0x9E1B, 0x9DFB,   // 0xFFD0 (65488) pixels
0x9DBA, 0x8CD8, 0x6B94, 0x5270, 0x62B2, 0x6AB3, 0x72D4, 0x72B4, 0x6AB3, 0x6293, 0x6292, 0x6292, 0x6292, 0x6272, 0x6272, 0x6272,   // 0xFFE0 (65504) pixels
0x6272, 0x6272, 0x6272, 0x6272, 0x6272, 0x6272, 0x6272, 0x6272, 0x5A52, 0x5A52, 0x5A52, 0x5A52, 0x5A52, 0x5A52, 0x5A52, 0x5A51,   // 0xFFF0 (65520) pixels
0x5A51, 0x5A71, 0x5A52, 0x5A51, 0x6252, 0x6252, 0x5A31, 0x5210, 0x5A71, 0x83B5, 0x9C77, 0xAD39, 0xB5BA, 0xAD78, 0xAD77, 0xA577,   // 0x10000 (65536) pixels
0xA557, 0xA557, 0xA557, 0xA557, 0xA557, 0xA557, 0xA537, 0x9D36, 0x9D16, 0x9CF6, 0x94F5, 0x94D5, 0x94D5, 0x94D5, 0x94D5, 0x94B5,   // 0x10010 (65552) pixels
0x94B5, 0x94D5, 0x94F6, 0x94F6, 0x8CF6, 0x9536, 0x9D98, 0x9DB9, 0xA5FA, 0x9DFA, 0x9DFA, 0x9E1A, 0x9E1B, 0x9E1B, 0x9E1B, 0x9E1B,   // 0x10020 (65568) pixels
0x9DFA, 0x9DFA, 0x9DFA, 0x9DFA, 0x9DFA, 0x9DFA, 0x9DFA, 0x9DFA, 0x9E1B, 0x9E1B, 0x9E1B, 0x9E1B, 0x9E1B, 0x9E1B, 0x9E1B, 0x9E1B,   // 0x10030 (65584) pixels
0x9E1B, 0x9E1B, 0x9E1B, 0x9E1B, 0x9E1B, 0x9E1B, 0x9E1B, 0x9E1B, 0x9E1B, 0x9E1B, 0x9E1B, 0x9E1B, 0x9E1B, 0x9E1B, 0x9E1B, 0x9E1B,   // 0x10040 (65600) pixels
0x9E1B, 0x9E1B, 0x9E1B, 0x9E1B, 0x9E1A, 0x9E1A, 0x9E1A, 0x9E1A, 0x9E1B, 0x9E1A, 0x9E1A, 0x9DFA, 0xADF9, 0xBE9B, 0xD71D, 0xDF3D,   // 0x10050 (65616) pixels
0xE75D, 0xDF3D, 0xD6FC, 0xCEBB, 0xBE7B, 0xB63A, 0xA619, 0x9DFA, 0xA61A, 0x9E1A, 0x9E1A, 0x9E1B, 0x9E1B, 0x9E1A, 0xA61A, 0xA61A,   // 0x10060 (65632) pixels
0x9E1B, 0x9E1B, 0x9E1B, 0x9E1B, 0x9E1B, 0x9E1B, 0x9E1B, 0x9E1B, 0x9E1B, 0x9E1B, 0x9E1B, 0x9E1B, 0x9E1B, 0x9E1B, 0x9E1B, 0x9E1B,   // 0x10070 (65648) pixels
0x9E1B, 0x9E1B, 0x9E1B, 0x9E1B, 0x9E1B, 0x9E1B, 0x9E1B, 0x9E1B, 0x9E1B, 0x9E1B, 0x9E1B, 0x9E1B, 0x9E1B, 0x9E1B, 0x9E1B, 0x9E1B,   // 0x10080 (65664) pixels
0x9E1B, 0x9E1B, 0x9E1B, 0x9E1B, 0x9E1B, 0x9E1B, 0x9E1B, 0x9E1B, 0x9E1B, 0x9E1B, 0x9E1B, 0x9E1B, 0x9E1B, 0x9E1B, 0x9E1B, 0x9E1B,   // 0x10090 (65680) pixels
0x9DFB, 0x9E1B, 0x9E1B, 0x9E1B, 0x9E1B, 0x9E1B, 0x9E1B, 0x9E1B, 0xA63B, 0xA61A, 0xA61A, 0xA5FA, 0xA5FA, 0xADFA, 0xB63A, 0xBE7B,   // 0x100A0 (65696) pixels
0xD6FD, 0xDEFD, 0xD6DC, 0xC67A, 0xB5F9, 0xADB8, 0xA577, 0x9D57, 0x9D37, 0x9D58, 0xA599, 0xA5DA, 0xA5DA, 0xA5FA, 0xA5FB, 0xA61B,   // 0x100B0 (65712) pixels
0x9E1A, 0x9E1A, 0x9E1A, 0x9E1A, 0x9E1A, 0x9E1A, 0x9E1B, 0x9E1B, 0x9E1B, 0x9E1B, 0x9E1B, 0x9E1B, 0x9E1B, 0x9E1B, 0x9E1B, 0x9E1B,   // 0x100C0 (65728) pixels
0x9E1B, 0x9E1B, 0x9E1B, 0x9E1B, 0x9E1B, 0x9E1B, 0x9E1B, 0x9E1B, 0x9E1B, 0x9E1B, 0x9E1B, 0x9E1B, 0x9E1B, 0x9E1B, 0x9E1B, 0x9E1B,   // 0x100D0 (65744) pixels
0x9E1B, 0x9E1B, 0x9E1B, 0x9E1B, 0x9E1B, 0x9E1B, 0x9E1B, 0x9E1B, 0x9E1B, 0x9E1B, 0x9E1B, 0x9E1B, 0x9E1B, 0x9E1B, 0x9E1B, 0x9E1B,   // 0x100E0 (65760) pixels
0x9E1B, 0x9E1B, 0x9E1B, 0x9E1B, 0x9E1B, 0x9E1B, 0x9E1B, 0x9E1B, 0x9E1B, 0x9E1B, 0x9E1B, 0x9E1B, 0x9E1B, 0x9E1B, 0x9E1B, 0x9E1B,   // 0x100F0 (65776) pixels
0x9E1B, 0x9E1B, 0x9E1B, 0x9E1B, 0x9E1B, 0x9E1B, 0x9E1B, 0x9E1B, 0x9E1B, 0x9E1B, 0x9E1B, 0x9E1B, 0x9E1B, 0x9E1B, 0x9E1B, 0x9E1B,   // 0x10100 (65792) pixels
0x9E1B, 0x9E1B, 0x9E1B, 0x9E1B, 0x9E1B, 0x9E1B, 0x9E1B, 0x9E1B, 0x9DFA, 0x9DFA, 0x9DFA, 0x9E1B, 0x9E1B, 0x9E1B, 0x9E1B, 0x9DFB,   // 0x10110 (65808) pixels
0x9DBA, 0x8CF8, 0x73B4, 0x52B1, 0x62B3, 0x6AB3, 0x6AB4, 0x6AB3, 0x6AB3, 0x6292, 0x5A72, 0x5A71, 0x5A71, 0x5A51, 0x6251, 0x6251,   // 0x10120 (65824) pixels
0x5A52, 0x5A52, 0x5A52, 0x5A52, 0x5A52, 0x5A52, 0x5A51, 0x5A51, 0x5A51, 0x5A51, 0x5A51, 0x5A51, 0x5A51, 0x5A51, 0x5A51, 0x5A51,   // 0x10130 (65840) pixels
0x5A51, 0x5A71, 0x5A51, 0x5A51, 0x6252, 0x5A51, 0x5A31, 0x5210, 0x5A50, 0x7B74, 0x9436, 0xAD18, 0xB5BA, 0xAD98, 0xAD77, 0xAD97,   // 0x10140 (65856) pixels
0xA557, 0xA557, 0xA557, 0xA557, 0xA557, 0xA557, 0xA537, 0x9D36, 0x9D16, 0x9CF6, 0x9CF6, 0x94D5, 0x94D5, 0x94D5, 0x94D5, 0x94B5,   // 0x10150 (65872) pixels
0x94B5, 0x94B5, 0x94D5, 0x94F5, 0x8CF5, 0x9536, 0x9D78, 0x9DB8, 0xA5FA, 0x9DFA, 0x9DFA, 0x9E1A, 0x9E1B, 0x9E1B, 0x9E1B, 0x9E1B,   // 0x10160 (65888) pixels
0x9DFA, 0x9DFA, 0x9DFA, 0x9DFA, 0x9DFA, 0x9DFA, 0x9DFA, 0x9DFA, 0x9E1B, 0x9E1B, 0x9E1B, 0x9E1B, 0x9E1B, 0x9E1B, 0x9E1B, 0x9E1B,   // 0x10170 (65904) pixels
0x9E1B, 0x9E1B, 0x9E1B, 0x9E1B, 0x9E1B, 0x9E1B, 0x9E1B, 0x9E1B, 0x9E1B, 0x9E1B, 0x9E1B, 0x9E1B, 0x9E1B, 0x9E1B, 0x9E1B, 0x9E1B,   // 0x10180 (65920) pixels
0x9E1B, 0x9E1B, 0x9E1B, 0x9E1B, 0x9E1A, 0x9E1A, 0x9E1A, 0x9E1A, 0x9E1A, 0x9E1A, 0x9E1A, 0xA5FA, 0xADF9, 0xBE7B, 0xD71D, 0xDF3D,   // 0x10190 (65936) pixels
0xE77E, 0xE73D, 0xD6FC, 0xCEDC, 0xBE9B, 0xB63A, 0xA5F9, 0xA5F9, 0xA61A, 0x9E1A, 0x9E1A, 0x9E1A, 0xA61A, 0xA61A, 0xA5FA, 0xA61A,   // 0x101A0 (65952) pixels
0x9E1B, 0x9E1B, 0x9E1B, 0x9E1B, 0x9E1B, 0x9E1B, 0x9E1B, 0x9E1B, 0x9E1B, 0x9E1B, 0x9E1B, 0x9E1B, 0x9E1B, 0x9E1B, 0x9E1B, 0x9E1B,   // 0x101B0 (65968) pixels
0x9E1B, 0x9E1B, 0x9E1B, 0x9E1B, 0x9E1B, 0x9E1B, 0x9E1B, 0x9E1B, 0x9E1B, 0x9E1B, 0x9E1B, 0x9E1B, 0x9E1B, 0x9E1B, 0x9E1B, 0x9E1B,   // 0x101C0 (65984) pixels
0x9E1B, 0x9E1B, 0x9E1B, 0x9E1B, 0x9E1B, 0x9E1B, 0x9E1B, 0x9E1B, 0x9E1B, 0x9E1B, 0x9E1B, 0x9E1B, 0x9E1B, 0x9E1B, 0x9E1B, 0x9E1B,   // 0x101D0 (66000) pixels
0x9E1B, 0x9E1B, 0x9E1B, 0x9E1B, 0x9E1B, 0x9E1B, 0x9E1B, 0x9E1B, 0xA63B, 0xA63B, 0xA61A, 0xA61A, 0xAE1A, 0xB67B, 0xC69C, 0xCEBC,   // 0x101E0 (66016) pixels
0xDEFC, 0xD6BB, 0xC65A, 0xB5F9, 0xAD97, 0xA577, 0x9D57, 0x9D57, 0xA578, 0xA5B9, 0xADDA, 0xADFA, 0xA5FA, 0xA5FA, 0xA5FB, 0xA61B,   // 0x101F0 (66032) pixels
0xA61A, 0xA61A, 0xA61A, 0xA61A, 0xA61A, 0xA61A, 0x9E1A, 0x9E1A, 0x9E1B, 0x9E1B, 0x9E1B, 0x9E1B, 0x9E1B, 0x9E1B, 0x9E1B, 0x9E1B,   // 0x10200 (66048) pixels
0x9E1B, 0x9E1B, 0x9E1B, 0x9E1B, 0x9E1B, 0x9E1B, 0x9E1B, 0x9E1B, 0x9E1B, 0x9E1B, 0x9E1B, 0x9E1B, 0x9E1B, 0x9E1B, 0x9E1B, 0x9E1B,   // 0x10210 (66064) pixels
0x9E1B, 0x9E1B, 0x9E1B, 0x9E1B, 0x9E1B, 0x9E1B, 0x9E1B, 0x9E1B, 0x9E1B, 0x9E1B, 0x9E1B, 0x9E1B, 0x9E1B, 0x9E1B, 0x9E1B, 0x9E1B,   // 0x10220 (66080) pixels
0x9E1B, 0x9E1B, 0x9E1B, 0x9E1B, 0x9E1B, 0x9E1B, 0x9E1B, 0x9E1B, 0x9E1B, 0x9E1B, 0x9E1B, 0x9E1B, 0x9E1B, 0x9E1B, 0x9E1B, 0x9E1B,   // 0x10230 (66096) pixels
0x9E1B, 0x9E1B, 0x9E1B, 0x9E1B, 0x9E1B, 0x9E1B, 0x9E1B, 0x9E1B, 0x9E1B, 0x9E1B, 0x9E1B, 0x9E1B, 0x9E1B, 0x9E1B, 0x9E1B, 0x9E1B,   // 0x10240 (66112) pixels
0x9E1B, 0x9E1B, 0x9E1B, 0x9E1B, 0x9E1B, 0x9E1B, 0x9E1B, 0x9E1B, 0x9DFA, 0x9DFA, 0x9DFA, 0x9E1B, 0x9E1B, 0x9E1B, 0x9DFA, 0x9DFB,   // 0x10250 (66128) pixels
0x9DBA, 0x8D18, 0x73D5, 0x5AB1, 0x62B2, 0x6292, 0x6A93, 0x6AB3, 0x6292, 0x5A72, 0x5251, 0x5251, 0x5A51, 0x5A51, 0x6231, 0x6231,   // 0x10260 (66144) pixels
0x5A31, 0x5A31, 0x5A31, 0x5A31, 0x5A31, 0x5A51, 0x5A51, 0x5A51, 0x5A31, 0x5A51, 0x5A51, 0x5A51, 0x5A51, 0x5A52, 0x5A52, 0x5A51,   // 0x10270 (66160) pixels
0x5A51, 0x5A51, 0x5A51, 0x5A51, 0x6252, 0x5A51, 0x5A31, 0x5210, 0x5A50, 0x7333, 0x8C15, 0xA4F8, 0xB59A, 0xAD78, 0xAD77, 0xAD77,   // 0x10280 (66176) pixels
0xA557, 0xA557, 0xA557, 0xA557, 0xA557, 0xA557, 0xA537, 0x9D36, 0x9D16, 0x9D16, 0x94F6, 0x94F5, 0x94D5, 0x94D5, 0x94D5, 0x94D5,   // 0x10290 (66192) pixels
0x94B5, 0x8CB4, 0x94D5, 0x94F5, 0x8CF6, 0x9536, 0x9D98, 0x9DB9, 0xA5FA, 0x9DFA, 0x9DFA, 0x9E1A, 0x9E1B, 0x9E1B, 0x9E1B, 0x9E1B,   // 0x102A0 (66208) pixels
0x9E1B, 0x9E1B, 0x9E1B, 0x9E1B, 0x9E1B, 0x9E1B, 0x9E1B, 0x9E1B, 0x9E1B, 0x9E1B, 0x9E1B, 0x9E1B, 0x9E1B, 0x9E1B, 0x9E1B, 0x9E1B,   // 0x102B0 (66224) pixels
0x9E1B, 0x9E1B, 0x9E1B, 0x9E1B, 0x9E1B, 0x9E1B, 0x9E1B, 0x9E1B, 0x9E1B, 0x9E1B, 0x9E1B, 0x9E1B, 0x9E1B, 0x9E1B, 0x9E1B, 0x9E1B,   // 0x102C0 (66240) pixels
0x9E1B, 0x9E1B, 0x9E1B, 0x9E1B, 0x9E1B, 0x9E1B, 0x9E1B, 0x9E1A, 0x9E1A, 0x9E1A, 0xA61A, 0xA5FA, 0xADF9, 0xBE7B, 0xD71D, 0xDF5E,   // 0x102D0 (66256) pixels
0xEF7E, 0xE75D, 0xDF1C, 0xD6DC, 0xC69B, 0xB63A, 0xA61A, 0xA5FA, 0xA61A, 0xA61B, 0xA61B, 0x9E1B, 0xA61B, 0xA61A, 0xA61A, 0xA61A,   // 0x102E0 (66272) pixels
0x9E1B, 0x9E1B, 0x9E1B, 0x9E1B, 0x9E1B, 0x9E1B, 0x9E1B, 0x9E1B, 0x9E1B, 0x9E1B, 0x9E1B, 0x9E1B, 0x9E1B, 0x9E1B, 0x9E1B, 0x9E1B,   // 0x102F0 (66288) pixels
0x9E1B, 0x9E1B, 0x9E1B, 0x9E1B, 0x9E1B, 0x9E1B, 0x9E1B, 0x9E1B, 0x9E1B, 0x9E1B, 0x9E1B, 0x9E1B, 0x9E1B, 0x9E1B, 0x9E1B, 0x9E1B,   // 0x10300 (66304) pixels
0x9E1B, 0x9E1A, 0x9E1B, 0x9E1B, 0x9E1B, 0x9E1B, 0x9E1B, 0x9E1B, 0x9E1B, 0x9E1B, 0x9E1B, 0x9E1B, 0x9E1B, 0x9E1B, 0x9E1B, 0x9E1B,   // 0x10310 (66320) pixels
0x9E1B, 0x9E1B, 0x9E1B, 0x9E1B, 0x9E1B, 0x9E1B, 0x9E1B, 0x9E1B, 0xA63B, 0xA61A, 0xA5FA, 0xA5FA, 0xB65B, 0xC6DD, 0xD71D, 0xD6FD,   // 0x10320 (66336) pixels
0xD69B, 0xCE5A, 0xBDF9, 0xAD98, 0xA577, 0x9D57, 0x9D57, 0x9D78, 0xA5BA, 0xADDA, 0xADFA, 0xA5FA, 0xA5FA, 0xA5FA, 0xA61B, 0x9E1A,   // 0x10330 (66352) pixels
0x9E1A, 0x9E1A, 0xA61A, 0x9E1A, 0xA61A, 0x9E1A, 0x9E1A, 0x9E1A, 0x9E1B, 0x9E1B, 0x9E1B, 0x9E1B, 0x9E1B, 0x9E1B, 0x9E1B, 0x9E1B,   // 0x10340 (66368) pixels
0x9E1B, 0x9E1B, 0x9E1B, 0x9E1B, 0x9E1B, 0x9E1B, 0x9E1B, 0x9E1B, 0x9E1B, 0x9E1B, 0x9E1B, 0x9E1B, 0x9E1B, 0x9E1B, 0x9E1B, 0x9E1B,   // 0x10350 (66384) pixels
0x9E1B, 0x9E1B, 0x9E1B, 0x9E1B, 0x9E1B, 0x9E1B, 0x9E1B, 0x9E1B, 0x9E1B, 0x9E1B, 0x9E1B, 0x9E1B, 0x9E1B, 0x9E1B, 0x9E1B, 0x9E1B,   // 0x10360 (66400) pixels
0x9E1B, 0x9E1B, 0x9E1B, 0x9E1B, 0x9E1B, 0x9E1B, 0x9E1B, 0x9E1B, 0x9E1B, 0x9E1B, 0x9E1B, 0x9E1B, 0x9E1B, 0x9E1B, 0x9E1B, 0x9E1B,   // 0x10370 (66416) pixels
0x9E1B, 0x9E1B, 0x9E1B, 0x9E1B, 0x9E1B, 0x9E1B, 0x9E1B, 0x9E1B, 0x9E1B, 0x9E1B, 0x9E1B, 0x9E1B, 0x9E1B, 0x9E1B, 0x9E1B, 0x9E1B,   // 0x10380 (66432) pixels
0x9E1B, 0x9E1B, 0x9E1B, 0x9E1B, 0x9E1B, 0x9E1B, 0x9E1B, 0x9E1B, 0x9DFA, 0x9DFA, 0x9DFA, 0x9E1B, 0x9E1B, 0x9E1B, 0x9DFA, 0x9DDA,   // 0x10390 (66448) pixels
0x9DBB, 0x9519, 0x73F5, 0x5AB1, 0x62B2, 0x6292, 0x6A93, 0x6AB3, 0x5A72, 0x5A51, 0x5251, 0x5231, 0x5A51, 0x5A31, 0x6231, 0x6251,   // 0x103A0 (66464) pixels
0x5A31, 0x5A31, 0x5A31, 0x5A31, 0x5A31, 0x5A51, 0x5A31, 0x5A52, 0x5A31, 0x5A51, 0x5A31, 0x5A51, 0x5A31, 0x5A52, 0x5A52, 0x5A52,   // 0x103B0 (66480) pixels
0x5A51, 0x5A51, 0x5A52, 0x5A52, 0x6252, 0x5A52, 0x5A31, 0x5210, 0x5A50, 0x7333, 0x8BF5, 0xA4D8, 0xB599, 0xAD78, 0xA557, 0xA577,   // 0x103C0 (66496) pixels
0xA557, 0xA557, 0xA557, 0xA557, 0xA537, 0xA557, 0x9D37, 0x9D16, 0x9D16, 0x9D16, 0x94F6, 0x94F5, 0x94F5, 0x94D5, 0x94D5, 0x94D5,   // 0x103D0 (66512) pixels
0x94D5, 0x94B5, 0x94D5, 0x94F6, 0x9516, 0x9557, 0x9DB8, 0x9DD9, 0x9DFA, 0x9DFA, 0x9DFA, 0x9DFB, 0x9E1B, 0x9E1B, 0x9E1B, 0x9E1B,   // 0x103E0 (66528) pixels
0x9E1B, 0x9E1B, 0x9E1B, 0x9E1B, 0x9E1B, 0x9E1B, 0x9E1B, 0x9E1B, 0x9E1B, 0x9E1B, 0x9E1B, 0x9E1B, 0x9E1B, 0x9E1B, 0x9E1B, 0x9E1B,   // 0x103F0 (66544) pixels
0x9E1B, 0x9E1B, 0x9E1B, 0x9E1B, 0x9E1B, 0x9E1B, 0x9E1B, 0x9E1B, 0x9E1B, 0x9E1B, 0x9E1B, 0x9E1B, 0x9E1B, 0x9E1B, 0x9E1B, 0x9E1B,   // 0x10400 (66560) pixels
0x9E1B, 0x9E1B, 0x9E1B, 0x9E1B, 0x9E1B, 0x9E1B, 0x9E1B, 0x9E1B, 0x9E1A, 0x9E1A, 0xA61A, 0xA5F9, 0xADF9, 0xBE9B, 0xCEFD, 0xDF5E,   // 0x10410 (66576) pixels
0xE77E, 0xE75D, 0xDF3D, 0xD6FC, 0xC6BB, 0xB65A, 0xAE1A, 0xA5FA, 0xA5FA, 0xA61B, 0xA61B, 0xA61B, 0xA61B, 0xA61A, 0xA61A, 0xA61A,   // 0x10420 (66592) pixels
0x9E1B, 0x9E1B, 0x9E1B, 0x9E1B, 0x9E1B, 0x9E1B, 0x9E1B, 0x9E1B, 0x9E1B, 0x9E1B, 0x9E1B, 0x9E1B, 0x9E1B, 0x9E1B, 0x9E1B, 0x9E1B,   // 0x10430 (66608) pixels
0x9E1B, 0x9E1B, 0x9E1B, 0x9E1B, 0x9E1B, 0x9E1B, 0x9E1B, 0x9E1B, 0x9E1B, 0x9E1B, 0x9E1B, 0x9E1B, 0x9E1B, 0x9E1B, 0x9E1B, 0x9E1B,   // 0x10440 (66624) pixels
0x9E1A, 0x9E1A, 0x9E1A, 0x9E1A, 0x9E1A, 0x9E1A, 0x9E1B, 0x9E1B, 0x9E1B, 0x9E1B, 0x9E1B, 0x9E1B, 0x9E1B, 0x9E1B, 0xA5FB, 0x9E1B,   // 0x10450 (66640) pixels
0x9E1B, 0x9E1A, 0x9E1B, 0x9E1B, 0xA63B, 0xA63C, 0xA61B, 0x9DFA, 0x9DFA, 0xA61A, 0xAE3B, 0xBE7B, 0xCEDD, 0xD73D, 0xD71D, 0xCEBB,   // 0x10460 (66656) pixels
0xBE19, 0xB5D8, 0xAD98, 0xA557, 0x9D36, 0x9D57, 0x9D78, 0xA5B9, 0xADFB, 0xA5FB, 0xA61B, 0xA5FA, 0xA61A, 0x9E1A, 0x9E1A, 0x9E1A,   // 0x10470 (66672) pixels
0x9E1A, 0x9E1A, 0x9E1A, 0x9E1A, 0x9E1A, 0x9E1A, 0x9E1A, 0x9E1A, 0x9E1B, 0x9E1B, 0x9E1B, 0x9E1B, 0x9E1B, 0x9E1B, 0x9E1B, 0x9E1B,   // 0x10480 (66688) pixels
0x9E1B, 0x9E1B, 0x9E1B, 0x9E1B, 0x9E1B, 0x9E1B, 0x9E1B, 0x9E1B, 0x9E1B, 0x9E1B, 0x9E1B, 0x9E1B, 0x9E1B, 0x9E1B, 0x9E1B, 0x9E1B,   // 0x10490 (66704) pixels
0x9E1B, 0x9E1B, 0x9E1B, 0x9E1B, 0x9E1B, 0x9E1B, 0x9E1B, 0x9E1B, 0x9E1B, 0x9E1B, 0x9E1B, 0x9E1B, 0x9E1B, 0x9E1B, 0x9E1B, 0x9E1B,   // 0x104A0 (66720) pixels
0x9E1B, 0x9E1B, 0x9E1B, 0x9E1B, 0x9E1B, 0x9E1B, 0x9E1B, 0x9E1B, 0x9E1B, 0x9E1B, 0x9E1B, 0x9E1B, 0x9E1B, 0x9E1B, 0x9E1B, 0x9E1B,   // 0x104B0 (66736) pixels
0x9E1B, 0x9E1B, 0x9E1B, 0x9E1B, 0x9E1B, 0x9E1B, 0x9E1B, 0x9E1B, 0x9E1B, 0x9E1B, 0x9E1B, 0x9E1B, 0x9E1B, 0x9E1B, 0x9E1B, 0x9E1B,   // 0x104C0 (66752) pixels
0x9E1B, 0x9E1B, 0x9E1B, 0x9E1B, 0x9E1B, 0x9E1B, 0x9E1B, 0x9E1B, 0x9DFA, 0x9DFA, 0x9E1B, 0x9E1B, 0x9E1B, 0x9E1B, 0x9E1B, 0x9DFB,   // 0x104D0 (66768) pixels
0xA5DB, 0x9D5A, 0x6BB4, 0x52B1, 0x5AB2, 0x6292, 0x6292, 0x6AB3, 0x6272, 0x5A52, 0x5A51, 0x5A31, 0x5A31, 0x5A31, 0x6231, 0x6251,   // 0x104E0 (66784) pixels
0x5A31, 0x5A31, 0x5A32, 0x5A32, 0x5A32, 0x5A32, 0x5A32, 0x5A52, 0x5A31, 0x5A31, 0x5A31, 0x5A32, 0x5A32, 0x5A32, 0x5A32, 0x5A52,   // 0x104F0 (66800) pixels
0x5A52, 0x5A52, 0x5A52, 0x5A52, 0x5A52, 0x5A52, 0x5A31, 0x5A31, 0x5A51, 0x6AF2, 0x7B94, 0x9C97, 0xB579, 0xAD58, 0xA557, 0xAD77,   // 0x10500 (66816) pixels
0xA557, 0xA557, 0xA537, 0xA537, 0xA537, 0xA537, 0x9D16, 0x9D16, 0x9D16, 0x9CF6, 0x94F6, 0x94D5, 0x94D5, 0x94D5, 0x94D5, 0x94B5,   // 0x10510 (66832) pixels
0x94B5, 0x94B4, 0x94D5, 0x94F5, 0x9536, 0x9D77, 0x9DB8, 0x9DD9, 0x9E1A, 0x9E1A, 0x9E1A, 0x9E1B, 0x9E1B, 0x9E1B, 0x9E1B, 0x9E1B,   // 0x10520 (66848) pixels
0x9E1B, 0x9E1B, 0x9E1B, 0x9E1B, 0xA63B, 0x9E1B, 0x9E1B, 0x9E1B, 0x9E1B, 0x9E1B, 0x9E1B, 0x9E1B, 0x9E1B, 0x9E1B, 0x9E1B, 0x9E1B,   // 0x10530 (66864) pixels
0x9E1B, 0x9E1B, 0x9E1B, 0x9E1B, 0x9E1B, 0x9E1B, 0x9E1B, 0x9E1B, 0x9E1B, 0x9E1B, 0x9E1B, 0x9E1B, 0x9E1B, 0x9E1B, 0x9E1B, 0x9E1B,   // 0x10540 (66880) pixels
0x9E1B, 0x9E1B, 0x9E1B, 0x9E1B, 0x9E1B, 0x9E1B, 0x9E1B, 0x9E1B, 0x9E1B, 0xA61A, 0xA61A, 0xA5F9, 0xADF9, 0xBE9B, 0xCEFD, 0xDF5E,   // 0x10550 (66896) pixels
0xE77E, 0xE75E, 0xDF3D, 0xD71D, 0xC6BB, 0xB65A, 0xAE1A, 0xA5FA, 0xA5FA, 0xA5FB, 0xA61B, 0xA61B, 0xA61B, 0xA61A, 0xA61A, 0x9E1A,   // 0x10560 (66912) pixels
0x9E1B, 0x9E1B, 0x9E1B, 0x9E1B, 0x9E1B, 0x9E1B, 0x9E1B, 0x9E1B, 0x9E1B, 0x9E1B, 0x9E1B, 0x9E1B, 0x9E1B, 0x9E1B, 0x9E1B, 0x9E3B,   // 0x10570 (66928) pixels
0x9E1B, 0x9E1B, 0x9E1B, 0x9E1B, 0x9E1B, 0x9E1B, 0x9E1B, 0x9E1B, 0x9E1B, 0x9E1B, 0x9E1B, 0x9E1B, 0x9E1B, 0x9E1B, 0x9E1B, 0x9E1B,   // 0x10580 (66944) pixels
0x9E1A, 0x9E1A, 0x9E1A, 0x9E1A, 0x9E1A, 0x9E1A, 0x9E1B, 0x9E1B, 0x9E1B, 0x9E1B, 0x9E1B, 0x9DFB, 0x9E1B, 0x9E1B, 0x9E1B, 0x9E1B,   // 0x10590 (66960) pixels
0x9DFA, 0x9DFA, 0x9E1A, 0x9E1B, 0xA61B, 0xA61B, 0xA61B, 0xA61B, 0xA5FA, 0xB63B, 0xBE9C, 0xCEDC, 0xD6FD, 0xD71D, 0xCEBB, 0xC639,   // 0x105A0 (66976) pixels
0xB5D8, 0xAD98, 0xA557, 0x9D37, 0x9D57, 0x9D78, 0xA5B9, 0xA5FA, 0xA5FB, 0xA5FB, 0xA61B, 0x9E1B, 0x9E1B, 0x9E1A, 0x9E1A, 0x9E1A,   // 0x105B0 (66992) pixels
0x9E1A, 0x9E1A, 0x9E1A, 0x9E1A, 0x9E1A, 0x9E1A, 0x9E1A, 0x9E1A, 0x9E1B, 0x9E1B, 0x9E1B, 0x9E1B, 0x9E1B, 0x9E1B, 0x9E1B, 0x9E1B,   // 0x105C0 (67008) pixels
0x9E1B, 0x9E1B, 0x9E1B, 0x9E1B, 0x9E1B, 0x9E1B, 0x9E1B, 0x9E1B, 0x9E1B, 0x9E1B, 0x9E1B, 0x9E1B, 0x9E1B, 0x9E1B, 0x9E1B, 0x9E1B,   // 0x105D0 (67024) pixels
0x9E1B, 0x9E1B, 0x9E1B, 0x9E1B, 0x9E1B, 0x9E1B, 0x9E1B, 0x9E1B, 0x9E1B, 0x9E1B, 0x9E1B, 0x9E1B, 0x9E1B, 0x9E1B, 0x9E1B, 0x9E1B,   // 0x105E0 (67040) pixels
0x9E1B, 0x9E1B, 0x9E1B, 0x9E1B, 0x9E1B, 0x9E1B, 0x9E1B, 0x9E1B, 0x9E1B, 0x9E1B, 0x9E1B, 0x9E1B, 0x9E1B, 0x9E1B, 0x9E1B, 0x9E1B,   // 0x105F0 (67056) pixels
0x9E1B, 0x9E1B, 0x9E1B, 0x9E1B, 0x9E1B, 0x9E1B, 0x9E1B, 0x9E1B, 0x9E1B, 0x9E1B, 0x9E1B, 0x9E1B, 0x9E1B, 0x9E1B, 0x9E1B, 0x9E1B,   // 0x10600 (67072) pixels
0x9E1B, 0x9E1B, 0x9E1B, 0x9E1B, 0x9E1B, 0x9E1B, 0x9E1B, 0x9E1B, 0x9DFA, 0x9E1B, 0x9E1B, 0x9E1B, 0x9E1B, 0x9E1B, 0x9E1B, 0x9DFB,   // 0x10610 (67088) pixels
0xA5FC, 0x9D5A, 0x6BB4, 0x52B1, 0x5291, 0x5A71, 0x6292, 0x6AB3, 0x6272, 0x5A52, 0x5A51, 0x5A51, 0x5A31, 0x5A31, 0x5A51, 0x5A31,   // 0x10620 (67104) pixels
0x5A31, 0x5A31, 0x5A31, 0x5A32, 0x5A32, 0x5A32, 0x5A32, 0x5A32, 0x5A31, 0x5A31, 0x5A32, 0x5A32, 0x5A32, 0x5A32, 0x5A32, 0x5A52,   // 0x10630 (67120) pixels
0x5A52, 0x5A52, 0x5A52, 0x5A52, 0x5A52, 0x5A52, 0x5A31, 0x5231, 0x5230, 0x62B2, 0x7353, 0x9497, 0xB579, 0xAD58, 0xA537, 0xA557,   // 0x10640 (67136) pixels
0xA537, 0xA537, 0xA537, 0xA537, 0xA537, 0x9D37, 0x9D16, 0x9D16, 0x9D16, 0x9CF6, 0x94F6, 0x94D5, 0x94D5, 0x94D5, 0x94D5, 0x94B5,   // 0x10650 (67152) pixels
0x94B5, 0x94B4, 0x94D5, 0x94F5, 0x9536, 0x9D78, 0x9DD9, 0x9DF9, 0x9E1A, 0x9E1A, 0x9E1B, 0x9E1B, 0x9E1B, 0x9E1B, 0x9DFB, 0x9E1B,   // 0x10660 (67168) pixels
0x9E1B, 0x9E1B, 0x9E1B, 0x9E1B, 0xA63B, 0x9E1B, 0x9E1B, 0x9E1B, 0x9E1B, 0x9E1B, 0x9E1B, 0x9E1B, 0x9E1B, 0x9E1B, 0x9E1B, 0x9E1B,   // 0x10670 (67184) pixels
0x9E1B, 0x9E1B, 0x9E1B, 0x9E1B, 0x9E1B, 0x9E1B, 0x9E1B, 0x9E1B, 0x9E1B, 0x9E1B, 0x9E1B, 0x9E1B, 0x9E1B, 0x9E1B, 0x9E1B, 0x9E1B,   // 0x10680 (67200) pixels
0x9E1B, 0x9E1B, 0x9E1B, 0x9E1B, 0x9E1B, 0x9E1B, 0x9E1B, 0x9E1B, 0x9E1B, 0xA5FA, 0xA61A, 0xA5F9, 0xADF9, 0xBE7B, 0xCEDC, 0xDF5E,   // 0x10690 (67216) pixels
0xE77E, 0xE77E, 0xE75E, 0xDF1D, 0xCEDC, 0xBE7B, 0xAE3A, 0xA5FA, 0xA5FA, 0xA5FB, 0xA61B, 0xA61B, 0xA61B, 0x9E1B, 0x9E1A, 0x9E1A,   // 0x106A0 (67232) pixels
0x9E1B, 0x9E1B, 0x9E1B, 0x9E1B, 0x9E1B, 0x9E1B, 0x9E1B, 0x9E1B, 0x9E1B, 0x9E1B, 0x9E1B, 0x9E1B, 0x9E1B, 0x9E1B, 0x9E1B, 0x9E1B,   // 0x106B0 (67248) pixels
0x9E1B, 0x9E1B, 0x9E1B, 0x9E1B, 0x9E1B, 0x9E1B, 0x9E1B, 0x9E1B, 0x9E1B, 0x9E1B, 0x9E1B, 0x9E1B, 0x9E1B, 0x9E1B, 0x9E1B, 0x9E1B,   // 0x106C0 (67264) pixels
0x9E1A, 0x9E1A, 0x9E1A, 0x9E1A, 0x9E1B, 0x9E1B, 0x9E1B, 0x9E1B, 0x9E1B, 0x9E1B, 0x9E1B, 0x9E1B, 0x9E1B, 0x9E1B, 0x9E1B, 0x9E1B,   // 0x106D0 (67280) pixels
0x9E1A, 0x9E1A, 0x9E1A, 0xA63B, 0xA61B, 0x9DFA, 0xA61A, 0xAE3B, 0xB67C, 0xC69C, 0xCEFD, 0xD6FD, 0xD6FD, 0xCE9B, 0xC63A, 0xB5D8,   // 0x106E0 (67296) pixels
0xAD97, 0xA556, 0x9D36, 0x9D36, 0x9D78, 0xA5B9, 0xADFA, 0xA5FA, 0xA61B, 0xA61B, 0xA61B, 0x9E1B, 0x9E1B, 0x9E1B, 0x9E1A, 0x9E1A,   // 0x106F0 (67312) pixels
0x9E1A, 0x9E1A, 0x9E1A, 0x9E1A, 0x9E1A, 0x9E1A, 0x9E1A, 0x9E1A, 0x9E1B, 0x9E1B, 0x9E1B, 0x9E1B, 0x9E1B, 0x9E1B, 0x9E1B, 0x9E1B,   // 0x10700 (67328) pixels
0x9E1B, 0x9E1B, 0x9E1B, 0x9E1B, 0x9E1B, 0x9E1B, 0x9E1B, 0x9E1B, 0x9E1B, 0x9E1B, 0x9E1B, 0x9E1B, 0x9E1B, 0x9E1B, 0x9E1B, 0x9E1B,   // 0x10710 (67344) pixels
0x9E1B, 0x9E1B, 0x9E1B, 0x9E1B, 0x9E1B, 0x9E1B, 0x9E1B, 0x9E1B, 0x9E1B, 0x9E1B, 0x9E1B, 0x9E1B, 0x9E1B, 0x9E1B, 0x9E1B, 0x9E1B,   // 0x10720 (67360) pixels
0x9E1B, 0x9E1B, 0x9E1B, 0x9E1B, 0x9E1B, 0x9E1B, 0x9E1B, 0x9E1B, 0x9E1B, 0x9E1B, 0x9E1B, 0x9E1B, 0x9E1B, 0x9E1B, 0x9E1B, 0x9E1B,   // 0x10730 (67376) pixels
0x9E1B, 0x9E1B, 0x9E1B, 0x9E1B, 0x9E1B, 0x9E1B, 0x9E1B, 0x9E1B, 0x9E1B, 0x9E1B, 0x9E1B, 0x9E1B, 0x9E1B, 0x9E1B, 0x9E1B, 0x9E1B,   // 0x10740 (67392) pixels
0x9E1B, 0x9E1B, 0x9E1B, 0x9E1B, 0x9E1B, 0x9E1B, 0x9E1B, 0x9E1B, 0x9E1B, 0x9E1B, 0x9E1B, 0x9E1B, 0x9E1B, 0x9E1B, 0x9E1B, 0x9DFB,   // 0x10750 (67408) pixels
0xAE1C, 0x9D9B, 0x7415, 0x5AF1, 0x5A91, 0x5A71, 0x62B2, 0x6AD3, 0x6292, 0x6272, 0x5A51, 0x5A51, 0x5A51, 0x5A51, 0x5A51, 0x5A51,   // 0x10760 (67424) pixels
0x5A31, 0x5A31, 0x5A31, 0x5A31, 0x5A31, 0x5A51, 0x5A31, 0x5A51, 0x5A31, 0x5A31, 0x5A31, 0x5A51, 0x5A31, 0x5A51, 0x5A31, 0x5A51,   // 0x10770 (67440) pixels
0x5A52, 0x5A52, 0x5A31, 0x5A32, 0x5A32, 0x5A32, 0x5A31, 0x5231, 0x5230, 0x5A70, 0x6B12, 0x9456, 0xAD59, 0xA537, 0xA537, 0xA537,   // 0x10780 (67456) pixels
0x9D37, 0x9D36, 0x9D36, 0x9D36, 0x9D36, 0x9D16, 0x9D16, 0x9D16, 0x9D16, 0x9CF6, 0x94F6, 0x94F5, 0x94D5, 0x94D5, 0x94D5, 0x94D5,   // 0x10790 (67472) pixels
0x94B5, 0x94B5, 0x94D5, 0x94F6, 0x9D57, 0x9D98, 0xA5D9, 0xA61A, 0xA61A, 0x9E1A, 0x9E1B, 0x9E1B, 0x9E1B, 0x9E1B, 0x9DFB, 0x9DFB,   // 0x107A0 (67488) pixels
0x9E1B, 0x9E1B, 0x9E1B, 0x9E1B, 0xA63B, 0x9E1B, 0x9E1B, 0x9E1B, 0x9E1B, 0x9E1B, 0x9E1B, 0x9E1B, 0x9E1B, 0x9E1B, 0x9E1B, 0x9E1B,   // 0x107B0 (67504) pixels
0xA63B, 0xA63B, 0xA63B, 0xA63B, 0xA63B, 0xA63B, 0xA63B, 0xA63B, 0xA63B, 0xA63B, 0xA63B, 0xA63B, 0xA63B, 0xA63B, 0xA63B, 0xA63B,   // 0x107C0 (67520) pixels
0x9E1B, 0x9E1B, 0x9E1B, 0x9E1B, 0x9E1B, 0x9E1B, 0x9E1B, 0x9E1B, 0xA61B, 0xA5FA, 0xA61A, 0xA5F9, 0xA5F9, 0xB67B, 0xC6DC, 0xD73E,   // 0x107D0 (67536) pixels
0xEF9F, 0xEF9E, 0xE77E, 0xDF5D, 0xD6FC, 0xC69B, 0xB63A, 0xA5FA, 0xA5FA, 0xA5FB, 0xA5FB, 0xA61B, 0xA61B, 0xA61B, 0x9E1A, 0x9E1A,   // 0x107E0 (67552) pixels
0x9E1B, 0x9E1B, 0x9E1B, 0x9E1B, 0x9E1B, 0x9E1B, 0x9E1B, 0x9E1B, 0x9E1B, 0x9E1B, 0x9E1B, 0x9E1B, 0x9E1B, 0x9E1B, 0x9E1B, 0x9E1B,   // 0x107F0 (67568) pixels
0x9E1B, 0x9E1B, 0xA61B, 0x9E1B, 0xA61B, 0x9E1B, 0xA61B, 0x9E1B, 0xA61B, 0x9E1B, 0xA61B, 0x9E1B, 0x9E1B, 0x9E1B, 0x9E1B, 0x9E1B,   // 0x10800 (67584) pixels
0x9E1B, 0x9E1B, 0x9E1B, 0x9E1B, 0x9E1B, 0x9E1B, 0x9E1B, 0x9E1B, 0x9E1B, 0x9E1B, 0x9E1B, 0x9E3B, 0x9E3B, 0x9E3B, 0x9E3B, 0x9E3B,   // 0x10810 (67600) pixels
0x9E3A, 0x9E1A, 0x9E1A, 0xA61A, 0xA61A, 0xA61A, 0xAE3B, 0xBE7C, 0xCEDD, 0xD6FE, 0xD6FD, 0xCEBC, 0xC67B, 0xBE1A, 0xB5B8, 0xAD97,   // 0x10820 (67616) pixels
0xA577, 0x9D56, 0x9D57, 0x9D77, 0xA5B9, 0xA5FA, 0xADFA, 0xA5FA, 0xA61B, 0xA61B, 0xA61B, 0x9E1B, 0x9E1B, 0x9E1B, 0x9E1A, 0x9E1A,   // 0x10830 (67632) pixels
0x9E1A, 0x9E1A, 0x9E1A, 0x9E1A, 0x9E1A, 0x9E1A, 0x9E1A, 0x9E1A, 0x9E1B, 0x9E1B, 0x9E1B, 0x9E1B, 0x9E1B, 0x9E1B, 0x9E1B, 0x9E1B,   // 0x10840 (67648) pixels
0xA63B, 0xA63B, 0xA63B, 0xA63B, 0xA63B, 0xA63B, 0xA63B, 0xA63B, 0x9E1B, 0x9E1B, 0x9E1B, 0x9E1B, 0x9E1B, 0x9E1B, 0x9E1B, 0x9E1B,   // 0x10850 (67664) pixels
0x9E1B, 0x9E1B, 0x9E1B, 0x9E1B, 0x9E1B, 0x9E1B, 0x9E1B, 0x9E1B, 0x9E1B, 0x9E1B, 0x9E1B, 0x9E1B, 0x9E1B, 0x9E1B, 0x9E1B, 0x9E1B,   // 0x10860 (67680) pixels
0x9E1B, 0x9E1B, 0x9E1B, 0x9E1B, 0x9E1B, 0x9E1B, 0x9E1B, 0x9E1B, 0x9E1B, 0x9E1B, 0x9E1B, 0x9E1B, 0x9E1B, 0x9E1B, 0x9E1B, 0x9E1B,   // 0x10870 (67696) pixels
0x9E1B, 0x9E1B, 0x9E1B, 0x9E1B, 0x9E1B, 0x9E1B, 0x9E1B, 0x9E1B, 0x9E1B, 0x9E1B, 0x9E1B, 0x9E1B, 0x9E1B, 0x9E1B, 0x9E1B, 0x9E1B,   // 0x10880 (67712) pixels
0x9E1B, 0x9E1B, 0x9E1B, 0x9E1B, 0x9E1B, 0x9E1B, 0x9E1B, 0x9E1B, 0x9E1B, 0x9E1B, 0x9E1B, 0x9E1B, 0x9E1B, 0x9E1B, 0x9DFA, 0x9DFB,   // 0x10890 (67728) pixels
0xAE3C, 0xA5BB, 0x8476, 0x6373, 0x5AF1, 0x5A90, 0x62B2, 0x6AD3, 0x6292, 0x6272, 0x5A51, 0x5A51, 0x5A51, 0x5A51, 0x5A51, 0x5A51,   // 0x108A0 (67744) pixels
0x5A31, 0x5A31, 0x5A31, 0x5A31, 0x5A31, 0x5A31, 0x5A31, 0x5A31, 0x5A31, 0x5A31, 0x5A31, 0x5A31, 0x5A31, 0x5A31, 0x5A31, 0x5A31,   // 0x108B0 (67760) pixels
0x5A31, 0x5A31, 0x5A31, 0x5A31, 0x5A31, 0x5A31, 0x5231, 0x5230, 0x5230, 0x524F, 0x62D1, 0x8C35, 0xA538, 0xA537, 0xA537, 0xA536,   // 0x108C0 (67776) pixels
0x9D16, 0x9D16, 0x9D16, 0x9D16, 0x9D16, 0x9D16, 0x9D16, 0x9D16, 0x9D16, 0x9CF6, 0x94F6, 0x94F5, 0x94F5, 0x94D5, 0x94D5, 0x94D5,   // 0x108D0 (67792) pixels
0x94D5, 0x94D5, 0x94D5, 0x9D16, 0x9D57, 0xA598, 0xA5F9, 0xA61A, 0xA61A, 0x9E1A, 0x9E1A, 0x9E1B, 0x9E1B, 0x9E1B, 0x9DFB, 0x9DFB,   // 0x108E0 (67808) pixels
0x9E1B, 0x9E1B, 0x9E1B, 0x9E1B, 0xA63B, 0x9E1B, 0x9E1B, 0x9E1B, 0x9E1B, 0x9E1B, 0x9E1B, 0x9E1B, 0x9E1B, 0x9E1B, 0x9E1B, 0x9E1B,   // 0x108F0 (67824) pixels
0x9E1B, 0x9E1B, 0x9E1B, 0x9E1B, 0x9E1B, 0x9E1B, 0x9E1B, 0x9E1B, 0x9E1B, 0x9E1B, 0x9E1B, 0x9E1B, 0x9E1B, 0x9E1B, 0x9E1B, 0x9E1B,   // 0x10900 (67840) pixels
0x9E1B, 0x9E1B, 0x9E1B, 0x9E1B, 0x9E1B, 0x9E1B, 0x9E1B, 0x9E1B, 0xA61B, 0xA5FA, 0xA61A, 0xA5FA, 0xA5FA, 0xB65A, 0xBE9C, 0xD71D,   // 0x10910 (67856) pixels
0xE77E, 0xEF7E, 0xE77E, 0xDF5D, 0xD71D, 0xC6DC, 0xBE5B, 0xAE1A, 0xA5FA, 0xA5FB, 0xA5FB, 0xA5FB, 0xA61B, 0xA61B, 0x9E1B, 0x9E1A,   // 0x10920 (67872) pixels
0x9E1B, 0x9E1A, 0x9E1B, 0x9E1A, 0x9E1B, 0x9E1A, 0x9E1B, 0x9E1A, 0x9E1B, 0x9E1A, 0x9E1B, 0x9E1A, 0x9E1B, 0x9E1A, 0x9E1A, 0x9E1A,   // 0x10930 (67888) pixels
0xA61A, 0xA61A, 0xA61A, 0xA61A, 0xA61B, 0xA61A, 0xA61B, 0xA61A, 0xA61B, 0xA61A, 0xA61B, 0xA61A, 0xA61B, 0xA61A, 0xA61B, 0xA61B,   // 0x10940 (67904) pixels
0xA61B, 0xA61B, 0xA61B, 0xA61B, 0xA61B, 0x9E1B, 0x9E1B, 0x9E1B, 0xA63B, 0xA63B, 0x9E3B, 0x9E3B, 0x9E3B, 0x9E3B, 0x9E3B, 0x9E3B,   // 0x10950 (67920) pixels
0x9E3A, 0x9DF9, 0x9DF9, 0xA61A, 0xAE3B, 0xB67B, 0xC6BC, 0xCEDD, 0xD6FE, 0xD6FD, 0xD6BC, 0xC65B, 0xBDD9, 0xAD78, 0xAD57, 0xA557,   // 0x10960 (67936) pixels
0x9D57, 0x9D77, 0xA598, 0xA5B9, 0xA5D9, 0xA5FA, 0xA61A, 0xA61A, 0xA61B, 0xA61B, 0xA61B, 0x9E1B, 0x9E1B, 0x9E1B, 0x9E1A, 0x9E1A,   // 0x10970 (67952) pixels
0x9E1A, 0x9E1A, 0x9E1A, 0x9E1A, 0x9E1A, 0x9E1A, 0x9E1A, 0x9E1A, 0x9E1B, 0x9E1B, 0x9E1B, 0x9E1B, 0x9E1B, 0x9E1B, 0x9E1B, 0x9E1B,   // 0x10980 (67968) pixels
0x9E1B, 0x9E1B, 0x9E1B, 0x9E1B, 0x9E1B, 0x9E1B, 0x9E1B, 0x9E1B, 0x9E1B, 0x9E1B, 0x9E1B, 0x9E1B, 0x9E1B, 0x9E1B, 0x9E1B, 0x9E1B,   // 0x10990 (67984) pixels
0x9E1B, 0x9E1B, 0x9E1B, 0x9E1B, 0x9E1B, 0x9E1B, 0x9E1B, 0x9E1B, 0x9E1B, 0x9E1B, 0x9E1B, 0x9E1B, 0x9E1B, 0x9E1B, 0x9E1B, 0x9E1B,   // 0x109A0 (68000) pixels
0x9E1B, 0x9E1B, 0x9E1B, 0x9E1B, 0x9E1B, 0x9E1B, 0x9E1B, 0x9E1B, 0x9E1B, 0x9E1B, 0x9E1B, 0x9E1B, 0x9E1B, 0x9E1B, 0x9E1B, 0x9E1B,   // 0x109B0 (68016) pixels
0x9E1B, 0x9E1B, 0x9E1B, 0x9E1B, 0x9E1B, 0x9E1B, 0x9E1B, 0x9E1B, 0x9E1B, 0x9E1B, 0x9E1B, 0x9E1B, 0x9E1B, 0x9E1B, 0x9E1B, 0x9E1B,   // 0x109C0 (68032) pixels
0x9E1B, 0x9E1B, 0x9E1B, 0x9E1B, 0x9E1B, 0x9E1B, 0x9E1B, 0x9E1B, 0x9E1B, 0x9E1B, 0x9E1B, 0x9E1B, 0x9E1B, 0x9E1B, 0x9DFA, 0x9DFB,   // 0x109D0 (68048) pixels
0xA63C, 0xA5DB, 0x84B7, 0x6BB4, 0x5AF1, 0x5250, 0x6291, 0x6AB2, 0x6292, 0x6272, 0x5A51, 0x5A51, 0x5A51, 0x5A51, 0x5A51, 0x5231,   // 0x109E0 (68064) pixels
0x5A31, 0x5A31, 0x5A31, 0x5A31, 0x5A31, 0x5A31, 0x5A31, 0x5A31, 0x5A31, 0x5A31, 0x5A31, 0x5A31, 0x5A31, 0x5A31, 0x5A31, 0x5A31,   // 0x109F0 (68080) pixels
0x5A31, 0x5211, 0x5211, 0x5211, 0x5211, 0x5211, 0x5210, 0x5210, 0x5230, 0x522F, 0x5AB0, 0x83F4, 0x9CF7, 0xA516, 0xA537, 0x9D36,   // 0x10A00 (68096) pixels
0x9D16, 0x9D16, 0x9D16, 0x9D16, 0x9D16, 0x9D16, 0x9D16, 0x9D16, 0x9D16, 0x9CF6, 0x94F6, 0x94F5, 0x94F5, 0x94D5, 0x94D5, 0x94D5,   // 0x10A10 (68112) pixels
0x94D5, 0x94F5, 0x9CF6, 0x9D36, 0x9D77, 0xA5B8, 0xA5F9, 0xA61A, 0xA61A, 0x9E1A, 0x9E1A, 0x9E1A, 0x9E1B, 0x9E1B, 0x9E1B, 0x9E1B,   // 0x10A20 (68128) pixels
0x9E1B, 0x9E1B, 0x9E1B, 0x9E1B, 0xA63B, 0x9E1B, 0x9E1B, 0x9E1B, 0x9E1B, 0x9E1B, 0x9E1B, 0x9E1B, 0x9E1B, 0x9E1B, 0x9E1B, 0x9E1B,   // 0x10A30 (68144) pixels
0x9E1B, 0x9E1B, 0x9E1B, 0x9E1B, 0x9E1B, 0x9E1B, 0x9E1B, 0x9E1B, 0x9E1B, 0x9E1B, 0x9E1B, 0x9E1B, 0x9E1B, 0x9E1B, 0x9E1B, 0x9E1B,   // 0x10A40 (68160) pixels
0x9E1B, 0x9E1B, 0x9E1B, 0x9E1B, 0x9E1B, 0x9E1B, 0x9E1B, 0x9E1B, 0xA61B, 0x9DFA, 0xA61B, 0xA5FA, 0xA5FA, 0xAE3A, 0xB67B, 0xCEDC,   // 0x10A50 (68176) pixels
0xDF3E, 0xE75D, 0xE75E, 0xDF3D, 0xDF1D, 0xCEFC, 0xBE9B, 0xB63A, 0xADFA, 0xA5FA, 0xA5FB, 0x9DFB, 0x9E1B, 0xA61B, 0x9E1B, 0x9E1B,   // 0x10A60 (68192) pixels
0x9E1B, 0x9E1A, 0x9E1A, 0x9E1A, 0x9E1A, 0x9E3A, 0xA61A, 0xA61A, 0x9E1A, 0x9E1A, 0x9E1A, 0x9E1A, 0x9E1B, 0x9E1A, 0x9E1B, 0x9E1A,   // 0x10A70 (68208) pixels
0xA61B, 0xA61A, 0xA61B, 0xA61A, 0xA61B, 0xA61A, 0xA61A, 0xA61A, 0xA61A, 0xA61A, 0xA61A, 0xA61A, 0xA61A, 0xA61A, 0xA61A, 0xA61B,   // 0x10A80 (68224) pixels
0xA61B, 0x9E1B, 0xA61B, 0xA61B, 0xA61B, 0xA61B, 0x9E1B, 0x9E1B, 0xA61B, 0x9E1B, 0x9E1B, 0x9E1A, 0x9E1B, 0x9E1B, 0x9E1B, 0x9E1B,   // 0x10A90 (68240) pixels
0xA61A, 0xA619, 0xA61A, 0xAE3A, 0xBE9C, 0xCEDD, 0xD6FD, 0xDF1D, 0xCEBC, 0xCE9B, 0xC63B, 0xBDD9, 0xAD98, 0xA537, 0xA537, 0x9D37,   // 0x10AA0 (68256) pixels
0x9D77, 0x9D98, 0xA5D9, 0xAE1A, 0xA61A, 0xA61A, 0xA61B, 0xA61B, 0xA61B, 0x9E1B, 0x9E1B, 0x9E1B, 0x9E1A, 0x9E1A, 0x9E1A, 0x9E1A,   // 0x10AB0 (68272) pixels
0x9E1A, 0x9E1A, 0x9E1A, 0x9E1A, 0x9E1A, 0x9E1A, 0x9E1A, 0x9E1A, 0x9E1B, 0x9E1B, 0x9E1B, 0x9E1B, 0x9E1B, 0x9E1B, 0x9E1B, 0x9E1B,   // 0x10AC0 (68288) pixels
0x9E1B, 0x9E1B, 0x9E1B, 0x9E1B, 0x9E1B, 0x9E1B, 0x9E1B, 0x9E1B, 0x9E1B, 0x9E1B, 0x9E1B, 0x9E1B, 0x9E1B, 0x9E1B, 0x9E1B, 0x9E1B,   // 0x10AD0 (68304) pixels
0x9E1B, 0x9E1B, 0x9E1B, 0x9E1B, 0x9E1B, 0x9E1B, 0x9E1B, 0x9E1B, 0x9E1B, 0x9E1B, 0x9E1B, 0x9E1B, 0x9E1B, 0x9E1B, 0x9E1B, 0x9E1B,   // 0x10AE0 (68320) pixels
0x9E1B, 0x9E1B, 0x9E1B, 0x9E1B, 0x9E1B, 0x9E1B, 0x9E1B, 0x9E1B, 0x9E1B, 0x9E1B, 0x9E1B, 0x9E1B, 0x9E1B, 0x9E1B, 0x9E1B, 0x9E1B,   // 0x10AF0 (68336) pixels
0x9E1B, 0x9E1B, 0x9E1B, 0x9E1B, 0x9E1B, 0x9E1B, 0x9E1B, 0x9E1B, 0x9E1B, 0x9E1B, 0x9E1B, 0x9E1B, 0x9E1B, 0x9E1B, 0x9E1B, 0x9E1B,   // 0x10B00 (68352) pixels
0x9E1B, 0x9E1B, 0x9E1B, 0x9E1B, 0x9E1B, 0x9E1B, 0x9E1B, 0x9E1B, 0x9E1B, 0x9E1B, 0x9E1B, 0x9E1B, 0x9E1B, 0x9E1B, 0x9DFA, 0x9DFA,   // 0x10B10 (68368) pixels
0xA63C, 0xA5DB, 0x8CD8, 0x73F4, 0x5AD1, 0x522F, 0x5A91, 0x6AB2, 0x6292, 0x6271, 0x5A51, 0x5A31, 0x5A31, 0x5251, 0x5231, 0x5231,   // 0x10B20 (68384) pixels
0x5A31, 0x5A31, 0x5211, 0x5211, 0x5211, 0x5211, 0x5211, 0x5211, 0x5211, 0x5211, 0x5211, 0x5211, 0x5211, 0x5211, 0x5211, 0x5211,   // 0x10B30 (68400) pixels
0x5211, 0x5211, 0x5211, 0x5211, 0x5211, 0x5211, 0x5210, 0x5210, 0x5230, 0x4A0E, 0x5A6F, 0x7BB3, 0x9495, 0xA4F6, 0xA557, 0xA536,   // 0x10B40 (68416) pixels
0x9D16, 0x9D16, 0x9D16, 0x9D16, 0x9D36, 0x9D36, 0x9D16, 0x9D16, 0x9D16, 0x9CF6, 0x94F6, 0x94F5, 0x94F5, 0x94F5, 0x94D5, 0x94D5,   // 0x10B50 (68432) pixels
0x94F5, 0x9CF5, 0x9D36, 0x9D57, 0xA598, 0xA5B9, 0xA5F9, 0xA61A, 0xA61A, 0x9E1A, 0x9E1A, 0x9E1A, 0x9E1B, 0x9E1B, 0x9E1B, 0x9E1B,   // 0x10B60 (68448) pixels
0x9E1B, 0x9E1B, 0x9E1B, 0x9E1B, 0xA63B, 0x9E1B, 0x9E1B, 0x9E1B, 0x9E1B, 0x9E1B, 0x9E1B, 0x9E1B, 0x9E1B, 0x9E1B, 0x9E1B, 0x9E1B,   // 0x10B70 (68464) pixels
0x9E1B, 0x9E1B, 0x9E1B, 0x9E1B, 0x9E1B, 0x9E1B, 0x9E1B, 0x9E1B, 0x9E1B, 0x9E1B, 0x9E1B, 0x9E1B, 0x9E1B, 0x9E1B, 0x9E1B, 0x9E1B,   // 0x10B80 (68480) pixels
0x9E1B, 0x9E1B, 0x9E1B, 0x9E1B, 0x9E1B, 0x9E1B, 0x9E1B, 0x9E1B, 0xA61B, 0x9DFA, 0xA61B, 0xA61A, 0xA5F9, 0xAE1A, 0xB63A, 0xC69C,   // 0x10B90 (68496) pixels
0xDF1D, 0xE73D, 0xE75D, 0xE73D, 0xDF3D, 0xDF3D, 0xCEDC, 0xBE9C, 0xAE3B, 0xAE1B, 0xA5FB, 0xA5FB, 0xA61B, 0xA61B, 0x9E1B, 0x9E1B,   // 0x10BA0 (68512) pixels
0x9E1B, 0x9E1B, 0x9E1B, 0x9E1B, 0x9E3B, 0x9E3B, 0x9E1B, 0x9E1B, 0x9E1B, 0x9E1B, 0x9E1B, 0x9E1B, 0x9E1B, 0x9E1B, 0x9E1B, 0x9E1B,   // 0x10BB0 (68528) pixels
0x9E1B, 0x9E1B, 0x9E1B, 0x9E1B, 0x9E1B, 0x9E1B, 0x9E1B, 0x9E1B, 0x9E1B, 0x9E1B, 0xA61B, 0xA61B, 0xA61B, 0xA61B, 0xA61B, 0xA61B,   // 0x10BC0 (68544) pixels
0x9E1B, 0x9E1B, 0x9E1B, 0x9E1B, 0x9E1B, 0x9E1B, 0x9E1B, 0x9E1B, 0x9E1B, 0x9E1A, 0x9E1A, 0x9E1A, 0x9DFA, 0xA61B, 0xA61B, 0xA61B,   // 0x10BD0 (68560) pixels
0xAE3A, 0xAE5A, 0xBE7B, 0xC69C, 0xCEDC, 0xD6FD, 0xD6DC, 0xCE9B, 0xC61A, 0xBDF9, 0xB5B8, 0xAD78, 0xA557, 0xA537, 0xA537, 0xA557,   // 0x10BE0 (68576) pixels
0x9D98, 0x9DD9, 0xA619, 0xA61A, 0xA61A, 0xA61A, 0xA61A, 0xA61B, 0x9E1A, 0x9E1A, 0x9E1A, 0x9E1A, 0x9E1A, 0x9E1A, 0x9E1A, 0x9E1A,   // 0x10BF0 (68592) pixels
0x9E1A, 0x9E1A, 0x9E1A, 0x9E1A, 0x9E1A, 0x9E1A, 0x9E1A, 0x9E1A, 0x9E1B, 0x9E1B, 0x9E1B, 0x9E1B, 0x9E1B, 0x9E1B, 0x9E1B, 0x9E1B,   // 0x10C00 (68608) pixels
0x9E1B, 0x9E1B, 0x9E1B, 0x9E1B, 0x9E1B, 0x9E1B, 0x9E1B, 0x9E1B, 0x9E1B, 0x9E1B, 0x9E1B, 0x9E1B, 0x9E1B, 0x9E1B, 0x9E1B, 0x9E1B,   // 0x10C10 (68624) pixels
0x9E1B, 0x9E1B, 0x9E1B, 0x9E1B, 0x9E1B, 0x9E1B, 0x9E1B, 0x9E1B, 0x9E1B, 0x9E1B, 0x9E1B, 0x9E1B, 0x9E1B, 0x9E1B, 0x9E1B, 0x9E1B,   // 0x10C20 (68640) pixels
0x9E1B, 0x9E1B, 0x9E1B, 0x9E1B, 0x9E1B, 0x9E1B, 0x9E1B, 0x9E1B, 0x9E1B, 0x9E1B, 0x9E1B, 0x9E1B, 0x9E1B, 0x9E1B, 0x9E1B, 0x9E1B,   // 0x10C30 (68656) pixels
0x9E1B, 0x9E1B, 0x9E1B, 0x9E1B, 0x9E1B, 0x9E1B, 0x9E1B, 0x9E1B, 0x9E1B, 0x9E1B, 0x9E1B, 0x9E1B, 0x9E1B, 0x9E1B, 0x9E1B, 0x9E1B,   // 0x10C40 (68672) pixels
0x9E1B, 0x9E1B, 0x9E1B, 0x9E1B, 0x9E1B, 0x9E1B, 0x9E1B, 0x9E1B, 0x9E1B, 0x9E1B, 0x9E1B, 0x9E1B, 0x9E1B, 0x9E1B, 0x9DFA, 0x9DFA,   // 0x10C50 (68688) pixels
0xA63C, 0xA5FB, 0x9519, 0x7C35, 0x5AF1, 0x4A2F, 0x5A71, 0x6AB2, 0x6272, 0x5A51, 0x5A31, 0x5A31, 0x5231, 0x5231, 0x5231, 0x5211,   // 0x10C60 (68704) pixels
0x5211, 0x5211, 0x5211, 0x5211, 0x5211, 0x5211, 0x5211, 0x5211, 0x5211, 0x5211, 0x5211, 0x5211, 0x5211, 0x5211, 0x51F0, 0x51F0,   // 0x10C70 (68720) pixels
0x51F1, 0x51F1, 0x51F0, 0x51F0, 0x51F0, 0x51F0, 0x51F0, 0x51F0, 0x520F, 0x49EE, 0x524E, 0x7372, 0x8C54, 0x9CD6, 0xAD57, 0xA516,   // 0x10C80 (68736) pixels
0x9D16, 0x9D16, 0x9D16, 0x9D16, 0x9D16, 0x9D16, 0x9D16, 0x9D16, 0x9D16, 0x9CF6, 0x94F6, 0x94F6, 0x94D5, 0x94D5, 0x94D5, 0x94D5,   // 0x10C90 (68752) pixels
0x9D16, 0x9D36, 0xA557, 0xA578, 0xA5B8, 0xA5D9, 0xA5F9, 0xA61A, 0xA61A, 0x9E1A, 0x9E1A, 0x9E1A, 0x9E1B, 0x9E1B, 0x9E1B, 0x9E1B,   // 0x10CA0 (68768) pixels
0x9E1B, 0x9E1B, 0x9E1B, 0x9E1B, 0xA63B, 0x9E1B, 0x9E1B, 0x9E1B, 0x9E1B, 0x9E1B, 0x9E1B, 0x9E1B, 0x9E1B, 0x9E1B, 0x9E1B, 0x9E1B,   // 0x10CB0 (68784) pixels
0x9E1B, 0x9E1B, 0x9E1B, 0x9E1B, 0x9E1B, 0x9E1B, 0x9E1B, 0x9E1B, 0x9E1B, 0x9E1B, 0x9E1B, 0x9E1B, 0x9E1B, 0x9E1B, 0x9E1B, 0x9E1B,   // 0x10CC0 (68800) pixels
0x9E1B, 0x9E1B, 0x9E3B, 0x9E3B, 0x9E1B, 0x9E1B, 0x9E1B, 0xA61B, 0xA61B, 0x9DFA, 0xA63B, 0xA61A, 0xA5FA, 0xAE1A, 0xAE3A, 0xBE7B,   // 0x10CD0 (68816) pixels
0xD6FD, 0xDF1D, 0xE75E, 0xE75D, 0xE77E, 0xE75E, 0xD71D, 0xCEDD, 0xB63B, 0xAE1B, 0xA5FB, 0xA5FB, 0xA5FB, 0x9E1B, 0x9E1B, 0x9E1A,   // 0x10CE0 (68832) pixels
0x9E1B, 0x9E1B, 0x9E1B, 0x9E1B, 0x9E3B, 0x9E3B, 0x9E3B, 0x9E3B, 0x9E3B, 0x9E1B, 0x9E1B, 0x9E1B, 0x9E1B, 0x9E1B, 0x9E1B, 0x9E1B,   // 0x10CF0 (68848) pixels
0x9E1B, 0x9E1B, 0x9E1B, 0x9E1B, 0x9E1B, 0x9E1B, 0x9E1B, 0x9E1B, 0x9E1B, 0x9E1B, 0x9E1B, 0xA61B, 0xA61B, 0xA61B, 0xA61B, 0xA61B,   // 0x10D00 (68864) pixels
0x9E1B, 0x9E1B, 0x9E1B, 0x9E1B, 0x9E1B, 0x9E1A, 0x9E1A, 0xA61A, 0xA61A, 0xA61A, 0xA5FA, 0xA5FA, 0xA5FA, 0xA61A, 0xAE1B, 0xAE3B,   // 0x10D10 (68880) pixels
0xB65B, 0xC6BC, 0xCEFD, 0xD6FD, 0xD6FD, 0xD6DC, 0xCE7B, 0xBE19, 0xBDD8, 0xB598, 0xAD57, 0xA557, 0xA537, 0xA557, 0xA578, 0xA5B9,   // 0x10D20 (68896) pixels
0xA5D9, 0xA5F9, 0xA61A, 0xA61A, 0xA61A, 0xA61A, 0x9E1A, 0x9E1A, 0x9E1A, 0x9E1A, 0x9E1A, 0x9E1A, 0x9E1A, 0x9E1A, 0x9E1A, 0x9E1A,   // 0x10D30 (68912) pixels
0x9E1A, 0x9E1A, 0x9E1A, 0x9E1A, 0x9E1A, 0x9E1A, 0x9E1A, 0x9E1A, 0x9E1B, 0x9E1B, 0x9E1B, 0x9E1B, 0x9E1B, 0x9E1B, 0x9E1B, 0x9E1B,   // 0x10D40 (68928) pixels
0x9DFA, 0x9DFA, 0x9DFA, 0x9DFA, 0x9DFA, 0x9DFA, 0x9DFA, 0x9DFA, 0x9E1B, 0x9E1B, 0x9E1B, 0x9E1B, 0x9E1B, 0x9E1B, 0x9E1B, 0x9E1B,   // 0x10D50 (68944) pixels
0x9E1B, 0x9E1B, 0x9E1B, 0x9E1B, 0x9E1B, 0x9E1B, 0x9E1B, 0x9E1B, 0x9E1B, 0x9E1B, 0x9E1B, 0x9E1B, 0x9E1B, 0x9E1B, 0x9E1B, 0x9E1B,   // 0x10D60 (68960) pixels
0x9E1B, 0x9E1B, 0x9E1B, 0x9E1B, 0x9E1B, 0x9E1B, 0x9E1B, 0x9E1B, 0x9E1B, 0x9E1B, 0x9E1B, 0x9E1B, 0x9E1B, 0x9E1B, 0x9E1B, 0x9E1B,   // 0x10D70 (68976) pixels
0x9E1B, 0x9E1B, 0x9E1B, 0x9E1B, 0x9E1B, 0x9E1B, 0x9E1B, 0x9E1B, 0x9E1B, 0x9E1B, 0x9E1B, 0x9E1B, 0x9E1B, 0x9E1B, 0x9E1B, 0x9E1B,   // 0x10D80 (68992) pixels
0x9E1B, 0x9E1B, 0x9E1B, 0x9E1B, 0x9E1B, 0x9E1B, 0x9E1B, 0x9E1B, 0x9E1B, 0x9E1B, 0x9E1B, 0x9E1B, 0x9E1B, 0x9E1B, 0x9E1B, 0x9DFB,   // 0x10D90 (69008) pixels
0xA5FB, 0x9DDB, 0x9539, 0x8476, 0x6312, 0x4A2F, 0x5A70, 0x6272, 0x6272, 0x5A51, 0x5A31, 0x5211, 0x5231, 0x5231, 0x5211, 0x5211,   // 0x10DA0 (69024) pixels
0x5211, 0x5211, 0x5211, 0x5211, 0x5211, 0x5211, 0x5211, 0x5211, 0x51F0, 0x51F0, 0x51F0, 0x51F0, 0x51F0, 0x51F0, 0x51F0, 0x51F0,   // 0x10DB0 (69040) pixels
0x51F0, 0x51D0, 0x51D0, 0x51D0, 0x51D0, 0x51D0, 0x51F0, 0x49EF, 0x49EF, 0x49CE, 0x4A2E, 0x6B31, 0x8414, 0x9CB6, 0xAD58, 0xA517,   // 0x10DC0 (69056) pixels
0x9D16, 0x9D16, 0x9D16, 0x9D16, 0x9D16, 0x9D16, 0x9D16, 0x9D16, 0x9CF6, 0x9CF6, 0x94F6, 0x94F6, 0x94D5, 0x94D5, 0x94D5, 0x94D5,   // 0x10DD0 (69072) pixels
0x9D36, 0x9D57, 0xA577, 0xA5B8, 0xA5D9, 0xA5F9, 0xA5F9, 0xA61A, 0xA61A, 0x9E1A, 0x9E1A, 0x9E1A, 0x9E1B, 0x9E1B, 0x9E1B, 0x9E1B,   // 0x10DE0 (69088) pixels
0x9E1B, 0x9E1B, 0x9E1B, 0x9E1B, 0xA63B, 0x9E1B, 0x9E1B, 0x9E1B, 0x9E1B, 0x9E1B, 0x9E1B, 0x9E1B, 0x9E1B, 0x9E1B, 0x9E1B, 0x9E1B,   // 0x10DF0 (69104) pixels
0x9E1B, 0x9E1B, 0x9E1B, 0x9E1B, 0x9E1B, 0x9E1B, 0x9E1B, 0x9E1B, 0x9E1B, 0x9E1B, 0x9E1B, 0x9E1B, 0x9E1B, 0x9E1B, 0x9E1B, 0x9E1B,   // 0x10E00 (69120) pixels
0x9E1B, 0x9E1B, 0x9E1B, 0x9E1B, 0x9E1B, 0x9E1B, 0x9E1B, 0x9E1B, 0xA61B, 0xA61B, 0xA61A, 0xA61A, 0xA5FA, 0xA5FA, 0xAE3A, 0xB65B,   // 0x10E10 (69136) pixels
0xCEBC, 0xD6FD, 0xDF3D, 0xE75E, 0xE77E, 0xE77E, 0xDF5E, 0xD71E, 0xC6BC, 0xB65B, 0xA5FA, 0xA5FA, 0xA61B, 0xA63B, 0xA61B, 0x9E1A,   // 0x10E20 (69152) pixels
0x9E1B, 0x9E3B, 0x9E3B, 0x9E3B, 0x9E3B, 0x9E3B, 0x9E3B, 0x9E3B, 0x9E1B, 0x9E1B, 0x9E1B, 0x9E1B, 0x9E1B, 0x9E1B, 0x9E1B, 0x9E1B,   // 0x10E30 (69168) pixels
0x9E1B, 0x9E1B, 0x9E1B, 0x9E1B, 0x9E1B, 0x9E1B, 0x9E1B, 0x9E1B, 0x9E1B, 0x9E1B, 0x9E1B, 0xA61B, 0xA61B, 0x9E1B, 0x9E1B, 0x9E1B,   // 0x10E40 (69184) pixels
0x9E1B, 0x9E3B, 0x9E1B, 0x9E1B, 0x9E1B, 0x9E1A, 0xA61A, 0xA61A, 0xA61A, 0xA5FA, 0xA5FA, 0xADFA, 0xAE1B, 0xAE1B, 0xB63B, 0xBE7C,   // 0x10E50 (69200) pixels
0xCEDD, 0xD6FD, 0xD6FD, 0xD6DC, 0xCE9B, 0xCE5A, 0xC619, 0xB5D8, 0xAD77, 0xAD77, 0xA556, 0x9D57, 0xA578, 0xA5B9, 0xA5D9, 0xA5D9,   // 0x10E60 (69216) pixels
0xA61A, 0xA61A, 0xA61A, 0x9E1A, 0x9E1A, 0x9E1A, 0x9E1B, 0x9E1B, 0x9E1B, 0x9E1A, 0x9E1A, 0x9E1A, 0x9E1A, 0x9E1A, 0x9E1A, 0x9E1A,   // 0x10E70 (69232) pixels
0x9E1A, 0x9E1A, 0x9E1A, 0x9E1A, 0x9E1A, 0x9E1A, 0x9E1A, 0x9DFA, 0x9E1B, 0x9E1B, 0x9E1B, 0x9E1B, 0x9E1B, 0x9E1B, 0x9E1B, 0x9E1B,   // 0x10E80 (69248) pixels
0x9DFA, 0x9DFA, 0x9DFA, 0x9DFA, 0x9DFA, 0x9DFA, 0x9DFA, 0x9DFA, 0x9E1B, 0x9E1B, 0x9E1B, 0x9E1B, 0x9E1B, 0x9E1B, 0x9E1B, 0x9E1B,   // 0x10E90 (69264) pixels
0x9E1B, 0x9E1B, 0x9E1B, 0x9E1B, 0x9E1B, 0x9E1B, 0x9E1B, 0x9E1B, 0x9E1B, 0x9E1B, 0x9E1B, 0x9E1B, 0x9E1B, 0x9E1B, 0x9E1B, 0x9E1B,   // 0x10EA0 (69280) pixels
0x9E1B, 0x9E1B, 0x9E1B, 0x9E1B, 0x9E1B, 0x9E1B, 0x9E1B, 0x9E1B, 0x9E1B, 0x9E1B, 0x9E1B, 0x9E1B, 0x9E1B, 0x9E1B, 0x9E1B, 0x9E1B,   // 0x10EB0 (69296) pixels
0x9E1B, 0x9E1B, 0x9E1B, 0x9E1B, 0x9E1B, 0x9E1B, 0x9E1B, 0x9E1B, 0x9E1B, 0x9E1B, 0x9E1B, 0x9E1B, 0x9E1B, 0x9E1B, 0x9E1B, 0x9E1B,   // 0x10EC0 (69312) pixels
0x9E1B, 0x9E1B, 0x9E1B, 0x9E1B, 0x9E1B, 0x9E1B, 0x9E1B, 0x9E1B, 0x9E1B, 0x9E1B, 0x9E1B, 0x9E1B, 0x9E1B, 0x9E1B, 0x9E1B, 0x9E1B,   // 0x10ED0 (69328) pixels
0xA61B, 0x9DBA, 0x9D9A, 0x8CB8, 0x6312, 0x4A2F, 0x5A50, 0x6271, 0x6251, 0x5A51, 0x5A31, 0x5211, 0x5211, 0x5211, 0x51F1, 0x5211,   // 0x10EE0 (69344) pixels
0x51F1, 0x51F1, 0x51F1, 0x51F1, 0x5211, 0x5211, 0x51F1, 0x51F1, 0x51F0, 0x51D0, 0x51D0, 0x51D0, 0x51F0, 0x51F1, 0x51D0, 0x51D0,   // 0x10EF0 (69360) pixels
0x49D0, 0x51D0, 0x51D0, 0x51D0, 0x49D0, 0x49D0, 0x49D0, 0x51F0, 0x520F, 0x41AD, 0x4A0E, 0x62F0, 0x7BB3, 0x9496, 0xA538, 0xA537,   // 0x10F00 (69376) pixels
0x9D16, 0x9D16, 0x9D17, 0x9D17, 0x9D17, 0x9D16, 0x9D16, 0x9D16, 0x9CF6, 0x9CF6, 0x9CF6, 0x94F6, 0x94F6, 0x9CF6, 0x9CF6, 0x9D16,   // 0x10F10 (69392) pixels
0x9D57, 0x9D78, 0xA598, 0xA5D9, 0xA5F9, 0xA5FA, 0xA5FA, 0xA5FA, 0xA61A, 0x9E1A, 0x9E1A, 0x9E1A, 0x9E1A, 0x9E1A, 0x9E1B, 0x9E1B,   // 0x10F20 (69408) pixels
0x9E1B, 0x9E1B, 0x9E1B, 0x9E1B, 0x9E1B, 0xA63B, 0xA63B, 0xA63B, 0x9E1B, 0x9E1B, 0x9E1B, 0x9E1B, 0x9E1B, 0x9E1B, 0x9E1B, 0x9E1B,   // 0x10F30 (69424) pixels
0x9E1B, 0x9E1B, 0x9E1B, 0x9E1B, 0x9E1B, 0x9E1B, 0x9E1B, 0x9E1B, 0x9E1B, 0x9E1B, 0x9E1B, 0x9E1B, 0x9E1B, 0x9E1B, 0x9E1B, 0x9E1B,   // 0x10F40 (69440) pixels
0x9E1B, 0x9E1B, 0x9E1B, 0x9E1B, 0x9E1B, 0x9E1B, 0x9E1B, 0x9E1B, 0xA61A, 0xA61A, 0xA61A, 0xA61A, 0xA5FA, 0xA5FA, 0xA61A, 0xAE3A,   // 0x10F50 (69456) pixels
0xC67B, 0xD6DC, 0xDF3D, 0xDF5D, 0xE75E, 0xE77E, 0xE75E, 0xDF3E, 0xCEFD, 0xC69C, 0xB63B, 0xA5FA, 0xA61A, 0xA61A, 0xA61A, 0x9E1A,   // 0x10F60 (69472) pixels
0xA63B, 0xA63B, 0x9E3B, 0x9E3B, 0x9E1B, 0x9E3B, 0xA63B, 0x9E3C, 0x9E1B, 0x9E1B, 0x9E1B, 0x9E1B, 0x9E1B, 0x9E1B, 0x9E1B, 0x9E1B,   // 0x10F70 (69488) pixels
0x9E3B, 0x9E3B, 0x9E1B, 0x9E1B, 0x9E1B, 0x9E1B, 0x9E1B, 0x9E1B, 0x9DFB, 0x9DFB, 0x9DFA, 0x9DFA, 0x9DFA, 0x9DFB, 0x9E1B, 0x9E1B,   // 0x10F80 (69504) pixels
0x9E3B, 0x9E3B, 0x9E5B, 0xA63B, 0xA63B, 0xA63A, 0xA61A, 0xA61A, 0xA61A, 0xADFA, 0xADFA, 0xB61B, 0xBE5B, 0xC67D, 0xCEDE, 0xD71E,   // 0x10F90 (69520) pixels
0xD6DD, 0xD6DD, 0xCE9C, 0xCE7B, 0xC63A, 0xBDD9, 0xB597, 0xAD77, 0xA557, 0xA557, 0xA577, 0x9D98, 0xA5B9, 0xA5D9, 0xA5FA, 0xA61A,   // 0x10FA0 (69536) pixels
0x9E1A, 0x9E1A, 0x9E1A, 0x9E1A, 0x9E1A, 0x9E1A, 0x9E1A, 0x9E1A, 0x9E1A, 0x9E1A, 0x9E1A, 0x9E1A, 0x9E1A, 0x9DFA, 0x9DFA, 0x9DFA,   // 0x10FB0 (69552) pixels
0x9E1A, 0x9E1A, 0x9E1A, 0x9E1A, 0x9E1A, 0x9E1A, 0x9DFA, 0x9DFA, 0x9E1B, 0x9E1B, 0x9E1B, 0x9E1B, 0x9E1B, 0x9E1B, 0x9E1B, 0x9E1B,   // 0x10FC0 (69568) pixels
0x9E1B, 0x9E1B, 0x9E1B, 0x9E1B, 0x9E1B, 0x9E1B, 0x9E1B, 0x9E1B, 0x9E1B, 0x9E1B, 0x9E1B, 0x9E1B, 0x9E1B, 0x9E1B, 0x9E1B, 0x9E1B,   // 0x10FD0 (69584) pixels
0x9E1B, 0x9E1B, 0x9E1B, 0x9E1B, 0x9E1B, 0x9E1B, 0x9E1B, 0x9E1B, 0x9E1B, 0x9E1B, 0x9E1B, 0x9E1B, 0x9E1B, 0x9E1B, 0x9E1B, 0x9E1B,   // 0x10FE0 (69600) pixels
0x9E1B, 0x9E1B, 0x9E1B, 0x9E1B, 0x9E1B, 0x9E1B, 0x9E1B, 0x9E1B, 0x9E1B, 0x9E1B, 0x9E1B, 0x9E1B, 0x9E1B, 0x9E1B, 0x9E1B, 0x9E1B,   // 0x10FF0 (69616) pixels
0x9E1B, 0x9E1B, 0x9E1B, 0x9E1B, 0x9E1B, 0x9E1B, 0x9E1B, 0x9E1B, 0x9E1B, 0x9E1B, 0x9E1B, 0x9E1B, 0x9E1B, 0x9E1B, 0x9E1B, 0x9E1B,   // 0x11000 (69632) pixels
0x9E1B, 0x9E1B, 0x9E1B, 0x9E1B, 0x9E1B, 0x9E1B, 0x9E1B, 0x9E1B, 0x9E1B, 0x9E1B, 0x9E1B, 0x9E1B, 0x9E1B, 0x9E1B, 0x9E1B, 0x9DFB,   // 0x11010 (69648) pixels
0xA61B, 0x9DDB, 0xA5BB, 0x94F9, 0x6B53, 0x5270, 0x5250, 0x5A51, 0x5A72, 0x5A72, 0x5231, 0x5210, 0x51F1, 0x51F1, 0x49D0, 0x51F0,   // 0x11020 (69664) pixels
0x51F1, 0x51F0, 0x51D0, 0x51F0, 0x51F1, 0x51F0, 0x51F0, 0x51F0, 0x51F1, 0x51F0, 0x51F0, 0x51F0, 0x51F1, 0x51F0, 0x51D0, 0x49D0,   // 0x11030 (69680) pixels
0x49AF, 0x49D0, 0x49D0, 0x51F0, 0x51F0, 0x5210, 0x5210, 0x5231, 0x5230, 0x49EE, 0x4A2E, 0x5A8F, 0x6B31, 0x8C55, 0xA518, 0x9D17,   // 0x11040 (69696) pixels
0x9D17, 0x9D17, 0x9D17, 0x9D37, 0x9D17, 0x9D17, 0x9D17, 0x9D16, 0x9D16, 0x9D16, 0x9D17, 0x9D17, 0x9D37, 0x9D37, 0xA558, 0xA557,   // 0x11050 (69712) pixels
0xA578, 0xA598, 0xA5B9, 0xA5D9, 0xA5F9, 0xA5FA, 0xA5FA, 0x9E1A, 0x9E1A, 0x9E1A, 0x9E1A, 0x9E1A, 0x9E1A, 0x9E1A, 0x9E1B, 0x9E1B,   // 0x11060 (69728) pixels
0x9E1B, 0x9E1B, 0x9E1B, 0x9E1B, 0x9E1B, 0xA63B, 0xA63B, 0xA63B, 0x9E1B, 0x9E1B, 0x9E1B, 0x9E1B, 0x9E1B, 0x9E1B, 0x9E1B, 0x9E1B,   // 0x11070 (69744) pixels
0x9E1B, 0x9E1B, 0x9E1B, 0x9E1B, 0x9E1B, 0x9E1B, 0x9E1B, 0x9E1B, 0x9E1B, 0x9E1B, 0x9E1B, 0x9E1B, 0x9E1B, 0x9E1B, 0x9E1B, 0x9E1B,   // 0x11080 (69760) pixels
0x9E1B, 0x9E1B, 0x9E1B, 0x9E1B, 0x9E1B, 0x9E1B, 0x9E1B, 0x9E1B, 0xA61A, 0x9DFA, 0x9DFA, 0xA5FA, 0xA5FA, 0xA5FA, 0xA5FA, 0xA61A,   // 0x11090 (69776) pixels
0xB63A, 0xC69C, 0xD6FD, 0xDF3D, 0xDF5D, 0xE77E, 0xE77E, 0xDF7E, 0xDF3E, 0xCEFD, 0xBE7C, 0xB63B, 0xAE1A, 0xA61A, 0xA61A, 0xA63B,   // 0x110A0 (69792) pixels
0xA63B, 0x9E1B, 0x9E1A, 0x9E1A, 0x9E1B, 0x9E3B, 0x9E1B, 0x9E3B, 0x9E1B, 0x9E1B, 0x9E1B, 0x9E1B, 0x9E1B, 0x9E1B, 0x9E1B, 0x9E1B,   // 0x110B0 (69808) pixels
0x9E1B, 0x9E1B, 0x9E1B, 0x9E1B, 0x9E1B, 0x9E1B, 0x9E1B, 0x9E1B, 0x9E1B, 0x9E1B, 0x9E1B, 0x9E1B, 0xA61B, 0xA61B, 0xA61B, 0xA63B,   // 0x110C0 (69824) pixels
0x9E1A, 0x9E3A, 0x9E1A, 0x9E1A, 0x9DF9, 0x9DF9, 0xA5F9, 0xA5F9, 0xAE1A, 0xB65B, 0xC69C, 0xCEBD, 0xD6DE, 0xD6FE, 0xD6DE, 0xD6BD,   // 0x110D0 (69840) pixels
0xCE7C, 0xC63B, 0xBDFA, 0xBDD9, 0xB5B8, 0xAD97, 0xA577, 0xA557, 0xA557, 0xA577, 0xA598, 0xA5D9, 0xA5FA, 0xA61A, 0xA61A, 0x9E1A,   // 0x110E0 (69856) pixels
0x9E1A, 0x9E1A, 0x9E1A, 0x9E1A, 0x9E1A, 0x9E1A, 0x9E1A, 0x9E1A, 0x9E1A, 0x9E1A, 0x9E1A, 0x9E1A, 0x9DFA, 0x9DFA, 0x9DFA, 0x9DFA,   // 0x110F0 (69872) pixels
0x9DFA, 0x9DFA, 0x9DFA, 0x9DFA, 0x9DFA, 0x9DFA, 0x9DFA, 0x9DFA, 0x9DFA, 0x9DFA, 0x9DFA, 0x9E1B, 0x9E1B, 0x9E1B, 0x9E1B, 0x9E1B,   // 0x11100 (69888) pixels
0x9E1B, 0x9E1B, 0x9E1B, 0x9E1B, 0x9E1B, 0x9E1B, 0x9E1B, 0x9E1B, 0x9E1B, 0x9E1B, 0x9E1B, 0x9E1B, 0x9E1B, 0x9E1B, 0x9E1B, 0x9E1B,   // 0x11110 (69904) pixels
0x9E1B, 0x9E1B, 0x9E1B, 0x9E1B, 0x9E1B, 0x9E1B, 0x9E1B, 0x9E1B, 0x9E1B, 0x9E1B, 0x9E1B, 0x9E1B, 0x9E1B, 0x9E1B, 0x9E1B, 0x9E1B,   // 0x11120 (69920) pixels
0x9E1B, 0x9E1B, 0x9E1B, 0x9E1B, 0x9E1B, 0x9E1B, 0x9E1B, 0x9E1B, 0x9E1B, 0x9E1B, 0x9E1B, 0x9E1B, 0x9E1B, 0x9E1B, 0x9E1B, 0x9E1B,   // 0x11130 (69936) pixels
0x9E1B, 0x9E1B, 0x9E1B, 0x9E1B, 0x9E1B, 0x9E1B, 0x9E1B, 0x9E1B, 0x9E1B, 0x9E1B, 0x9E1B, 0x9E1B, 0x9E1B, 0x9E1B, 0x9E1B, 0x9E1B,   // 0x11140 (69952) pixels
0x9E1B, 0x9E1B, 0x9E1B, 0x9E1B, 0x9E1B, 0x9E1B, 0x9E1B, 0x9E1B, 0x9E1B, 0x9E1B, 0x9E1B, 0x9E1B, 0x9E1B, 0x9E1B, 0x9E1B, 0x9DFB,   // 0x11150 (69968) pixels
0x9DDB, 0x9DDB, 0xA5FC, 0x9D7A, 0x7C15, 0x5AF1, 0x5270, 0x5230, 0x5271, 0x5A71, 0x5251, 0x4A10, 0x5211, 0x5211, 0x5211, 0x5211,   // 0x11160 (69984) pixels
0x51F0, 0x51F0, 0x51F0, 0x5210, 0x5211, 0x5211, 0x5211, 0x5210, 0x49F0, 0x49F0, 0x49F0, 0x51F0, 0x5211, 0x5210, 0x5211, 0x5210,   // 0x11170 (70000) pixels
0x49CF, 0x49EF, 0x49F0, 0x49F0, 0x4A10, 0x4A10, 0x4A30, 0x5230, 0x4A2F, 0x4A2F, 0x4A4F, 0x4A4E, 0x52D0, 0x7C14, 0x9CF7, 0x94F7,   // 0x11180 (70016) pixels
0x9D37, 0x9D37, 0x9D37, 0x9D37, 0x9D37, 0x9D37, 0x9D37, 0x9D37, 0x9D37, 0x9D57, 0x9D58, 0xA578, 0xA599, 0xA599, 0xADB9, 0xA5B9,   // 0x11190 (70032) pixels
0xA5D9, 0xA5D9, 0xA5D9, 0xA5FA, 0xA5FA, 0xA5FA, 0x9E1A, 0x9E1A, 0x9E1A, 0x9E1A, 0x9E1A, 0x9E1A, 0x9E1B, 0x9E1B, 0x9E1B, 0x9E1B,   // 0x111A0 (70048) pixels
0x9E1B, 0x9E1B, 0x9E1B, 0x9E1B, 0x9E1B, 0x9E1B, 0xA63B, 0xA63B, 0x9E1B, 0x9E1B, 0x9E1B, 0x9E1B, 0x9E1B, 0x9E1B, 0x9E1B, 0x9E1B,   // 0x111B0 (70064) pixels
0x9E1B, 0x9E1B, 0x9E1B, 0x9E1B, 0x9E1B, 0x9E1B, 0x9E1B, 0x9E1B, 0x9E1B, 0x9E1B, 0x9E1B, 0x9E1B, 0x9E1B, 0x9E1B, 0x9E1B, 0x9E1B,   // 0x111C0 (70080) pixels
0x9E1B, 0x9E1B, 0x9E1B, 0x9E1B, 0x9E1B, 0x9E1B, 0x9E1B, 0x9E1B, 0xA61B, 0x9DFA, 0x9DFA, 0xA61A, 0xA61A, 0xA61A, 0xA5FA, 0xA5FA,   // 0x111D0 (70096) pixels
0xAE1A, 0xBE5B, 0xCEBC, 0xD6FD, 0xDF3D, 0xDF5D, 0xE77E, 0xE75E, 0xE77F, 0xDF3E, 0xCEFD, 0xC69C, 0xBE5B, 0xAE3A, 0xAE1A, 0xA63A,   // 0x111E0 (70112) pixels
0xA61A, 0xA61A, 0xA61A, 0x9E1A, 0xA63B, 0xA63B, 0xA61B, 0x9E1A, 0x9E1B, 0x9E1B, 0x9E1B, 0x9E1B, 0x9E1B, 0x9E1B, 0x9E1B, 0x9E1B,   // 0x111F0 (70128) pixels
0x9E1B, 0x9E1B, 0x9E1B, 0x9E1B, 0x9E1B, 0x9E1B, 0x9E1B, 0x9E1B, 0x9DFA, 0x9DFA, 0xA61A, 0xA61B, 0xA61A, 0xA5FA, 0x9DFA, 0x9DDA,   // 0x11200 (70144) pixels
0xA61A, 0x9E1A, 0xA61A, 0xA619, 0xA5F9, 0xA619, 0xB65A, 0xB67B, 0xBE9B, 0xCEDD, 0xD71E, 0xDF1E, 0xDF1E, 0xD6DE, 0xCE7C, 0xC61B,   // 0x11210 (70160) pixels
0xBDFA, 0xB5B8, 0xAD77, 0xAD98, 0xAD98, 0xA578, 0xA577, 0xA598, 0xA598, 0xA5B9, 0xA5D9, 0xA5FA, 0xA61A, 0x9E1A, 0x9DFA, 0x9E1A,   // 0x11220 (70176) pixels
0x9E1A, 0x9E1A, 0x9E1A, 0x9E1A, 0x9E1A, 0x9E1A, 0x9E1A, 0x9E1A, 0x9E1A, 0x9E1A, 0x9E1A, 0x9E1A, 0x9DFA, 0x9DFA, 0x9DFA, 0x9DFA,   // 0x11230 (70192) pixels
0x9DFA, 0x9DFA, 0x9DFA, 0x9DFA, 0x9DFA, 0x9DFA, 0x9DFA, 0x9DFA, 0x9DFA, 0x9DFA, 0x9DFA, 0x9DFA, 0x9E1B, 0x9E1B, 0x9E1B, 0x9E1B,   // 0x11240 (70208) pixels
0x9E1B, 0x9E1B, 0x9E1B, 0x9E1B, 0x9E1B, 0x9E1B, 0x9E1B, 0x9E1B, 0x9E1B, 0x9E1B, 0x9E1B, 0x9E1B, 0x9E1B, 0x9E1B, 0x9E1B, 0x9E1B,   // 0x11250 (70224) pixels
0x9E1B, 0x9E1B, 0x9E1B, 0x9E1B, 0x9E1B, 0x9E1B, 0x9E1B, 0x9E1B, 0x9E1B, 0x9E1B, 0x9E1B, 0x9E1B, 0x9E1B, 0x9E1B, 0x9E1B, 0x9E1B,   // 0x11260 (70240) pixels
0x9E1B, 0x9E1B, 0x9E1B, 0x9E1B, 0x9E1B, 0x9E1B, 0x9E1B, 0x9E1B, 0x9E1B, 0x9E1B, 0x9E1B, 0x9E1B, 0x9E1B, 0x9E1B, 0x9E1B, 0x9E1B,   // 0x11270 (70256) pixels
0x9E1B, 0x9E1B, 0x9E1B, 0x9E1B, 0x9E1B, 0x9E1B, 0x9E1B, 0x9E1B, 0x9E1B, 0x9E1B, 0x9E1B, 0x9E1B, 0x9E1B, 0x9E1B, 0x9E1B, 0x9E1B,   // 0x11280 (70272) pixels
0x9E1B, 0x9E1B, 0x9E1B, 0x9E1B, 0x9E1B, 0x9E1B, 0x9E1B, 0x9E1B, 0x9E1B, 0x9E1B, 0x9E1B, 0x9E1B, 0x9E1B, 0x9E1B, 0x9E1B, 0x9E1B,   // 0x11290 (70288) pixels
0x95DA, 0x9DDB, 0xAE1C, 0xA5DB, 0x8CB8, 0x6BB4, 0x5AF1, 0x4A70, 0x52B1, 0x5AB2, 0x5271, 0x4A10, 0x49F0, 0x4A10, 0x49D0, 0x49D0,   // 0x112A0 (70304) pixels
0x49F0, 0x4A10, 0x49F0, 0x49F0, 0x4A10, 0x4A10, 0x4A10, 0x4A10, 0x49F0, 0x49F0, 0x4A10, 0x4A10, 0x4A10, 0x4A10, 0x4A10, 0x4A10,   // 0x112B0 (70320) pixels
0x4A30, 0x4A50, 0x4A50, 0x5250, 0x5250, 0x5270, 0x5271, 0x5290, 0x5290, 0x52B0, 0x52D0, 0x52D0, 0x5B31, 0x7C34, 0x9517, 0x9517,   // 0x112C0 (70336) pixels
0x9D58, 0x9D78, 0x9D58, 0x9D58, 0x9D58, 0x9D78, 0x9D78, 0x9D78, 0xA599, 0xA599, 0xA5B9, 0xA5B9, 0xA5D9, 0xA5D9, 0xADDA, 0xA5DA,   // 0x112D0 (70352) pixels
0xA5FA, 0xA5FA, 0xA5FA, 0xA5FA, 0xA5FA, 0x9DFA, 0x9E1A, 0x9E1A, 0x9E1A, 0x9E1A, 0x9DFA, 0x9DFA, 0x9DFA, 0x9DFA, 0x9E1B, 0x9E1B,   // 0x112E0 (70368) pixels
0x9E1B, 0x9E1B, 0x9E1B, 0x9E1B, 0x9E1B, 0x9E1B, 0x9E1B, 0xA63B, 0x9E1B, 0x9E1B, 0x9E1B, 0x9E1B, 0x9E1B, 0x9E1B, 0x9E1B, 0x9E1B,   // 0x112F0 (70384) pixels
0x9E1B, 0x9E1B, 0x9E1B, 0x9E1B, 0x9E1B, 0x9E1B, 0x9E1B, 0x9E1B, 0x9E1B, 0x9E1B, 0x9E1B, 0x9E1B, 0x9E1B, 0x9E1B, 0x9E1B, 0x9E1B,   // 0x11300 (70400) pixels
0x9E1B, 0x9E1B, 0x9E1B, 0x9E1B, 0x9E1B, 0x9E1B, 0x9E1B, 0x9E1B, 0xA61B, 0xA61A, 0x9DFA, 0xA61A, 0xA61B, 0xA61A, 0x9DFA, 0xA5FA,   // 0x11310 (70416) pixels
0xADFA, 0xB63A, 0xBE7B, 0xC6BC, 0xD6FC, 0xDF3D, 0xDF5E, 0xDF5D, 0xEF9F, 0xE77F, 0xDF5E, 0xD71E, 0xCEDD, 0xBE9C, 0xB65A, 0xAE19,   // 0x11320 (70432) pixels
0xAE3A, 0xA61A, 0xA5FA, 0xA61A, 0xA61A, 0xA61B, 0xA61B, 0xA61A, 0xA61B, 0xA61B, 0x9E1B, 0x9E1B, 0x9E1B, 0x9E1B, 0x9E1B, 0x9E1B,   // 0x11330 (70448) pixels
0xA61B, 0xA61B, 0xA61B, 0xA61B, 0xA61B, 0xA61B, 0xA61B, 0xA61A, 0xA5FA, 0xA5FA, 0xA5FA, 0xA5FA, 0xA5FA, 0xA5FA, 0xA5FA, 0xA5FA,   // 0x11340 (70464) pixels
0xA5F9, 0xA619, 0xAE1A, 0xB65A, 0xB67B, 0xBEBC, 0xCEFC, 0xCF1D, 0xD6FD, 0xD6FD, 0xD6FD, 0xCEBC, 0xC67C, 0xC65C, 0xBE3B, 0xB5FA,   // 0x11350 (70480) pixels
0xB5D9, 0xA597, 0xA577, 0xA598, 0xA598, 0xA598, 0xA598, 0xA5B9, 0xA5DA, 0xA5FA, 0xA61A, 0xA61A, 0x9DFA, 0x9DFA, 0x9DFA, 0x9DFA,   // 0x11360 (70496) pixels
0x9E1A, 0x9E1B, 0x9E1B, 0x9E1B, 0x9E1A, 0x9E1A, 0x9E1A, 0x9E1A, 0x9E1A, 0x9E1A, 0x9E1A, 0x9E1A, 0x9E1A, 0x9DFA, 0x9DFA, 0x9DFA,   // 0x11370 (70512) pixels
0x9DFA, 0x9DFA, 0x9DFA, 0x9DFA, 0x9DFA, 0x9DFA, 0x9DFA, 0x9DFA, 0x9DFA, 0x9DFA, 0x9DFA, 0x9DFA, 0x9E1B, 0x9E1B, 0x9E1B, 0x9E1B,   // 0x11380 (70528) pixels
0x9E1B, 0x9E1B, 0x9E1B, 0x9E1B, 0x9E1B, 0x9E1B, 0x9E1B, 0x9E1B, 0x9E1B, 0x9E1B, 0x9E1B, 0x9E1B, 0x9E1B, 0x9E1B, 0x9E1B, 0x9E1B,   // 0x11390 (70544) pixels
0x9E1B, 0x9E1B, 0x9E1B, 0x9E1B, 0x9E1B, 0x9E1B, 0x9E1B, 0x9E1B, 0x9E1B, 0x9E1B, 0x9E1B, 0x9E1B, 0x9E1B, 0x9E1B, 0x9E1B, 0x9E1B,   // 0x113A0 (70560) pixels
0x9E1B, 0x9E1B, 0x9E1B, 0x9E1B, 0x9E1B, 0x9E1B, 0x9E1B, 0x9E1B, 0x9E1B, 0x9E1B, 0x9E1B, 0x9E1B, 0x9E1B, 0x9E1B, 0x9E1B, 0x9E1B,   // 0x113B0 (70576) pixels
0x9E1B, 0x9E1B, 0x9E1B, 0x9E1B, 0x9E1B, 0x9E1B, 0x9E1B, 0x9E1B, 0x9E1B, 0x9E1B, 0x9E1B, 0x9E1B, 0x9E1B, 0x9E1B, 0x9E1B, 0x9E1B,   // 0x113C0 (70592) pixels
0x9DFA, 0x9DFA, 0x9DFA, 0x9DFA, 0x9DFA, 0x9DFA, 0x9DFA, 0x9DFA, 0x9DFA, 0x9DFA, 0x9DFA, 0x9DFA, 0x9DFA, 0x9DFA, 0x9DFA, 0x9DFA,   // 0x113D0 (70608) pixels
0x9DFB, 0x9DFB, 0xA61B, 0xA5FB, 0x9559, 0x8497, 0x6BD4, 0x6373, 0x6373, 0x6353, 0x52D1, 0x422F, 0x420F, 0x4A10, 0x5210, 0x5210,   // 0x113E0 (70624) pixels
0x4A30, 0x4A50, 0x4A30, 0x4A30, 0x4A30, 0x4A30, 0x4A30, 0x4A50, 0x4A50, 0x4A50, 0x5250, 0x5270, 0x5271, 0x5271, 0x5271, 0x5291,   // 0x113F0 (70640) pixels
0x52D1, 0x52D1, 0x5AF2, 0x5B12, 0x6333, 0x6353, 0x6373, 0x6373, 0x6BB4, 0x6BD4, 0x7414, 0x7434, 0x7C75, 0x8CF7, 0x9D79, 0x9D99,   // 0x11400 (70656) pixels
0x9DD9, 0x9DD9, 0x9DB9, 0x9DB9, 0x9DB9, 0x9DD9, 0xA5D9, 0xA5DA, 0xA5DA, 0xA5FA, 0xA5FA, 0xA5FA, 0xA5FA, 0xA5FA, 0xA5FA, 0xA5FA,   // 0x11410 (70672) pixels
0xA5FA, 0x9E1A, 0x9DFA, 0x9DFA, 0x9DFA, 0x9DFA, 0x9E1A, 0x9E1A, 0x9E1A, 0x9E1A, 0x9DFA, 0x9DFA, 0x9DFB, 0x9DFB, 0x9DFB, 0x9E1B,   // 0x11420 (70688) pixels
0x9E1B, 0x9E1B, 0x9E1B, 0x9E1B, 0x9E1B, 0x9E1B, 0x9E1B, 0x9E1B, 0x9E1B, 0x9E1B, 0xA63B, 0xA63B, 0xA63B, 0xA63B, 0x9E1B, 0x9E1B,   // 0x11430 (70704) pixels
0x9E1B, 0x9E1B, 0x9E1B, 0x9E1B, 0x9E1B, 0x9E1B, 0x9E1B, 0x9E1B, 0x9E1B, 0x9E1B, 0x9E1B, 0x9E1B, 0x9E1B, 0x9E1B, 0x9E1B, 0x9E1B,   // 0x11440 (70720) pixels
0x9E1B, 0x9E1B, 0x9E1B, 0x9E1B, 0x9E1B, 0x9E1B, 0x9E1B, 0x9E1B, 0xA61B, 0x9DFA, 0x9DFA, 0x9DFA, 0xA61A, 0x9DFA, 0x9DFA, 0x9DFA,   // 0x11450 (70736) pixels
0xA5FA, 0xA5F9, 0xAE1A, 0xBE5A, 0xCEBB, 0xD6FC, 0xDF1D, 0xDF3D, 0xE75E, 0xE77E, 0xE77E, 0xDF5E, 0xDF5E, 0xD73D, 0xC6DC, 0xBE9B,   // 0x11460 (70752) pixels
0xB65B, 0xAE3A, 0xA5FA, 0xA5D9, 0xA5F9, 0xA5FA, 0xA61A, 0xA61A, 0xA61A, 0xA61A, 0xA61A, 0xA61A, 0xA61A, 0xA61A, 0xA61A, 0xA61A,   // 0x11470 (70768) pixels
0xA61B, 0xA61A, 0xA61A, 0xA61A, 0xA5FA, 0xA5FA, 0xA5FA, 0xA5FA, 0xA5FA, 0xA5FA, 0xA5D9, 0xA5D9, 0xA5F9, 0xAE1A, 0xAE3B, 0xB65B,   // 0x11480 (70784) pixels
0xB65A, 0xBE5B, 0xC69C, 0xCEDC, 0xCF1D, 0xD71D, 0xD73D, 0xD73D, 0xD6FC, 0xCEBC, 0xC67B, 0xBE1A, 0xB5F9, 0xB5D9, 0xB5D9, 0xADB9,   // 0x11490 (70800) pixels
0xADB8, 0xA597, 0x9D77, 0xA5B8, 0xA5D9, 0xA5D9, 0xA5DA, 0xA5FA, 0xA5FA, 0xA5FA, 0xA5FA, 0x9DFA, 0x9DFA, 0x9E1A, 0x9DFA, 0x9DFA,   // 0x114A0 (70816) pixels
0x9E1B, 0x9E1B, 0x9E1B, 0x9E1B, 0x9E1B, 0x9E1A, 0x9E1A, 0x9E1A, 0x9E1A, 0x9E1A, 0x9E1A, 0x9E1A, 0x9E1A, 0x9DFA, 0x9DFA, 0x9DFA,   // 0x114B0 (70832) pixels
0x9DFA, 0x9DFA, 0x9DFA, 0x9DFA, 0x9DFA, 0x9DFA, 0x9DFA, 0x9DFA, 0x9DFA, 0x9DFA, 0x9DFA, 0x9DFA, 0x9DFA, 0x9E1B, 0x9E1B, 0x9E1B,   // 0x114C0 (70848) pixels
0x9E1B, 0x9E1B, 0x9E1B, 0x9E1B, 0x9E1B, 0x9E1B, 0x9E1B, 0x9E1B, 0x9E1B, 0x9E1B, 0x9E1B, 0x9E1B, 0x9E1B, 0x9E1B, 0x9E1B, 0x9E1B,   // 0x114D0 (70864) pixels
0x9E1B, 0x9E1B, 0x9E1B, 0x9E1B, 0x9E1B, 0x9E1B, 0x9E1B, 0x9E1B, 0x9E1B, 0x9E1B, 0x9E1B, 0x9E1B, 0x9E1B, 0x9E1B, 0x9E1B, 0x9E1B,   // 0x114E0 (70880) pixels
0x9E1B, 0x9E1B, 0x9E1B, 0x9E1B, 0x9E1B, 0x9E1B, 0x9E1B, 0x9E1B, 0x9E1B, 0x9E1B, 0x9E1B, 0x9E1B, 0x9E1B, 0x9E1B, 0x9E1B, 0x9E1B,   // 0x114F0 (70896) pixels
0x9E1B, 0x9E1B, 0x9E1B, 0x9E1B, 0x9E1B, 0x9E1B, 0x9E1B, 0x9E1B, 0x9E1B, 0x9E1B, 0x9E1B, 0x9E1B, 0x9E1B, 0x9E1B, 0x9E1B, 0x9E1B,   // 0x11500 (70912) pixels
0x9DFA, 0x9DFA, 0x9DFA, 0x9DFA, 0x9DFA, 0x9DFA, 0x9DFA, 0x9DFA, 0x9DFA, 0x9DFA, 0x9DFA, 0x9DFA, 0x9DFA, 0x9DFA, 0x9DFA, 0x9DFA,   // 0x11510 (70928) pixels
0x9E1B, 0x9E1B, 0x9DFA, 0x9DDA, 0x9DDA, 0x9D9A, 0x9539, 0x8CF8, 0x84B7, 0x7C76, 0x6394, 0x52B1, 0x4A70, 0x5250, 0x5251, 0x5A71,   // 0x11520 (70944) pixels
0x5270, 0x5290, 0x52B0, 0x52B1, 0x52D1, 0x5AD1, 0x5AF2, 0x5B12, 0x6333, 0x6353, 0x6B73, 0x6B94, 0x73B4, 0x73D5, 0x7BD5, 0x7BF5,   // 0x11530 (70960) pixels
0x7C16, 0x7C36, 0x7C56, 0x8477, 0x8497, 0x8CB8, 0x8CD8, 0x8CD8, 0x9518, 0x9539, 0x9559, 0x9579, 0x9D99, 0x9DB9, 0x9DD9, 0x9DFA,   // 0x11540 (70976) pixels
0xA5FA, 0xA5FA, 0xA5FA, 0x9DFA, 0x9DFA, 0xA5FA, 0xA5FA, 0xA5FA, 0xA5FA, 0xA5FA, 0xA5FA, 0xA61A, 0xA61A, 0xA61A, 0xA61A, 0xA61A,   // 0x11550 (70992) pixels
0x9E1A, 0x9E1A, 0x9E1A, 0x9DFA, 0x9DFA, 0x9E1A, 0x9E1A, 0x9E1A, 0x9E1B, 0x9E1B, 0x9DFA, 0x9DFA, 0x9DFB, 0x9DFB, 0x9E1B, 0x9E1B,   // 0x11560 (71008) pixels
0x9E1B, 0x9E1B, 0x9E1B, 0x9E1B, 0x9E1B, 0x9E1B, 0x9E1B, 0x9E1B, 0x9E1B, 0x9E1B, 0x9E1B, 0xA63B, 0xA63B, 0x9E1B, 0x9E1B, 0x9E1B,   // 0x11570 (71024) pixels
0x9E1B, 0x9E1B, 0x9E1B, 0x9E1B, 0x9E1B, 0x9E1B, 0x9E1B, 0x9E1B, 0x9E1B, 0x9E1B, 0x9E1B, 0x9E1B, 0x9E1B, 0x9E1B, 0x9E1B, 0x9E1B,   // 0x11580 (71040) pixels
0x9E1B, 0x9E1B, 0x9E1B, 0x9E1B, 0x9E1B, 0x9E1B, 0xA61B, 0xA61B, 0xA61B, 0x9DFA, 0x9DFA, 0x9DFA, 0x9DFA, 0x9DFA, 0x9DFA, 0xA5FA,   // 0x11590 (71056) pixels
0xA5FA, 0xA5D9, 0xA5F9, 0xAE19, 0xBE5A, 0xC69B, 0xD6DB, 0xD6FC, 0xDF1C, 0xDF3D, 0xDF5E, 0xDF5E, 0xDF7E, 0xDF7E, 0xDF5E, 0xD73D,   // 0x115A0 (71072) pixels
0xC6BC, 0xC69C, 0xBE5B, 0xB63B, 0xB63A, 0xAE3A, 0xAE1A, 0xADFA, 0xAE1A, 0xAE1A, 0xA61A, 0xA61A, 0xA61A, 0xA61A, 0xA61A, 0xA61A,   // 0x115B0 (71088) pixels
0xA61A, 0xA61A, 0xA61A, 0xA61A, 0xA61A, 0xA61A, 0xA61A, 0xA61A, 0xA5FA, 0xA5F9, 0xADF9, 0xAE1A, 0xAE3A, 0xB65B, 0xBE9B, 0xC6BC,   // 0x115C0 (71104) pixels
0xD71D, 0xD71D, 0xD71D, 0xDF3D, 0xDF3D, 0xD71D, 0xCEFC, 0xCEBB, 0xC67A, 0xBE3A, 0xB619, 0xB5F9, 0xB5D9, 0xADB8, 0xAD78, 0xA598,   // 0x115D0 (71120) pixels
0xA598, 0xA5B8, 0xA5B8, 0xA5D9, 0xA5FA, 0xA61A, 0xA61B, 0xA61B, 0xA5FB, 0x9DFB, 0x9DFA, 0x9DFA, 0x9DFA, 0xA61A, 0xA5FA, 0x9DFA,   // 0x115E0 (71136) pixels
0x9DFA, 0x9E1B, 0x9E1B, 0x9E1B, 0x9E1B, 0x9E1B, 0x9E1A, 0x9E1A, 0x9E1A, 0x9E1A, 0x9E1A, 0x9E1A, 0x9DFA, 0x9DFA, 0x9DFA, 0x9DFA,   // 0x115F0 (71152) pixels
0x9DFA, 0x9DFA, 0x9DFA, 0x9DFA, 0x9DFA, 0x9DFA, 0x9DFA, 0x9DFA, 0x9DFA, 0x9DFA, 0x9DFA, 0x9DFA, 0x9DFA, 0x9DFA, 0x9DFA, 0x9DFA,   // 0x11600 (71168) pixels
0x9E1B, 0x9E1B, 0x9E1B, 0x9E1B, 0x9E1B, 0x9E1B, 0x9E1B, 0x9E1B, 0x9DFA, 0x9DFA, 0x9DFA, 0x9DFA, 0x9DFA, 0x9E1B, 0x9E1B, 0x9E1B,   // 0x11610 (71184) pixels
0x9E1B, 0x9E1B, 0x9E1B, 0x9E1B, 0x9E1B, 0x9E1B, 0x9E1B, 0x9E1B, 0x9E1B, 0x9E1B, 0x9E1B, 0x9E1B, 0x9E1B, 0x9E1B, 0x9E1B, 0x9E1B,   // 0x11620 (71200) pixels
0x9E1B, 0x9E1B, 0x9E1B, 0x9E1B, 0x9E1B, 0x9E1B, 0x9E1B, 0x9E1B, 0x9E1B, 0x9E1B, 0x9E1B, 0x9E1B, 0x9E1B, 0x9E1B, 0x9E1B, 0x9E1B,   // 0x11630 (71216) pixels
0x9E1B, 0x9E1B, 0x9E1B, 0x9E1B, 0x9E1B, 0x9E1B, 0x9E1B, 0x9E1B, 0x9E1B, 0x9E1B, 0x9E1B, 0x9E1B, 0x9E1B, 0x9E1B, 0x9E1B, 0x9E1B,   // 0x11640 (71232) pixels
0x9DFA, 0x9DFA, 0x9DFA, 0x9DFA, 0x9DFA, 0x9DFA, 0x9DFA, 0x9DFA, 0x9DFA, 0x9DFA, 0x9DFA, 0x9DFA, 0x9DFA, 0x9DFA, 0x9DFA, 0x9E1A,   // 0x11650 (71248) pixels
0x95FA, 0x961A, 0x95FA, 0x95DA, 0x9DFB, 0xA61B, 0xA61B, 0xA61B, 0xA5DB, 0x957A, 0x8497, 0x6BF5, 0x6B73, 0x6313, 0x62F2, 0x6B13,   // 0x11660 (71264) pixels
0x6B53, 0x6B73, 0x6B93, 0x6BB4, 0x73D4, 0x73F5, 0x7C15, 0x8436, 0x8477, 0x8C97, 0x8CB8, 0x94D8, 0x9CF9, 0x9D19, 0xA53A, 0xA55A,   // 0x11670 (71280) pixels
0xA59A, 0xA5BA, 0xA5BA, 0xA5DB, 0xA5DB, 0xADFC, 0xADFB, 0xA5FB, 0xA5DB, 0xA5FB, 0x9DFA, 0x9DFA, 0xA61A, 0x9DFA, 0x9DFA, 0x9E1A,   // 0x11680 (71296) pixels
0x9E1A, 0x9E1A, 0x9E1A, 0x9E1A, 0x9E1A, 0x9E1A, 0x9E1A, 0x9E1A, 0x9E1A, 0x9E1A, 0x9E1A, 0x9E1A, 0x9E1A, 0x9E1A, 0x9E1A, 0x9E1A,   // 0x11690 (71312) pixels
0x9E1A, 0x9E1A, 0x9E1A, 0x9DFA, 0x9E1A, 0x9E1A, 0x9E1B, 0x9E1B, 0x9E1B, 0x9E1B, 0x9E1B, 0x9DFB, 0x9DFB, 0x9E1B, 0x9DFB, 0x9DFB,   // 0x116A0 (71328) pixels
0x9E1B, 0x9E1B, 0x9E1B, 0x9E1B, 0x9E1B, 0x9E1B, 0x9E1B, 0x9E1B, 0x9E1B, 0x9E1B, 0x9E1B, 0x9E1B, 0x9E1B, 0x9E1B, 0x9E1B, 0x9E1B,   // 0x116B0 (71344) pixels
0x9E1B, 0x9E1B, 0x9E1B, 0x9E1B, 0x9E1B, 0x9E1B, 0x9E1B, 0x9E1B, 0x9E1B, 0x9E1B, 0x9E1B, 0x9E1B, 0x9E1B, 0x9E1B, 0x9E1B, 0x9E1B,   // 0x116C0 (71360) pixels
0x9E1B, 0x9E1B, 0x9E1B, 0x9E1B, 0x9E1B, 0x9E1B, 0xA61B, 0xA61B, 0xA61B, 0xA61A, 0x9DFA, 0xA61A, 0x9DFA, 0x9DFA, 0x9DFB, 0xA61B,   // 0x116D0 (71376) pixels
0x9DFA, 0xA5FA, 0xA5F9, 0xADF9, 0xAE19, 0xB65A, 0xC69B, 0xCEDB, 0xD71C, 0xDF1D, 0xDF3D, 0xDF3D, 0xDF5E, 0xDF5E, 0xE77E, 0xDF7E,   // 0x116E0 (71392) pixels
0xDF5E, 0xD73E, 0xD71D, 0xCEFD, 0xCEDC, 0xC69C, 0xBE5B, 0xB63A, 0xADF9, 0xADF9, 0xAE1A, 0xAE1A, 0xAE1A, 0xAE1A, 0xAE1A, 0xAE1A,   // 0x116F0 (71408) pixels
0xAE1A, 0xAE1A, 0xAE1A, 0xAE1A, 0xB63A, 0xB63B, 0xB65B, 0xB65B, 0xBE7B, 0xBE9B, 0xC6BC, 0xCEDC, 0xCEFD, 0xD71E, 0xD73E, 0xDF3E,   // 0x11700 (71424) pixels
0xDF1D, 0xD6FD, 0xD6DC, 0xCEBB, 0xCE9B, 0xC67A, 0xBE39, 0xB619, 0xB639, 0xB5F8, 0xADB8, 0xADD9, 0xADD9, 0xADB9, 0xADB9, 0xA5D9,   // 0x11710 (71440) pixels
0xA5D9, 0xA5F9, 0xA5F9, 0xA5FA, 0xA5FA, 0xA61A, 0xA61B, 0x9DFB, 0x9E1B, 0x9DFB, 0x9DFB, 0x9DFA, 0xA61A, 0xA61A, 0x9DFA, 0x9DFA,   // 0x11720 (71456) pixels
0x9DFA, 0x9E1A, 0x9DFB, 0x9E1B, 0x9E1B, 0x9E1B, 0x9E1A, 0x9E1A, 0x9E1A, 0x9E1A, 0x9E1A, 0x9DFA, 0x9DFA, 0x9DFA, 0x9DFA, 0x9DFA,   // 0x11730 (71472) pixels
0x9E1A, 0x9E1A, 0x9E1A, 0x9DFA, 0x9DFA, 0x9DFA, 0x9DFA, 0x9DFA, 0x9DFA, 0x9DFA, 0x9DFA, 0x9DFA, 0x9DFA, 0x9DFA, 0x9DFA, 0x9DFA,   // 0x11740 (71488) pixels
0x9DFA, 0x9DFA, 0x9DFA, 0x9DFA, 0x9DFA, 0x9DFA, 0x9DFA, 0x9DFA, 0x9DFA, 0x9DFA, 0x9DFA, 0x9DFA, 0x9DFA, 0x9DFA, 0x9DFA, 0x9DFA,   // 0x11750 (71504) pixels
0x9DFA, 0x9DFA, 0x9DFA, 0x9DFA, 0x9DFA, 0x9DFA, 0x9DFA, 0x9DFA, 0x9DFA, 0x9DFA, 0x9DFA, 0x9DFA, 0x9DFA, 0x9DFA, 0x9DFA, 0x9DFA,   // 0x11760 (71520) pixels
0x9DFA, 0x9DFA, 0x9DFA, 0x9DFA, 0x9DFA, 0x9DFA, 0x9DFA, 0x9DFA, 0x9DFA, 0x9DFA, 0x9DFA, 0x9DFA, 0x9DFA, 0x9DFA, 0x9DFA, 0x9DFA,   // 0x11770 (71536) pixels
0x9DFA, 0x9DFA, 0x9DFA, 0x9DFA, 0x9DFA, 0x9DFA, 0x9DFA, 0x9DFA, 0x9DFA, 0x9DFA, 0x9DFA, 0x9DFA, 0x9DFA, 0x9DFA, 0x9DFA, 0x9DFA,   // 0x11780 (71552) pixels
0x9DFA, 0x9DFA, 0x9DFA, 0x9DFA, 0x9DFA, 0x9DFA, 0x9DFA, 0x9DFA, 0x9DFA, 0x9DFA, 0x9DFA, 0x9DFA, 0x9DFA, 0x9DFA, 0x9DFA, 0x9DFA,   // 0x11790 (71568) pixels
0x95FA, 0x9E1A, 0x9E1A, 0x9DFA, 0x9DFA, 0x9DFA, 0x9DFB, 0xA63B, 0x9DFB, 0x9DDA, 0x9579, 0x9539, 0x9D39, 0x9D19, 0x9CF9, 0x9D1A,   // 0x117A0 (71584) pixels
0x9519, 0x9539, 0x9539, 0x9539, 0x9D59, 0x9D59, 0x9D7A, 0xA59A, 0xA59A, 0xA59A, 0xA5BB, 0xA5BB, 0xA5BB, 0xA5BB, 0xA5BB, 0xA5DB,   // 0x117B0 (71600) pixels
0xA5BA, 0x9DDA, 0xA5DA, 0xA5FB, 0xA5FB, 0xA5FB, 0xA5FB, 0x9DFA, 0xA5FB, 0xA61B, 0x9E1A, 0x9DFA, 0x9E1A, 0x9E1A, 0x9E1A, 0x9E1A,   // 0x117C0 (71616) pixels
0x9E1A, 0x9E1A, 0x9E1A, 0x9E1A, 0x9E1A, 0x9E1A, 0x9E1A, 0x9DFA, 0x9E1A, 0x9E1A, 0x9E1A, 0x9E1A, 0x9DFA, 0x9DFA, 0x9E1A, 0x9E1A,   // 0x117D0 (71632) pixels
0x9E1A, 0x9E1A, 0x9E1A, 0x9E1A, 0x9E1A, 0x9E1A, 0x9E1B, 0x9E1B, 0x9E1B, 0x9E1B, 0x9E1B, 0x9E1B, 0x9E1B, 0x9E1B, 0x9DFB, 0x9E1B,   // 0x117E0 (71648) pixels
0x9E1B, 0x9E1B, 0x9E1B, 0x9E1B, 0x9E1B, 0x9E1B, 0x9E1B, 0x9E1B, 0x9E1B, 0x9E1B, 0x9E1B, 0x9E1B, 0x9E1B, 0x9E1B, 0x9E1B, 0x9E1B,   // 0x117F0 (71664) pixels
0x9E1B, 0x9E1B, 0x9E1B, 0x9E1B, 0x9E1B, 0x9E1B, 0x9E1B, 0x9E1B, 0x9E1B, 0x9E1B, 0x9E1B, 0x9E1B, 0x9E1B, 0x9E1B, 0x9E1B, 0x9E1B,   // 0x11800 (71680) pixels
0x9E1B, 0x9E1B, 0x9E1B, 0x9E1B, 0x9E1B, 0x9E1B, 0x9E1B, 0x9E1B, 0x9E1B, 0x9E1B, 0x9E1B, 0x9E1B, 0x9E1B, 0x9E1B, 0x9E1B, 0x9E1B,   // 0x11810 (71696) pixels
0x9E1A, 0x9E1A, 0x9DFA, 0x9E1A, 0xA61A, 0xAE3A, 0xAE5A, 0xB67A, 0xC6BB, 0xC6DC, 0xCEFC, 0xD71D, 0xD73D, 0xDF3D, 0xE75E, 0xE75E,   // 0x11820 (71712) pixels
0xE75E, 0xE75E, 0xE75E, 0xE75E, 0xE73D, 0xDEFD, 0xD6DC, 0xD6BC, 0xCE9C, 0xCE7B, 0xCE7B, 0xC67B, 0xC67B, 0xC67B, 0xC69B, 0xC69B,   // 0x11830 (71728) pixels
0xC67B, 0xC67B, 0xC69C, 0xC69C, 0xCEBC, 0xCEDC, 0xCEDC, 0xCEDC, 0xD6FC, 0xD6FC, 0xD71D, 0xDF1D, 0xDF3D, 0xDF1D, 0xD71C, 0xD6FC,   // 0x11840 (71744) pixels
0xD6BB, 0xCE7B, 0xC65A, 0xBE19, 0xBE19, 0xB5F9, 0xB5D8, 0xADD8, 0xADB8, 0xADD9, 0xADB9, 0xADD9, 0xADDA, 0xADDA, 0xA5DA, 0xA5FA,   // 0x11850 (71760) pixels
0xA5FA, 0x9DFA, 0x9DFA, 0x9DFA, 0x9DFA, 0x9DFA, 0x9DFA, 0x9DFA, 0x9DFA, 0x9E1A, 0x9DFA, 0x9DFA, 0x9DFA, 0x9DFA, 0x9DFA, 0x9DFA,   // 0x11860 (71776) pixels
0x9DFA, 0x9DFA, 0x9DFA, 0x9DFA, 0x9DFA, 0x9DFA, 0x9DFA, 0x9DFA, 0x9DFA, 0x9DFA, 0x9DFA, 0x9DFA, 0x9DFA, 0x9DFA, 0x9DFA, 0x9DFA,   // 0x11870 (71792) pixels
0x9E1A, 0x9E1A, 0x9E1A, 0x9E1A, 0x9E1A, 0x9E1A, 0x9E1A, 0x9E1A, 0x9E1A, 0x9DFA, 0x9DFA, 0x9DFA, 0x9DFA, 0x9DFA, 0x9DFA, 0x9DFA,   // 0x11880 (71808) pixels
0x9DFA, 0x9DFA, 0x9DFA, 0x9DFA, 0x9DFA, 0x9DFA, 0x9DFA, 0x9DFA, 0x9DFA, 0x9DFA, 0x9DFA, 0x9DFA, 0x9E1A, 0x9E1A, 0x9E1A, 0x9DFA,   // 0x11890 (71824) pixels
0x9DFA, 0x9DFA, 0x9DFA, 0x9DFA, 0x9DFA, 0x9DFA, 0x9DFA, 0x9DFA, 0x9E1A, 0x9DFA, 0x9DFA, 0x9DFA, 0x9DFA, 0x9DFA, 0x9DFA, 0x9DFA,   // 0x118A0 (71840) pixels
0x9DFA, 0x9DFA, 0x9DFA, 0x9DFA, 0x9DFA, 0x9DFA, 0x9DFA, 0x9DFA, 0x9DFA, 0x9DFA, 0x9DFA, 0x9DFA, 0x9DFA, 0x9DFA, 0x9DFA, 0x9DFA,   // 0x118B0 (71856) pixels
0x9DFA, 0x9DFA, 0x9DFA, 0x9DFA, 0x9DFA, 0x9DFA, 0x9DFA, 0x9DFA, 0x9DFA, 0x9DFA, 0x9DFA, 0x9DFA, 0x9DFA, 0x9DFA, 0x9DFA, 0x9DFA,   // 0x118C0 (71872) pixels
0x9DFA, 0x9DFA, 0x9DFA, 0x9DFA, 0x9DFA, 0x9DFA, 0x9DFA, 0x9DFA, 0x9DFA, 0x9DFA, 0x9DFA, 0x9DFA, 0x9DFA, 0x9DFA, 0x9DFA, 0x9DFA,   // 0x118D0 (71888) pixels
0x9DFA, 0x9DFA, 0x9DFA, 0x9DFA, 0x9DFA, 0x9DFA, 0x9DFA, 0x9DFA, 0x9DFA, 0x9DFA, 0x9DFA, 0x9DFB, 0xA5FB, 0xA5FB, 0xA5FB, 0xA5FB,   // 0x118E0 (71904) pixels
0xA5FB, 0xA5FB, 0xA5FB, 0xA5FB, 0xA5FB, 0xA5FB, 0xA5FB, 0xA5FB, 0xA61B, 0xA61B, 0xA61B, 0xA61B, 0xA5FB, 0xA5FB, 0xA5FB, 0xA61B,   // 0x118F0 (71920) pixels
0x9DFA, 0x9DFA, 0x9DFA, 0x9DFA, 0x9DFA, 0x9DFA, 0x9DFA, 0x9E1A, 0x9DFA, 0x9DFA, 0x9DFA, 0x9DFA, 0x9DFA, 0x9E1A, 0x9E1A, 0x9E1A,   // 0x11900 (71936) pixels
0x9E1A, 0x9E1A, 0x9E1A, 0x9E1A, 0x9E1A, 0x9E1A, 0x9E1A, 0x9E1A, 0x9DFA, 0x9DFA, 0x9DFA, 0x9DFA, 0x9E1A, 0x9E1A, 0x9E1A, 0x9E1A,   // 0x11910 (71952) pixels
0x9E1A, 0x9E1A, 0x9E1A, 0x9E1A, 0x9E1A, 0x9E1A, 0x9E1A, 0x9E1A, 0x9E1A, 0x9E1A, 0x9E1A, 0x9E1A, 0x9DFB, 0x9E1A, 0x9DFB, 0x9E1A,   // 0x11920 (71968) pixels
0x9E1A, 0x9E1A, 0x9E1A, 0x9E1A, 0x9E1A, 0x9E1A, 0x9E1A, 0x9E1A, 0x9E1A, 0x9E1A, 0x9E1A, 0x9E1A, 0x9E1A, 0x9E1A, 0x9E1A, 0x9E1A,   // 0x11930 (71984) pixels
0x9E1A, 0x9E1A, 0x9E1A, 0x9E1A, 0x9E1A, 0x9E1A, 0x9E1A, 0x9E1A, 0x9E1A, 0x9E1A, 0x9E1A, 0x9E1A, 0x9E1B, 0x9E1B, 0x9E1B, 0x9E1B,   // 0x11940 (72000) pixels
0x9E1B, 0x9E1B, 0x9E1B, 0x9E1B, 0x9E1B, 0x9E1B, 0x9E1B, 0x9E1B, 0x9E1B, 0x9E1B, 0x9E1B, 0x9E1B, 0x9E1B, 0x9E1B, 0x9E1B, 0x9E1B,   // 0x11950 (72016) pixels
0x9E1B, 0x9E1B, 0x9E1A, 0x9DFA, 0x9DFA, 0x9E1A, 0xA63A, 0xAE3A, 0xB67B, 0xBE9B, 0xC6BB, 0xC6DC, 0xCEDC, 0xD6FC, 0xD6FC, 0xDF1D,   // 0x11960 (72032) pixels
0xDF3D, 0xDF3D, 0xE73D, 0xE73D, 0xE73E, 0xE73E, 0xEF3E, 0xEF3E, 0xE73E, 0xE71E, 0xE71E, 0xE71E, 0xDF3E, 0xDF3E, 0xDF3D, 0xDF3D,   // 0x11970 (72048) pixels
0xDF3E, 0xDF3E, 0xDF3E, 0xDF3E, 0xDF3E, 0xDF3E, 0xDF1D, 0xDF1D, 0xDF1D, 0xDF1D, 0xDEFC, 0xD6DC, 0xD6BB, 0xCE9B, 0xCE7A, 0xC65A,   // 0x11980 (72064) pixels
0xBE19, 0xBDF9, 0xB5D8, 0xB5D8, 0xB5D8, 0xB5D9, 0xADD9, 0xADB9, 0xADB9, 0xA5D9, 0xA5DA, 0xA5DA, 0xA5DA, 0xA5DA, 0xA5FA, 0xA5FA,   // 0x11990 (72080) pixels
0x9DFA, 0x9DFA, 0x9DFA, 0x9DFA, 0x9DFA, 0x9DFA, 0x9DFA, 0x9DFA, 0x9E1A, 0x9E1A, 0x9E1A, 0x9E1A, 0x9E1A, 0x9DFA, 0x9DFA, 0x9DFA,   // 0x119A0 (72096) pixels
0x9DFA, 0x9DFA, 0x9DFA, 0x9DFA, 0x9DFA, 0x9DFA, 0x9DFA, 0x9DFA, 0x9DFA, 0x9DFA, 0x9DFA, 0x9DFA, 0x9DFA, 0x9DFA, 0x9DFA, 0x9DFA,   // 0x119B0 (72112) pixels
0x9DFA, 0x9DFA, 0x9DFA, 0x9DFA, 0x9DFA, 0x9DFA, 0x9DFA, 0x9DFA, 0x9DFA, 0x9DFA, 0x9DFA, 0x9DFA, 0x9DFA, 0x9DFA, 0x9DFA, 0x9DFA,   // 0x119C0 (72128) pixels
0x9DFA, 0x9DFA, 0x9DFA, 0x9DFA, 0x9DFA, 0x9DFA, 0x9DFA, 0x9DFA, 0x9DFA, 0x9DFA, 0x9DFA, 0x9DFA, 0x9DFA, 0x9E1A, 0x9E1A, 0x9DFA,   // 0x119D0 (72144) pixels
0x9E1A, 0x9E1A, 0x9E1A, 0x9E1A, 0x9E1A, 0x9E1A, 0x9E1A, 0x9E1A, 0x9E1A, 0x9E1A, 0x9DFA, 0x9DFA, 0x9DFA, 0x9DFA, 0x9DFA, 0x9DFA,   // 0x119E0 (72160) pixels
0x9DFA, 0x9DFA, 0x9DFA, 0x9DFA, 0x9DFA, 0x9DFA, 0x9DFA, 0x9DFA, 0x9DFA, 0x9DFA, 0x9DFA, 0x9DFA, 0x9DFA, 0x9DFA, 0x9DFA, 0x9DFA,   // 0x119F0 (72176) pixels
0x9DFA, 0x9DFA, 0x9DFA, 0x9DFA, 0x9DFA, 0x9DFA, 0x9DFA, 0x9DFA, 0x9DFA, 0x9DFA, 0x9DFA, 0x9DFA, 0x9DFA, 0x9DFA, 0x9DFA, 0x9DFA,   // 0x11A00 (72192) pixels
0x9DFA, 0x9DFA, 0x9DFA, 0x9DFA, 0x9DFA, 0x9DFA, 0x9DFA, 0x9DFA, 0x9DFA, 0x9DFA, 0x9DFA, 0x9DFA, 0x9DFA, 0x9DFA, 0x9DFA, 0x9DFA,   // 0x11A10 (72208) pixels
0x9DFA, 0x9DFA, 0x9DFA, 0x9DFA, 0x9DFA, 0x9DFA, 0x9DFA, 0x9DFA, 0x9DFA, 0x9DFA, 0x9DFA, 0x9DFA, 0x9DFA, 0x9DFA, 0x9DFA, 0x9DFA,   // 0x11A20 (72224) pixels
0x9DFA, 0x9DFA, 0x9DFA, 0x9DFA, 0x9DFA, 0x9DFA, 0x9DFA, 0x9DFA, 0x9DFA, 0x9DFA, 0x9DFA, 0x9DFA, 0x9DFA, 0x9DFA, 0x9DFA, 0x9DFA,   // 0x11A30 (72240) pixels
0x9DFA, 0x9DFA, 0x9DFA, 0x9DFA, 0x9DFA, 0x9DFA, 0x9DFA, 0x9DFA, 0x9DFA, 0x9DFA, 0x9DFA, 0x9DFA, 0x9DFA, 0x9E1A, 0x9E1A, 0x9E1A,   // 0x11A40 (72256) pixels
0x9E1A, 0x9E1A, 0x9E1A, 0x9E1A, 0x9E1A, 0x9E1A, 0x9E1A, 0x9E1A, 0x9DFA, 0x9DFA, 0x9DFA, 0x9DFA, 0x9E1A, 0x9E1A, 0x9E1A, 0x9E1A,   // 0x11A50 (72272) pixels
0x9E1A, 0x9E1A, 0x9E1A, 0x9E1A, 0x9E1A, 0x9E1A, 0x9E1A, 0x9E1A, 0x9E1A, 0x9E1A, 0x9E1A, 0x9E1A, 0x9E1A, 0x9E1A, 0x9E1A, 0x9E1A,   // 0x11A60 (72288) pixels
0x9E1A, 0x9E1A, 0x9E1A, 0x9E1A, 0x9E1A, 0x9E1A, 0x9E1A, 0x9E1A, 0x9E1A, 0x9E1A, 0x9E1A, 0x9E1A, 0x9E1A, 0x9E1A, 0x9E1A, 0x9E1A,   // 0x11A70 (72304) pixels
0x9E1A, 0x9E1A, 0x9E1A, 0x9E1A, 0x9E1A, 0x9E1A, 0x9E1A, 0x9E1A, 0x9E1A, 0x9E1A, 0x9E1A, 0x9E1A, 0x9E1A, 0x9E1B, 0x9E1B, 0x9E1B,   // 0x11A80 (72320) pixels
0x9E1B, 0x9E1B, 0x9E1B, 0x9E1B, 0x9E1B, 0x9E1B, 0x9E1B, 0x9E1B, 0x9E1B, 0x9E1B, 0x9E1B, 0x9E1B, 0x9E1B, 0x9E1B, 0x9E1B, 0x9E1B,   // 0x11A90 (72336) pixels
0x9E1B, 0x9E1B, 0x9E1A, 0x9DFA, 0x9DFA, 0x9DFA, 0xA61A, 0xA61A, 0xAE3A, 0xAE5A, 0xB65A, 0xBE7A, 0xBE7B, 0xC69B, 0xCEBB, 0xCEDC,   // 0x11AA0 (72352) pixels
0xD6FC, 0xD6FC, 0xD6FC, 0xD71D, 0xDF1D, 0xE73D, 0xE73E, 0xE73E, 0xDF1D, 0xDF1D, 0xDF1E, 0xDF1E, 0xDF3E, 0xDF3E, 0xDF3E, 0xDF1D,   // 0x11AB0 (72368) pixels
0xDF3E, 0xDF1E, 0xDF1E, 0xDF1D, 0xD6FD, 0xD6FD, 0xD6DC, 0xD6DC, 0xD6BC, 0xCEBB, 0xCE9B, 0xC65A, 0xC63A, 0xBE39, 0xBE19, 0xBDF9,   // 0x11AC0 (72384) pixels
0xB5D8, 0xADB8, 0xADB8, 0xADB8, 0xADB8, 0xADD9, 0xADD9, 0xADD9, 0xA5D9, 0xA5D9, 0xA5DA, 0xA5FA, 0xA5FA, 0xA5FA, 0xA5FA, 0x9DFA,   // 0x11AD0 (72400) pixels
0x9DFA, 0x9DFA, 0x9DFA, 0x9DFA, 0x9DFA, 0x9DFA, 0x9DFA, 0x9DFA, 0x9DFA, 0x9DFA, 0x9E1A, 0x9E1A, 0x9E1A, 0x9DFA, 0x9DFA, 0x9DFA,   // 0x11AE0 (72416) pixels
0x9DFA, 0x9DFA, 0x9DFA, 0x9DFA, 0x9DFA, 0x9DFA, 0x9DFA, 0x9DFA, 0x9DFA, 0x9DFA, 0x9DFA, 0x9DFA, 0x9DFA, 0x9DFA, 0x9DFA, 0x9DFA,   // 0x11AF0 (72432) pixels
0x9DFA, 0x9DFA, 0x9DFA, 0x9DFA, 0x9DFA, 0x9DFA, 0x9DFA, 0x9DFA, 0x9DFA, 0x9DFA, 0x9DFA, 0x9DFA, 0x9DFA, 0x9DFA, 0x9DFA, 0x9DFA,   // 0x11B00 (72448) pixels
0x9DFA, 0x9DFA, 0x9DFA, 0x9DFA, 0x9DFA, 0x9DFA, 0x9DFA, 0x9DFA, 0x9DFA, 0x9DFA, 0x9DFA, 0x9DFA, 0x9DFA, 0x9E1A, 0x9E1A, 0x9DFA,   // 0x11B10 (72464) pixels
0x9E1A, 0x9E1A, 0x9E1A, 0x9E1A, 0x9E1A, 0x9E1A, 0x9E1A, 0x9E1A, 0x9E1A, 0x9E1A, 0x9DFA, 0x9DFA, 0x9DFA, 0x9DFA, 0x9DFA, 0x9DFA,   // 0x11B20 (72480) pixels
0x9DFA, 0x9DFA, 0x9DFA, 0x9DFA, 0x9DFA, 0x9DFA, 0x9DFA, 0x9DFA, 0x9DFA, 0x9DFA, 0x9DFA, 0x9DFA, 0x9DFA, 0x9DFA, 0x9DFA, 0x9DFA,   // 0x11B30 (72496) pixels
0x9DFA, 0x9DFA, 0x9DFA, 0x9DFA, 0x9DFA, 0x9DFA, 0x9DFA, 0x9DFA, 0x9DFA, 0x9DFA, 0x9DFA, 0x9DFA, 0x9DFA, 0x9DFA, 0x9DFA, 0x9DFA,   // 0x11B40 (72512) pixels
0x9DFA, 0x9DFA, 0x9DFA, 0x9DFA, 0x9DFA, 0x9DFA, 0x9DFA, 0x9DFA, 0x9DFA, 0x9DFA, 0x9DFA, 0x9DFA, 0x9DFA, 0x9DFA, 0x9DFA, 0x9DFA,   // 0x11B50 (72528) pixels
0x9DFA, 0x9DFA, 0x9DFA, 0x9DFA, 0x9DFA, 0x9DFA, 0x9DFA, 0x9DFA, 0x9DFA, 0x9DFA, 0x9DFA, 0x9DFA, 0x9DFA, 0x9DFA, 0x9DFA, 0x9DFA,   // 0x11B60 (72544) pixels
0x9DFA, 0x9DFA, 0x9DFA, 0x9DFA, 0x9DFA, 0x9DFA, 0x9DFA, 0x9DFA, 0x9DFA, 0x9DFA, 0x9DFA, 0x9DFA, 0x9DFA, 0x9DFA, 0x9DFA, 0x9DFA,   // 0x11B70 (72560) pixels
0x9DFA, 0x9DFA, 0x9DFA, 0x9DFA, 0x9DFA, 0x9DFA, 0x9DFA, 0x9DFA, 0x9DFA, 0x9DFA, 0x9DFA, 0x9DFA, 0x9DFA, 0x9E1A, 0x9E1A, 0x9E1A,   // 0x11B80 (72576) pixels
0x9E1A, 0x9E1A, 0x9E1A, 0x9E1A, 0x9E1A, 0x9E1A, 0x9E1A, 0x9E1A, 0x9DFA, 0x9DFA, 0x9DFA, 0x9DFA, 0x9DFA, 0x9E1A, 0x9E1A, 0x9E1A,   // 0x11B90 (72592) pixels
0x9E1A, 0x9E1A, 0x9E1A, 0x9E1A, 0x9E1A, 0x9E1A, 0x9E1A, 0x9E1A, 0x9E1A, 0x9E1A, 0x9E1A, 0x9E1A, 0x9E1A, 0x9E1A, 0x9E1A, 0x9E1A,   // 0x11BA0 (72608) pixels
0x9E1A, 0x9E1A, 0x9E1A, 0x9E1A, 0x9E1A, 0x9E1A, 0x9E1A, 0x9E1A, 0x9E1A, 0x9E1A, 0x9E1A, 0x9E1A, 0x9E1A, 0x9E1A, 0x9E1A, 0x9E1A,   // 0x11BB0 (72624) pixels
0x9E1A, 0x9E1A, 0x9E1A, 0x9E1A, 0x9E1A, 0x9E1A, 0x9E1A, 0x9E1A, 0x9DFA, 0x9E1A, 0x9E1A, 0x9E1A, 0x9E1A, 0x9E1A, 0x9E1A, 0x9E1A,   // 0x11BC0 (72640) pixels
0x9E1B, 0x9E1B, 0x9E1B, 0x9E1B, 0x9E1B, 0x9E1B, 0x9E1B, 0x9E1B, 0x9E1B, 0x9E1B, 0x9E1B, 0x9E1B, 0x9E1B, 0x9E1B, 0x9E1B, 0x9E1B,   // 0x11BD0 (72656) pixels
0x9E1B, 0x9E1B, 0x9E1A, 0x9E1A, 0x9E1A, 0x9E1A, 0xA61A, 0xA61A, 0xA5F9, 0xA619, 0xAE19, 0xAE3A, 0xB63A, 0xB65A, 0xBE7A, 0xBE7B,   // 0x11BE0 (72672) pixels
0xC6BB, 0xC69B, 0xC6BB, 0xCEBC, 0xCEBC, 0xD6DC, 0xD6DC, 0xD6DD, 0xD6DD, 0xD6BC, 0xD6BC, 0xD6BC, 0xD6DD, 0xCEDC, 0xCEDC, 0xCEDC,   // 0x11BF0 (72688) pixels
0xCEBC, 0xCEBC, 0xCE9C, 0xCE9C, 0xCE9C, 0xC67B, 0xC65B, 0xC65B, 0xBE3A, 0xBE19, 0xB5F9, 0xB5D9, 0xB5D8, 0xB5D8, 0xB5F8, 0xB5F9,   // 0x11C00 (72704) pixels
0xADD8, 0xADD9, 0xADD8, 0xADD8, 0xADD9, 0xADF9, 0xA5F9, 0xA5F9, 0xA5FA, 0xA5FA, 0xA5FA, 0xA5FA, 0x9DFA, 0x9DFA, 0x9DFA, 0x9DFA,   // 0x11C10 (72720) pixels
0x9DFA, 0x9DFA, 0x9DFA, 0x9DFA, 0x9DFA, 0x9DFA, 0x9DFA, 0x9DFA, 0x9DFA, 0x9DFA, 0x9E1A, 0x9E1A, 0x9E1A, 0x9DFA, 0x9DFA, 0x9DFA,   // 0x11C20 (72736) pixels
0x9DFA, 0x9DFA, 0x9DFA, 0x9DFA, 0x9DFA, 0x9DFA, 0x9DFA, 0x9DFA, 0x9DFA, 0x9DFA, 0x9DFA, 0x9DFA, 0x9DFA, 0x9DFA, 0x9DFA, 0x9DFA,   // 0x11C30 (72752) pixels
0x9DFA, 0x9DFA, 0x9DFA, 0x9DFA, 0x9DFA, 0x9DFA, 0x9DFA, 0x9DFA, 0x9DFA, 0x9DFA, 0x9DFA, 0x9DFA, 0x9DFA, 0x9DFA, 0x9DFA, 0x9DFA,   // 0x11C40 (72768) pixels
0x9DFA, 0x9DFA, 0x9DFA, 0x9DFA, 0x9DFA, 0x9DFA, 0x9DFA, 0x9DFA, 0x9DFA, 0x9DFA, 0x9DFA, 0x9DFA, 0x9DFA, 0x9E1A, 0x9DFA, 0x9DFA,   // 0x11C50 (72784) pixels
0x9DFA, 0x9DFA, 0x9DFA, 0x9DFA, 0x9DFA, 0x9DFA, 0x9DFA, 0x9DFA, 0x9E1A, 0x9DFA, 0x9DFA, 0x9DFA, 0x9DFA, 0x9DFA, 0x9DFA, 0x9DFA,   // 0x11C60 (72800) pixels
0x9DFA, 0x9DFA, 0x9DFA, 0x9DFA, 0x9DFA, 0x9DFA, 0x9DFA, 0x9DFA, 0x9DFA, 0x9DFA, 0x9DFA, 0x9DFA, 0x9DFA, 0x9DFA, 0x9DFA, 0x9DFA,   // 0x11C70 (72816) pixels
0x9DFA, 0x9DFA, 0x9DFA, 0x9DFA, 0x9DFA, 0x9DFA, 0x9DFA, 0x9DFA, 0x9DFA, 0x9DFA, 0x9DFA, 0x9DFA, 0x9DFA, 0x9DFA, 0x9DFA, 0x9DFA,   // 0x11C80 (72832) pixels
0x9DFA, 0x9DFA, 0x9DFA, 0x9DFA, 0x9DFA, 0x9DFA, 0x9DFA, 0x9DFA, 0x9DFA, 0x9DFA, 0x9DFA, 0x9DFA, 0x9DFA, 0x9DFA, 0x9DFA, 0x9DFA,   // 0x11C90 (72848) pixels
0x9DFA, 0x9DFA, 0x9DFA, 0x9DFA, 0x9DFA, 0x9DFA, 0x9DFA, 0x9DFA, 0x9DFA, 0x9DFA, 0x9DFA, 0x9DFA, 0x9DFA, 0x9DFA, 0x9DFA, 0x9DFA,   // 0x11CA0 (72864) pixels
0x9DFA, 0x9DFA, 0x9DFA, 0x9DFA, 0x9DFA, 0x9DFA, 0x9DFA, 0x9DFA, 0x9DFA, 0x9DFA, 0x9DFA, 0x9DFA, 0x9DFA, 0x9DFA, 0x9DFA, 0x9DFA,   // 0x11CB0 (72880) pixels
0x9DFA, 0x9DFA, 0x9DFA, 0x9DFA, 0x9DFA, 0x9DFA, 0x9DFA, 0x9DFA, 0x9DFA, 0x9DFA, 0x9DFA, 0x9DFA, 0x9DFA, 0x9DFA, 0x9E1A, 0x9E1A,   // 0x11CC0 (72896) pixels
0x9DFA, 0x9DFA, 0x9DFA, 0x9DFA, 0x9DFA, 0x9DFA, 0x9DFA, 0x9DFA, 0x9DFA, 0x9DFA, 0x9DFA, 0x9DFA, 0x9DFA, 0x9DFA, 0x9E1A, 0x9E1A,   // 0x11CD0 (72912) pixels
0x9E1A, 0x9E1A, 0x9E1A, 0x9E1A, 0x9E1A, 0x9E1A, 0x9E1A, 0x9E1A, 0x9E1A, 0x9E1A, 0x9E1A, 0x9E1A, 0x9E1A, 0x9E1A, 0x9E1A, 0x9E1A,   // 0x11CE0 (72928) pixels
0x9E1A, 0x9E1A, 0x9E1A, 0x9E1A, 0x9E1A, 0x9E1A, 0x9E1A, 0x9E1A, 0x9E1A, 0x9E1A, 0x9E1A, 0x9E1A, 0x9E1A, 0x9E1A, 0x9E1A, 0x9E1A,   // 0x11CF0 (72944) pixels
0x9E1A, 0x9E1A, 0x9E1A, 0x9E1A, 0x9E1A, 0x9E1A, 0x9E1A, 0x9E1A, 0x9DFA, 0x9DFA, 0x9DFA, 0x9DFA, 0x9E1A, 0x9E1A, 0x9E1A, 0x9E1A,   // 0x11D00 (72960) pixels
0x9E1B, 0x9E1B, 0x9E1B, 0x9E1B, 0x9E1B, 0x9E1B, 0x9E1B, 0x9E1B, 0x9E1B, 0x9E1B, 0x9E1B, 0x9E1B, 0x9E1B, 0x9E1B, 0x9E1B, 0x9E1B,   // 0x11D10 (72976) pixels
0x9E1B, 0x9E1B, 0x9E1A, 0x9E1B, 0x9E1B, 0xA61A, 0x9E1A, 0xA61A, 0x9DF9, 0x9DF9, 0xA5F9, 0xA5F9, 0xA619, 0xAE19, 0xAE3A, 0xAE3A,   // 0x11D20 (72992) pixels
0xB65A, 0xB65B, 0xBE5B, 0xBE7B, 0xC69B, 0xC69C, 0xC69C, 0xC69C, 0xC69C, 0xC67B, 0xC67B, 0xC67B, 0xC67B, 0xBE7B, 0xBE7B, 0xC67B,   // 0x11D30 (73008) pixels
0xC67B, 0xC65B, 0xC65B, 0xBE5B, 0xBE3B, 0xBE3A, 0xBE1A, 0xBE1A, 0xB5F9, 0xB5D9, 0xADB9, 0xADB8, 0xADB8, 0xADB8, 0xADD9, 0xADD9,   // 0x11D40 (73024) pixels
0xADF9, 0xA5D9, 0xA5D9, 0xA5D9, 0xA5F9, 0xA5F9, 0xA5F9, 0xA5FA, 0xA5FA, 0x9DFA, 0x9DFA, 0x9DFA, 0x9DFA, 0x9DFA, 0x9DFA, 0x9DFA,   // 0x11D50 (73040) pixels
0x9DFA, 0x9DFA, 0x9DFA, 0x9DFA, 0x9DFA, 0x9DFA, 0x9DFA, 0x9DFA, 0x9DFA, 0x9DFA, 0x9DFA, 0x9DFA, 0x9E1A, 0x9DFA, 0x9DFA, 0x9DFA,   // 0x11D60 (73056) pixels
0x9DFA, 0x9DFA, 0x9DFA, 0x9DFA, 0x9DFA, 0x9DFA, 0x9DFA, 0x9DFA, 0x9DFA, 0x9DFA, 0x9DFA, 0x9DFA, 0x9DFA, 0x9DFA, 0x9DFA, 0x9DFA,   // 0x11D70 (73072) pixels
0x9DFA, 0x9DFA, 0x9DFA, 0x9DFA, 0x9DFA, 0x9DFA, 0x9DFA, 0x9DFA, 0x9DFA, 0x9DFA, 0x9DFA, 0x9DFA, 0x9DFA, 0x9DFA, 0x9DFA, 0x9DFA,   // 0x11D80 (73088) pixels
0x9DFA, 0x9DFA, 0x9DFA, 0x9DFA, 0x9DFA, 0x9DFA, 0x9DFA, 0x9DFA, 0x9DFA, 0x9DFA, 0x9DFA, 0x9DFA, 0x9DFA, 0x9DFA, 0x9DFA, 0x9DFA,   // 0x11D90 (73104) pixels
0x9DFA, 0x9DFA, 0x9DFA, 0x9DFA, 0x9DFA, 0x9DFA, 0x9DFA, 0x9DFA, 0x9DFA, 0x9DFA, 0x9DFA, 0x9DFA, 0x9DFA, 0x9DFA, 0x9DFA, 0x9DFA,   // 0x11DA0 (73120) pixels
0x9DFA, 0x9DFA, 0x9DFA, 0x9DFA, 0x9DFA, 0x9DFA, 0x9DFA, 0x9DFA, 0x9DFA, 0x9DFA, 0x9DFA, 0x9DFA, 0x9DFA, 0x9DFA, 0x9DFA, 0x9DFA,   // 0x11DB0 (73136) pixels
0x9DFA, 0x9DFA, 0x9DFA, 0x9DFA, 0x9DFA, 0x9DFA, 0x9DFA, 0x9DFA, 0x9DFA, 0x9DFA, 0x9DFA, 0x9DFA, 0x9DFA, 0x9DFA, 0x9DFA, 0x9DFA,   // 0x11DC0 (73152) pixels
0x9DFA, 0x9DFA, 0x9DFA, 0x9DFA, 0x9DFA, 0x9DFA, 0x9DFA, 0x9DFA, 0x9DFA, 0x9DFA, 0x9DFA, 0x9DFA, 0x9DFA, 0x9DFA, 0x9DFA, 0x9DFA,   // 0x11DD0 (73168) pixels
0x9DFA, 0x9DFA, 0x9DFA, 0x9DFA, 0x9DFA, 0x9DFA, 0x9DFA, 0x9DFA, 0x9DFA, 0x9DFA, 0x9DFA, 0x9DFA, 0x9DFA, 0x9DFA, 0x9DFA, 0x9DFA,   // 0x11DE0 (73184) pixels
0x9DFA, 0x9DFA, 0x9DFA, 0x9DFA, 0x9DFA, 0x9DFA, 0x9DFA, 0x9DFA, 0x9DFA, 0x9DFA, 0x9DFA, 0x9DFA, 0x9DFA, 0x9E1A, 0x9E1A, 0x9E1A,   // 0x11DF0 (73200) pixels
0x9DFA, 0x9DFA, 0x9DFA, 0x9DFA, 0x9DFA, 0x9DFA, 0x9DFA, 0x9DFA, 0x9DFA, 0x9DFA, 0x9DFA, 0x9DFA, 0x9DFA, 0x9DFA, 0x9DFA, 0x9DFA,   // 0x11E00 (73216) pixels
0x9DFA, 0x9DFA, 0x9DFA, 0x9DFA, 0x9DFA, 0x9DFA, 0x9DFA, 0x9DFA, 0x9DFA, 0x9DFA, 0x9DFA, 0x9DFA, 0x9DFA, 0x9DFA, 0x9DFA, 0x9DFA,   // 0x11E10 (73232) pixels
0x9DFA, 0x9DFA, 0x9DFA, 0x9DFA, 0x9DFA, 0x9DFA, 0x9DFA, 0x9DFA, 0x9DFA, 0x9DFA, 0x9DFA, 0x9DFA, 0x9DFA, 0x9DFA, 0x9DFA, 0x9DFA,   // 0x11E20 (73248) pixels
0x9DFA, 0x9DFA, 0x9DFA, 0x9DFA, 0x9DFA, 0x9DFA, 0x9DFA, 0x9DFA, 0x9E1A, 0x9E1A, 0x9E1A, 0x9E1A, 0x9E1A, 0x9E1A, 0x9E1A, 0x9E1A,   // 0x11E30 (73264) pixels
0x9E1A, 0x9E1A, 0x9E1A, 0x9E1A, 0x9E1A, 0x9E1A, 0x9E1A, 0x9E1A, 0x9DFA, 0x9DFA, 0x9DFA, 0x9DFA, 0x9DFA, 0x9DFA, 0x9DFA, 0x9E1A,   // 0x11E40 (73280) pixels
0x9E1B, 0x9E1B, 0x9E1B, 0x9E1B, 0x9E1B, 0x9E1B, 0x9E1B, 0x9E1B, 0x9E1B, 0x9E1B, 0x9E1B, 0x9E1B, 0x9E1B, 0x9E1B, 0x9E1B, 0x9E1B,   // 0x11E50 (73296) pixels
0x9E1B, 0x9E1B, 0x9E1A, 0x9E1A, 0x9E1B, 0x9E1A, 0x9E1A, 0x9DFA, 0x9E1A, 0x9E1A, 0xA5FA, 0xA5FA, 0xA61A, 0xA61A, 0xA61A, 0xA61A,   // 0x11E60 (73312) pixels
0xAE1A, 0xAE3A, 0xAE3A, 0xB65B, 0xB65B, 0xB65B, 0xB65B, 0xBE3B, 0xBE5B, 0xB63B, 0xB61A, 0xB61A, 0xB63A, 0xB63A, 0xB63A, 0xB63A,   // 0x11E70 (73328) pixels
0xBE3A, 0xBE1A, 0xB61A, 0xB61A, 0xB61A, 0xB5FA, 0xB5FA, 0xADD9, 0xB5FA, 0xADD9, 0xADD9, 0xADB9, 0xADB9, 0xADD9, 0xADD9, 0xADD9,   // 0x11E80 (73344) pixels
0xA5FA, 0xA5FA, 0xA5F9, 0xA5F9, 0x9DFA, 0x9DFA, 0x9DFA, 0x9DFA, 0x9DFA, 0x9DFA, 0x9DFA, 0x9DFA, 0x9DFA, 0x9DFA, 0x9DFA, 0x9DFA,   // 0x11E90 (73360) pixels
0x9DFA, 0x9DFA, 0x9DFA, 0x9DFA, 0x9DFA, 0x9DFA, 0x9DFA, 0x9DFA, 0x9DFA, 0x9DFA, 0x9DFA, 0x9DFA, 0x9E1A, 0x9DFA, 0x9DFA, 0x9DFA,   // 0x11EA0 (73376) pixels
0x9DFA, 0x9DFA, 0x9DFA, 0x9DFA, 0x9DFA, 0x9DFA, 0x9DFA, 0x9DFA, 0x9DFA, 0x9DFA, 0x9DFA, 0x9DFA, 0x9DFA, 0x9E1A, 0x9E1A, 0x9DFA,   // 0x11EB0 (73392) pixels
0x9DFA, 0x9DFA, 0x9DFA, 0x9DFA, 0x9DFA, 0x9DFA, 0x9DFA, 0x9DFA, 0x9DFA, 0x9DFA, 0x9DFA, 0x9DFA, 0x9DFA, 0x9DFA, 0x9DFA, 0x9DFA,   // 0x11EC0 (73408) pixels
0x9DFA, 0x9DFA, 0x9DFA, 0x9DFA, 0x9DFA, 0x9DFA, 0x9DFA, 0x9DFA, 0x9DFA, 0x9DFA, 0x9DFA, 0x9DFA, 0x9DFA, 0x9DFA, 0x9DFA, 0x9DFA,   // 0x11ED0 (73424) pixels
0x9DFA, 0x9DFA, 0x9DFA, 0x9DFA, 0x9DFA, 0x9DFA, 0x9DFA, 0x9DFA, 0x9DFA, 0x9DFA, 0x9DFA, 0x9DFA, 0x9DFA, 0x9DFA, 0x9DFA, 0x9DFA,   // 0x11EE0 (73440) pixels
0x9DFA, 0x9DFA, 0x9DFA, 0x9DFA, 0x9DFA, 0x9DFA, 0x9DFA, 0x9DFA, 0x9DFA, 0x9DFA, 0x9DFA, 0x9DFA, 0x9DFA, 0x9DFA, 0x9DFA, 0x9DFA,   // 0x11EF0 (73456) pixels
0x9DFA, 0x9DFA, 0x9DFA, 0x9DFA, 0x9DFA, 0x9DFA, 0x9DFA, 0x9DFA, 0x9DFA, 0x9DFA, 0x9DFA, 0x9DFA, 0x9DFA, 0x9DFA, 0x9DFA, 0x9DFA,   // 0x11F00 (73472) pixels
0x9DFA, 0x9DFA, 0x9DFA, 0x9DFA, 0x9DFA, 0x9DFA, 0x9DFA, 0x9DFA, 0x9DFA, 0x9DFA, 0x9DFA, 0x9DFA, 0x9DFA, 0x9DFA, 0x9DFA, 0x9DFA,   // 0x11F10 (73488) pixels
0x9DFA, 0x9DFA, 0x9DFA, 0x9DFA, 0x9DFA, 0x9DFA, 0x9DFA, 0x9DFA, 0x9DFA, 0x9DFA, 0x9DFA, 0x9DFA, 0x9DFA, 0x9DFA, 0x9DFA, 0x9DFA,   // 0x11F20 (73504) pixels
0x9DFA, 0x9DFA, 0x9DFA, 0x9DFA, 0x9DFA, 0x9DFA, 0x9DFA, 0x9DFA, 0x9DFA, 0x9DFA, 0x9DFA, 0x9DFA, 0x9DFA, 0x9DFA, 0x9DFA, 0x9DFA,   // 0x11F30 (73520) pixels
0x9DFA, 0x9DFA, 0x9DFA, 0x9DFA, 0x9DFA, 0x9DFA, 0x9DFA, 0x9DFA, 0x9DFA, 0x9DFA, 0x9DFA, 0x9DFA, 0x9DFA, 0x9DFA, 0x9DFA, 0x9DFA,   // 0x11F40 (73536) pixels
0x9DFA, 0x9DFA, 0x9DFA, 0x9DFA, 0x9DFA, 0x9DFA, 0x9DFA, 0x9DFA, 0x9DFA, 0x9DFA, 0x9DFA, 0x9DFA, 0x9DFA, 0x9DFA, 0x9DFA, 0x9DFA,   // 0x11F50 (73552) pixels
0x9DFA, 0x9DFA, 0x9DFA, 0x9DFA, 0x9DFA, 0x9DFA, 0x9DFA, 0x9DFA, 0x9DFA, 0x9DFA, 0x9DFA, 0x9DFA, 0x9DFA, 0x9DFA, 0x9DFA, 0x9DFA,   // 0x11F60 (73568) pixels
0x9DFA, 0x9DFA, 0x9DFA, 0x9DFA, 0x9DFA, 0x9DFA, 0x9DFA, 0x9DFA, 0x9E1A, 0x9E1A, 0x9E1A, 0x9E1A, 0x9E1A, 0x9E1A, 0x9E1A, 0x9E1A,   // 0x11F70 (73584) pixels
0x9E1A, 0x9E1A, 0x9E1A, 0x9E1A, 0x9E1A, 0x9E1A, 0x9E1A, 0x9E1A, 0x9DFA, 0x9DFA, 0x9DFA, 0x9DFA, 0x9DFA, 0x9DFA, 0x9DFA, 0x9DFA,   // 0x11F80 (73600) pixels
0x9E1B, 0x9E1B, 0x9E1B, 0x9E1B, 0x9E1B, 0x9E1B, 0x9E1B, 0x9E1B, 0x9E1B, 0x9E1B, 0x9E1B, 0x9E1B, 0x9E1B, 0x9E1B, 0x9E1B, 0x9E1B,   // 0x11F90 (73616) pixels
0xA61B, 0xA61B, 0xA61B, 0xA61B, 0x9E1A, 0x9E1A, 0x9E1A, 0x9E1A, 0x9E3A, 0x9E3A, 0x9E1A, 0x9E1A, 0xA61A, 0xA61A, 0xA61A, 0xA61A,   // 0x11FA0 (73632) pixels
0xA61A, 0xA61A, 0xA61A, 0xAE3B, 0xAE3A, 0xAE1A, 0xAE1A, 0xAE1A, 0xB63B, 0xAE3A, 0xAE1A, 0xAE1A, 0xAE3A, 0xAE3A, 0xAE3A, 0xAE3A,   // 0x11FB0 (73648) pixels
0xB63A, 0xB61A, 0xB61A, 0xB61A, 0xB61A, 0xAE1A, 0xADFA, 0xADFA, 0xADDA, 0xADDA, 0xADDA, 0xA5DA, 0xADDA, 0xADFA, 0xADFA, 0xA5FA,   // 0x11FC0 (73664) pixels
0xA5FA, 0x9DFA, 0x9DFA, 0x9DFA, 0x9DFA, 0x9DFA, 0x9E1A, 0x9E1A, 0x9DFA, 0x9DFA, 0x9DFA, 0x9DFA, 0x9DFA, 0x9E1B, 0x9E1B, 0x9E1B,   // 0x11FD0 (73680) pixels
0x9DFA, 0x9DFA, 0x9DFA, 0x9DFA, 0x9DFA, 0x9DFA, 0x9DFA, 0x9DFA, 0x9DFA, 0x9DFA, 0x9DFA, 0x9DFA, 0x9DFA, 0x9DFA, 0x9DFA, 0x9DFA,   // 0x11FE0 (73696) pixels
0x9DFA, 0x9DFA, 0x9DFA, 0x9DFA, 0x9DFA, 0x9DFA, 0x9DFA, 0x9DFA, 0x9DFA, 0x9DFA, 0x9DFA, 0x9DFA, 0x9DFA, 0x9E1A, 0x9E1A, 0x9E1A,   // 0x11FF0 (73712) pixels
0x9DFA, 0x9DFA, 0x9DFA, 0x9DFA, 0x9DFA, 0x9DFA, 0x9DFA, 0x9DFA, 0x9DFA, 0x9DFA, 0x9DFA, 0x9DFA, 0x9DFA, 0x9DFA, 0x9DFA, 0x9DFA,   // 0x12000 (73728) pixels
0x9DFA, 0x9DFA, 0x9DFA, 0x9DFA, 0x9DFA, 0x9DFA, 0x9DFA, 0x9DFA, 0x9DFA, 0x9DFA, 0x9DFA, 0x9DFA, 0x9DFA, 0x9DFA, 0x9DFA, 0x9DFA,   // 0x12010 (73744) pixels
0x9DFA, 0x9DFA, 0x9DFA, 0x9DFA, 0x9DFA, 0x9DFA, 0x9DFA, 0x9DFA, 0x9DFA, 0x9DFA, 0x9DFA, 0x9DFA, 0x9DFA, 0x9DFA, 0x9DFA, 0x9DFA,   // 0x12020 (73760) pixels
0x9DFA, 0x9DFA, 0x9DFA, 0x9DFA, 0x9DFA, 0x9DFA, 0x9DFA, 0x9DFA, 0x9DFA, 0x9DFA, 0x9DFA, 0x9DFA, 0x9DFA, 0x9DFA, 0x9DFA, 0x9DFA,   // 0x12030 (73776) pixels
0x9DFA, 0x9DFA, 0x9DFA, 0x9DFA, 0x9DFA, 0x9DFA, 0x9DFA, 0x9DFA, 0x9DFA, 0x9DFA, 0x9DFA, 0x9DFA, 0x9DFA, 0x9DFA, 0x9DFA, 0x9DFA,   // 0x12040 (73792) pixels
0x9DFA, 0x9DFA, 0x9DFA, 0x9DFA, 0x9DFA, 0x9DFA, 0x9DFA, 0x9DFA, 0x9DFA, 0x9DFA, 0x9DFA, 0x9DFA, 0x9DFA, 0x9DFA, 0x9DFA, 0x9DFA,   // 0x12050 (73808) pixels
0x9DFA, 0x9DFA, 0x9DFA, 0x9DFA, 0x9DFA, 0x9DFA, 0x9DFA, 0x9DFA, 0x9DFA, 0x9DFA, 0x9DFA, 0x9DFA, 0x9DFA, 0x9DFA, 0x9DFA, 0x9DFA,   // 0x12060 (73824) pixels
0x9DFA, 0x9DFA, 0x9DFA, 0x9DFA, 0x9DFA, 0x9DFA, 0x9DFA, 0x9DFA, 0x9DFA, 0x9DFA, 0x9DFA, 0x9DFA, 0x9DFA, 0x9DFA, 0x9DFA, 0x9DFA,   // 0x12070 (73840) pixels
0x9DFA, 0x9DFA, 0x9DFA, 0x9DFA, 0x9DFA, 0x9DFA, 0x9DFA, 0x9DFA, 0x9DFA, 0x9DFA, 0x9DFA, 0x9DFA, 0x9DFA, 0x9DFA, 0x9DFA, 0x9DFA,   // 0x12080 (73856) pixels
0x9DFA, 0x9DFA, 0x9DFA, 0x9DFA, 0x9DFA, 0x9DFA, 0x9DFA, 0x9DFA, 0x9DFA, 0x9DFA, 0x9DFA, 0x9DFA, 0x9DFA, 0x9DFA, 0x9DFA, 0x9DFA,   // 0x12090 (73872) pixels
0x9DFA, 0x9DFA, 0x9DFA, 0x9DFA, 0x9DFA, 0x9DFA, 0x9DFA, 0x9DFA, 0x9DFA, 0x9DFA, 0x9DFA, 0x9DFA, 0x9DFA, 0x9DFA, 0x9DFA, 0x9DFA,   // 0x120A0 (73888) pixels
0x9DFA, 0x9DFA, 0x9DFA, 0x9DFA, 0x9DFA, 0x9DFA, 0x9DFA, 0x9DFA, 0x9E1A, 0x9E1A, 0x9E1A, 0x9E1A, 0x9E1A, 0x9E1A, 0x9E1A, 0x9E1A,   // 0x120B0 (73904) pixels
0x9E1A, 0x9E1A, 0x9E1A, 0x9E1A, 0x9E1A, 0x9E1A, 0x9E1A, 0x9E1A, 0x9DFA, 0x9DFA, 0x9DFA, 0x9DFA, 0x9DFA, 0x9DFA, 0x9DFA, 0x9DFA,   // 0x120C0 (73920) pixels
0x9E1B, 0x9E1B, 0x9E1B, 0x9E1B, 0x9E1B, 0x9E1B, 0x9E1B, 0x9E1B, 0x9E1B, 0x9E1B, 0x9E1B, 0x9E1B, 0x9E1B, 0x9E1B, 0x9E1B, 0x9E1B,   // 0x120D0 (73936) pixels
0xA61B, 0xA61B, 0x9DFB, 0xA61B, 0x9E1B, 0x9E1B, 0x9E1B, 0x9E1A, 0x9E1B, 0x9E1A, 0x9E1A, 0x9E1A, 0x9E1B, 0x9E1B, 0x9E1A, 0x9E1A,   // 0x120E0 (73952) pixels
0x9DFA, 0x9DFA, 0x9DFA, 0xA61A, 0xA61A, 0xA61B, 0xA61B, 0xA61A, 0xA5FA, 0xA5FA, 0xA5FA, 0xA5FA, 0xA61A, 0xA61A, 0xA61A, 0xA61A,   // 0x120F0 (73968) pixels
0xADFA, 0xADFA, 0xADFA, 0xA5FA, 0xADFA, 0xA5FA, 0xA5DA, 0xA5DA, 0xA5FA, 0xA5FA, 0xA5FA, 0xA5FA, 0xA5FA, 0xA5FA, 0xA5DA, 0x9DDA,   // 0x12100 (73984) pixels
0x9DFA, 0x9DFA, 0x9DFA, 0x9DFA, 0x9DFA, 0x9DFA, 0x9DFA, 0x9DFA, 0x9DFA, 0x9DFA, 0x9DFA, 0x9DFA, 0x9E1B, 0x9E1B, 0x9E1B, 0x9E1B,   // 0x12110 (74000) pixels
0x9DFA, 0x9DFA, 0x9DFA, 0x9DFA, 0x9DFA, 0x9DFA, 0x9DFA, 0x9DFA, 0x9DFA, 0x9DFA, 0x9DFA, 0x9DFA, 0x9DFA, 0x9DFA, 0x9DFA, 0x9DFA,   // 0x12120 (74016) pixels
0x9DFA, 0x9DFA, 0x9DFA, 0x9DFA, 0x9DFA, 0x9DFA, 0x9DFA, 0x9DFA, 0x9DFA, 0x9DFA, 0x9DFA, 0x9DFA, 0x9DFA, 0x9E1A, 0x9E1A, 0x9E1A,   // 0x12130 (74032) pixels
0x9DFA, 0x9DFA, 0x9DFA, 0x9DFA, 0x9DFA, 0x9DFA, 0x9DFA, 0x9DFA, 0x9DFA, 0x9DFA, 0x9DFA, 0x9DFA, 0x9DFA, 0x9DFA, 0x9DFA, 0x9DFA,   // 0x12140 (74048) pixels
0x9DFA, 0x9DFA, 0x9DFA, 0x9DFA, 0x9DFA, 0x9DFA, 0x9DFA, 0x9DFA, 0x9DFA, 0x9DFA, 0x9DFA, 0x9DFA, 0x9DFA, 0x9DFA, 0x9DFA, 0x9DFA,   // 0x12150 (74064) pixels
0x9DFA, 0x9DFA, 0x9DFA, 0x9DFA, 0x9DFA, 0x9DFA, 0x9DFA, 0x9DFA, 0x9DFA, 0x9DFA, 0x9DFA, 0x9DFA, 0x9DDA, 0x9DDA, 0x9DDA, 0x9DFA,   // 0x12160 (74080) pixels
0x9DFA, 0x9DFA, 0x9DFA, 0x9DFA, 0x9DFA, 0x9DFA, 0x9DFA, 0x9DFA, 0x9DFA, 0x9DFA, 0x9DFA, 0x9DFA, 0x9DFA, 0x9DFA, 0x9DFA, 0x9DFA,   // 0x12170 (74096) pixels
0x9DFA, 0x9DFA, 0x9DFA, 0x9DFA, 0x9DFA, 0x9DFA, 0x9DFA, 0x9DFA, 0x9DFA, 0x9DFA, 0x9DFA, 0x9DFA, 0x9DFA, 0x9DFA, 0x9DFA, 0x9DFA,   // 0x12180 (74112) pixels
0x9DFA, 0x9DFA, 0x9DFA, 0x9DFA, 0x9DFA, 0x9DFA, 0x9DFA, 0x9DFA, 0x9DFA, 0x9DFA, 0x9DFA, 0x9DFA, 0x9DFA, 0x9DFA, 0x9DFA, 0x9DFA,   // 0x12190 (74128) pixels
0x9DFA, 0x9DFA, 0x9DFA, 0x9DFA, 0x9DFA, 0x9DFA, 0x9DFA, 0x9DFA, 0x9DFA, 0x9DFA, 0x9DFA, 0x9DFA, 0x9DFA, 0x9DFA, 0x9DFA, 0x9DFA,   // 0x121A0 (74144) pixels
0x9DFA, 0x9DFA, 0x9DFA, 0x9DFA, 0x9DFA, 0x9DFA, 0x9DFA, 0x9DFA, 0x9DFA, 0x9DFA, 0x9DFA, 0x9DFA, 0x9DFA, 0x9DFA, 0x9DFA, 0x9DFA,   // 0x121B0 (74160) pixels
0x9DFA, 0x9DFA, 0x9DFA, 0x9DFA, 0x9DFA, 0x9DFA, 0x9DFA, 0x9DFA, 0x9DFA, 0x9DFA, 0x9DFA, 0x9DFA, 0x9DFA, 0x9DFA, 0x9DFA, 0x9DFA,   // 0x121C0 (74176) pixels
0x9DFA, 0x9DFA, 0x9DFA, 0x9DFA, 0x9DFA, 0x9DFA, 0x9DFA, 0x9DFA, 0x9DFA, 0x9DFA, 0x9DFA, 0x9DFA, 0x9DFA, 0x9DFA, 0x9DFA, 0x9DFA,   // 0x121D0 (74192) pixels
0x9DFA, 0x9DFA, 0x9DFA, 0x9DFA, 0x9DFA, 0x9DFA, 0x9DFA, 0x9DFA, 0x9DFA, 0x9DFA, 0x9DFA, 0x9DFA, 0x9DFA, 0x9DFA, 0x9DFA, 0x9DFA,   // 0x121E0 (74208) pixels
0x9DFA, 0x9DFA, 0x9DFA, 0x9DFA, 0x9DFA, 0x9DFA, 0x9DFA, 0x9DFA, 0x9E1A, 0x9E1A, 0x9E1A, 0x9E1A, 0x9E1A, 0x9E1A, 0x9E1A, 0x9E1A,   // 0x121F0 (74224) pixels
0x9E1A, 0x9E1A, 0x9E1A, 0x9E1A, 0x9E1A, 0x9E1A, 0x9E1A, 0x9E1A, 0x9E1A, 0x9E1A, 0x9E1A, 0x9E1A, 0x9E1A, 0x9E1A, 0x9DFA, 0x9DFA,   // 0x12200 (74240) pixels
0x9E1B, 0x9E1B, 0x9E1B, 0x9E1B, 0x9E1B, 0x9E1B, 0x9E1B, 0x9E1B, 0xA63B, 0xA61B, 0xA61B, 0xA61B, 0xA61B, 0xA61B, 0xA61B, 0xA61B,   // 0x12210 (74256) pixels
0xA61A, 0xA5FA, 0xA61A, 0xA61A, 0x9E1B, 0x9E1B, 0x9E1B, 0x9E1B, 0x9E1B, 0x9E1B, 0x9E1B, 0x9E1A, 0x9E1B, 0x9E1B, 0x9E1B, 0x9E1B,   // 0x12220 (74272) pixels
0x9E1B, 0x9E1A, 0x9E1B, 0x9E1A, 0x9E1A, 0x9DFA, 0xA5FA, 0xA61A, 0xA5FA, 0xA5FA, 0xA5FA, 0xA5FA, 0xA5FA, 0xA5FA, 0xA5FA, 0xA5FA,   // 0x12230 (74288) pixels
0xA5FA, 0xA5FA, 0xA5FA, 0xA5FA, 0xA5FA, 0xA5FA, 0xA5FA, 0xA5FA, 0xA5FA, 0x9DFA, 0x9DFA, 0x9DFA, 0x9DFA, 0x9DFA, 0x9DFA, 0x9DFA,   // 0x12240 (74304) pixels
0x9DFB, 0x9E1B, 0x9E1B, 0x9E1B, 0x9DFB, 0x9DFB, 0x9DFB, 0x9DFB, 0x9DFA, 0x9DFA, 0x9DFA, 0x9DFA, 0x9DFA, 0x9DFA, 0x9DFA, 0x9DFA,   // 0x12250 (74320) pixels
0x9DFA, 0x9DFA, 0x9DFA, 0x9DFA, 0x9DFA, 0x9E1A, 0x9E1A, 0x9DFA, 0x9DFA, 0x9DFA, 0x9DFA, 0x9DFA, 0x9DFA, 0x9DFA, 0x9DFA, 0x9DFA,   // 0x12260 (74336) pixels
0x9DFA, 0x9DFA, 0x9DFA, 0x9DFA, 0x9DFA, 0x9DFA, 0x9DFA, 0x9DFA, 0x9DFA, 0x9DFA, 0x9DFA, 0x9DFA, 0x9DFA, 0x9DFA, 0x9DFA, 0x9DFA,   // 0x12270 (74352) pixels
0x9DFA, 0x9DFA, 0x9DFA, 0x9DFA, 0x9DFA, 0x9DFA, 0x9DFA, 0x9DFA, 0x9DFA, 0x9DFA, 0x9DFA, 0x9DFA, 0x9DFA, 0x9DFA, 0x9DFA, 0x9DFA,   // 0x12280 (74368) pixels
0x9DFA, 0x9DFA, 0x9DFA, 0x9DFA, 0x9DFA, 0x9DFA, 0x9DFA, 0x9DFA, 0x9DFA, 0x9DFA, 0x9DFA, 0x9DFA, 0x9DFA, 0x9DFA, 0x9DFA, 0x9DFA,   // 0x12290 (74384) pixels
0x9DFA, 0x9DFA, 0x9DFA, 0x9DFA, 0x9DFA, 0x9DDA, 0x9DDA, 0x9DDA, 0x9DDA, 0x9DDA, 0x9DDA, 0x9DDA, 0x9DDA, 0x9DDA, 0x9DDA, 0x9DDA,   // 0x122A0 (74400) pixels
0x9DDA, 0x9DDA, 0x9DDA, 0x9DDA, 0x9DDA, 0x9DDA, 0x9DDA, 0x9DDA, 0x9DDA, 0x9DDA, 0x9DDA, 0x9DDA, 0x9DDA, 0x9DDA, 0x9DDA, 0x9DDA,   // 0x122B0 (74416) pixels
0x9DFA, 0x9DFA, 0x9DFA, 0x9DFA, 0x9DFA, 0x9DFA, 0x9DFA, 0x9DFA, 0x9DFA, 0x9DFA, 0x9DFA, 0x9DFA, 0x9DFA, 0x9DFA, 0x9DFA, 0x9DFA,   // 0x122C0 (74432) pixels
0x9DFA, 0x9DFA, 0x9DFA, 0x9DFA, 0x9DFA, 0x9DFA, 0x9DFA, 0x9DFA, 0x9DFA, 0x9DFA, 0x9DFA, 0x9DFA, 0x9DFA, 0x9DFA, 0x9DFA, 0x9DFA,   // 0x122D0 (74448) pixels
0x9DFA, 0x9DFA, 0x9DFA, 0x9DFA, 0x9DFA, 0x9DFA, 0x9DFA, 0x9DFA, 0x9DDA, 0x9DDA, 0x9DFA, 0x9DFA, 0x9DFA, 0x9DFA, 0x9DFA, 0x9DFA,   // 0x122E0 (74464) pixels
0x9DFA, 0x9DFA, 0x9DFA, 0x9DFA, 0x9DFA, 0x9DFA, 0x9DFA, 0x9DFA, 0x9DFA, 0x9DFA, 0x9DFA, 0x9DFA, 0x9DFA, 0x9DFA, 0x9DFA, 0x9DFA,   // 0x122F0 (74480) pixels
0x9DFA, 0x9DFA, 0x9DFA, 0x9DFA, 0x9DFA, 0x9DFA, 0x9DFA, 0x9DFA, 0x9DFA, 0x9DFA, 0x9DFA, 0x9DFA, 0x9DFA, 0x9DFA, 0x9DFA, 0x9DFA,   // 0x12300 (74496) pixels
0x9DFA, 0x9DFA, 0x9DFA, 0x9DFA, 0x9DFA, 0x9DFA, 0x9DFA, 0x9DFA, 0x9DFA, 0x9DFA, 0x9DFA, 0x9DFA, 0x9DFA, 0x9DFA, 0x9DFA, 0x9DFA,   // 0x12310 (74512) pixels
0x9DFA, 0x9DFA, 0x9DFA, 0x9DFA, 0x9DFA, 0x9DFA, 0x9DFA, 0x9DFA, 0x9DFA, 0x9DFA, 0x9DFA, 0x9DFA, 0x9DFA, 0x9DFA, 0x9DFA, 0x9DFA,   // 0x12320 (74528) pixels
0x9DFA, 0x9DFA, 0x9DFA, 0x9DFA, 0x9DFA, 0x9DFA, 0x9DFA, 0x9DFA, 0x9DFA, 0x9DFA, 0x9DFA, 0x9DFA, 0x9DFA, 0x9DFA, 0x9DFA, 0x9DFA,   // 0x12330 (74544) pixels
0x9DFA, 0x9DFA, 0x9DFA, 0x9DFA, 0x9DFA, 0x9DFA, 0x9DFA, 0x9DFA, 0x9DFA, 0x9DFA, 0x9DFA, 0x9DFA, 0x9DFA, 0x9DFA, 0x9DFA, 0x9DFA,   // 0x12340 (74560) pixels
0x9E1B, 0x9E1B, 0x9E1B, 0x9E1B, 0x9E1B, 0x9E1B, 0x9E1B, 0x9E1B, 0xA61B, 0xA61B, 0xA61B, 0xA61B, 0xA61B, 0xA61B, 0x9E1B, 0x9E1B,   // 0x12350 (74576) pixels
0xA61A, 0xA61A, 0xA61A, 0x9E1A, 0x9E1B, 0x9E1B, 0x9E1B, 0x9E1B, 0x9E1B, 0x9E1B, 0x9E1B, 0x9E1B, 0x9E1B, 0x9E1B, 0x9E1B, 0x9E1B,   // 0x12360 (74592) pixels
0x9E1B, 0x9E1B, 0x9E1B, 0x9E1A, 0x9DFA, 0x9DFA, 0x9E1A, 0x9DFA, 0x9DFA, 0xA5FA, 0xA5FA, 0xA5FA, 0xA5FA, 0xA5FA, 0xA5FA, 0xA5FA,   // 0x12370 (74608) pixels
0x9DFA, 0x9DFA, 0x9DFA, 0x9DFA, 0x9DFA, 0x9DFA, 0x9DFA, 0x9DFA, 0x9DFA, 0x9DFA, 0x9DFA, 0x9DFA, 0x9DFA, 0x9DFA, 0x9DFA, 0x9DFA,   // 0x12380 (74624) pixels
0x9E1B, 0x9E1B, 0x9E1B, 0x9E1B, 0x9DFB, 0x9DFB, 0x9DFB, 0x9DFB, 0x9DFA, 0x9DFA, 0x9DFA, 0x9DFA, 0x9DFA, 0x9DFA, 0x9DFA, 0x9DFA,   // 0x12390 (74640) pixels
0x9DFA, 0x9DFA, 0x9DFA, 0x9DFA, 0x9DFA, 0x9E1A, 0x9DFA, 0x9DFA, 0x9DFA, 0x9DFA, 0x9DFA, 0x9DFA, 0x9DFA, 0x9DFA, 0x9DFA, 0x9DFA,   // 0x123A0 (74656) pixels
0x9DFA, 0x9DFA, 0x9DFA, 0x9DFA, 0x9DFA, 0x9DFA, 0x9DFA, 0x9DFA, 0x9DFA, 0x9DFA, 0x9DFA, 0x9DFA, 0x9DFA, 0x9DFA, 0x9DFA, 0x9DFA,   // 0x123B0 (74672) pixels
0x9DFA, 0x9DFA, 0x9DFA, 0x9DFA, 0x9DFA, 0x9DFA, 0x9DFA, 0x9DFA, 0x9DFA, 0x9DFA, 0x9DFA, 0x9DFA, 0x9DFA, 0x9DFA, 0x9DFA, 0x9DFA,   // 0x123C0 (74688) pixels
0x9DFA, 0x9DFA, 0x9DFA, 0x9DFA, 0x9DFA, 0x9DFA, 0x9DFA, 0x9DFA, 0x9DFA, 0x9DFA, 0x9DFA, 0x9DFA, 0x9DFA, 0x9DFA, 0x9DFA, 0x9DFA,   // 0x123D0 (74704) pixels
0x9DDA, 0x9DDA, 0x9DDA, 0x9DDA, 0x9DDA, 0x9DDA, 0x9DFA, 0x9DFA, 0x9DFA, 0x9DFA, 0x9DDA, 0x9DDA, 0x9DDA, 0x9DDA, 0x9DDA, 0x9DDA,   // 0x123E0 (74720) pixels
0x9DDA, 0x9DDA, 0x9DDA, 0x9DDA, 0x9DDA, 0x9DDA, 0x9DDA, 0x9DDA, 0x9DDA, 0x9DDA, 0x9DDA, 0x9DDA, 0x9DDA, 0x9DDA, 0x9DDA, 0x9DDA,   // 0x123F0 (74736) pixels
0x9DFA, 0x9DFA, 0x9DFA, 0x9DFA, 0x9DFA, 0x9DFA, 0x9DFA, 0x9DFA, 0x9DFA, 0x9DFA, 0x9DFA, 0x9DFA, 0x9DFA, 0x9DFA, 0x9DFA, 0x9DFA,   // 0x12400 (74752) pixels
0x9DFA, 0x9DFA, 0x9DFA, 0x9DFA, 0x9DFA, 0x9DFA, 0x9DFA, 0x9DFA, 0x9DFA, 0x9DFA, 0x9DFA, 0x9DFA, 0x9DFA, 0x9DFA, 0x9DFA, 0x9DFA,   // 0x12410 (74768) pixels
0x9DFA, 0x9DFA, 0x9DFA, 0x9DFA, 0x9DFA, 0x9DFA, 0x9DFA, 0x9DFA, 0x9DDA, 0x9DDA, 0x9DFA, 0x9DFA, 0x9DFA, 0x9DFA, 0x9DFA, 0x9DFA,   // 0x12420 (74784) pixels
0x9DFA, 0x9DFA, 0x9DFA, 0x9DFA, 0x9DFA, 0x9DFA, 0x9DFA, 0x9DFA, 0x9DFA, 0x9DFA, 0x9DFA, 0x9DFA, 0x9DFA, 0x9DFA, 0x9DFA, 0x9DFA,   // 0x12430 (74800) pixels
0x9DFA, 0x9DFA, 0x9DFA, 0x9DFA, 0x9DFA, 0x9DFA, 0x9DFA, 0x9DFA, 0x9DFA, 0x9DFA, 0x9DFA, 0x9DFA, 0x9DFA, 0x9DFA, 0x9DFA, 0x9DFA,   // 0x12440 (74816) pixels
0x9DFA, 0x9DFA, 0x9DFA, 0x9DFA, 0x9DFA, 0x9DFA, 0x9DFA, 0x9DFA, 0x9DFA, 0x9DFA, 0x9DFA, 0x9DFA, 0x9DFA, 0x9DFA, 0x9DFA, 0x9DFA,   // 0x12450 (74832) pixels
0x9DFA, 0x9DFA, 0x9DFA, 0x9DFA, 0x9DFA, 0x9DFA, 0x9DFA, 0x9DFA, 0x9DFA, 0x9DFA, 0x9DFA, 0x9DFA, 0x9DFA, 0x9DFA, 0x9DFA, 0x9DFA,   // 0x12460 (74848) pixels
0x9DFA, 0x9DFA, 0x9DFA, 0x9DFA, 0x9DFA, 0x9DFA, 0x9DFA, 0x9DFA, 0x9E1A, 0x9E1A, 0x9E1A, 0x9E1A, 0x9E1A, 0x9E1A, 0x9E1A, 0x9E1A,   // 0x12470 (74864) pixels
0x9DFA, 0x9DFA, 0x9DFA, 0x9DFA, 0x9DFA, 0x9DFA, 0x9DFA, 0x9DFA, 0x9DFA, 0x9DFA, 0x9DFA, 0x9DFA, 0x9DFA, 0x9E1A, 0x9E1A, 0x9E1A,   // 0x12480 (74880) pixels
0x9E1B, 0x9E1B, 0x9E1B, 0x9E1B, 0x9E1B, 0x9E1B, 0x9E1B, 0x9E1B, 0xA61B, 0xA61B, 0xA61B, 0xA61B, 0xA61B, 0x9E1B, 0x9E1B, 0x9E1B,   // 0x12490 (74896) pixels
0xA61A, 0xA61A, 0xA61A, 0x9E1A, 0x9E1A, 0x9E1A, 0x9E1B, 0x9E1B, 0x9E1B, 0x9E1B, 0x9E1B, 0x9E1B, 0x9E1B, 0x9E1B, 0x9E1B, 0x9E1B,   // 0x124A0 (74912) pixels
0x9E1B, 0x9E1B, 0x9E1A, 0x9E1A, 0x9DFA, 0x9DFA, 0x9DFA, 0x9DFA, 0x9DFA, 0x9DFA, 0x9DFA, 0x9DFA, 0x9DFA, 0x9DFA, 0x9DFA, 0x9DFA,   // 0x124B0 (74928) pixels
0x9DFA, 0x9DFA, 0x9DFA, 0x9DFA, 0x9DFA, 0x9DFA, 0x9DFA, 0x9DFA, 0x9DFA, 0x9DFA, 0x9DFB, 0x9DFB, 0x9DFB, 0x9DFB, 0x9DFB, 0x9DFB,   // 0x124C0 (74944) pixels
0x9E1B, 0x9DFB, 0x9DFB, 0x9DFB, 0x9DFB, 0x9DFB, 0x9DFB, 0x9DFB, 0x9DFA, 0x9DFA, 0x9DFA, 0x9DFA, 0x9DFA, 0x9DFA, 0x9DFA, 0x9DFA,   // 0x124D0 (74960) pixels
0x9DFA, 0x9DFA, 0x9DFA, 0x9DFA, 0x9DFA, 0x9E1A, 0x9DFA, 0x9DFA, 0x9DFA, 0x9DFA, 0x9DFA, 0x9DFA, 0x9DFA, 0x9DFA, 0x9DFA, 0x9DFA,   // 0x124E0 (74976) pixels
0x9DFA, 0x9DFA, 0x9DFA, 0x9DFA, 0x9DFA, 0x9DFA, 0x9DFA, 0x9DFA, 0x9DFA, 0x9DFA, 0x9DFA, 0x9DFA, 0x9DFA, 0x9DFA, 0x9DFA, 0x9DFA,   // 0x124F0 (74992) pixels
0x9DFA, 0x9DFA, 0x9DFA, 0x9DFA, 0x9DFA, 0x9DFA, 0x9DFA, 0x9DFA, 0x9DFA, 0x9DFA, 0x9DFA, 0x9DFA, 0x9DFA, 0x9DFA, 0x9DFA, 0x9DFA,   // 0x12500 (75008) pixels
0x9DFA, 0x9DFA, 0x9DFA, 0x9DFA, 0x9DFA, 0x9DFA, 0x9DFA, 0x9DFA, 0x9DFA, 0x9DFA, 0x9DFA, 0x9DFA, 0x9DFA, 0x9DFA, 0x9DFA, 0x9DFA,   // 0x12510 (75024) pixels
0x9DD9, 0x9DD9, 0x9DD9, 0x9DDA, 0x9DDA, 0x9DDA, 0x9DFA, 0x9DFA, 0x9DFA, 0x9DFA, 0x9DDA, 0x9DDA, 0x9DDA, 0x9DDA, 0x9DDA, 0x9DDA,   // 0x12520 (75040) pixels
0x9DDA, 0x9DDA, 0x9DDA, 0x9DDA, 0x9DDA, 0x9DDA, 0x9DDA, 0x9DDA, 0x9DDA, 0x9DDA, 0x9DDA, 0x9DDA, 0x9DDA, 0x9DDA, 0x9DDA, 0x9DDA,   // 0x12530 (75056) pixels
0x9DFA, 0x9DFA, 0x9DFA, 0x9DFA, 0x9DFA, 0x9DFA, 0x9DFA, 0x9DFA, 0x9DFA, 0x9DFA, 0x9DFA, 0x9DFA, 0x9DFA, 0x9DFA, 0x9DFA, 0x9DFA,   // 0x12540 (75072) pixels
0x9DFA, 0x9DFA, 0x9DFA, 0x9DFA, 0x9DFA, 0x9DFA, 0x9DFA, 0x9DFA, 0x9DFA, 0x9DFA, 0x9DFA, 0x9DFA, 0x9DFA, 0x9DFA, 0x9DFA, 0x9DFA,   // 0x12550 (75088) pixels
0x9DDA, 0x9DDA, 0x9DDA, 0x9DDA, 0x9DDA, 0x9DDA, 0x9DDA, 0x9DDA, 0x9DDA, 0x9DDA, 0x9DFA, 0x9DFA, 0x9DFA, 0x9DFA, 0x9DFA, 0x9DFA,   // 0x12560 (75104) pixels
0x9DFA, 0x9DFA, 0x9DFA, 0x9DFA, 0x9DFA, 0x9DFA, 0x9DFA, 0x9DFA, 0x9DFA, 0x9DFA, 0x9DFA, 0x9DFA, 0x9DFA, 0x9DFA, 0x9DFA, 0x9DFA,   // 0x12570 (75120) pixels
0x9DFA, 0x9DFA, 0x9DFA, 0x9DFA, 0x9DFA, 0x9DFA, 0x9DFA, 0x9DFA, 0x9DFA, 0x9DFA, 0x9DFA, 0x9DFA, 0x9DFA, 0x9DFA, 0x9DFA, 0x9DFA,   // 0x12580 (75136) pixels
0x9DFA, 0x9DFA, 0x9DFA, 0x9DFA, 0x9DFA, 0x9DFA, 0x9DFA, 0x9DFA, 0x9DFA, 0x9DFA, 0x9DFA, 0x9DFA, 0x9DFA, 0x9DFA, 0x9DFA, 0x9DFA,   // 0x12590 (75152) pixels
0x9DFA, 0x9DFA, 0x9DFA, 0x9DFA, 0x9DFA, 0x9DFA, 0x9DFA, 0x9DFA, 0x9DFA, 0x9DFA, 0x9DFA, 0x9DFA, 0x9DFA, 0x9DFA, 0x9DFA, 0x9DFA,   // 0x125A0 (75168) pixels
0x9DFA, 0x9DFA, 0x9DFA, 0x9DFA, 0x9DFA, 0x9DFA, 0x9DFA, 0x9DFA, 0x9E1A, 0x9E1A, 0x9E1A, 0x9E1A, 0x9E1A, 0x9E1A, 0x9E1A, 0x9E1A,   // 0x125B0 (75184) pixels
0x9DFA, 0x9DFA, 0x9DFA, 0x9DFA, 0x9DFA, 0x9DFA, 0x9DFA, 0x9DFA, 0x9DFA, 0x9DFA, 0x9DFA, 0x9E1A, 0x9E1A, 0x9E1A, 0x9E1A, 0x9E1A,   // 0x125C0 (75200) pixels
0x9E1B, 0x9E1B, 0x9E1B, 0x9E1B, 0x9E1B, 0x9E1B, 0x9E1B, 0x9E1B, 0xA61B, 0xA61B, 0xA61B, 0xA61B, 0x9E1B, 0x9E1B, 0x9E1B, 0x9E1B,   // 0x125D0 (75216) pixels
0xA61A, 0xA61A, 0x9E1A, 0x9E1A, 0x9E1A, 0x9E1A, 0x9E1B, 0x9E1B, 0x9E1B, 0x9E1B, 0x9E1B, 0x9E1B, 0x9E1B, 0x9E1B, 0x9E1B, 0x9E1B,   // 0x125E0 (75232) pixels
0x9E1B, 0x9E1B, 0x9E1B, 0x9E1A, 0x9DFA, 0x9DFA, 0x9DFA, 0x9E1B, 0x9DFA, 0x9DFA, 0x9DFA, 0x9DFA, 0x9DFA, 0x9DFA, 0x9DFA, 0x9DFA,   // 0x125F0 (75248) pixels
0x9DFA, 0x9E1A, 0x9DFA, 0x9DFA, 0x9DFA, 0x9DFA, 0x9E1A, 0x9E1A, 0x9E1A, 0x9E1A, 0x9DFB, 0x9DFB, 0x9DFB, 0x9DFB, 0x9DFB, 0x9DFB,   // 0x12600 (75264) pixels
0x9DFB, 0x9DFB, 0x9DFB, 0x9DFB, 0x9DFB, 0x9DFB, 0x9DFB, 0x9DFB, 0x9DFA, 0x9DFA, 0x9DFA, 0x9DFA, 0x9DFA, 0x9DFA, 0x9DFA, 0x9DFA,   // 0x12610 (75280) pixels
0x9DFA, 0x9DFA, 0x9DFA, 0x9DFA, 0x9DFA, 0x9DFA, 0x9DFA, 0x9DFA, 0x9DFA, 0x9DFA, 0x9DFA, 0x9DFA, 0x9DFA, 0x9DFA, 0x9DFA, 0x9DFA,   // 0x12620 (75296) pixels
0x9DFA, 0x9DFA, 0x9DFA, 0x9DFA, 0x9DFA, 0x9DFA, 0x9DFA, 0x9DFA, 0x9DFA, 0x9DFA, 0x9DFA, 0x9DFA, 0x9DFA, 0x9DFA, 0x9DFA, 0x9DFA,   // 0x12630 (75312) pixels
0x9DFA, 0x9DFA, 0x9DFA, 0x9DFA, 0x9DFA, 0x9DFA, 0x9DFA, 0x9DFA, 0x9DFA, 0x9DFA, 0x9DFA, 0x9DFA, 0x9DFA, 0x9DFA, 0x9DFA, 0x9DFA,   // 0x12640 (75328) pixels
0x9DFA, 0x9DFA, 0x9DFA, 0x9DFA, 0x9DFA, 0x9DFA, 0x9DFA, 0x9DFA, 0x9DFA, 0x9DFA, 0x9DFA, 0x9DFA, 0x9DFA, 0x9DFA, 0x9DDA, 0x9DDA,   // 0x12650 (75344) pixels
0x9DD9, 0x9DD9, 0x9DD9, 0x9DD9, 0x9DDA, 0x9DDA, 0x9DDA, 0x9DFA, 0x9DDA, 0x9DDA, 0x9DDA, 0x9DDA, 0x9DDA, 0x9DDA, 0x9DDA, 0x9DDA,   // 0x12660 (75360) pixels
0x9DDA, 0x9DDA, 0x9DDA, 0x9DDA, 0x9DDA, 0x9DDA, 0x9DDA, 0x9DDA, 0x9DDA, 0x9DDA, 0x9DDA, 0x9DDA, 0x9DDA, 0x9DDA, 0x9DDA, 0x9DDA,   // 0x12670 (75376) pixels
0x9DFA, 0x9DFA, 0x9DFA, 0x9DFA, 0x9DFA, 0x9DFA, 0x9DFA, 0x9DFA, 0x9DDA, 0x9DDA, 0x9DDA, 0x9DDA, 0x9DFA, 0x9DFA, 0x9DFA, 0x9DFA,   // 0x12680 (75392) pixels
0x9DFA, 0x9DFA, 0x9DFA, 0x9DFA, 0x9DFA, 0x9DFA, 0x9DFA, 0x9DFA, 0x9DFA, 0x9DFA, 0x9DFA, 0x9DFA, 0x9DFA, 0x9DFA, 0x9DFA, 0x9DFA,   // 0x12690 (75408) pixels
0x9DFA, 0x9DFA, 0x9DFA, 0x9DFA, 0x9DFA, 0x9DFA, 0x9DFA, 0x9DFA, 0x9DFA, 0x9DFA, 0x9DFA, 0x9DFA, 0x9DFA, 0x9DFA, 0x9DFA, 0x9DFA,   // 0x126A0 (75424) pixels
0x9DFA, 0x9DFA, 0x9DFA, 0x9DFA, 0x9DFA, 0x9DFA, 0x9DFA, 0x9DFA, 0x9DFA, 0x9DFA, 0x9DFA, 0x9DFA, 0x9DFA, 0x9DFA, 0x9DFA, 0x9DFA,   // 0x126B0 (75440) pixels
0x9DFA, 0x9DFA, 0x9DFA, 0x9DFA, 0x9DFA, 0x9DFA, 0x9DFA, 0x9DFA, 0x9DFA, 0x9DFA, 0x9DFA, 0x9DFA, 0x9DFA, 0x9DFA, 0x9DFA, 0x9DFA,   // 0x126C0 (75456) pixels
0x9DFA, 0x9DFA, 0x9DFA, 0x9DFA, 0x9DFA, 0x9DFA, 0x9DFA, 0x9DFA, 0x9DFA, 0x9DFA, 0x9DFA, 0x9DFA, 0x9DFA, 0x9DFA, 0x9DFA, 0x9DFA,   // 0x126D0 (75472) pixels
0x9DFA, 0x9DFA, 0x9DFA, 0x9DFA, 0x9DFA, 0x9DFA, 0x9DFA, 0x9DFA, 0x9DFA, 0x9DFA, 0x9DFA, 0x9DFA, 0x9DFA, 0x9DFA, 0x9DFA, 0x9DFA,   // 0x126E0 (75488) pixels
0x9DFA, 0x9DFA, 0x9DFA, 0x9DFA, 0x9DFA, 0x9DFA, 0x9DFA, 0x9DFA, 0x9E1A, 0x9E1A, 0x9E1A, 0x9E1A, 0x9E1A, 0x9E1A, 0x9E1A, 0x9E1A,   // 0x126F0 (75504) pixels
0x9DFA, 0x9DFA, 0x9DFA, 0x9DFA, 0x9DFA, 0x9DFA, 0x9DFA, 0x9DFA, 0x9E1A, 0x9E1A, 0x9E1A, 0x9E1A, 0x9E1A, 0x9E1A, 0x9E1A, 0x9E1A,   // 0x12700 (75520) pixels
0x9E1A, 0x9E1A, 0x9E1A, 0x9E1A, 0x9E1A, 0x9E1A, 0x9E1A, 0x9E1A, 0xA61A, 0xA61A, 0xA61A, 0xA61A, 0x9E1A, 0x9E1A, 0x9E1A, 0x9E1A,   // 0x12710 (75536) pixels
0xA61A, 0xA61A, 0x9E1A, 0x9E1A, 0x9E1A, 0x9E1A, 0x9E1A, 0x9E1A, 0x9E1A, 0x9E1A, 0x9E1A, 0x9E1A, 0x9E1A, 0x9E1B, 0x9E1B, 0x9E1B,   // 0x12720 (75552) pixels
0x9E1B, 0x9E1A, 0x9E1A, 0x9E1A, 0x9E1A, 0x9E1A, 0x9E1B, 0x9E1B, 0x9E1B, 0x9E1B, 0x9E1B, 0x9E1B, 0x9DFB, 0x9DFB, 0x9DFB, 0x9E1A,   // 0x12730 (75568) pixels
0x9E1A, 0x9E1A, 0x9E1B, 0x9E1B, 0x9E1B, 0x9E1B, 0x9E1B, 0x9E1B, 0x9E1B, 0x9E1B, 0x9E1B, 0x9E1B, 0x9E1B, 0x9E1B, 0x9DFB, 0x9DFB,   // 0x12740 (75584) pixels
0x9DFB, 0x9E1A, 0x9DFB, 0x9E1A, 0x9E1A, 0x9E1A, 0x9E1A, 0x9E1A, 0x9DFA, 0x9DFA, 0x9DFA, 0x9DFA, 0x9DFA, 0x9DFA, 0x9DFA, 0x9DFA,   // 0x12750 (75600) pixels
0x9DFA, 0x9DFA, 0x9DFA, 0x9DFA, 0x9DFA, 0x9DFA, 0x9DFA, 0x9DFA, 0x9DFA, 0x9DFA, 0x9DFA, 0x9DFA, 0x9DFA, 0x9DFA, 0x9DFA, 0x9DFA,   // 0x12760 (75616) pixels
0x9DFA, 0x9DFA, 0x9DFA, 0x9DFA, 0x9DFA, 0x9DFA, 0x9DFA, 0x9DFA, 0x9DFA, 0x9DFA, 0x9DFA, 0x9DFA, 0x9DFA, 0x9DFA, 0x9DFA, 0x9DFA,   // 0x12770 (75632) pixels
0x9DDA, 0x9DDA, 0x9DDA, 0x9DDA, 0x9DDA, 0x9DDA, 0x9DDA, 0x9DDA, 0x9DDA, 0x9DDA, 0x9DDA, 0x9DDA, 0x9DDA, 0x9DDA, 0x9DDA, 0x9DDA,   // 0x12780 (75648) pixels
0x95DA, 0x95DA, 0x95DA, 0x95DA, 0x95DA, 0x95DA, 0x95DA, 0x95DA, 0x9DDA, 0x9DDA, 0x95DA, 0x95DA, 0x95DA, 0x95DA, 0x95DA, 0x95DA,   // 0x12790 (75664) pixels
0x9DD9, 0x9DD9, 0x9DD9, 0x9DD9, 0x9DDA, 0x9DDA, 0x9DDA, 0x9DDA, 0x9DDA, 0x9DDA, 0x9DDA, 0x9DDA, 0x9DDA, 0x9DDA, 0x9DDA, 0x9DDA,   // 0x127A0 (75680) pixels
0x9DDA, 0x9DDA, 0x9DDA, 0x9DDA, 0x9DDA, 0x9DDA, 0x9DDA, 0x9DDA, 0x9DDA, 0x9DDA, 0x9DDA, 0x9DDA, 0x9DDA, 0x9DDA, 0x9DDA, 0x9DDA,   // 0x127B0 (75696) pixels
0x9DDA, 0x9DDA, 0x9DDA, 0x9DDA, 0x9DDA, 0x9DDA, 0x9DDA, 0x9DDA, 0x95DA, 0x95DA, 0x95DA, 0x9DDA, 0x9DDA, 0x9DDA, 0x9DDA, 0x9DDA,   // 0x127C0 (75712) pixels
0x9DDA, 0x9DDA, 0x9DDA, 0x9DDA, 0x9DDA, 0x9DDA, 0x9DDA, 0x9DDA, 0x9DDA, 0x9DDA, 0x9DFA, 0x9DFA, 0x9DFA, 0x9DFA, 0x9DFA, 0x9DFA,   // 0x127D0 (75728) pixels
0x9DFA, 0x9DFA, 0x9DFA, 0x9DFA, 0x9DFA, 0x9DFA, 0x9DFA, 0x9DFA, 0x9DFA, 0x9DFA, 0x9DFA, 0x9DFA, 0x9DFA, 0x9DFA, 0x9DFA, 0x9DFA,   // 0x127E0 (75744) pixels
0x9DDA, 0x9DDA, 0x9DFA, 0x9DFA, 0x9DFA, 0x9DFA, 0x9DFA, 0x9DFA, 0x9DFA, 0x9DFA, 0x9DFA, 0x9DFA, 0x9DFA, 0x9DFA, 0x9DFA, 0x9DFA,   // 0x127F0 (75760) pixels
0x9DFA, 0x9DFA, 0x9DFA, 0x9DFA, 0x9DFA, 0x9DFA, 0x9DFA, 0x9DFA, 0x9DFA, 0x9DFA, 0x9DFA, 0x9DFA, 0x9DFA, 0x9DFA, 0x9DFA, 0x9DFA,   // 0x12800 (75776) pixels
0x9DFA, 0x9DFA, 0x9DFA, 0x9DFA, 0x9DFA, 0x9DFA, 0x9DFA, 0x9DFA, 0x9DFA, 0x9DFA, 0x9DFA, 0x9DFA, 0x9DFA, 0x9DFA, 0x9DFA, 0x9DFA,   // 0x12810 (75792) pixels
0x9DFA, 0x9DFA, 0x9DFA, 0x9DFA, 0x9DFA, 0x9DFA, 0x9DFA, 0x9DFA, 0x9DFA, 0x9DFA, 0x9DFA, 0x9DFA, 0x9DFA, 0x9DFA, 0x9DFA, 0x9DFA,   // 0x12820 (75808) pixels
0x9DFA, 0x9DFA, 0x9DFA, 0x9DFA, 0x9DFA, 0x9DFA, 0x9DFA, 0x9DFA, 0x9DFA, 0x9DFA, 0x9DFA, 0x9DFA, 0x9DFA, 0x9DFA, 0x9DFA, 0x9DFA,   // 0x12830 (75824) pixels
0x9DFA, 0x9DFA, 0x9DFA, 0x9DFA, 0x9DFA, 0x9DFA, 0x9DFA, 0x9DFA, 0x9E1A, 0x9E1A, 0x9E1A, 0x9E1A, 0x9E1A, 0x9E1A, 0x9E1A, 0x9E1A,   // 0x12840 (75840) pixels
0x9E1A, 0x9E1A, 0x9E1A, 0x9E1A, 0x9E1A, 0x9E1A, 0x9E1A, 0x9E1A, 0xA61A, 0xA61A, 0xA61A, 0x9E1A, 0x9E1A, 0x9E1A, 0x9E1A, 0x9E1A,   // 0x12850 (75856) pixels
0xA61A, 0xA61A, 0x9E1A, 0x9E1A, 0x9E1A, 0x9E1A, 0x9E1A, 0x9E1A, 0x9E1A, 0x9E1A, 0x9E1A, 0x9E1A, 0x9E1A, 0xA61A, 0xA61A, 0xA61A,   // 0x12860 (75872) pixels
0xA61B, 0x9E1A, 0x9E1A, 0x9E1A, 0x9E1A, 0x9E1A, 0x9E1B, 0x9E1B, 0x9E1B, 0x9E1B, 0x9E1B, 0x9E1B, 0x9DFB, 0x9DFB, 0x9DFB, 0x9DFB,   // 0x12870 (75888) pixels
0x9E1B, 0x9E1A, 0x9E1B, 0x9E1B, 0x9E1B, 0x9E1B, 0x9E1B, 0x9E1B, 0x9DFB, 0x9DFB, 0x9DFB, 0x9DFB, 0x9DFB, 0x9DFB, 0x9DFB, 0x9E1A,   // 0x12880 (75904) pixels
0x9E1A, 0x9E1A, 0x9E1A, 0x9E1A, 0x9E1A, 0x9E1A, 0x9E1A, 0x9E1A, 0x9DFA, 0x9DFA, 0x9DFA, 0x9DFA, 0x9DFA, 0x9DFA, 0x9DFA, 0x9DDA,   // 0x12890 (75920) pixels
0x9DFA, 0x9DFA, 0x9DDA, 0x9DFA, 0x9DFA, 0x9DFA, 0x9DFA, 0x9DFA, 0x9DFA, 0x9DFA, 0x9DFA, 0x9DFA, 0x9DFA, 0x9DFA, 0x9DFA, 0x9DFA,   // 0x128A0 (75936) pixels
0x9DFA, 0x9DFA, 0x9DFA, 0x9DFA, 0x9DFA, 0x9DFA, 0x9DFA, 0x9DFA, 0x9DFA, 0x9DFA, 0x9DFA, 0x9DFA, 0x9DFA, 0x9DFA, 0x9DFA, 0x9DFA,   // 0x128B0 (75952) pixels
0x9DDA, 0x9DDA, 0x9DDA, 0x9DDA, 0x95DA, 0x95DA, 0x95DA, 0x95DA, 0x95DA, 0x95DA, 0x95DA, 0x95DA, 0x95DA, 0x95DA, 0x95DA, 0x95DA,   // 0x128C0 (75968) pixels
0x95DA, 0x95DA, 0x95DA, 0x95DA, 0x95DA, 0x95DA, 0x95DA, 0x95DA, 0x95DA, 0x95DA, 0x95D9, 0x95D9, 0x95D9, 0x95D9, 0x95D9, 0x95D9,   // 0x128D0 (75984) pixels
0x9DD9, 0x9DD9, 0x9DD9, 0x9DD9, 0x9DDA, 0x9DDA, 0x9DDA, 0x9DDA, 0x9DDA, 0x9DDA, 0x9DDA, 0x9DDA, 0x9DDA, 0x9DDA, 0x9DDA, 0x9DDA,   // 0x128E0 (76000) pixels
0x95DA, 0x95DA, 0x95DA, 0x95DA, 0x95DA, 0x95DA, 0x95DA, 0x95DA, 0x95DA, 0x95DA, 0x95DA, 0x95DA, 0x95DA, 0x95DA, 0x95DA, 0x95DA,   // 0x128F0 (76016) pixels
0x95D9, 0x95D9, 0x95D9, 0x95D9, 0x95D9, 0x95D9, 0x95D9, 0x95D9, 0x95D9, 0x95D9, 0x95D9, 0x95D9, 0x95DA, 0x95DA, 0x95DA, 0x9DDA,   // 0x12900 (76032) pixels
0x95DA, 0x95DA, 0x95DA, 0x95DA, 0x95DA, 0x95DA, 0x95DA, 0x95DA, 0x95DA, 0x95DA, 0x9DDA, 0x9DDA, 0x9DDA, 0x9DFA, 0x9DFA, 0x9DFA,   // 0x12910 (76048) pixels
0x9DFA, 0x9DFA, 0x9DFA, 0x9DFA, 0x9DFA, 0x9DFA, 0x9DFA, 0x9DFA, 0x9DFA, 0x9DFA, 0x9DFA, 0x9DFA, 0x9DFA, 0x9DFA, 0x9DFA, 0x9DFA,   // 0x12920 (76064) pixels
0x9DDA, 0x9DDA, 0x9DDA, 0x9DFA, 0x9DFA, 0x9DFA, 0x9DFA, 0x9DFA, 0x9DFA, 0x9DFA, 0x9DFA, 0x9DFA, 0x9DFA, 0x9DFA, 0x9DFA, 0x9DFA,   // 0x12930 (76080) pixels
0x9DFA, 0x9DFA, 0x9DFA, 0x9DFA, 0x9DFA, 0x9DFA, 0x9DFA, 0x9DFA, 0x9DFA, 0x9DFA, 0x9DFA, 0x9DFA, 0x9DFA, 0x9DFA, 0x9DFA, 0x9DFA,   // 0x12940 (76096) pixels
0x9DFA, 0x9DFA, 0x9DFA, 0x9DFA, 0x9DFA, 0x9DFA, 0x9DFA, 0x9DFA, 0x9DFA, 0x9DFA, 0x9DFA, 0x9DFA, 0x9DFA, 0x9DFA, 0x9DFA, 0x9DFA,   // 0x12950 (76112) pixels
0x9DFA, 0x9DFA, 0x9DFA, 0x9DFA, 0x9DFA, 0x9DFA, 0x9DFA, 0x9DFA, 0x9DFA, 0x9DFA, 0x9DFA, 0x9DFA, 0x9DFA, 0x9DFA, 0x9DFA, 0x9DFA,   // 0x12960 (76128) pixels
0x9DFA, 0x9DFA, 0x9DFA, 0x9DFA, 0x9DFA, 0x9DFA, 0x9DFA, 0x9DFA, 0x9DFA, 0x9DFA, 0x9DFA, 0x9DFA, 0x9DFA, 0x9DFA, 0x9DFA, 0x9DFA,   // 0x12970 (76144) pixels
0x9DFA, 0x9DFA, 0x9DFA, 0x9DFA, 0x9DFA, 0x9DFA, 0x9DFA, 0x9DFA, 0x9DFA, 0x9DFA, 0x9DFA, 0x9E1A, 0x9E1A, 0x9E1A, 0x9E1A, 0x9E1A,   // 0x12980 (76160) pixels
0x9E1A, 0x9E1A, 0x9E1A, 0x9E1A, 0x9E1A, 0x9E1A, 0x9E1A, 0x9E1A, 0xA61A, 0xA61A, 0x9E1A, 0x9E1A, 0x9E1A, 0x9E1A, 0x9E1A, 0x9E1A,   // 0x12990 (76176) pixels
0x9E1A, 0x9E1A, 0x9E1A, 0x9E1A, 0x9E1A, 0x9E1A, 0x9E1A, 0x9E1A, 0x9E1A, 0x9E1A, 0x9E1A, 0xA61A, 0xA61A, 0xA61A, 0xA61A, 0xA61A,   // 0x129A0 (76192) pixels
0xA61A, 0xA61A, 0x9DFA, 0x9E1A, 0x9E1A, 0x9E1A, 0x9E1A, 0x9E1A, 0x9E1B, 0x9E1B, 0x9E1B, 0x9E1B, 0x9E1B, 0x9E1B, 0x9DFB, 0x9DFB,   // 0x129B0 (76208) pixels
0x9E1B, 0x9E1B, 0x9DFB, 0x9DFB, 0x9DFB, 0x9DFB, 0x9DFB, 0x9DFB, 0x9DFB, 0x9DFB, 0x9DFA, 0x9DFA, 0x9DFA, 0xA5FA, 0xA5FA, 0x9DFA,   // 0x129C0 (76224) pixels
0x9E1A, 0x9E1A, 0x9E1A, 0x9E1A, 0x9E1A, 0x9E1A, 0x9E1A, 0x9E1A, 0x9DFA, 0x9DFA, 0x9DFA, 0x9DFA, 0x9DFA, 0x9DFA, 0x9DDA, 0x9DDA,   // 0x129D0 (76240) pixels
0x9DFA, 0x9DFA, 0x9DDA, 0x9DFA, 0x9DFA, 0x9DFA, 0x9DFA, 0x9DFA, 0x9DFA, 0x9DFA, 0x9DFA, 0x9DFA, 0x9DFA, 0x9DFA, 0x9DFA, 0x9DDA,   // 0x129E0 (76256) pixels
0x95DA, 0x95DA, 0x95DA, 0x9DFA, 0x9DFA, 0x9DFA, 0x9DFA, 0x9DFA, 0x9DDA, 0x9DDA, 0x9DDA, 0x9DDA, 0x9DDA, 0x9DDA, 0x9DDA, 0x9DDA,   // 0x129F0 (76272) pixels
0x9DDA, 0x9DDA, 0x9DDA, 0x9DDA, 0x95DA, 0x95DA, 0x95DA, 0x95DA, 0x95DA, 0x95DA, 0x95DA, 0x95DA, 0x95DA, 0x95DA, 0x95DA, 0x95DA,   // 0x12A00 (76288) pixels
0x95DA, 0x95DA, 0x95DA, 0x95DA, 0x95DA, 0x95DA, 0x95DA, 0x95DA, 0x95DA, 0x95DA, 0x95D9, 0x95D9, 0x95D9, 0x95D9, 0x95D9, 0x95D9,   // 0x12A10 (76304) pixels
0x9DD9, 0x9DD9, 0x9DD9, 0x9DD9, 0x9DDA, 0x9DDA, 0x9DDA, 0x9DDA, 0x9DDA, 0x9DDA, 0x9DDA, 0x9DDA, 0x9DDA, 0x9DDA, 0x9DDA, 0x9DDA,   // 0x12A20 (76320) pixels
0x95BA, 0x95BA, 0x95BA, 0x95BA, 0x95BA, 0x95BA, 0x95BA, 0x95BA, 0x95BA, 0x95BA, 0x95BA, 0x95BA, 0x95BA, 0x95BA, 0x95BA, 0x95BA,   // 0x12A30 (76336) pixels
0x95D9, 0x95D9, 0x95D9, 0x95D9, 0x95D9, 0x95D9, 0x95D9, 0x95D9, 0x95B9, 0x95D9, 0x95D9, 0x95D9, 0x95D9, 0x95D9, 0x95D9, 0x95DA,   // 0x12A40 (76352) pixels
0x95D9, 0x95D9, 0x95D9, 0x95D9, 0x95D9, 0x95D9, 0x95D9, 0x95D9, 0x95D9, 0x95D9, 0x95DA, 0x95DA, 0x9DDA, 0x9DDA, 0x9DDA, 0x9DDA,   // 0x12A50 (76368) pixels
0x9DDA, 0x9DDA, 0x9DDA, 0x9DDA, 0x9DDA, 0x9DDA, 0x9DDA, 0x9DDA, 0x95DA, 0x95DA, 0x95DA, 0x95DA, 0x9DDA, 0x9DDA, 0x9DDA, 0x9DDA,   // 0x12A60 (76384) pixels
0x9DDA, 0x9DDA, 0x9DDA, 0x9DDA, 0x9DFA, 0x9DFA, 0x9DFA, 0x9DFA, 0x9DFA, 0x9DFA, 0x9DFA, 0x9DFA, 0x9DFA, 0x9DFA, 0x9DFA, 0x9DFA,   // 0x12A70 (76400) pixels
0x9DFA, 0x9DFA, 0x9DFA, 0x9DFA, 0x9DFA, 0x9DFA, 0x9DFA, 0x9DFA, 0x9DFA, 0x9DFA, 0x9DFA, 0x9DFA, 0x9DFA, 0x9DFA, 0x9DFA, 0x9DFA,   // 0x12A80 (76416) pixels
0x9DFA, 0x9DFA, 0x9DFA, 0x9DFA, 0x9DFA, 0x9DFA, 0x9DFA, 0x9DFA, 0x9DFA, 0x9DFA, 0x9DFA, 0x9DFA, 0x9DFA, 0x9DFA, 0x9DFA, 0x9DFA,   // 0x12A90 (76432) pixels
0x9DFA, 0x9DFA, 0x9DFA, 0x9DFA, 0x9DFA, 0x9DFA, 0x9DFA, 0x9DFA, 0x9DFA, 0x9DFA, 0x9DFA, 0x9DFA, 0x9DFA, 0x9DFA, 0x9DFA, 0x9DFA,   // 0x12AA0 (76448) pixels
0x9DFA, 0x9DFA, 0x9DFA, 0x9DFA, 0x9DFA, 0x9DFA, 0x9DFA, 0x9DFA, 0x9DFA, 0x9DFA, 0x9DFA, 0x9DFA, 0x9DFA, 0x9DFA, 0x9DFA, 0x9DFA,   // 0x12AB0 (76464) pixels
0x9DFA, 0x9DFA, 0x9DFA, 0x9DFA, 0x9DFA, 0x9DFA, 0x9DFA, 0x9DFA, 0x9DFA, 0x9DFA, 0x9DFA, 0x9DFA, 0x9DFA, 0x9E1A, 0x9E1A, 0x9E1A,   // 0x12AC0 (76480) pixels
0x9E1A, 0x9E1A, 0x9E1A, 0x9E1A, 0x9E1A, 0x9E1A, 0x9E1A, 0x9E1A, 0x9E1A, 0x9E1A, 0x9E1A, 0x9E1A, 0x9E1A, 0x9E1A, 0x9E1A, 0x9E1A,   // 0x12AD0 (76496) pixels
0x9E1A, 0x9E1A, 0x9E1A, 0x9E1A, 0x9E1A, 0x9E1A, 0x9E1A, 0x9E1A, 0x9E1A, 0x9E1A, 0xA61A, 0xA61A, 0xA61A, 0xA61A, 0xA5FA, 0xA61A,   // 0x12AE0 (76512) pixels
0xA5FA, 0x9DFA, 0x9DFA, 0x9DFA, 0x9DFA, 0x9DFA, 0x9DFA, 0x9DFA, 0x9E1B, 0x9E1B, 0x9E1B, 0x9E1B, 0x9E1B, 0x9E1B, 0x9DFB, 0x9DFB,   // 0x12AF0 (76528) pixels
0x9DFA, 0x9DFA, 0x9DFA, 0x9DFA, 0x9DFA, 0x9DFA, 0x9DFA, 0x9DFA, 0x9DFB, 0x9DFB, 0xA5FA, 0xA5FA, 0xA5FA, 0xA5FA, 0xA5FA, 0xA5FA,   // 0x12B00 (76544) pixels
0x9E1A, 0x9E1A, 0x9E1A, 0x9E1A, 0x9E1A, 0x9E1A, 0x9E1A, 0x9E1A, 0x9DFA, 0x9DFA, 0x9DFA, 0x9DFA, 0x9DFA, 0x9DFA, 0x9DDA, 0x9DDA,   // 0x12B10 (76560) pixels
0x9DFA, 0x9DDA, 0x9DDA, 0x9DFA, 0x9DFA, 0x9DFA, 0x9DFA, 0x9DFA, 0x9DFA, 0x9DFA, 0x9DFA, 0x9DFA, 0x9DFA, 0x9DFA, 0x9DDA, 0x9DDA,   // 0x12B20 (76576) pixels
0x95DA, 0x95DA, 0x95DA, 0x95DA, 0x95DA, 0x9DFA, 0x9DFA, 0x9DFA, 0x95DA, 0x95DA, 0x95DA, 0x95DA, 0x95DA, 0x9DDA, 0x9DDA, 0x9DDA,   // 0x12B30 (76592) pixels
0x9DDA, 0x9DDA, 0x9DDA, 0x9DDA, 0x95DA, 0x95DA, 0x95DA, 0x95DA, 0x95DA, 0x95DA, 0x95DA, 0x95DA, 0x95DA, 0x95DA, 0x95DA, 0x95DA,   // 0x12B40 (76608) pixels
0x95DA, 0x95DA, 0x95DA, 0x95DA, 0x95DA, 0x95DA, 0x95DA, 0x95DA, 0x95DA, 0x95DA, 0x95DA, 0x95DA, 0x95D9, 0x95D9, 0x95D9, 0x95D9,   // 0x12B50 (76624) pixels
0x9DD9, 0x9DD9, 0x9DD9, 0x9DD9, 0x9DD9, 0x9DD9, 0x9DD9, 0x9DD9, 0x9DD9, 0x9DD9, 0x9DD9, 0x9DD9, 0x9DDA, 0x95BA, 0x95BA, 0x95BA,   // 0x12B60 (76640) pixels
0x95B9, 0x95B9, 0x95B9, 0x95B9, 0x95B9, 0x95B9, 0x95B9, 0x95B9, 0x95B9, 0x95B9, 0x95B9, 0x95B9, 0x95B9, 0x95B9, 0x95B9, 0x95B9,   // 0x12B70 (76656) pixels
0x95B9, 0x95B9, 0x95B9, 0x95B9, 0x95B9, 0x95B9, 0x95B9, 0x95B9, 0x95B9, 0x95B9, 0x95B9, 0x95D9, 0x95D9, 0x95D9, 0x95D9, 0x95D9,   // 0x12B80 (76672) pixels
0x95D9, 0x95D9, 0x95D9, 0x95D9, 0x95D9, 0x95D9, 0x95D9, 0x95D9, 0x95D9, 0x95D9, 0x95D9, 0x95DA, 0x95DA, 0x9DDA, 0x9DDA, 0x9DDA,   // 0x12B90 (76688) pixels
0x95DA, 0x95DA, 0x95DA, 0x95DA, 0x95DA, 0x95DA, 0x95DA, 0x95DA, 0x95D9, 0x95D9, 0x95D9, 0x95D9, 0x95D9, 0x95DA, 0x95DA, 0x95DA,   // 0x12BA0 (76704) pixels
0x9DDA, 0x9DDA, 0x9DDA, 0x9DDA, 0x9DFA, 0x9DFA, 0x9DFA, 0x9DFA, 0x9DFA, 0x9DFA, 0x9DFA, 0x9DFA, 0x9DFA, 0x9DFA, 0x9DFA, 0x9DFA,   // 0x12BB0 (76720) pixels
0x9DFA, 0x9DFA, 0x9DFA, 0x9DFA, 0x9DFA, 0x9DFA, 0x9DFA, 0x9DFA, 0x9DFA, 0x9DFA, 0x9DFA, 0x9DFA, 0x9DFA, 0x9DFA, 0x9DFA, 0x9DFA,   // 0x12BC0 (76736) pixels
0x9DFA, 0x9DFA, 0x9DFA, 0x9DFA, 0x9DFA, 0x9DFA, 0x9DFA, 0x9DFA, 0x9DFA, 0x9DFA, 0x9DFA, 0x9DFA, 0x9DFA, 0x9DFA, 0x9DFA, 0x9DFA,   // 0x12BD0 (76752) pixels
0x9DFA, 0x9DFA, 0x9DFA, 0x9DFA, 0x9DFA, 0x9DFA, 0x9DFA, 0x9DFA, 0x9DFA, 0x9DFA, 0x9DFA, 0x9DFA, 0x9DFA, 0x9DFA, 0x9DFA, 0x9DFA,   // 0x12BE0 (76768) pixels
0x9DFA, 0x9DFA, 0x9DFA, 0x9DFA, 0x9DFA, 0x9DFA, 0x9DFA, 0x9DFA, 0x9DFA, 0x9DFA, 0x9DFA, 0x9DFA, 0x9DFA, 0x9DFA, 0x9DFA, 0x9DFA,   // 0x12BF0 (76784) pixels
0x9DFA, 0x9DFA, 0x9DFA, 0x9DFA, 0x9DFA, 0x9DFA, 0x9DFA, 0x9DFA, 0x9DFA, 0x9DFA, 0x9DFA, 0x9DFA, 0x9DFA, 0x9DFA, 0x9DFA, 0x9DFA,   // 0x12C00 (76800) pixels
};
