// Generated by   : ImageConverter 565 Online
// Generated from : splash128.jpg
// Time generated : Wed, 14 Jan 26 22:37:46 +0100  (Server timezone: CET)
// Image Size     : 128x128 pixels
// Memory usage   : 32768 bytes


#if defined(__AVR__)
    #include <avr/pgmspace.h>
#elif defined(__PIC32MX__)
    #define PROGMEM
#elif defined(__arm__)
    #define PROGMEM
#endif

const unsigned short splash128[16384] PROGMEM={
0x74D6, 0x74D6, 0x74D6, 0x74D6, 0x74D6, 0x74D6, 0x74D6, 0x74D6, 0x74D6, 0x74D6, 0x74D6, 0x74D6, 0x74D6, 0x74D6, 0x74D6, 0x74D6,   // 0x0010 (16) pixels
0x74D6, 0x74D6, 0x74D6, 0x74D6, 0x74D6, 0x74D6, 0x74D6, 0x74D6, 0x74D6, 0x74D6, 0x74D6, 0x74D6, 0x74D6, 0x74D6, 0x74D6, 0x74D6,   // 0x0020 (32) pixels
0x74D6, 0x74D6, 0x74D6, 0x74D6, 0x74B6, 0x74D6, 0x74D6, 0x74D6, 0x6CD6, 0x6CD6, 0x6CF6, 0x6CF6, 0x6CF6, 0x6CD6, 0x74D6, 0x74D6,   // 0x0030 (48) pixels
0x74D6, 0x74D6, 0x74D6, 0x74D6, 0x74D6, 0x74D6, 0x74D6, 0x74D6, 0x74B6, 0x74B6, 0x7CB6, 0x7CB6, 0x7CB6, 0x7C96, 0x7C96, 0x7C95,   // 0x0040 (64) pixels
0x7C95, 0x7C95, 0x7C95, 0x7C95, 0x7C95, 0x7CB5, 0x84B5, 0x84B5, 0x8495, 0x8495, 0x8495, 0x8496, 0x84B6, 0x84B6, 0x84B6, 0x8CB6,   // 0x0050 (80) pixels
0x8C96, 0x8CB6, 0x94D6, 0x94D6, 0x94D7, 0x94D7, 0x9CD7, 0x9CD7, 0x9CD7, 0x9CD7, 0x9CF8, 0x9CF8, 0x9CD7, 0x9CD7, 0x9CD7, 0x94F7,   // 0x0060 (96) pixels
0x94D7, 0x8CD6, 0x84B6, 0x7CB5, 0x7CB6, 0x74D6, 0x74D6, 0x6CF6, 0x6CD7, 0x6CF7, 0x6CD7, 0x74D7, 0x74D7, 0x74D7, 0x74B7, 0x74D6,   // 0x0070 (112) pixels
0x74B6, 0x74D6, 0x74D6, 0x74D6, 0x74D6, 0x74D6, 0x74D6, 0x74D6, 0x74D6, 0x74D6, 0x74D6, 0x74D6, 0x74D6, 0x74D6, 0x74D6, 0x74D6,   // 0x0080 (128) pixels
0x74D6, 0x74D6, 0x74D6, 0x74D6, 0x74D6, 0x74D6, 0x74D6, 0x74D6, 0x74D6, 0x74D6, 0x74D6, 0x74D6, 0x74D6, 0x74D6, 0x74D6, 0x74D6,   // 0x0090 (144) pixels
0x74D6, 0x74D6, 0x74D6, 0x74D6, 0x74D6, 0x74D6, 0x74D6, 0x74D6, 0x74D6, 0x74D6, 0x74D6, 0x74D6, 0x74D6, 0x74D6, 0x74D6, 0x74D6,   // 0x00A0 (160) pixels
0x74D6, 0x74D6, 0x74D6, 0x74D6, 0x74D6, 0x74D6, 0x74D6, 0x74F6, 0x74F6, 0x6CD6, 0x6CD6, 0x6CD6, 0x6CF6, 0x74D6, 0x74D6, 0x74D6,   // 0x00B0 (176) pixels
0x74B5, 0x74B5, 0x74B6, 0x74B6, 0x7CB6, 0x74B6, 0x7CB6, 0x7CB6, 0x7CB6, 0x7CB6, 0x7CB6, 0x7CB6, 0x84B6, 0x84D6, 0x84B6, 0x84D6,   // 0x00C0 (192) pixels
0x8CD7, 0x8CF6, 0x8CF6, 0x8CF7, 0x8CF7, 0x8CF7, 0x8CF7, 0x8CF7, 0x9D38, 0x9D38, 0x9D38, 0x9D38, 0x9D38, 0x9D38, 0x9D38, 0x9D38,   // 0x00D0 (208) pixels
0x9D38, 0xA538, 0xA538, 0xA538, 0xA518, 0xA518, 0xA518, 0xA519, 0xAD39, 0xAD39, 0xA518, 0xA518, 0xA518, 0xA518, 0xA4F8, 0x9D18,   // 0x00E0 (224) pixels
0x94F7, 0x8CF7, 0x8CD6, 0x84D6, 0x7CD6, 0x7CD6, 0x74D6, 0x74D6, 0x6CD7, 0x6CD7, 0x6CD7, 0x6CD7, 0x74D7, 0x74D6, 0x74D6, 0x74D6,   // 0x00F0 (240) pixels
0x74D6, 0x74D6, 0x74D6, 0x74D6, 0x74D6, 0x74D6, 0x74D6, 0x74D6, 0x74D6, 0x74D6, 0x74D6, 0x74D6, 0x74D6, 0x74D6, 0x74D6, 0x74D6,   // 0x0100 (256) pixels
0x74F6, 0x74F6, 0x74F6, 0x74F6, 0x74F6, 0x74F6, 0x74F6, 0x74F6, 0x74F6, 0x74F6, 0x74F6, 0x74F6, 0x74F6, 0x74F6, 0x74F6, 0x74F6,   // 0x0110 (272) pixels
0x74F6, 0x74F6, 0x74F6, 0x74F6, 0x74F6, 0x74F6, 0x74F6, 0x74F6, 0x74F6, 0x74F6, 0x74F6, 0x74F6, 0x74F6, 0x74F6, 0x74F6, 0x74F6,   // 0x0120 (288) pixels
0x74F6, 0x74F6, 0x74D6, 0x74D6, 0x74D6, 0x74D6, 0x74F6, 0x74F6, 0x74F6, 0x74F6, 0x6CF6, 0x74F6, 0x74F6, 0x7CF6, 0x74D6, 0x7CB6,   // 0x0130 (304) pixels
0x7CB6, 0x7CB6, 0x84D6, 0x84F6, 0x8CF7, 0x8D17, 0x8D17, 0x8D17, 0x9538, 0x9538, 0x9538, 0x9D38, 0x9D38, 0x9D58, 0x9D59, 0x9D59,   // 0x0140 (320) pixels
0xA559, 0xA559, 0xA559, 0xA559, 0xA559, 0xA559, 0xA559, 0xA539, 0xA539, 0xA539, 0xA538, 0xA538, 0xA518, 0xA518, 0xA518, 0xA518,   // 0x0150 (336) pixels
0x9CF7, 0xA4F8, 0xA4F8, 0xA4F7, 0xA4D8, 0xA4D8, 0xA4D8, 0xA4D8, 0x9CB7, 0x9CB7, 0x9CB7, 0x9CB7, 0x9CB7, 0xA4D8, 0xA4D8, 0xA4D7,   // 0x0160 (352) pixels
0x9CF7, 0x9CD7, 0x94D7, 0x8CB6, 0x84B6, 0x7CB6, 0x7CD6, 0x74D6, 0x74D6, 0x6CD6, 0x6CD6, 0x6CD6, 0x74D6, 0x74D6, 0x74D6, 0x74D6,   // 0x0170 (368) pixels
0x74D6, 0x74D6, 0x74D6, 0x74D6, 0x74D6, 0x74D6, 0x74D6, 0x74D6, 0x74D6, 0x74D6, 0x74D6, 0x74D6, 0x74D6, 0x74D6, 0x74D6, 0x74D6,   // 0x0180 (384) pixels
0x74F6, 0x74F6, 0x74F6, 0x74F6, 0x74F6, 0x74F6, 0x74F6, 0x74F6, 0x74F6, 0x74F6, 0x74F6, 0x74F6, 0x74F6, 0x74F6, 0x74F6, 0x74F6,   // 0x0190 (400) pixels
0x74F6, 0x74F6, 0x74F6, 0x74F6, 0x74F6, 0x74F6, 0x74F6, 0x74F6, 0x74F6, 0x74F6, 0x74F6, 0x74F6, 0x74F6, 0x74F6, 0x74F6, 0x74F6,   // 0x01A0 (416) pixels
0x74F6, 0x74F6, 0x74F6, 0x74F6, 0x74F6, 0x74F6, 0x74F6, 0x74F6, 0x74F6, 0x74F6, 0x74F6, 0x7CF6, 0x7CF6, 0x7CD6, 0x7CD6, 0x84B6,   // 0x01B0 (432) pixels
0x9517, 0x9517, 0x9D38, 0x9D38, 0x9D58, 0xA559, 0xA559, 0xA559, 0xA559, 0xA559, 0xA559, 0xA559, 0xA559, 0xA559, 0xA539, 0xA539,   // 0x01C0 (448) pixels
0xA518, 0xA518, 0xA518, 0xA519, 0xA519, 0xA518, 0xA4F8, 0xA4F8, 0xA4F8, 0xA4F8, 0xA4F8, 0xA4F8, 0xA4D8, 0xA4D8, 0xA4D8, 0xA4D8,   // 0x01D0 (464) pixels
0xA4D7, 0xA4D7, 0xA4D7, 0xA4D7, 0xA4B7, 0xA4B7, 0xA4D8, 0xA4D8, 0xA4B7, 0xA4B7, 0xA4B7, 0xA4B7, 0xA4B7, 0xA4B7, 0xA4B7, 0xA4B7,   // 0x01E0 (480) pixels
0xA4B7, 0x9CB7, 0x9496, 0x8C76, 0x8476, 0x8496, 0x7CB6, 0x7CD6, 0x74D6, 0x74F6, 0x74F6, 0x6CF6, 0x74F6, 0x74F6, 0x74F6, 0x74D6,   // 0x01F0 (496) pixels
0x74F6, 0x74F6, 0x74F6, 0x74F6, 0x74F6, 0x74F6, 0x74F6, 0x74F6, 0x74F6, 0x74F6, 0x74F6, 0x74F6, 0x74F6, 0x74F6, 0x74F6, 0x74F6,   // 0x0200 (512) pixels
0x74F6, 0x74F6, 0x74F6, 0x74F6, 0x74F6, 0x74F6, 0x74F6, 0x74F6, 0x74F6, 0x74F6, 0x74F6, 0x74F6, 0x74F6, 0x74F6, 0x74F6, 0x74F6,   // 0x0210 (528) pixels
0x74F6, 0x74F6, 0x74F6, 0x74F6, 0x74F6, 0x74F6, 0x74F6, 0x74F6, 0x74F6, 0x74F6, 0x74F6, 0x74F6, 0x74F6, 0x74F6, 0x74F6, 0x74F6,   // 0x0220 (544) pixels
0x74F7, 0x74F7, 0x74F6, 0x74F6, 0x74F6, 0x74F6, 0x74F6, 0x74F6, 0x74F6, 0x74F6, 0x7CF6, 0x7CD6, 0x7CD6, 0x84D7, 0x8CF7, 0x9518,   // 0x0230 (560) pixels
0xA559, 0xAD59, 0xAD59, 0xAD59, 0xAD38, 0xA538, 0xA518, 0xA518, 0xA518, 0xA518, 0xA4F8, 0xA4F8, 0xA4F7, 0xA4F7, 0xA4D7, 0xA4D7,   // 0x0240 (576) pixels
0xA4D8, 0xA4D8, 0xA4D8, 0xACD8, 0xACD8, 0xA4D8, 0xA4B7, 0xA4B7, 0xACD8, 0xACD8, 0xACD8, 0xACD8, 0xACD8, 0xACD8, 0xACD8, 0xACD8,   // 0x0250 (592) pixels
0xA4D8, 0xA4B8, 0xA4B7, 0xA4B7, 0xA4B7, 0xA4B7, 0xA497, 0xA497, 0x9C77, 0xA497, 0xA497, 0xA4B7, 0xA497, 0xA497, 0xA497, 0xA4B7,   // 0x0260 (608) pixels
0xA497, 0xA497, 0x9C56, 0x8C15, 0x83F4, 0x8435, 0x8496, 0x84D7, 0x7CD6, 0x74D6, 0x74F6, 0x74F6, 0x74F6, 0x74F6, 0x74F6, 0x74F6,   // 0x0270 (624) pixels
0x74F6, 0x74F6, 0x74F6, 0x74F6, 0x74F6, 0x74F6, 0x74F6, 0x74F6, 0x74F6, 0x74F6, 0x74F6, 0x74F6, 0x74F6, 0x74F6, 0x74F6, 0x74F6,   // 0x0280 (640) pixels
0x74F7, 0x74F7, 0x74F7, 0x74F7, 0x74F7, 0x74F7, 0x74F7, 0x74F7, 0x74F7, 0x74F7, 0x74F7, 0x74F7, 0x74F7, 0x74F7, 0x74F7, 0x74F7,   // 0x0290 (656) pixels
0x74F7, 0x74F7, 0x74F7, 0x74F7, 0x74F7, 0x74F7, 0x74F7, 0x74F7, 0x74F7, 0x74F7, 0x74F7, 0x74F7, 0x74F7, 0x74F7, 0x74F7, 0x74F7,   // 0x02A0 (672) pixels
0x7CF7, 0x7CF7, 0x74F7, 0x74F7, 0x74F7, 0x74F7, 0x74F7, 0x74F7, 0x74F6, 0x7CF6, 0x7CD6, 0x7CB6, 0x84D7, 0x94F8, 0x9D38, 0xA579,   // 0x02B0 (688) pixels
0xAD39, 0xAD18, 0xAD18, 0xAD18, 0xACF8, 0xA4F8, 0xA4D7, 0xA4D7, 0xACF8, 0xACF8, 0xACF8, 0xACF8, 0xA4D7, 0xA4D7, 0xA4D7, 0xA4D7,   // 0x02C0 (704) pixels
0xACD8, 0xACD8, 0xACD8, 0xACD8, 0xACD8, 0xACD8, 0xACD8, 0xACD8, 0xACB8, 0xACB8, 0xACB8, 0xACB8, 0xACD8, 0xACD8, 0xACD8, 0xACD8,   // 0x02D0 (720) pixels
0xACB8, 0xA4B8, 0xA4B8, 0xA4B8, 0xA4D8, 0xACD8, 0xACD8, 0xA4D8, 0xA4B7, 0xA4B7, 0xA4B8, 0xA4B7, 0xA4B7, 0xA497, 0xA497, 0xAC97,   // 0x02E0 (736) pixels
0xAC97, 0xAC77, 0x9C36, 0x8BD4, 0x7B93, 0x7BF4, 0x8456, 0x84B6, 0x7CD6, 0x7CF6, 0x74F6, 0x7516, 0x7516, 0x7516, 0x7516, 0x74F6,   // 0x02F0 (752) pixels
0x74F6, 0x74F6, 0x74F6, 0x74F6, 0x74F6, 0x74F6, 0x74F6, 0x74F6, 0x74F6, 0x74F6, 0x74F6, 0x74F6, 0x74F6, 0x74F6, 0x74F6, 0x74F6,   // 0x0300 (768) pixels
0x7D17, 0x7D17, 0x7D17, 0x7D17, 0x7D17, 0x7D17, 0x7D17, 0x7D17, 0x7D17, 0x7D17, 0x7D17, 0x7D17, 0x7D17, 0x7D17, 0x7D17, 0x7D17,   // 0x0310 (784) pixels
0x7D17, 0x7D17, 0x7D17, 0x7D17, 0x7D17, 0x7D17, 0x7D17, 0x7D17, 0x7D17, 0x7D17, 0x7D17, 0x7D17, 0x7D17, 0x7D17, 0x7D17, 0x7D17,   // 0x0320 (800) pixels
0x7CF7, 0x7CF7, 0x7D17, 0x7517, 0x7517, 0x7517, 0x7517, 0x7517, 0x7CF7, 0x7CD6, 0x84D6, 0x8CD7, 0x9518, 0xA539, 0xA559, 0xAD59,   // 0x0330 (816) pixels
0xACF8, 0xACF8, 0xACF8, 0xACF8, 0xACF8, 0xACF8, 0xACF8, 0xACF8, 0xACD7, 0xACD7, 0xACD7, 0xACD7, 0xACD7, 0xACD7, 0xACD7, 0xACD7,   // 0x0340 (832) pixels
0xACD8, 0xACB8, 0xACB8, 0xACD8, 0xACD8, 0xACD8, 0xACD8, 0xACD8, 0xACD8, 0xACD8, 0xACD8, 0xACD8, 0xACD8, 0xACD8, 0xACB8, 0xA4D8,   // 0x0350 (848) pixels
0xACD8, 0xA4D8, 0xACD8, 0xA4D8, 0xACF8, 0xACF8, 0xA4D8, 0xA4D7, 0xACF8, 0xACF8, 0xA4D7, 0xA4B7, 0xACB8, 0xACB8, 0xAC97, 0xAC97,   // 0x0360 (864) pixels
0xAC77, 0xA477, 0x9C16, 0x8393, 0x7B52, 0x7BB3, 0x8415, 0x8476, 0x84D7, 0x7CF7, 0x7517, 0x7517, 0x7517, 0x7516, 0x7516, 0x7516,   // 0x0370 (880) pixels
0x74F7, 0x74F7, 0x74F7, 0x74F7, 0x74F7, 0x74F7, 0x74F7, 0x74F7, 0x74F7, 0x74F7, 0x74F7, 0x74F7, 0x74F7, 0x74F7, 0x74F7, 0x74F7,   // 0x0380 (896) pixels
0x7D17, 0x7D17, 0x7D17, 0x7D17, 0x7D17, 0x7D17, 0x7D17, 0x7D17, 0x7D17, 0x7D17, 0x7D17, 0x7D17, 0x7D17, 0x7D17, 0x7D17, 0x7D17,   // 0x0390 (912) pixels
0x7D17, 0x7D17, 0x7D17, 0x7D17, 0x7D17, 0x7D17, 0x7D17, 0x7D17, 0x7D17, 0x7D17, 0x7D17, 0x7D17, 0x7D17, 0x7D17, 0x7D17, 0x7D17,   // 0x03A0 (928) pixels
0x7D17, 0x7D17, 0x7D17, 0x7517, 0x7517, 0x7537, 0x7517, 0x7D17, 0x7D17, 0x84F7, 0x8CD7, 0x9518, 0xA559, 0xAD7A, 0xAD39, 0xA518,   // 0x03B0 (944) pixels
0xACF8, 0xACF8, 0xACF8, 0xACD8, 0xACD8, 0xACF8, 0xACF8, 0xACF8, 0xACF8, 0xACF8, 0xACF8, 0xACF8, 0xACF8, 0xACF8, 0xACF8, 0xACF8,   // 0x03C0 (960) pixels
0xB519, 0xB4F9, 0xACF8, 0xACF8, 0xACF8, 0xACF8, 0xACD8, 0xACF8, 0xA4D8, 0xA4D8, 0xA4B7, 0xA4B7, 0x9CB7, 0x9C97, 0x9C97, 0x9C97,   // 0x03D0 (976) pixels
0x9456, 0x9455, 0x8C35, 0x8C15, 0x8414, 0x83F4, 0x7BD3, 0x7BB3, 0x7372, 0x7352, 0x7352, 0x83B3, 0x9415, 0xA497, 0xACB8, 0xACB8,   // 0x03E0 (992) pixels
0xA457, 0xA457, 0x93F6, 0x8353, 0x7332, 0x7B73, 0x83F5, 0x7C56, 0x84D7, 0x7CF7, 0x7517, 0x7517, 0x7517, 0x7517, 0x7517, 0x7D17,   // 0x03F0 (1008) pixels
0x7D17, 0x7D17, 0x7D17, 0x7D17, 0x7D17, 0x7D17, 0x7D17, 0x7D17, 0x7D17, 0x7D17, 0x7D17, 0x7D17, 0x7D17, 0x7D17, 0x7D17, 0x7D17,   // 0x0400 (1024) pixels
0x7D17, 0x7D17, 0x7D17, 0x7D17, 0x7D17, 0x7D17, 0x7D17, 0x7D17, 0x7D17, 0x7D17, 0x7D17, 0x7D17, 0x7D17, 0x7D17, 0x7D17, 0x7D17,   // 0x0410 (1040) pixels
0x7D17, 0x7D17, 0x7D17, 0x7D17, 0x7D17, 0x7D17, 0x7D17, 0x7D17, 0x7D17, 0x7D17, 0x7D17, 0x7D17, 0x7D17, 0x7D17, 0x7D17, 0x7D17,   // 0x0420 (1056) pixels
0x7D17, 0x7D17, 0x7D17, 0x7517, 0x7537, 0x7537, 0x7517, 0x7D17, 0x7CF7, 0x84D6, 0x9538, 0xA579, 0xA538, 0xB579, 0x9CD7, 0xAD39,   // 0x0430 (1072) pixels
0xAD18, 0xAD18, 0xAD19, 0xAD18, 0xAD19, 0xAD18, 0xAD19, 0xAD18, 0xA4F8, 0xA4F8, 0xA4F8, 0xA4D7, 0xA4D8, 0x9CB7, 0x9CB7, 0x9C96,   // 0x0440 (1088) pixels
0x9476, 0x8C55, 0x8C35, 0x8C14, 0x83F4, 0x7BD3, 0x7BB3, 0x7BB2, 0x7372, 0x6B71, 0x6B51, 0x6330, 0x6310, 0x5AF0, 0x5AF0, 0x5AF0,   // 0x0450 (1104) pixels
0x5AF0, 0x62F0, 0x6331, 0x6331, 0x6351, 0x6B71, 0x6B92, 0x73B2, 0x73B2, 0x8414, 0x83F4, 0x62F0, 0x62D0, 0x9C97, 0xACD8, 0xA4B8,   // 0x0460 (1120) pixels
0xA498, 0x9C37, 0x93D6, 0x7B54, 0x6AF2, 0x7353, 0x7BF5, 0x7415, 0x84B7, 0x7CF7, 0x7517, 0x7517, 0x7517, 0x7517, 0x74F7, 0x7D17,   // 0x0470 (1136) pixels
0x7D17, 0x7517, 0x7517, 0x7517, 0x7517, 0x7517, 0x7517, 0x7517, 0x7D17, 0x7D17, 0x7D17, 0x7D17, 0x7D17, 0x7D17, 0x7D17, 0x7D17,   // 0x0480 (1152) pixels
0x7517, 0x7517, 0x7517, 0x7517, 0x7517, 0x7517, 0x7517, 0x7517, 0x7517, 0x7517, 0x7517, 0x7517, 0x7517, 0x7517, 0x7517, 0x7517,   // 0x0490 (1168) pixels
0x7517, 0x7517, 0x7517, 0x7517, 0x7517, 0x7517, 0x7517, 0x7517, 0x7517, 0x7517, 0x7517, 0x7517, 0x7517, 0x7517, 0x7517, 0x7D17,   // 0x04A0 (1184) pixels
0x7D17, 0x7D17, 0x7D17, 0x7517, 0x7537, 0x7537, 0x7517, 0x7D17, 0x7CD6, 0x8D17, 0x9D18, 0xA559, 0xAD59, 0xAD59, 0xAD18, 0x9C96,   // 0x04B0 (1200) pixels
0x8C15, 0x8C15, 0x83F4, 0x83D4, 0x7BB3, 0x7B93, 0x7392, 0x7392, 0x6B51, 0x6B51, 0x6B31, 0x6B51, 0x6331, 0x6331, 0x6331, 0x6330,   // 0x04C0 (1216) pixels
0x6331, 0x6330, 0x6351, 0x6B71, 0x6B92, 0x73B2, 0x73B2, 0x73B2, 0x7C34, 0x8434, 0x8454, 0x8475, 0x8C95, 0x8CB6, 0x94D6, 0x94D7,   // 0x04D0 (1232) pixels
0xA538, 0xA559, 0xA559, 0xA579, 0xA579, 0xA599, 0xAD99, 0xADBA, 0xAD9A, 0xB5BA, 0xAD9A, 0x8C55, 0x6B31, 0x9CB7, 0xA4B8, 0xA4B8,   // 0x04E0 (1248) pixels
0x9C98, 0x8BF6, 0x8374, 0x72F2, 0x7312, 0x83B5, 0x7BD5, 0x6393, 0x7CB7, 0x7CF7, 0x7D17, 0x7517, 0x7518, 0x7D17, 0x7CF7, 0x7D17,   // 0x04F0 (1264) pixels
0x7D17, 0x7D17, 0x7D17, 0x7D17, 0x7D17, 0x7D17, 0x7D17, 0x7D17, 0x7D17, 0x7D17, 0x7D17, 0x7D17, 0x7D17, 0x7D17, 0x7D17, 0x7D17,   // 0x0500 (1280) pixels
0x7517, 0x7517, 0x7517, 0x7517, 0x7517, 0x7517, 0x7517, 0x7517, 0x7517, 0x7517, 0x7517, 0x7517, 0x7517, 0x7517, 0x7517, 0x7517,   // 0x0510 (1296) pixels
0x7517, 0x7517, 0x7517, 0x7517, 0x7517, 0x7517, 0x7517, 0x7517, 0x7517, 0x7517, 0x7517, 0x7517, 0x7517, 0x7517, 0x7517, 0x7D17,   // 0x0520 (1312) pixels
0x7D17, 0x7D17, 0x7517, 0x7517, 0x7537, 0x7517, 0x7D17, 0x7CF7, 0x84D6, 0x9D59, 0xA559, 0xAD59, 0xAD18, 0xA4D7, 0x83F3, 0x6B31,   // 0x0530 (1328) pixels
0x7392, 0x7392, 0x7392, 0x73B2, 0x7BD3, 0x7BD3, 0x7BF3, 0x7BF3, 0x8434, 0x8434, 0x8475, 0x8CB6, 0x94F7, 0x9D38, 0xA559, 0xA559,   // 0x0540 (1344) pixels
0xA579, 0xA579, 0xA599, 0xADB9, 0xADDA, 0xADDA, 0xADFA, 0xADFA, 0xADDA, 0xADDA, 0xADFA, 0xADFA, 0xADFA, 0xADFA, 0xADFA, 0xADFA,   // 0x0550 (1360) pixels
0xA5BA, 0xA5BA, 0xA5BA, 0xA5B9, 0xA5B9, 0xA5D9, 0xA5DA, 0xA5DA, 0xA5BA, 0xADBA, 0xADBA, 0x8434, 0x6310, 0x9CB7, 0xA4D8, 0xA4D8,   // 0x0560 (1376) pixels
0x9477, 0x8BF6, 0x7B74, 0x6AD1, 0x6AF2, 0x7B94, 0x7373, 0x5B32, 0x7C97, 0x7CF7, 0x7D18, 0x7517, 0x7518, 0x7D18, 0x7CF8, 0x7D18,   // 0x0570 (1392) pixels
0x7D17, 0x7D17, 0x7D17, 0x7D17, 0x7D17, 0x7D17, 0x7D17, 0x7D17, 0x7D17, 0x7D17, 0x7D17, 0x7D17, 0x7D17, 0x7D17, 0x7D17, 0x7D17,   // 0x0580 (1408) pixels
0x7D17, 0x7D17, 0x7D17, 0x7D17, 0x7D17, 0x7D17, 0x7D17, 0x7D17, 0x7D17, 0x7D17, 0x7D17, 0x7D17, 0x7D17, 0x7D17, 0x7D17, 0x7D17,   // 0x0590 (1424) pixels
0x7D17, 0x7D17, 0x7D17, 0x7D17, 0x7D17, 0x7D17, 0x7D17, 0x7D17, 0x7D17, 0x7D17, 0x7D17, 0x7D17, 0x7D17, 0x7D17, 0x7D17, 0x7D17,   // 0x05A0 (1440) pixels
0x7D17, 0x7D17, 0x7517, 0x7517, 0x7537, 0x7517, 0x7D17, 0x84F7, 0x84D6, 0x9D38, 0xAD59, 0xAD59, 0xAD18, 0xA4D7, 0x6B31, 0x8414,   // 0x05B0 (1456) pixels
0xAD99, 0xAD9A, 0xADBA, 0xB5BA, 0xB5DA, 0xB5FB, 0xB5FB, 0xB61B, 0xB61B, 0xB61B, 0xB61B, 0xB5FB, 0xB5FB, 0xADFB, 0xADFA, 0xADDA,   // 0x05C0 (1472) pixels
0xADDA, 0xADD9, 0xADD9, 0xA5D9, 0xA5B9, 0xA5B9, 0xA5B9, 0xA598, 0xA5B9, 0xA5B9, 0xA5B9, 0xA5B9, 0xA5B9, 0x9DB8, 0x9D99, 0x9D98,   // 0x05D0 (1488) pixels
0xA5D9, 0xA5D9, 0xA5D9, 0xA5B9, 0x9DB9, 0x9DD9, 0x9DD9, 0xA5B9, 0x9D99, 0xA599, 0x9D38, 0x6B71, 0x6B51, 0xA4D8, 0xA4D8, 0x9C98,   // 0x05E0 (1504) pixels
0x8C57, 0x83D5, 0x7B54, 0x6AB1, 0x72F2, 0x7B74, 0x6B32, 0x6352, 0x7C96, 0x7CF7, 0x7D38, 0x7518, 0x7D38, 0x7D18, 0x7CF8, 0x7D18,   // 0x05F0 (1520) pixels
0x7D17, 0x7D17, 0x7D17, 0x7D17, 0x7D17, 0x7D17, 0x7D17, 0x7D17, 0x7D17, 0x7D17, 0x7D17, 0x7D17, 0x7D17, 0x7D17, 0x7D17, 0x7D17,   // 0x0600 (1536) pixels
0x7D17, 0x7D17, 0x7D17, 0x7D17, 0x7D17, 0x7D17, 0x7D17, 0x7D17, 0x7D17, 0x7D17, 0x7D17, 0x7D17, 0x7D17, 0x7D17, 0x7D17, 0x7D17,   // 0x0610 (1552) pixels
0x7D17, 0x7D17, 0x7D17, 0x7D17, 0x7D17, 0x7D17, 0x7D17, 0x7D17, 0x7D17, 0x7D17, 0x7D17, 0x7D17, 0x7D17, 0x7D17, 0x7D17, 0x7D17,   // 0x0620 (1568) pixels
0x7D17, 0x7D17, 0x7517, 0x7537, 0x7537, 0x7517, 0x7D17, 0x84F7, 0x9538, 0xA559, 0xAD39, 0xAD18, 0xAD18, 0x8414, 0x7392, 0xB5BA,   // 0x0630 (1584) pixels
0xADBA, 0xADBA, 0xADBA, 0xADBA, 0xA5B9, 0xA5B9, 0xA5B9, 0xA5B9, 0xA599, 0xA599, 0xA599, 0xA599, 0xA5B9, 0xA5B9, 0xA5B9, 0xA5B9,   // 0x0640 (1600) pixels
0xA5D9, 0xA5D9, 0xA5D9, 0xA5D9, 0xA5D9, 0xA5D9, 0xA5D9, 0xA5D9, 0xA5B9, 0xA5B9, 0xA5D9, 0xA5D9, 0xA5D9, 0xA5D9, 0xA5F9, 0xA5F9,   // 0x0650 (1616) pixels
0xA5D9, 0xA5B9, 0x9DB9, 0x9DD8, 0x9DD8, 0x9DD8, 0x9DD8, 0x9DB8, 0xA5B9, 0xADFA, 0x9517, 0x5AEF, 0x8414, 0xA4F9, 0xA4D8, 0x9C97,   // 0x0660 (1632) pixels
0x9457, 0x7B94, 0x6B12, 0x62B0, 0x7B33, 0x8373, 0x62F1, 0x6B72, 0x7C96, 0x84F7, 0x7D38, 0x7537, 0x7D38, 0x7D18, 0x7CF7, 0x7D18,   // 0x0670 (1648) pixels
0x7D17, 0x7D17, 0x7D17, 0x7D17, 0x7D17, 0x7D17, 0x7D17, 0x7D17, 0x7D17, 0x7D17, 0x7D17, 0x7D17, 0x7D17, 0x7D17, 0x7D17, 0x7D17,   // 0x0680 (1664) pixels
0x7D17, 0x7D17, 0x7D17, 0x7D17, 0x7D17, 0x7D17, 0x7D17, 0x7D17, 0x7D17, 0x7D17, 0x7D17, 0x7D17, 0x7D17, 0x7D17, 0x7D17, 0x7D17,   // 0x0690 (1680) pixels
0x7D17, 0x7D17, 0x7D17, 0x7D17, 0x7D17, 0x7D17, 0x7D17, 0x7D17, 0x7D17, 0x7D17, 0x7D17, 0x7D17, 0x7D17, 0x7D17, 0x7D17, 0x7D17,   // 0x06A0 (1696) pixels
0x7D17, 0x7D17, 0x7D37, 0x7537, 0x7537, 0x7D37, 0x7D17, 0x84F7, 0xA579, 0xAD9A, 0xAD18, 0xA4F8, 0xA518, 0x5ACF, 0x8454, 0xBDFB,   // 0x06B0 (1712) pixels
0xADB9, 0xA5B9, 0xADB9, 0xA5D9, 0xADD9, 0xADD9, 0xADD9, 0xADD9, 0xADD9, 0xADD9, 0xADD9, 0xADD9, 0xA5F9, 0xA5F9, 0xA5D9, 0xA5D9,   // 0x06C0 (1728) pixels
0xA5D9, 0xA5D9, 0xA5D9, 0xA5D9, 0xADD9, 0xADF9, 0xADF9, 0xA5F9, 0xADF9, 0xA5F9, 0xA5D9, 0xA5D8, 0xA5B9, 0xA5D8, 0xA5B9, 0xA5B9,   // 0x06D0 (1744) pixels
0xA5D9, 0xA5D9, 0x9DD9, 0x9DD8, 0x9DD8, 0x9DF9, 0xA5F9, 0xA5D9, 0x9D78, 0xADDA, 0x8475, 0x52CF, 0x9496, 0xA4D8, 0xA498, 0xA497,   // 0x06E0 (1760) pixels
0x8C16, 0x7B73, 0x72F2, 0x6AB0, 0x7B32, 0x7B32, 0x5A8F, 0x6B92, 0x84B6, 0x8517, 0x7D37, 0x7537, 0x7D38, 0x7D18, 0x7D18, 0x7D18,   // 0x06F0 (1776) pixels
0x7D17, 0x7D37, 0x7D37, 0x7D37, 0x7D37, 0x7D37, 0x7D37, 0x7D37, 0x7D37, 0x7D37, 0x7D37, 0x7D37, 0x7D37, 0x7D37, 0x7D37, 0x7D37,   // 0x0700 (1792) pixels
0x7D37, 0x7D37, 0x7D37, 0x7D37, 0x7D37, 0x7D37, 0x7D37, 0x7D37, 0x7D37, 0x7D37, 0x7D37, 0x7D37, 0x7D37, 0x7D37, 0x7D37, 0x7D37,   // 0x0710 (1808) pixels
0x7D37, 0x7D37, 0x7D37, 0x7D37, 0x7D37, 0x7D37, 0x7D37, 0x7D37, 0x7D37, 0x7D37, 0x7D37, 0x7D37, 0x7D37, 0x7D37, 0x7D37, 0x7D37,   // 0x0720 (1824) pixels
0x7D38, 0x7D38, 0x7D38, 0x7D38, 0x7D37, 0x7D37, 0x8517, 0x8CF7, 0x9D39, 0xAD7A, 0xAD18, 0xAD59, 0x9C96, 0x6330, 0xAD79, 0xB5FA,   // 0x0730 (1840) pixels
0xADD9, 0xADD9, 0xADD9, 0xA5D9, 0xA5D9, 0xA5D9, 0xA5D9, 0xA5D9, 0xA5D9, 0xA5D9, 0xA5D9, 0xA5D9, 0xA5D9, 0xA5D9, 0xA5D9, 0xA5D9,   // 0x0740 (1856) pixels
0xADF9, 0xADD9, 0xADD9, 0xA5D8, 0xA5D9, 0xA5D8, 0xA5B8, 0xA5B8, 0xA5D9, 0xA5D8, 0xA5D9, 0xA5D9, 0xA5D9, 0xA5D9, 0xA5D9, 0xA5D9,   // 0x0750 (1872) pixels
0xA5D8, 0xA5B8, 0x9DB8, 0x9DD8, 0x9DD8, 0x9DD8, 0x9DD8, 0xA5B8, 0xA5D9, 0xADD9, 0x73D2, 0x6B51, 0xA4D8, 0xA4B8, 0xA457, 0x9C57,   // 0x0760 (1888) pixels
0x83B4, 0x7B52, 0x7311, 0x72B0, 0x8B73, 0x8B73, 0x6AD0, 0x7BF4, 0x84B6, 0x8517, 0x7D37, 0x7537, 0x7D37, 0x7D38, 0x7D17, 0x7D18,   // 0x0770 (1904) pixels
0x7D17, 0x7D37, 0x7D37, 0x7D37, 0x7D37, 0x7D37, 0x7D37, 0x7D37, 0x7D37, 0x7D37, 0x7D37, 0x7D37, 0x7D37, 0x7D37, 0x7D37, 0x7D37,   // 0x0780 (1920) pixels
0x7D37, 0x7D37, 0x7D37, 0x7D37, 0x7D37, 0x7D37, 0x7D37, 0x7D37, 0x7D37, 0x7D37, 0x7D37, 0x7D37, 0x7D37, 0x7D37, 0x7D37, 0x7D37,   // 0x0790 (1936) pixels
0x7D37, 0x7D37, 0x7D37, 0x7D37, 0x7D37, 0x7D37, 0x7D37, 0x7D37, 0x7D37, 0x7D37, 0x7D37, 0x7D37, 0x7D37, 0x7D37, 0x7D37, 0x7D37,   // 0x07A0 (1952) pixels
0x7D18, 0x7D38, 0x7D38, 0x7D37, 0x7D37, 0x7D17, 0x8517, 0x8CF7, 0xA559, 0xAD39, 0xAD18, 0xB559, 0x7392, 0x7BF3, 0xB5FA, 0xA599,   // 0x07B0 (1968) pixels
0xADD9, 0xADD9, 0xADD9, 0xADD9, 0xADF9, 0xADF9, 0xADF9, 0xADF9, 0xADF9, 0xADF9, 0xA5F9, 0xA5F9, 0xADF9, 0xADF9, 0xADF9, 0xADD9,   // 0x07C0 (1984) pixels
0xADF9, 0xADD9, 0xA5D9, 0xADD9, 0xADD9, 0xADD9, 0xADD8, 0xADD8, 0xA5B8, 0xADD8, 0xADD8, 0xADD8, 0xADD9, 0xA5D8, 0xA5B8, 0xA5B8,   // 0x07D0 (2000) pixels
0xA5D9, 0xA5D8, 0x9DD8, 0x9DD8, 0x9DD8, 0x9DD8, 0x9DD8, 0x9DB8, 0xADD9, 0x9D58, 0x5AEF, 0x7392, 0xACF8, 0xACD9, 0xA478, 0x9C37,   // 0x07E0 (2016) pixels
0x83B5, 0x7312, 0x6AD0, 0x72AF, 0x9C13, 0xAC95, 0x83B1, 0x9474, 0x8CD6, 0x8517, 0x7D37, 0x7537, 0x7D37, 0x7D37, 0x7D18, 0x7D18,   // 0x07F0 (2032) pixels
0x7D38, 0x7D37, 0x7D38, 0x7D37, 0x7D38, 0x7D37, 0x7D38, 0x7D37, 0x7D38, 0x7D37, 0x7D38, 0x7D37, 0x7D38, 0x7D37, 0x7D38, 0x7D37,   // 0x0800 (2048) pixels
0x7D38, 0x7D38, 0x7D38, 0x7D38, 0x7D38, 0x7D38, 0x7D38, 0x7D38, 0x7D38, 0x7D38, 0x7D38, 0x7D38, 0x7D38, 0x7D38, 0x7D38, 0x7D38,   // 0x0810 (2064) pixels
0x7D38, 0x7D38, 0x7D38, 0x7D38, 0x7D38, 0x7D38, 0x7D38, 0x7D38, 0x7D38, 0x7D38, 0x7D38, 0x7D38, 0x7D38, 0x7D38, 0x7D38, 0x7D18,   // 0x0820 (2080) pixels
0x7D17, 0x7D38, 0x7D37, 0x7D37, 0x7D58, 0x7D17, 0x84F7, 0x9D59, 0xA539, 0xB559, 0xB559, 0x9C76, 0x6B51, 0x94B6, 0xB61B, 0xA5DA,   // 0x0830 (2096) pixels
0xA5D9, 0xADDA, 0xADFA, 0xADD9, 0xA5D9, 0xA5F9, 0xA5F9, 0xA5F9, 0xA5D9, 0xA5D9, 0xADD9, 0xADF9, 0xADFA, 0xADFA, 0xADFA, 0xADD9,   // 0x0840 (2112) pixels
0xA5D9, 0xA5F9, 0xA5D9, 0xADD9, 0xA5D9, 0xA5B8, 0xADB8, 0xADD8, 0xADD8, 0xADD8, 0xADD8, 0xADD8, 0xA5B8, 0xA5B8, 0xADD9, 0xA5B8,   // 0x0850 (2128) pixels
0xA5D8, 0xA5D8, 0xA5D8, 0x9DD8, 0x9DD8, 0x9DD8, 0x9DD8, 0xA5B9, 0xADDA, 0x94D6, 0x5AAF, 0x9476, 0xACF9, 0xA4B8, 0xA498, 0x93F6,   // 0x0860 (2144) pixels
0x7B55, 0x7333, 0x5A6D, 0x730D, 0xB4B1, 0xBCD0, 0x9C0E, 0x9C71, 0x94D5, 0x84F6, 0x7D17, 0x7D37, 0x7D36, 0x7D37, 0x7D38, 0x7D38,   // 0x0870 (2160) pixels
0x7D38, 0x7D38, 0x7D38, 0x7D38, 0x7D38, 0x7D38, 0x7D38, 0x7D38, 0x7D38, 0x7D38, 0x7D38, 0x7D38, 0x7D38, 0x7D38, 0x7D38, 0x7D38,   // 0x0880 (2176) pixels
0x7D38, 0x7D38, 0x7D38, 0x7D38, 0x7D38, 0x7D38, 0x7D38, 0x7D38, 0x7D38, 0x7D38, 0x7D38, 0x7D38, 0x7D38, 0x7D38, 0x7D38, 0x7D38,   // 0x0890 (2192) pixels
0x7D38, 0x7D38, 0x7D38, 0x7D38, 0x7D38, 0x7D38, 0x7D38, 0x7D38, 0x7D38, 0x7D38, 0x7D38, 0x7D38, 0x7D38, 0x7D38, 0x7D38, 0x7D38,   // 0x08A0 (2208) pixels
0x7D17, 0x8538, 0x7D37, 0x7D37, 0x7D58, 0x7D17, 0x8D17, 0xA579, 0xAD39, 0xAD39, 0xB539, 0x9456, 0x6B51, 0xA558, 0xADFA, 0xA5DA,   // 0x08B0 (2224) pixels
0xADDA, 0xADDA, 0xADDA, 0xADD9, 0xA5F9, 0xADFA, 0xADFA, 0xADF9, 0xAE1A, 0xADF9, 0xADD9, 0xA5B9, 0xA5B9, 0xADD9, 0xADD9, 0xADB9,   // 0x08C0 (2240) pixels
0xA5D9, 0xA5D9, 0xADF9, 0xADF9, 0xB619, 0xB619, 0xB619, 0xBE19, 0xBE5A, 0xBE3A, 0xBE3A, 0xB619, 0xADD8, 0xADD8, 0xADD9, 0xA5B8,   // 0x08D0 (2256) pixels
0xA5B8, 0x9DB8, 0x9DB8, 0x9DD8, 0x9DF8, 0x9DD8, 0x9DD9, 0xA5B9, 0xADB9, 0x7C14, 0x5AAF, 0x9CB7, 0xA4D8, 0xA498, 0x9C57, 0x93F6,   // 0x08E0 (2272) pixels
0x7B35, 0x72F2, 0x5A6C, 0x7B6C, 0xB4CE, 0xB48D, 0xA40C, 0xA44F, 0x94B4, 0x8CF6, 0x7D17, 0x7D37, 0x7D36, 0x7D37, 0x7D39, 0x7D39,   // 0x08F0 (2288) pixels
0x7D38, 0x7D38, 0x7D38, 0x7D38, 0x7D38, 0x7D38, 0x7D38, 0x7D38, 0x7D38, 0x7D38, 0x7D38, 0x7D38, 0x7D38, 0x7D38, 0x7D38, 0x7D38,   // 0x0900 (2304) pixels
0x7D38, 0x7D38, 0x7D38, 0x7D38, 0x7D38, 0x7D38, 0x7D38, 0x7D38, 0x7D38, 0x7D38, 0x7D38, 0x7D38, 0x7D38, 0x7D38, 0x7D38, 0x7D38,   // 0x0910 (2320) pixels
0x7D38, 0x7D38, 0x7D38, 0x7D38, 0x7D38, 0x7D38, 0x7D38, 0x7D38, 0x7D38, 0x7D38, 0x7D38, 0x7D38, 0x7D38, 0x7D38, 0x7D38, 0x7D38,   // 0x0920 (2336) pixels
0x7D37, 0x7D38, 0x7D37, 0x7D37, 0x8537, 0x8517, 0x9538, 0xA579, 0xAD59, 0xA4F8, 0xB518, 0x83D3, 0x7BD3, 0xADBA, 0xADFA, 0xA5FA,   // 0x0930 (2352) pixels
0xADFA, 0xADD9, 0xADD9, 0xADD9, 0xADF9, 0xADF9, 0xADF9, 0xADF9, 0xA5D9, 0xADD9, 0xA5D8, 0xADD8, 0xADF9, 0xB619, 0xB619, 0xB619,   // 0x0940 (2368) pixels
0xB63A, 0xBE3A, 0xBE5A, 0xC65A, 0xC67B, 0xCE9B, 0xCE9B, 0xCE9B, 0xCE9B, 0xCEBB, 0xC69B, 0xBE3A, 0xADB8, 0xA5B8, 0xA5D9, 0xA5B8,   // 0x0950 (2384) pixels
0xA5D8, 0x9DB8, 0x9DB8, 0x9DD8, 0x9DF9, 0x9DD9, 0x9DD9, 0xA5D9, 0xA599, 0x6351, 0x6330, 0xAD19, 0xA4B8, 0xA4B8, 0x9437, 0x8BF6,   // 0x0960 (2400) pixels
0x7B14, 0x6A90, 0x626C, 0x93EE, 0xBCCE, 0xAC4B, 0xA3EB, 0x9C2E, 0x94B4, 0x84F7, 0x7D37, 0x7D37, 0x7D36, 0x7D37, 0x7D38, 0x7D39,   // 0x0970 (2416) pixels
0x7D38, 0x7D38, 0x7D38, 0x7D38, 0x7D38, 0x7D38, 0x7D38, 0x7D38, 0x7D38, 0x7D38, 0x7D38, 0x7D38, 0x7D38, 0x7D38, 0x7D38, 0x7D38,   // 0x0980 (2432) pixels
0x7D38, 0x7D38, 0x7D38, 0x7D38, 0x7D38, 0x7D38, 0x7D38, 0x7D38, 0x7D38, 0x7D38, 0x7D38, 0x7D38, 0x7D38, 0x7D38, 0x7D38, 0x7D38,   // 0x0990 (2448) pixels
0x7D38, 0x7D38, 0x7D38, 0x7D38, 0x7D38, 0x7D38, 0x7D38, 0x7D38, 0x7D38, 0x7D38, 0x7D38, 0x7D38, 0x7D38, 0x7D38, 0x7D38, 0x7D38,   // 0x09A0 (2464) pixels
0x7D37, 0x7D38, 0x7D37, 0x7D37, 0x8537, 0x8D38, 0x9D59, 0xAD7A, 0xAD39, 0xACF8, 0xACF8, 0x6B30, 0x9CD7, 0xADDA, 0xADFA, 0xA5FA,   // 0x09B0 (2480) pixels
0xADFA, 0xADF9, 0xADD9, 0xADF9, 0xADF9, 0xADF9, 0xADF9, 0xADF9, 0xA5B8, 0xADF8, 0xB619, 0xBE5A, 0xC67A, 0xC69B, 0xCE9B, 0xC69B,   // 0x09C0 (2496) pixels
0xCEBB, 0xCEBB, 0xD6BB, 0xD6BB, 0xD6BB, 0xD6BB, 0xD6BB, 0xD6BB, 0xD6BB, 0xCEBB, 0xCE9B, 0xB5F9, 0x9D57, 0x9557, 0xA598, 0xA5B9,   // 0x09D0 (2512) pixels
0xA5D9, 0x9DB8, 0x9DB8, 0x9DD8, 0xA5F9, 0x9DD8, 0x9DB9, 0xA5D9, 0x9D38, 0x52CF, 0x83F4, 0xAD39, 0xA4B8, 0xA498, 0x9416, 0x83B5,   // 0x09E0 (2528) pixels
0x72F3, 0x626F, 0x6A8C, 0xAC4F, 0xC4CD, 0xABE9, 0xA40B, 0x9C2E, 0x8CB4, 0x84F7, 0x7D38, 0x7D57, 0x7D36, 0x7D37, 0x7D38, 0x7D38,   // 0x09F0 (2544) pixels
0x7D38, 0x7D38, 0x7D38, 0x7D38, 0x7D38, 0x7D38, 0x7D38, 0x7D38, 0x7D38, 0x7D38, 0x7D38, 0x7D38, 0x7D38, 0x7D38, 0x7D38, 0x7D38,   // 0x0A00 (2560) pixels
0x7D38, 0x7D38, 0x7D38, 0x7D38, 0x7D38, 0x7D38, 0x7D38, 0x7D38, 0x7D38, 0x7D38, 0x7D38, 0x7D38, 0x7D38, 0x7D38, 0x7D38, 0x7D38,   // 0x0A10 (2576) pixels
0x7D38, 0x7D38, 0x7D38, 0x7D38, 0x7D38, 0x7D38, 0x7D38, 0x7D38, 0x7D38, 0x7D38, 0x7D38, 0x7D38, 0x7D38, 0x7D38, 0x7D38, 0x7D38,   // 0x0A20 (2592) pixels
0x7D38, 0x7D38, 0x7D38, 0x8538, 0x8517, 0x9558, 0xA579, 0xAD7A, 0xAD19, 0xB539, 0x9455, 0x6B31, 0xB5BA, 0xADFA, 0xA5FA, 0xA5FA,   // 0x0A30 (2608) pixels
0xA5FA, 0xA5D9, 0xA5F9, 0xADF9, 0xADF9, 0xADF9, 0xADD8, 0xADD8, 0xB619, 0xBE7A, 0xCEBB, 0xCEDC, 0xD6DB, 0xD6DB, 0xD6DB, 0xD6DB,   // 0x0A40 (2624) pixels
0xD6DB, 0xD6BB, 0xD6BB, 0xD6BB, 0xD6BA, 0xD69A, 0xD69A, 0xD69A, 0xD69B, 0xD6BB, 0xC65A, 0xA597, 0x8CD5, 0x8CF5, 0x9D78, 0xA5B9,   // 0x0A50 (2640) pixels
0xA5D9, 0xA5B8, 0x9DD8, 0x9DD8, 0x9DD9, 0x9DB8, 0xA5B9, 0xADDA, 0x8475, 0x52AE, 0x9496, 0xA4D8, 0xA4B8, 0x9C78, 0x93F6, 0x7B53,   // 0x0A60 (2656) pixels
0x72D1, 0x622D, 0x7AEC, 0xBCAF, 0xC48C, 0xABC8, 0xAC0B, 0x9C2F, 0x8CB4, 0x8517, 0x7D58, 0x7D58, 0x7D37, 0x7D37, 0x8538, 0x7D38,   // 0x0A70 (2672) pixels
0x7D38, 0x7D38, 0x7D38, 0x7D38, 0x7D38, 0x7D38, 0x7D38, 0x7D38, 0x7D38, 0x7D38, 0x7D38, 0x7D38, 0x7D38, 0x7D38, 0x7D38, 0x7D38,   // 0x0A80 (2688) pixels
0x7D38, 0x7D38, 0x7D38, 0x7D38, 0x7D38, 0x7D38, 0x7D38, 0x7D38, 0x7D38, 0x7D38, 0x7D38, 0x7D38, 0x7D38, 0x7D38, 0x7D38, 0x7D38,   // 0x0A90 (2704) pixels
0x7D38, 0x7D38, 0x7D38, 0x7D38, 0x7D38, 0x7D38, 0x7D38, 0x7D38, 0x7D38, 0x7D38, 0x7D38, 0x7D38, 0x7D38, 0x7D38, 0x7D38, 0x7D58,   // 0x0AA0 (2720) pixels
0x7D58, 0x7D37, 0x7D38, 0x8538, 0x8D38, 0x9D59, 0xAD7A, 0xAD59, 0xAD18, 0xB539, 0x7B92, 0x8414, 0xB5FB, 0xB61B, 0xA5FA, 0xA61A,   // 0x0AB0 (2736) pixels
0xA5FA, 0xA5D9, 0xADF9, 0xAE19, 0xADF9, 0xADD8, 0xADD8, 0xB5F8, 0xC69A, 0xCEBB, 0xD6FC, 0xD6DB, 0xCEBB, 0xD6BB, 0xD6BB, 0xD6DB,   // 0x0AC0 (2752) pixels
0xD6BB, 0xD6BB, 0xD6BA, 0xD69A, 0xD69A, 0xD69A, 0xD69A, 0xD6BB, 0xD6BB, 0xCE9B, 0xBE3A, 0x9D36, 0x7C73, 0x84B5, 0x9578, 0xA5D9,   // 0x0AD0 (2768) pixels
0x9DB8, 0xA5B8, 0xA5D8, 0xA5D8, 0x9DD9, 0x9DD9, 0xA5B9, 0xADBA, 0x6B91, 0x5AF0, 0xA4F8, 0x9C97, 0xA4B8, 0x9C77, 0x8BF6, 0x7332,   // 0x0AE0 (2784) pixels
0x6A8F, 0x622C, 0x936D, 0xC4AE, 0xBC4A, 0xABC8, 0xAC0B, 0x9C4F, 0x94D4, 0x8517, 0x7D58, 0x7D58, 0x7D57, 0x7D57, 0x8538, 0x8538,   // 0x0AF0 (2800) pixels
0x7D38, 0x7D38, 0x7D38, 0x7D38, 0x7D38, 0x7D38, 0x7D38, 0x7D38, 0x7D38, 0x7D38, 0x7D38, 0x7D38, 0x7D38, 0x7D38, 0x7D38, 0x7D38,   // 0x0B00 (2816) pixels
0x7D38, 0x7D38, 0x7D38, 0x7D38, 0x7D38, 0x7D38, 0x7D38, 0x7D38, 0x7D38, 0x7D38, 0x7D38, 0x7D38, 0x7D38, 0x7D38, 0x7D38, 0x7D38,   // 0x0B10 (2832) pixels
0x7D38, 0x7D38, 0x7D38, 0x7D38, 0x7D38, 0x7D38, 0x7D38, 0x7D38, 0x7D38, 0x7D38, 0x7D38, 0x7D38, 0x7D38, 0x7D38, 0x7D38, 0x7D58,   // 0x0B20 (2848) pixels
0x7D58, 0x7D37, 0x7D38, 0x8538, 0x8D38, 0xA579, 0xAD7A, 0xAD19, 0xB539, 0xA4B7, 0x6B31, 0x9CF7, 0xB5FB, 0xADFA, 0xA5FA, 0xA61A,   // 0x0B30 (2864) pixels
0xA61A, 0xA5F9, 0xADF9, 0xAE19, 0xADF9, 0xADD8, 0xB5F8, 0xBE39, 0xCEBB, 0xCEBB, 0xD6BB, 0xD6BB, 0xCE9A, 0xCE9A, 0xD69B, 0xD69B,   // 0x0B40 (2880) pixels
0xD69A, 0xD69A, 0xD69A, 0xD67A, 0xCE59, 0xD67A, 0xD69A, 0xDEBB, 0xD6BB, 0xCE7B, 0xB5F8, 0x94F5, 0x7C73, 0x84D5, 0x9D78, 0x9DD9,   // 0x0B50 (2896) pixels
0x9DB8, 0xA5D8, 0xA5D9, 0x9DD8, 0xA5D9, 0xA5D9, 0xA599, 0x9D58, 0x5AEF, 0x7BB3, 0xAD19, 0x9C97, 0xA4B8, 0x9C57, 0x83B5, 0x7332,   // 0x0B60 (2912) pixels
0x628E, 0x6A6B, 0xA3EE, 0xC4AD, 0xBBE9, 0xB3E8, 0xA40B, 0x9C6F, 0x94F5, 0x8538, 0x7D59, 0x7559, 0x7D58, 0x8558, 0x8538, 0x8538,   // 0x0B70 (2928) pixels
0x7D38, 0x7D38, 0x7D38, 0x7D38, 0x7D38, 0x7D38, 0x7D38, 0x7D38, 0x7D38, 0x7D38, 0x7D38, 0x7D38, 0x7D38, 0x7D38, 0x7D38, 0x7D38,   // 0x0B80 (2944) pixels
0x7D58, 0x7D58, 0x7D58, 0x7D58, 0x7D58, 0x7D58, 0x7D58, 0x7D58, 0x7D58, 0x7D58, 0x7D58, 0x7D58, 0x7D58, 0x7D58, 0x7D58, 0x7D58,   // 0x0B90 (2960) pixels
0x7D58, 0x7D58, 0x7D58, 0x7D58, 0x7D58, 0x7D58, 0x7D58, 0x7D58, 0x7D58, 0x7D58, 0x7D58, 0x7D58, 0x7D58, 0x7D58, 0x7D58, 0x7D58,   // 0x0BA0 (2976) pixels
0x7D58, 0x7D37, 0x8538, 0x8D38, 0x9518, 0xA57A, 0xB57A, 0xA4F8, 0xB55A, 0x8BF4, 0x6B51, 0xAD59, 0xB5FA, 0xA5D9, 0xAE3B, 0xA61A,   // 0x0BB0 (2992) pixels
0xA61A, 0xA5FA, 0xADFA, 0xADF9, 0xADF9, 0xADD8, 0xB619, 0xC65A, 0xD6DC, 0xD6DB, 0xD6BB, 0xD6BB, 0xD6BB, 0xD6BB, 0xCE9B, 0xCE7A,   // 0x0BC0 (3008) pixels
0xCE7A, 0xCE7A, 0xCE7A, 0xC639, 0xC619, 0xC619, 0xCE5A, 0xD69A, 0xD69B, 0xC65A, 0xADB7, 0x8CD4, 0x7C73, 0x8CF6, 0x9D98, 0x9DB9,   // 0x0BD0 (3024) pixels
0xA5D9, 0xA5D9, 0xA5D9, 0x9DD8, 0xA5D9, 0xA5DA, 0x9D79, 0x94F7, 0x528E, 0x8C35, 0xAD19, 0xA4B8, 0xA498, 0x9C57, 0x7B53, 0x7311,   // 0x0BE0 (3040) pixels
0x628D, 0x728B, 0xBC6F, 0xCCAD, 0xB3C8, 0xB409, 0xA42C, 0x9C90, 0x8D15, 0x8538, 0x7D59, 0x7559, 0x7D58, 0x8558, 0x8538, 0x8538,   // 0x0BF0 (3056) pixels
0x8538, 0x7D58, 0x7D58, 0x7D58, 0x7D58, 0x7D58, 0x7D58, 0x7D58, 0x7D58, 0x7D58, 0x7D58, 0x7D58, 0x7D58, 0x7D58, 0x7D58, 0x7D58,   // 0x0C00 (3072) pixels
0x8558, 0x8558, 0x8558, 0x8558, 0x8558, 0x8558, 0x8558, 0x8558, 0x8558, 0x8558, 0x8558, 0x8558, 0x8558, 0x8558, 0x8558, 0x8558,   // 0x0C10 (3088) pixels
0x8558, 0x8558, 0x8558, 0x8558, 0x8558, 0x8558, 0x8558, 0x8558, 0x8558, 0x8558, 0x8558, 0x8558, 0x8558, 0x8558, 0x8558, 0x7D58,   // 0x0C20 (3104) pixels
0x7D58, 0x7D58, 0x8558, 0x8D18, 0x9D59, 0xAD7A, 0xA518, 0xACF8, 0xB539, 0x6B31, 0x8C34, 0xBDFB, 0xADB9, 0xADFA, 0xA5F9, 0xA61A,   // 0x0C30 (3120) pixels
0xA5FA, 0xAE1A, 0xADFA, 0xADF9, 0xADF9, 0xADD8, 0xB5F9, 0xCEBB, 0xD6BC, 0xD6DC, 0xD6BB, 0xCE7A, 0xCE5A, 0xC639, 0xBDF9, 0xB5F8,   // 0x0C40 (3136) pixels
0xB5F9, 0xADB8, 0xAD97, 0xADB8, 0xAD77, 0xAD76, 0xC639, 0xD6DC, 0xD6BB, 0xBE19, 0xA556, 0x8473, 0x7C53, 0x9516, 0xA5D9, 0x9DB9,   // 0x0C50 (3152) pixels
0xA5D9, 0xA5D8, 0xA5D9, 0x9DB8, 0xA5B9, 0xA5B9, 0xADBA, 0x73F3, 0x528F, 0xA4D8, 0xACF9, 0xA498, 0xA498, 0x8BF5, 0x7B74, 0x6AF0,   // 0x0C60 (3168) pixels
0x5A4C, 0x830C, 0xCCD0, 0xBC0A, 0xB3C8, 0xB40A, 0x9C0C, 0x94B1, 0x8D16, 0x7D38, 0x7D59, 0x7D59, 0x7D58, 0x8558, 0x8538, 0x8538,   // 0x0C70 (3184) pixels
0x8538, 0x7D58, 0x7D58, 0x7D58, 0x7D58, 0x7D58, 0x7D58, 0x7D58, 0x8558, 0x8558, 0x8558, 0x8558, 0x8558, 0x8558, 0x8558, 0x8558,   // 0x0C80 (3200) pixels
0x8558, 0x8558, 0x8558, 0x8558, 0x8558, 0x8558, 0x8558, 0x8558, 0x8558, 0x8558, 0x8558, 0x8558, 0x8558, 0x8558, 0x8558, 0x8558,   // 0x0C90 (3216) pixels
0x8558, 0x8558, 0x8558, 0x8558, 0x8558, 0x8558, 0x8558, 0x8558, 0x8558, 0x8558, 0x8558, 0x8558, 0x8558, 0x8558, 0x8558, 0x7D58,   // 0x0CA0 (3232) pixels
0x7D58, 0x7D58, 0x8558, 0x8D18, 0xA559, 0xB57A, 0xAD19, 0xB539, 0xA4D7, 0x6310, 0x9CD7, 0xB5FA, 0xA5B9, 0xADFA, 0xAE1A, 0xA61A,   // 0x0CB0 (3248) pixels
0xA5FA, 0xADFA, 0xADFA, 0xADFA, 0xADF9, 0xADD9, 0xBE3A, 0xD6BC, 0xD6BC, 0xCE5A, 0xBDD8, 0xB597, 0xB5B8, 0xAD97, 0xA556, 0xA557,   // 0x0CC0 (3264) pixels
0x9536, 0x9536, 0x9515, 0x94F5, 0x8CB4, 0x94D4, 0xBDF9, 0xD6BC, 0xCE7B, 0xB5F9, 0x9D15, 0x7C53, 0x7C73, 0x9557, 0xA5B9, 0x9DB8,   // 0x0CD0 (3280) pixels
0x9DB8, 0xA5D8, 0xA5D9, 0xA5D9, 0xADFA, 0xA599, 0xA599, 0x6351, 0x6B31, 0xA4D8, 0xACF9, 0xA498, 0x9C77, 0x8BB5, 0x7333, 0x62B0,   // 0x0CE0 (3296) pixels
0x5A0B, 0x93AE, 0xCCF0, 0xBC2B, 0xB3E9, 0xAC0A, 0x9C4E, 0x9D13, 0x8D36, 0x8538, 0x7D59, 0x7D59, 0x7D58, 0x8558, 0x8538, 0x8538,   // 0x0CF0 (3312) pixels
0x8558, 0x8558, 0x8558, 0x8558, 0x8558, 0x8558, 0x8558, 0x8558, 0x8558, 0x8558, 0x8558, 0x8558, 0x8558, 0x8558, 0x8558, 0x8558,   // 0x0D00 (3328) pixels
0x8558, 0x8558, 0x8558, 0x8558, 0x8558, 0x8558, 0x8558, 0x8558, 0x8558, 0x8558, 0x8558, 0x8558, 0x8558, 0x8558, 0x8558, 0x8558,   // 0x0D10 (3344) pixels
0x8558, 0x8558, 0x8558, 0x8558, 0x8558, 0x8558, 0x8558, 0x8558, 0x8558, 0x8558, 0x8558, 0x8558, 0x8558, 0x8558, 0x8558, 0x8578,   // 0x0D20 (3360) pixels
0x7D78, 0x8558, 0x8D38, 0x9539, 0xAD7A, 0xB57A, 0xAD19, 0xB55A, 0x8C55, 0x6B30, 0xADBA, 0xB5FA, 0xADD9, 0xADFA, 0xAE3B, 0xA5FA,   // 0x0D30 (3376) pixels
0xA61A, 0xA5FA, 0xADFA, 0xADFA, 0xADD9, 0xB5F9, 0xC67B, 0xD6DD, 0xD69C, 0xBDF9, 0x9D16, 0x8C94, 0x8C94, 0x8473, 0x8453, 0x8494,   // 0x0D40 (3392) pixels
0x7C74, 0x7CB4, 0x7C94, 0x8494, 0x8473, 0x94F5, 0xBE3A, 0xD6DC, 0xC65A, 0xADB8, 0x8CB4, 0x7C53, 0x8CD5, 0x9D78, 0xA5B9, 0x9DB8,   // 0x0D50 (3408) pixels
0x9DB8, 0xA5D8, 0xA5D9, 0xA5B9, 0xADFA, 0xA5B9, 0x9D18, 0x52AF, 0x83F4, 0xACF9, 0xACD9, 0xA498, 0x9C37, 0x8394, 0x7312, 0x628F,   // 0x0D60 (3424) pixels
0x628C, 0x9C0F, 0xBC4D, 0xAB89, 0xABCA, 0xA42C, 0x9C90, 0x9514, 0x8D57, 0x8558, 0x7D59, 0x7D59, 0x7D59, 0x8558, 0x8538, 0x8538,   // 0x0D70 (3440) pixels
0x8558, 0x8558, 0x8558, 0x8558, 0x8558, 0x8558, 0x8558, 0x8558, 0x8559, 0x8559, 0x8559, 0x8559, 0x8559, 0x8559, 0x8559, 0x8559,   // 0x0D80 (3456) pixels
0x8558, 0x8558, 0x8558, 0x8558, 0x8558, 0x8558, 0x8558, 0x8558, 0x8558, 0x8558, 0x8558, 0x8558, 0x8558, 0x8558, 0x8558, 0x8558,   // 0x0D90 (3472) pixels
0x8558, 0x8558, 0x8558, 0x8558, 0x8558, 0x8558, 0x8558, 0x8558, 0x8558, 0x8558, 0x8558, 0x8558, 0x8558, 0x8558, 0x8558, 0x8558,   // 0x0DA0 (3488) pixels
0x8579, 0x8558, 0x8D38, 0x9D59, 0xAD9A, 0xB559, 0xACF8, 0xB539, 0x7B92, 0x7C13, 0xB61B, 0xADFA, 0xADFA, 0xADFA, 0xB63A, 0xADFA,   // 0x0DB0 (3504) pixels
0xAE1A, 0xA5FA, 0xADFA, 0xADFA, 0xADD9, 0xBE1A, 0xCEBC, 0xD6DD, 0xCE7B, 0xB5B8, 0x94B4, 0x7BF2, 0x73F1, 0x7412, 0x7C53, 0x84B5,   // 0x0DC0 (3520) pixels
0x7CB5, 0x84F6, 0x8D16, 0x8D16, 0x9516, 0xADB8, 0xCE9B, 0xD6DC, 0xBE1A, 0xA557, 0x8453, 0x7C32, 0x9516, 0x9DB8, 0x9DB8, 0x9DB8,   // 0x0DD0 (3536) pixels
0xA5D9, 0xA5D8, 0xA5D9, 0xA5B9, 0xA5DA, 0xADDA, 0x8455, 0x528F, 0x9C97, 0xACD9, 0xA4B8, 0xA498, 0x9416, 0x7B53, 0x6AF2, 0x5A6E,   // 0x0DE0 (3552) pixels
0x5A2A, 0x7AEA, 0x8AE8, 0x8AC6, 0x9B69, 0xA46E, 0x9CF3, 0x8D36, 0x8558, 0x8558, 0x8558, 0x8579, 0x8579, 0x8559, 0x8558, 0x8558,   // 0x0DF0 (3568) pixels
0x8558, 0x8559, 0x8559, 0x8559, 0x8559, 0x8559, 0x8559, 0x8559, 0x8559, 0x8559, 0x8559, 0x8559, 0x8559, 0x8559, 0x8559, 0x8559,   // 0x0E00 (3584) pixels
0x8579, 0x8579, 0x8579, 0x8579, 0x8579, 0x8579, 0x8579, 0x8579, 0x8579, 0x8579, 0x8579, 0x8579, 0x8579, 0x8579, 0x8579, 0x8579,   // 0x0E10 (3600) pixels
0x8579, 0x8579, 0x8579, 0x8579, 0x8579, 0x8579, 0x8579, 0x8579, 0x8579, 0x8579, 0x8579, 0x8579, 0x8579, 0x8579, 0x8579, 0x8579,   // 0x0E20 (3616) pixels
0x8579, 0x8558, 0x8D38, 0xA57A, 0xB59A, 0xAD39, 0xACF8, 0xA4F8, 0x6B51, 0x9D18, 0xB5FA, 0xADFA, 0xAE1A, 0xADFA, 0xADFA, 0xAE1A,   // 0x0E30 (3632) pixels
0xAE1A, 0xA5F9, 0xAE1A, 0xADF9, 0xADD9, 0xBE5A, 0xD6BC, 0xD6BC, 0xC63A, 0xAD97, 0x8C73, 0x73F1, 0x7C53, 0x8CB5, 0x9517, 0x9537,   // 0x0E40 (3648) pixels
0x9D78, 0x9DB8, 0x9D98, 0xA598, 0xADB8, 0xBE5A, 0xD6DC, 0xCE7B, 0xB5F9, 0x9D36, 0x7C32, 0x7C73, 0x9D57, 0xA5D9, 0x9DB9, 0x9DD9,   // 0x0E50 (3664) pixels
0xA5F9, 0x9DB8, 0xA5D9, 0xA5D9, 0xA599, 0xADDA, 0x6B92, 0x62F0, 0xA4D8, 0xA4B8, 0xA498, 0xA478, 0x93F6, 0x7B33, 0x6AD1, 0x628E,   // 0x0E60 (3680) pixels
0x5A2A, 0x59C6, 0x7246, 0x82A6, 0x8B29, 0x9C70, 0x9514, 0x8D57, 0x8558, 0x8578, 0x8578, 0x8578, 0x8559, 0x8579, 0x8559, 0x8558,   // 0x0E70 (3696) pixels
0x8559, 0x8559, 0x8559, 0x8559, 0x8559, 0x8559, 0x8559, 0x8559, 0x8559, 0x8559, 0x8559, 0x8559, 0x8559, 0x8559, 0x8559, 0x8559,   // 0x0E80 (3712) pixels
0x8579, 0x8579, 0x8579, 0x8579, 0x8579, 0x8579, 0x8579, 0x8579, 0x8579, 0x8579, 0x8579, 0x8579, 0x8579, 0x8579, 0x8579, 0x8579,   // 0x0E90 (3728) pixels
0x8579, 0x8579, 0x8579, 0x8579, 0x8579, 0x8579, 0x8579, 0x8579, 0x8579, 0x8579, 0x8579, 0x8579, 0x8579, 0x8579, 0x8579, 0x8579,   // 0x0EA0 (3744) pixels
0x8579, 0x8558, 0x9559, 0xAD9A, 0xB57A, 0xB539, 0xAD19, 0x9475, 0x7392, 0xB5FB, 0xADDA, 0xAE1A, 0xAE1A, 0xAE1A, 0xADD9, 0xB61A,   // 0x0EB0 (3760) pixels
0xAE19, 0xAE19, 0xAE19, 0xADF9, 0xB619, 0xC67B, 0xD6BC, 0xCE9B, 0xC63A, 0xA556, 0x8453, 0x7432, 0x8CF5, 0x9D98, 0x9D99, 0x9D99,   // 0x0EC0 (3776) pixels
0xA5B9, 0xA5D8, 0x9D97, 0xA598, 0xB5F9, 0xC69B, 0xD6DD, 0xC67B, 0xADB8, 0x94D4, 0x7C32, 0x84B4, 0x9D98, 0x9DD9, 0x9DB9, 0x9DF9,   // 0x0ED0 (3792) pixels
0x9DD9, 0x9DB8, 0xA5D9, 0xA5FA, 0xA5BA, 0xA579, 0x5ACF, 0x7393, 0xACF9, 0xACB8, 0xA498, 0x9C57, 0x8BB5, 0x7312, 0x6290, 0x62AF,   // 0x0EE0 (3808) pixels
0x72ED, 0x51A5, 0x61A3, 0x7245, 0x7AE9, 0x9470, 0x8D15, 0x8558, 0x8578, 0x8578, 0x8558, 0x8558, 0x8579, 0x8579, 0x8579, 0x8579,   // 0x0EF0 (3824) pixels
0x8579, 0x8579, 0x8579, 0x8579, 0x8579, 0x8579, 0x8579, 0x8579, 0x8579, 0x8579, 0x8579, 0x8579, 0x8579, 0x8579, 0x8579, 0x8579,   // 0x0F00 (3840) pixels
0x8579, 0x8579, 0x8579, 0x8579, 0x8579, 0x8579, 0x8579, 0x8579, 0x8579, 0x8579, 0x8579, 0x8579, 0x8579, 0x8579, 0x8579, 0x8579,   // 0x0F10 (3856) pixels
0x8579, 0x8579, 0x8579, 0x8579, 0x8579, 0x8579, 0x8579, 0x8579, 0x8579, 0x8579, 0x8579, 0x8579, 0x8579, 0x8579, 0x8579, 0x8579,   // 0x0F20 (3872) pixels
0x8579, 0x8558, 0x9D79, 0xADBB, 0xAD39, 0xB539, 0xAD19, 0x7BB3, 0x8C75, 0xBE3C, 0xADFA, 0xAE1A, 0xAE1A, 0xB61A, 0xADF9, 0xB61A,   // 0x0F30 (3888) pixels
0xADF9, 0xAE39, 0xAE19, 0xADF8, 0xBE5A, 0xCEBC, 0xD6BC, 0xCE9B, 0xBDF9, 0x9D15, 0x7C52, 0x84B4, 0x9D78, 0xA5D9, 0x9DB9, 0x9DB9,   // 0x0F40 (3904) pixels
0xA5D8, 0xADF9, 0xADD8, 0xB5F9, 0xBE5A, 0xCEBC, 0xD6DC, 0xC65A, 0xA556, 0x8473, 0x7C53, 0x9516, 0x9DB9, 0x9DD9, 0x9DD9, 0x9DFA,   // 0x0F50 (3920) pixels
0x9DD8, 0xA5D8, 0xA5D9, 0xA5D9, 0xADFA, 0x8495, 0x52AE, 0x8C36, 0xACF9, 0xACD9, 0xA478, 0x9C16, 0x8394, 0x6AD1, 0x6270, 0x6AD0,   // 0x0F60 (3936) pixels
0x8BB0, 0x6A68, 0x5984, 0x7266, 0x834B, 0x9492, 0x8D37, 0x8579, 0x8579, 0x8578, 0x8D58, 0x8D58, 0x8559, 0x8579, 0x8579, 0x8579,   // 0x0F70 (3952) pixels
0x8579, 0x8579, 0x8579, 0x8579, 0x8579, 0x8579, 0x8579, 0x8579, 0x8579, 0x8579, 0x8579, 0x8579, 0x8579, 0x8579, 0x8579, 0x8579,   // 0x0F80 (3968) pixels
0x8579, 0x8579, 0x8579, 0x8579, 0x8579, 0x8579, 0x8579, 0x8579, 0x8579, 0x8579, 0x8579, 0x8579, 0x8579, 0x8579, 0x8579, 0x8579,   // 0x0F90 (3984) pixels
0x8579, 0x8579, 0x8579, 0x8579, 0x8579, 0x8579, 0x8579, 0x8579, 0x8579, 0x8579, 0x8579, 0x8579, 0x8579, 0x8579, 0x8579, 0x8579,   // 0x0FA0 (4000) pixels
0x8D79, 0x8D58, 0xA59A, 0xB5BB, 0xA519, 0xAD19, 0xA4F8, 0x6B31, 0x9D18, 0xB61B, 0xB63B, 0xAE3A, 0xADF9, 0xB63A, 0xB5F9, 0xB5F9,   // 0x0FB0 (4016) pixels
0xADD9, 0xB639, 0xAE19, 0xADF8, 0xC67A, 0xD6FC, 0xCEDB, 0xCE9B, 0xADB8, 0x94F5, 0x8473, 0x9516, 0xA5D9, 0xA5D9, 0xA5B9, 0xAE1A,   // 0x0FC0 (4032) pixels
0xBE5A, 0xCEBB, 0xCEBC, 0xD6FC, 0xD6DC, 0xD6DC, 0xCE9B, 0xB5F9, 0x9D16, 0x7C53, 0x7C73, 0x9D77, 0x9DD9, 0x9DD9, 0x9DD9, 0x9DF9,   // 0x0FD0 (4048) pixels
0xA5D9, 0xADF9, 0x9D98, 0xA599, 0xB61B, 0x73B2, 0x528F, 0x9CB7, 0xACD9, 0xACB8, 0xA478, 0x93F6, 0x8354, 0x6AB1, 0x626F, 0x730F,   // 0x0FE0 (4064) pixels
0xBCF3, 0xB490, 0x936B, 0xA40E, 0x9C91, 0x94D4, 0x8D58, 0x8599, 0x8558, 0x8558, 0x8D58, 0x8558, 0x8579, 0x8579, 0x8579, 0x8579,   // 0x0FF0 (4080) pixels
0x8579, 0x8579, 0x8579, 0x8579, 0x8579, 0x8579, 0x8579, 0x8579, 0x8579, 0x8579, 0x8579, 0x8579, 0x8579, 0x8579, 0x8579, 0x8579,   // 0x1000 (4096) pixels
0x8579, 0x8579, 0x8579, 0x8579, 0x8579, 0x8579, 0x8579, 0x8579, 0x8579, 0x8579, 0x8579, 0x8579, 0x8579, 0x8579, 0x8579, 0x8579,   // 0x1010 (4112) pixels
0x8579, 0x8579, 0x8579, 0x8579, 0x8579, 0x8579, 0x8579, 0x8579, 0x8579, 0x8579, 0x8579, 0x8579, 0x8579, 0x8579, 0x8579, 0x8558,   // 0x1020 (4128) pixels
0x8D58, 0x9D79, 0xA5BA, 0xAD9A, 0xA519, 0xAD5A, 0x9456, 0x7393, 0xBDFB, 0xB5DA, 0xADFA, 0xAE1A, 0xB61A, 0xAE19, 0xB619, 0xB639,   // 0x1030 (4144) pixels
0xBE39, 0xC65A, 0xCEBB, 0xCEBB, 0xCEBB, 0xD6FC, 0xD6DC, 0xBE19, 0xAD98, 0x8CB4, 0x8CB5, 0x9D58, 0xADB9, 0xADFA, 0xBE7B, 0xCEDC,   // 0x1040 (4160) pixels
0xDF1C, 0xDEFB, 0xDEFC, 0xD6DB, 0xD6BC, 0xD6DC, 0xC67B, 0xADB8, 0x8CD5, 0x7432, 0x84B4, 0x9DB9, 0xA5D9, 0x9DD9, 0xA5F9, 0x9DD8,   // 0x1050 (4176) pixels
0xA5D9, 0xA5F9, 0x9D98, 0xADD9, 0xA579, 0x5AF0, 0x6B31, 0xB519, 0xACB7, 0xACD8, 0x9C58, 0x83B6, 0x7B34, 0x6AB0, 0x5A2B, 0x9BCF,   // 0x1060 (4192) pixels
0xD530, 0xBC6D, 0x9BEC, 0xB512, 0xA534, 0x9536, 0x8D78, 0x8558, 0x8D78, 0x8578, 0x8578, 0x8579, 0x8599, 0x7D99, 0x7D99, 0x8599,   // 0x1070 (4208) pixels
0x8579, 0x8579, 0x8579, 0x8579, 0x8579, 0x8579, 0x8579, 0x8579, 0x8579, 0x8579, 0x8579, 0x8579, 0x8579, 0x8579, 0x8579, 0x8579,   // 0x1080 (4224) pixels
0x8579, 0x8579, 0x8579, 0x8579, 0x8579, 0x8579, 0x8579, 0x8579, 0x8579, 0x8579, 0x8579, 0x8579, 0x8579, 0x8579, 0x8579, 0x8579,   // 0x1090 (4240) pixels
0x8579, 0x8579, 0x8579, 0x8579, 0x8599, 0x8599, 0x8579, 0x8579, 0x8579, 0x8579, 0x8559, 0x8579, 0x8579, 0x8579, 0x8579, 0x8559,   // 0x10A0 (4256) pixels
0x8D58, 0xA59A, 0xAD9A, 0xAD7A, 0xAD39, 0xAD39, 0x7BB3, 0x8C55, 0xB5DB, 0xB5FB, 0xB61A, 0xADF9, 0xAE19, 0xB639, 0xBE7A, 0xC69B,   // 0x10B0 (4272) pixels
0xD6BC, 0xD6BB, 0xD6FC, 0xD6DB, 0xCEDB, 0xD6FC, 0xCEBB, 0xB5F9, 0x9D36, 0x8CB5, 0x94F6, 0xA599, 0xB61A, 0xC67C, 0xCEDD, 0xD6DC,   // 0x10C0 (4288) pixels
0xDEDB, 0xDEBA, 0xDEBB, 0xDEDB, 0xD6DC, 0xD6DC, 0xBE5A, 0x9D77, 0x8474, 0x7453, 0x84F5, 0x9DB8, 0xA5D9, 0x9DD9, 0xA5F9, 0x9DD9,   // 0x10D0 (4304) pixels
0xA5D9, 0xA5F9, 0x9DB8, 0xADFA, 0x9518, 0x52AF, 0x83D4, 0xACF8, 0xACB7, 0xACB8, 0x9438, 0x7B76, 0x72F3, 0x628F, 0x6A6B, 0xAC0E,   // 0x10E0 (4320) pixels
0xCCAD, 0xB40A, 0x9BEC, 0x9CD1, 0x9515, 0x8D57, 0x8D78, 0x8558, 0x8D58, 0x8D78, 0x8579, 0x8579, 0x7D9A, 0x7D99, 0x7D99, 0x8599,   // 0x10F0 (4336) pixels
0x8579, 0x8579, 0x8579, 0x8579, 0x8579, 0x8579, 0x8579, 0x8579, 0x8579, 0x8579, 0x8579, 0x8579, 0x8579, 0x8579, 0x8579, 0x8579,   // 0x1100 (4352) pixels
0x8579, 0x8579, 0x8579, 0x8579, 0x8579, 0x8579, 0x8579, 0x8579, 0x8579, 0x8579, 0x8579, 0x8579, 0x8579, 0x8579, 0x8579, 0x8579,   // 0x1110 (4368) pixels
0x8579, 0x8579, 0x8579, 0x8579, 0x8599, 0x8599, 0x8579, 0x8579, 0x8579, 0x8579, 0x8579, 0x8579, 0x8579, 0x8579, 0x8579, 0x8D59,   // 0x1120 (4384) pixels
0x9539, 0xAD9A, 0xAD9A, 0xA559, 0xAD5A, 0x9CB8, 0x6B51, 0xA539, 0xB5FB, 0xB61B, 0xB5FA, 0xADF9, 0xB639, 0xC69A, 0xCEDB, 0xD6DC,   // 0x1130 (4400) pixels
0xDEFD, 0xDEFC, 0xDEFC, 0xD6FB, 0xD6DB, 0xD6DB, 0xC67A, 0xADB8, 0x94F5, 0x8CB5, 0x9D17, 0xB5DA, 0xC67C, 0xD6FD, 0xD71D, 0xD6DC,   // 0x1140 (4416) pixels
0xDEDB, 0xD6BA, 0xD6BB, 0xD6BB, 0xCEBC, 0xC67B, 0xADB8, 0x8CD5, 0x7432, 0x7C94, 0x9537, 0x9DB8, 0xA5D9, 0xA5D9, 0xA5F9, 0xA5D9,   // 0x1150 (4432) pixels
0xA5D9, 0xA5F9, 0xA5B9, 0xADFA, 0x7C55, 0x4A8E, 0xA4B7, 0xACD8, 0xACD8, 0xA497, 0x9417, 0x7B55, 0x72F2, 0x624E, 0x7AEC, 0xBCB0,   // 0x1160 (4448) pixels
0xCC6C, 0xB3E9, 0xA40C, 0x9490, 0x9515, 0x9557, 0x8D78, 0x8D78, 0x8D58, 0x8578, 0x8579, 0x8579, 0x857A, 0x7D99, 0x8599, 0x8599,   // 0x1170 (4464) pixels
0x8579, 0x8579, 0x8579, 0x8579, 0x8579, 0x8579, 0x8579, 0x8579, 0x8579, 0x8579, 0x8579, 0x8579, 0x8579, 0x8579, 0x8579, 0x8579,   // 0x1180 (4480) pixels
0x8599, 0x8599, 0x8599, 0x8599, 0x8599, 0x8599, 0x8599, 0x8599, 0x8599, 0x8599, 0x8599, 0x8599, 0x8599, 0x8599, 0x8599, 0x8599,   // 0x1190 (4496) pixels
0x8579, 0x8579, 0x8579, 0x8599, 0x8599, 0x8599, 0x8599, 0x8599, 0x8579, 0x8579, 0x8579, 0x8579, 0x8579, 0x8579, 0x8579, 0x8D79,   // 0x11A0 (4512) pixels
0x9D59, 0xAD9A, 0xAD7A, 0xA539, 0xAD7A, 0x8415, 0x7393, 0xBDFC, 0xBE1B, 0xADDA, 0xADD9, 0xB61A, 0xC69B, 0xD6FC, 0xD6FC, 0xD6DC,   // 0x11B0 (4528) pixels
0xDEDC, 0xDEDB, 0xDEDB, 0xD6DB, 0xD6DB, 0xCEBB, 0xB619, 0x9D56, 0x8CD5, 0x8CB5, 0x9D57, 0xBE5B, 0xD6DD, 0xD6DD, 0xD6DC, 0xD6DC,   // 0x11C0 (4544) pixels
0xDEDC, 0xD6DB, 0xD6BB, 0xCEBC, 0xC67B, 0xB5F9, 0x9516, 0x7C53, 0x6BF2, 0x84D5, 0x9D78, 0x9DB8, 0xA5D9, 0xA5F9, 0x9DD9, 0xA5D9,   // 0x11D0 (4560) pixels
0xA5D9, 0xA5D9, 0xA5FA, 0xA5DA, 0x5B71, 0x5AF0, 0xAD39, 0xACD8, 0xACD8, 0x9C77, 0x8BF7, 0x7334, 0x6AB1, 0x624D, 0x938E, 0xCD10,   // 0x11E0 (4576) pixels
0xC46B, 0xB3E9, 0xAC4D, 0x9470, 0x9535, 0x9578, 0x8D78, 0x8D79, 0x8D79, 0x8579, 0x8579, 0x8579, 0x8599, 0x8599, 0x8599, 0x8599,   // 0x11F0 (4592) pixels
0x8599, 0x8599, 0x8599, 0x8599, 0x8599, 0x8599, 0x8599, 0x8599, 0x8599, 0x8599, 0x8599, 0x8599, 0x8599, 0x8599, 0x8599, 0x8599,   // 0x1200 (4608) pixels
0x8599, 0x8599, 0x8599, 0x8599, 0x8599, 0x8599, 0x8599, 0x8599, 0x8599, 0x8599, 0x8599, 0x8599, 0x8599, 0x8599, 0x8599, 0x8599,   // 0x1210 (4624) pixels
0x8579, 0x8579, 0x8579, 0x8599, 0x8599, 0x8599, 0x8599, 0x8599, 0x8599, 0x8599, 0x8599, 0x8579, 0x8579, 0x8579, 0x8599, 0x8D79,   // 0x1220 (4640) pixels
0xA57A, 0xAD5A, 0xAD5A, 0xAD5A, 0xA539, 0x7372, 0x8C76, 0xBE1C, 0xB61B, 0xADD9, 0xADF9, 0xC69B, 0xD71D, 0xD71D, 0xD6FC, 0xDEDC,   // 0x1230 (4656) pixels
0xDEDB, 0xDEDB, 0xDEDB, 0xD6DB, 0xCEBB, 0xBE59, 0xA577, 0x8CF5, 0x8494, 0x8CF5, 0xA598, 0xC67B, 0xD6FD, 0xD6FD, 0xD6DB, 0xDEFC,   // 0x1240 (4672) pixels
0xDEFC, 0xD6DC, 0xCEBC, 0xC67B, 0xB5F9, 0x9D36, 0x8474, 0x7433, 0x7433, 0x8D37, 0x9DB9, 0x9DB9, 0xA5D9, 0xA5F9, 0x9DD9, 0xA5F9,   // 0x1250 (4688) pixels
0xA5F9, 0x9DD9, 0xA61A, 0x9D79, 0x4AAF, 0x73B4, 0xAD39, 0xACD8, 0xACD8, 0x9C36, 0x8395, 0x72F2, 0x626F, 0x626C, 0xA40F, 0xCD0F,   // 0x1260 (4704) pixels
0xBC0A, 0xABC9, 0xAC6E, 0x9470, 0x9535, 0x8D78, 0x8558, 0x8579, 0x8579, 0x8579, 0x8579, 0x8599, 0x8599, 0x8599, 0x8599, 0x8599,   // 0x1270 (4720) pixels
0x8599, 0x8599, 0x8599, 0x8599, 0x8599, 0x8599, 0x8599, 0x8599, 0x8599, 0x8599, 0x8599, 0x8599, 0x8599, 0x8599, 0x8599, 0x8599,   // 0x1280 (4736) pixels
0x8599, 0x8599, 0x8599, 0x8599, 0x8599, 0x8599, 0x8599, 0x8599, 0x8599, 0x8599, 0x8599, 0x8599, 0x8599, 0x8599, 0x8599, 0x8599,   // 0x1290 (4752) pixels
0x859A, 0x859A, 0x859A, 0x859A, 0x8599, 0x8599, 0x8599, 0x8599, 0x8599, 0x8599, 0x8599, 0x8599, 0x8579, 0x8579, 0x8D99, 0x9579,   // 0x12A0 (4768) pixels
0xADBB, 0xAD5A, 0xAD5A, 0xAD5A, 0x94B7, 0x6B72, 0xA559, 0xB5FB, 0xADFA, 0xADFA, 0xBE5B, 0xCEFD, 0xDF3D, 0xD6FC, 0xD6DC, 0xDEFC,   // 0x12B0 (4784) pixels
0xDEFC, 0xE6FC, 0xDEDB, 0xCE9B, 0xC65A, 0xADB7, 0x8CF5, 0x7C73, 0x7C94, 0x9D37, 0xADF9, 0xBE5B, 0xD6DC, 0xDF1D, 0xDEFC, 0xD6DB,   // 0x12C0 (4800) pixels
0xCEBC, 0xCE9B, 0xBE3A, 0xADB8, 0x9516, 0x7C53, 0x6BF2, 0x7412, 0x84B5, 0x9D78, 0xA5B9, 0x9DB9, 0xA5D9, 0xA5F9, 0x9DD9, 0xA5F9,   // 0x12D0 (4816) pixels
0xA5FA, 0x9DD9, 0xA5FA, 0x84B6, 0x4A8F, 0x8C77, 0xAD19, 0xACD8, 0xACB8, 0x9C36, 0x7B54, 0x6AF2, 0x626E, 0x72CC, 0xB48F, 0xCCEE,   // 0x12E0 (4832) pixels
0xB3C9, 0xB3EA, 0xA44E, 0x94B1, 0x9556, 0x8D78, 0x8579, 0x8579, 0x8579, 0x8599, 0x8599, 0x8599, 0x8599, 0x8599, 0x8599, 0x8599,   // 0x12F0 (4848) pixels
0x8599, 0x8599, 0x8599, 0x8599, 0x8599, 0x8599, 0x8599, 0x8599, 0x8599, 0x8599, 0x8599, 0x8599, 0x8599, 0x8599, 0x8599, 0x8599,   // 0x1300 (4864) pixels
0x859A, 0x859A, 0x859A, 0x859A, 0x859A, 0x859A, 0x859A, 0x859A, 0x859A, 0x859A, 0x859A, 0x859A, 0x859A, 0x859A, 0x859A, 0x859A,   // 0x1310 (4880) pixels
0x859A, 0x859A, 0x8599, 0x8599, 0x8599, 0x8599, 0x8599, 0x8599, 0x8599, 0x8599, 0x8599, 0x8599, 0x8579, 0x8D79, 0x8D79, 0x9579,   // 0x1320 (4896) pixels
0xB5BB, 0xB53A, 0xAD3A, 0xAD39, 0x8415, 0x7BF3, 0xB5FB, 0xB61B, 0xADFA, 0xAE1A, 0xBE5B, 0xCEDC, 0xD71D, 0xD6DC, 0xD6DC, 0xDEDC,   // 0x1330 (4912) pixels
0xDEDC, 0xD6BB, 0xC65A, 0xB5F8, 0xA597, 0x8CF5, 0x7C73, 0x7C53, 0x84D5, 0x9D98, 0xADF9, 0xB5F9, 0xC65A, 0xC69A, 0xC659, 0xBE39,   // 0x1340 (4928) pixels
0xB5F9, 0xADD9, 0x9D37, 0x84B4, 0x7C53, 0x6BD1, 0x6BF2, 0x7C94, 0x9558, 0x9D99, 0xA5B9, 0xA5B9, 0xA5D9, 0xA5D9, 0xA5D9, 0xA5D9,   // 0x1350 (4944) pixels
0xA5F9, 0xA5DA, 0xA5BA, 0x63B3, 0x5AF1, 0xA4D9, 0xACF9, 0xACB8, 0xA477, 0x9C16, 0x7313, 0x6AF1, 0x626C, 0x832D, 0xCD10, 0xC48C,   // 0x1360 (4960) pixels
0xB3A8, 0xB42B, 0xA44E, 0x9CF3, 0x9577, 0x8D99, 0x8579, 0x859A, 0x8599, 0x8599, 0x8599, 0x8599, 0x8599, 0x8599, 0x8D99, 0x8D99,   // 0x1370 (4976) pixels
0x8599, 0x8599, 0x8599, 0x8599, 0x8599, 0x8599, 0x8599, 0x8599, 0x8599, 0x8599, 0x8599, 0x8599, 0x8599, 0x8599, 0x8599, 0x8599,   // 0x1380 (4992) pixels
0x859A, 0x859A, 0x859A, 0x859A, 0x859A, 0x859A, 0x859A, 0x859A, 0x859A, 0x859A, 0x859A, 0x859A, 0x859A, 0x859A, 0x859A, 0x859A,   // 0x1390 (5008) pixels
0x859A, 0x859A, 0x8599, 0x8599, 0x8599, 0x8599, 0x8599, 0x8599, 0x8599, 0x8599, 0x8599, 0x8599, 0x8D79, 0x8D79, 0x9579, 0x9D7A,   // 0x13A0 (5024) pixels
0xB57B, 0xB51A, 0xAD39, 0xAD19, 0x73B3, 0x8C75, 0xBE1B, 0xB63B, 0xAE1A, 0xAE1A, 0xB65A, 0xC69B, 0xD6DC, 0xD6FC, 0xD6DC, 0xD6BB,   // 0x13B0 (5040) pixels
0xCE5A, 0xC63A, 0xADB8, 0x9D36, 0x8CD5, 0x7C73, 0x6C32, 0x7454, 0x9578, 0xA5B9, 0xA5D9, 0xADD9, 0xB5F9, 0xADB8, 0xA576, 0xA596,   // 0x13C0 (5056) pixels
0x9D36, 0x8CF6, 0x7C73, 0x7412, 0x6C12, 0x6BF2, 0x7C74, 0x9578, 0xA5DA, 0xA5B9, 0xA5B9, 0xA5D9, 0xA5D9, 0xA5D9, 0xA5D9, 0xA5D9,   // 0x13D0 (5072) pixels
0xA5D9, 0xA5FA, 0x9D99, 0x5311, 0x6B52, 0xA4F9, 0xB4F9, 0xAC97, 0xA457, 0x93F6, 0x6AD1, 0x6AD0, 0x624B, 0x936D, 0xD52F, 0xBC4A,   // 0x13E0 (5088) pixels
0xABA8, 0xB44C, 0x9C2E, 0xA514, 0x9577, 0x8D79, 0x8579, 0x859A, 0x8579, 0x8599, 0x8599, 0x8599, 0x8599, 0x8599, 0x8D99, 0x8D99,   // 0x13F0 (5104) pixels
0x8599, 0x8599, 0x8599, 0x8599, 0x8599, 0x8599, 0x8599, 0x8599, 0x8599, 0x8599, 0x8599, 0x8599, 0x8599, 0x8599, 0x8599, 0x8599,   // 0x1400 (5120) pixels
0x8599, 0x8599, 0x8599, 0x8599, 0x8599, 0x8599, 0x8599, 0x8599, 0x8599, 0x8599, 0x8599, 0x8599, 0x8599, 0x8599, 0x8599, 0x8599,   // 0x1410 (5136) pixels
0x8599, 0x8599, 0x8599, 0x8599, 0x8599, 0x8599, 0x8599, 0x8599, 0x8579, 0x85B9, 0x8599, 0x8579, 0x8D99, 0x8D79, 0x9579, 0xADBB,   // 0x1420 (5152) pixels
0xBD7B, 0xACF9, 0xB53A, 0x9C97, 0x6351, 0xA579, 0xBE3C, 0xB61A, 0xAE1A, 0xAE1A, 0xB63A, 0xB63A, 0xBE3A, 0xBE39, 0xBE19, 0xBE19,   // 0x1430 (5168) pixels
0xAD97, 0xA577, 0x9515, 0x8494, 0x7412, 0x6C12, 0x7C95, 0x8D57, 0xA5DA, 0xA5DA, 0xA5D9, 0xA5D8, 0xA597, 0x9D56, 0x9515, 0x8CD4,   // 0x1440 (5184) pixels
0x8494, 0x7453, 0x6BF2, 0x6C12, 0x7474, 0x84F6, 0x9578, 0x9DB9, 0xA5D9, 0xA5D9, 0xA5D9, 0xA5D9, 0xA5D9, 0xA5D9, 0xA5D9, 0xA5D9,   // 0x1450 (5200) pixels
0xA5D9, 0xA5D9, 0x8CF7, 0x4A8E, 0x8415, 0xACF9, 0xB4F8, 0xAC97, 0x9C16, 0x8B74, 0x72D2, 0x626F, 0x624B, 0xAC2F, 0xD50E, 0xBC29,   // 0x1460 (5216) pixels
0xB3EA, 0xAC2C, 0xA4B0, 0x9D14, 0x9557, 0x8DBA, 0x8DBA, 0x7D79, 0x8599, 0x8599, 0x8599, 0x8599, 0x8599, 0x8599, 0x8579, 0x8579,   // 0x1470 (5232) pixels
0x8599, 0x8599, 0x8599, 0x8599, 0x8599, 0x8599, 0x8599, 0x8599, 0x8599, 0x8599, 0x8599, 0x8599, 0x8599, 0x8599, 0x8599, 0x8599,   // 0x1480 (5248) pixels
0x8599, 0x8599, 0x8599, 0x8599, 0x8599, 0x8599, 0x8599, 0x8599, 0x8599, 0x8599, 0x8599, 0x8599, 0x8599, 0x8599, 0x8599, 0x8599,   // 0x1490 (5264) pixels
0x8599, 0x8599, 0x8599, 0x8599, 0x8599, 0x8599, 0x8599, 0x8599, 0x8599, 0x8599, 0x8599, 0x8D99, 0x8D79, 0x9559, 0x9D79, 0xADBB,   // 0x14A0 (5280) pixels
0xB55A, 0xACF9, 0xB55A, 0x8415, 0x73B2, 0xADDA, 0xB61B, 0xAE1A, 0xAE1A, 0xB61A, 0xB61A, 0xB5F9, 0xADD8, 0xAD97, 0xA556, 0x9D36,   // 0x14B0 (5296) pixels
0x9515, 0x84B4, 0x7432, 0x7412, 0x7433, 0x7C95, 0x8D38, 0x9DDA, 0x9DDA, 0xA5FA, 0xA5F9, 0xA5F9, 0xA5B8, 0x9D56, 0x8CF5, 0x8CD4,   // 0x14C0 (5312) pixels
0x8494, 0x7C95, 0x84D5, 0x8D16, 0x9558, 0x9D99, 0xA5B9, 0xA5B9, 0xA5DA, 0xA5DA, 0xA5DA, 0xA5F9, 0xA5D9, 0xA5D9, 0xA5D9, 0xADD9,   // 0x14D0 (5328) pixels
0xA5D8, 0xADFA, 0x7C55, 0x52B0, 0x9C97, 0xB519, 0xB4D7, 0xAC97, 0x9C16, 0x8354, 0x6AB1, 0x5A4E, 0x6A8C, 0xB490, 0xCCCE, 0xABC8,   // 0x14E0 (5344) pixels
0xB40A, 0xAC4D, 0xA4D2, 0xA576, 0x9578, 0x8599, 0x859A, 0x859A, 0x8599, 0x8599, 0x8599, 0x8599, 0x8599, 0x8599, 0x8D99, 0x8D99,   // 0x14F0 (5360) pixels
0x8599, 0x8599, 0x8599, 0x8599, 0x8599, 0x8599, 0x8599, 0x8599, 0x8599, 0x8599, 0x8599, 0x8599, 0x8599, 0x8599, 0x8599, 0x8599,   // 0x1500 (5376) pixels
0x8599, 0x8599, 0x8599, 0x8599, 0x8599, 0x8599, 0x8599, 0x8599, 0x8599, 0x8599, 0x8599, 0x8599, 0x8599, 0x8599, 0x8599, 0x8599,   // 0x1510 (5392) pixels
0x8599, 0x8599, 0x8599, 0x8599, 0x8D99, 0x8D99, 0x8599, 0x8599, 0x85B9, 0x8599, 0x8599, 0x8D99, 0x8D59, 0x9D79, 0xA59A, 0xB59B,   // 0x1520 (5408) pixels
0xB53A, 0xB519, 0xAD19, 0x7372, 0x8C75, 0xBE3C, 0xADFA, 0xAE1A, 0xAE3A, 0xB61A, 0xAE19, 0xADD9, 0xA5B8, 0x9D56, 0x94F5, 0x8CB4,   // 0x1530 (5424) pixels
0x8494, 0x7C53, 0x7453, 0x7C95, 0x8D17, 0x9579, 0x9DDA, 0xA61B, 0xA5FA, 0xA5FA, 0xA5FA, 0xA5F9, 0xA5F9, 0xA5B8, 0x9D77, 0x9557,   // 0x1540 (5440) pixels
0x9557, 0x9578, 0x9D98, 0xA5B9, 0xA5DA, 0xA5FA, 0xA5FA, 0xA5FA, 0xA5FA, 0xA5F9, 0xA5F9, 0xA5F9, 0xA5F9, 0xA5F9, 0xADF9, 0xADF9,   // 0x1550 (5456) pixels
0xA5D9, 0xADFA, 0x6351, 0x6331, 0xAD19, 0xB519, 0xACB7, 0xAC97, 0x93B5, 0x7B13, 0x6292, 0x5A2E, 0x72CD, 0xB490, 0xBC4C, 0xA388,   // 0x1560 (5472) pixels
0xAC2C, 0xA46E, 0xA4F3, 0x9D77, 0x8D99, 0x8599, 0x859A, 0x85BA, 0x8599, 0x8599, 0x8599, 0x8599, 0x8599, 0x8599, 0x8D99, 0x8D99,   // 0x1570 (5488) pixels
0x8599, 0x8599, 0x8599, 0x8599, 0x8599, 0x8599, 0x8599, 0x8599, 0x8599, 0x8599, 0x8599, 0x8599, 0x8599, 0x8599, 0x8599, 0x8599,   // 0x1580 (5504) pixels
0x8599, 0x8599, 0x8599, 0x8599, 0x8599, 0x8599, 0x8599, 0x8599, 0x8599, 0x8599, 0x8599, 0x8599, 0x8599, 0x8599, 0x8599, 0x8599,   // 0x1590 (5520) pixels
0x8599, 0x8599, 0x8599, 0x8D99, 0x8D99, 0x8D99, 0x8D99, 0x8599, 0x85BA, 0x8599, 0x8599, 0x8D99, 0x8D59, 0x9D79, 0xADBB, 0xB59B,   // 0x15A0 (5536) pixels
0xAD1A, 0xB53A, 0x9C97, 0x6351, 0xA559, 0xB63C, 0xADFA, 0xAE1A, 0xAE3A, 0xAE1A, 0xAE19, 0xADF9, 0xADD9, 0xA598, 0x9D57, 0x9516,   // 0x15B0 (5552) pixels
0x8CF5, 0x8D16, 0x9557, 0x9DB9, 0xA5DA, 0xA5FB, 0xA5FA, 0xA5FA, 0xA61A, 0xA5FA, 0xA5F9, 0xA5F9, 0xA5F9, 0xADF9, 0xADFA, 0xADFA,   // 0x15C0 (5568) pixels
0xA5FA, 0xA5FA, 0xA5FA, 0xA5DA, 0xA5FA, 0xA5F9, 0xA5FA, 0xA5FA, 0xA5FA, 0xA5FA, 0xA5F9, 0xA5F9, 0xA5F9, 0xA5F9, 0xADF9, 0xADD9,   // 0x15D0 (5584) pixels
0xADD9, 0xA579, 0x4A8F, 0x7BD4, 0xB53A, 0xB4F8, 0xACB7, 0xA456, 0x8B95, 0x72F3, 0x6292, 0x520E, 0x622B, 0x832B, 0x9307, 0x9307,   // 0x15E0 (5600) pixels
0xAC2D, 0xA490, 0x9D14, 0x9577, 0x8DB9, 0x85BA, 0x859A, 0x85BA, 0x8599, 0x8D99, 0x8D99, 0x8599, 0x859A, 0x859A, 0x8599, 0x8599,   // 0x15F0 (5616) pixels
0x8599, 0x8599, 0x8599, 0x8599, 0x8599, 0x8599, 0x8599, 0x8599, 0x8599, 0x8599, 0x8599, 0x8599, 0x8599, 0x8599, 0x8599, 0x8599,   // 0x1600 (5632) pixels
0x8599, 0x8599, 0x8599, 0x8599, 0x8599, 0x8599, 0x8599, 0x8599, 0x8599, 0x8599, 0x8599, 0x8599, 0x8599, 0x8599, 0x8599, 0x85B9,   // 0x1610 (5648) pixels
0x85BA, 0x85BA, 0x85B9, 0x8D99, 0x8D99, 0x8D99, 0x8D99, 0x85B9, 0x85BA, 0x8599, 0x8D99, 0x8D79, 0x9559, 0xA59A, 0xB5BB, 0xB57A,   // 0x1620 (5664) pixels
0xB53A, 0xB53A, 0x83F4, 0x73B2, 0xB61B, 0xADFA, 0xAE1A, 0xAE1A, 0xAE1A, 0xAE1A, 0xAE1A, 0xAE1A, 0xADFA, 0xADF9, 0xA5D9, 0xA5B9,   // 0x1630 (5680) pixels
0xA5D9, 0xA5D9, 0xA5FA, 0xADFA, 0xADFB, 0xA5DA, 0xA5FA, 0xADFA, 0xAE1A, 0xAE19, 0xA5F9, 0xA5F9, 0xA5F9, 0xA5F9, 0xA5FA, 0xA5FA,   // 0x1640 (5696) pixels
0xA5D9, 0xA5F9, 0xA5FA, 0xADFA, 0xA5FA, 0xA5F9, 0xA5F9, 0xA5F9, 0xA5F9, 0xA5F9, 0xA5F9, 0xA5F9, 0xA5F9, 0xA5F9, 0xADD9, 0xADD9,   // 0x1650 (5712) pixels
0xB5FA, 0x8CB6, 0x4A6F, 0x9477, 0xAD19, 0xACD7, 0xB4B7, 0x9BF5, 0x8375, 0x6AB3, 0x5A72, 0x49EE, 0x51EA, 0x5A07, 0x7245, 0x9308,   // 0x1660 (5728) pixels
0x9BED, 0xA4D2, 0x9D56, 0x9578, 0x8DBA, 0x85BB, 0x859A, 0x8599, 0x8D99, 0x8D99, 0x8D99, 0x8599, 0x859A, 0x859A, 0x859A, 0x859A,   // 0x1670 (5744) pixels
0x859A, 0x859A, 0x859A, 0x859A, 0x859A, 0x859A, 0x859A, 0x859A, 0x859A, 0x859A, 0x859A, 0x859A, 0x859A, 0x859A, 0x859A, 0x859A,   // 0x1680 (5760) pixels
0x8599, 0x8599, 0x8599, 0x8599, 0x8599, 0x8599, 0x8599, 0x8599, 0x8599, 0x8599, 0x8599, 0x8599, 0x8599, 0x8599, 0x8599, 0x85B9,   // 0x1690 (5776) pixels
0x85B9, 0x85BA, 0x85B9, 0x8D99, 0x8D99, 0x8D99, 0x8D99, 0x8599, 0x85B9, 0x85B9, 0x8D99, 0x8D79, 0x9D79, 0xAD9A, 0xB59B, 0xB55A,   // 0x16A0 (5792) pixels
0xB53A, 0xACF8, 0x7392, 0x8C96, 0xBE5C, 0xA5D9, 0xAE3A, 0xAE3A, 0xAE19, 0xAE19, 0xADF9, 0xAE1A, 0xADFA, 0xAE1A, 0xADFA, 0xA5FA,   // 0x16B0 (5808) pixels
0xAE3A, 0xA61A, 0xA5FA, 0xA5FA, 0xADFA, 0xADFB, 0xADFA, 0xADFA, 0xADF9, 0xAE19, 0xADF9, 0xADF9, 0xADF9, 0xA5FA, 0xA5DA, 0xA5DA,   // 0x16C0 (5824) pixels
0xA5DA, 0xA5F9, 0xA5F9, 0xA5F9, 0xA5F9, 0xA5F9, 0xA5F9, 0xA619, 0xA5F9, 0xA5F9, 0xA5F9, 0xA5F9, 0xA5F9, 0xA5F9, 0xADF9, 0xADD9,   // 0x16D0 (5840) pixels
0xADDA, 0x6BD3, 0x5AF1, 0xA4DA, 0xACF9, 0xACD8, 0xACB7, 0x93D4, 0x7B34, 0x6293, 0x5273, 0x5A71, 0x5A2D, 0x4966, 0x61C5, 0x82A7,   // 0x16E0 (5856) pixels
0x834B, 0x94B2, 0x9D77, 0x8D78, 0x859A, 0x85BA, 0x859A, 0x85B9, 0x8D99, 0x8D98, 0x8D99, 0x8599, 0x859A, 0x859A, 0x859A, 0x859A,   // 0x16F0 (5872) pixels
0x859A, 0x859A, 0x859A, 0x859A, 0x859A, 0x859A, 0x859A, 0x859A, 0x859A, 0x859A, 0x859A, 0x859A, 0x859A, 0x859A, 0x859A, 0x859A,   // 0x1700 (5888) pixels
0x8DB9, 0x8DB9, 0x8DB9, 0x8DB9, 0x8DB9, 0x8DB9, 0x8DB9, 0x8DB9, 0x8DB9, 0x8DB9, 0x8DB9, 0x8DB9, 0x8DB9, 0x8DB9, 0x8DB9, 0x85B9,   // 0x1710 (5904) pixels
0x85B9, 0x85B9, 0x85B9, 0x8D99, 0x8D99, 0x8D99, 0x8D99, 0x8DB9, 0x8599, 0x8DDA, 0x8D99, 0x8D79, 0x9D9A, 0xB5BB, 0xB57B, 0xB53A,   // 0x1720 (5920) pixels
0xB53A, 0x9477, 0x6B72, 0xA559, 0xB63C, 0xA5DA, 0xAE3B, 0xAE1A, 0xAE1A, 0xAE1A, 0xAE1A, 0xAE1A, 0xAE1A, 0xADFA, 0xA61A, 0xA61A,   // 0x1730 (5936) pixels
0xA619, 0xA5F9, 0xA5FA, 0xADFA, 0xAE1B, 0xAE1B, 0xADFA, 0xADF9, 0xADF9, 0xADF9, 0xADF9, 0xAE19, 0xAE19, 0xAE1A, 0xA5FA, 0xA5FA,   // 0x1740 (5952) pixels
0xAE1A, 0xAE1A, 0xA5F9, 0xA5F9, 0xA5F9, 0xA5F9, 0xA619, 0xA619, 0xA5F9, 0xA5F9, 0xA5F9, 0xA5F9, 0xADF9, 0xADF9, 0xADF9, 0xADFA,   // 0x1750 (5968) pixels
0x9D79, 0x5310, 0x73B5, 0xA51A, 0xA4D9, 0xACD8, 0xA455, 0x8BD4, 0x7334, 0x62B4, 0x5A94, 0x62F4, 0x5A8E, 0x3926, 0x61C6, 0x7288,   // 0x1760 (5984) pixels
0x83AD, 0x9CD3, 0x9D77, 0x8D79, 0x85BA, 0x85BB, 0x859A, 0x8DDA, 0x8DB9, 0x8D99, 0x8D99, 0x8DB9, 0x85BA, 0x85BA, 0x85BA, 0x85BA,   // 0x1770 (6000) pixels
0x8D9A, 0x8DBA, 0x8DBA, 0x8DBA, 0x8DBA, 0x8DBA, 0x8DBA, 0x8DBA, 0x8DBA, 0x8DBA, 0x8DBA, 0x8DBA, 0x8DBA, 0x8DBA, 0x8DBA, 0x8DBA,   // 0x1780 (6016) pixels
0x8DB9, 0x8DB9, 0x8DB9, 0x8DB9, 0x8DB9, 0x8DB9, 0x8DB9, 0x8DB9, 0x8DB9, 0x8DB9, 0x8DB9, 0x8DB9, 0x8DB9, 0x8DB9, 0x8DB9, 0x85B9,   // 0x1790 (6032) pixels
0x85B9, 0x85B9, 0x8DB9, 0x8DB9, 0x8D99, 0x8D99, 0x8D99, 0x8DB9, 0x8599, 0x8DDA, 0x8D99, 0x9579, 0xA59A, 0xB5BB, 0xB57A, 0xB53A,   // 0x17A0 (6048) pixels
0xB53A, 0x8C35, 0x73B2, 0xB5FB, 0xB61B, 0xADFA, 0xB63B, 0xAE1A, 0xAE3A, 0xAE1A, 0xAE1A, 0xAE1A, 0xAE1A, 0xAE1A, 0xA61A, 0xA5FA,   // 0x17B0 (6064) pixels
0xA5F9, 0xAE1A, 0xAE1A, 0xADFA, 0xADDA, 0xADDA, 0xADFA, 0xB61A, 0xB619, 0xADF9, 0xADF8, 0xADF9, 0xADF9, 0xADFA, 0xA5FA, 0xA5FA,   // 0x17C0 (6080) pixels
0xADFA, 0xADF9, 0xADF9, 0xAE1A, 0xAE1A, 0xAE1A, 0xADF9, 0xA5F9, 0xADF9, 0xADF9, 0xADF9, 0xADF9, 0xADF9, 0xADFA, 0xADFA, 0xADFA,   // 0x17D0 (6096) pixels
0x9517, 0x4A8F, 0x8437, 0xA4FA, 0xACF9, 0xACD8, 0x9415, 0x8BD5, 0x6AF3, 0x62B4, 0x5AB4, 0x6B35, 0x62F0, 0x49EA, 0x8B6E, 0xA471,   // 0x17E0 (6112) pixels
0x9CF3, 0xA597, 0x9D98, 0x8D79, 0x8DDB, 0x85DB, 0x8599, 0x8DBA, 0x8DB9, 0x8DB9, 0x8DB9, 0x8DB9, 0x8DBA, 0x85BA, 0x85BA, 0x85BA,   // 0x17F0 (6128) pixels
0x8DBA, 0x8DBA, 0x8DBA, 0x8DBA, 0x8DBA, 0x8DBA, 0x8DBA, 0x8DBA, 0x8DBA, 0x8DBA, 0x8DBA, 0x8DBA, 0x8DBA, 0x8DBA, 0x8DBA, 0x8DBA,   // 0x1800 (6144) pixels
0x8DB9, 0x8DB9, 0x8DB9, 0x8DB9, 0x8DB9, 0x8DB9, 0x8DB9, 0x8DB9, 0x8DBA, 0x8DBA, 0x8DBA, 0x8DBA, 0x8DBA, 0x8DBA, 0x8DBA, 0x8DB9,   // 0x1810 (6160) pixels
0x8DB9, 0x8DB9, 0x8DB9, 0x8DB9, 0x8DB9, 0x8DB9, 0x8DB9, 0x8DB9, 0x8DDA, 0x8599, 0x9599, 0x9D79, 0xA57A, 0xB5BB, 0xBD5A, 0xACF9,   // 0x1820 (6176) pixels
0xAD39, 0x6B72, 0x94B6, 0xB5FB, 0xB61B, 0xB5FA, 0xB63B, 0xAE1A, 0xAE1A, 0xAE1A, 0xAE1A, 0xAE1A, 0xAE1A, 0xAE1A, 0xAE1A, 0xAE1A,   // 0x1830 (6192) pixels
0xAE1A, 0xAE1A, 0xAE1A, 0xADFA, 0xADFA, 0xADFA, 0xADFA, 0xADFA, 0xADF9, 0xB5F9, 0xB5F9, 0xADF9, 0xADFA, 0xADFA, 0xA5FA, 0xA5FA,   // 0x1840 (6208) pixels
0xAE1A, 0xADFA, 0xADFA, 0xADFA, 0xADFA, 0xADFA, 0xADFA, 0xADFA, 0xADFA, 0xADFA, 0xADDA, 0xAE1B, 0xADFA, 0xB61B, 0xA5B9, 0xB5FB,   // 0x1850 (6224) pixels
0x7BD3, 0x5AAF, 0xA519, 0xA4FA, 0xACDA, 0xA499, 0x9C57, 0x8375, 0x6AD3, 0x5A71, 0x62D3, 0x7374, 0x526F, 0x62F0, 0x9496, 0xA578,   // 0x1860 (6240) pixels
0x9578, 0x9598, 0x8D99, 0x8D99, 0x8DBA, 0x8DBA, 0x8DBA, 0x8DB9, 0x8DB9, 0x8DB9, 0x8DB9, 0x8DB9, 0x8DBA, 0x8DBA, 0x85BA, 0x85BA,   // 0x1870 (6256) pixels
0x8DB9, 0x8DB9, 0x8DB9, 0x8DB9, 0x8DB9, 0x8DB9, 0x8DB9, 0x8DB9, 0x8DB9, 0x8DB9, 0x8DB9, 0x8DB9, 0x8DB9, 0x8DB9, 0x8DB9, 0x8DB9,   // 0x1880 (6272) pixels
0x8DBA, 0x8DBA, 0x8DBA, 0x8DBA, 0x8DBA, 0x8DBA, 0x8DBA, 0x8DBA, 0x8DBA, 0x8DBA, 0x8DBA, 0x8DBA, 0x8DBA, 0x8DBA, 0x8DBA, 0x8DB9,   // 0x1890 (6288) pixels
0x8DB9, 0x8DB9, 0x8DB9, 0x8DB9, 0x8DB9, 0x8DB9, 0x85B9, 0x8DB9, 0x8599, 0x8D99, 0x9579, 0x9D9A, 0xADBB, 0xB57A, 0xB519, 0xB53A,   // 0x18A0 (6304) pixels
0x9CD7, 0x6B92, 0xA579, 0xBE3C, 0xB61B, 0xADFA, 0xB63B, 0xAE1A, 0xAE3A, 0xAE3A, 0xAE3A, 0xAE3A, 0xAE3A, 0xAE3A, 0xAE1A, 0xAE1A,   // 0x18B0 (6320) pixels
0xADFA, 0xADFA, 0xADFA, 0xADFA, 0xADFA, 0xAE1A, 0xAE1A, 0xAE1A, 0xADF9, 0xADF9, 0xADF9, 0xAE19, 0xAE1A, 0xAE1A, 0xAE1B, 0xAE1A,   // 0x18C0 (6336) pixels
0xAE1A, 0xAE19, 0xAE1A, 0xADFA, 0xAE1A, 0xAE1A, 0xADFA, 0xADFA, 0xADDA, 0xB63B, 0xB61B, 0xADFA, 0xA5B9, 0xA5DA, 0xADDA, 0xADBA,   // 0x18D0 (6352) pixels
0x6310, 0x6B31, 0xAD19, 0xA4D9, 0xACFA, 0x9C78, 0x93F7, 0x7B55, 0x6AB2, 0x5A71, 0x6AF3, 0x7374, 0x4A6F, 0x6B73, 0x8CD8, 0x9D9A,   // 0x18E0 (6368) pixels
0x8D99, 0x8DB9, 0x8DB9, 0x8DB9, 0x8DB9, 0x8DB9, 0x8DB9, 0x8DB9, 0x8DB9, 0x8DB9, 0x8DB9, 0x8DB9, 0x8DBA, 0x8DBA, 0x8DBA, 0x8DBA,   // 0x18F0 (6384) pixels
0x8DBA, 0x8DBA, 0x8DBA, 0x8DBA, 0x8DBA, 0x8DBA, 0x8DBA, 0x8DBA, 0x8DBA, 0x8DBA, 0x8DBA, 0x8DBA, 0x8DBA, 0x8DBA, 0x8DBA, 0x8DBA,   // 0x1900 (6400) pixels
0x8DBA, 0x8DBA, 0x8DBA, 0x8DBA, 0x8DBA, 0x8DBA, 0x8DBA, 0x8DBA, 0x8DBA, 0x8DBA, 0x8DBA, 0x8DBA, 0x8DBA, 0x8DBA, 0x8DBA, 0x8DB9,   // 0x1910 (6416) pixels
0x8DB9, 0x8DB9, 0x8DB9, 0x8DB9, 0x8DB9, 0x8DB9, 0x85B9, 0x8DB9, 0x8579, 0x95BA, 0x9559, 0xA59A, 0xB5DB, 0xAD39, 0xB519, 0xB57A,   // 0x1920 (6432) pixels
0x7C34, 0x6BD3, 0xB61B, 0xB61B, 0xAE1B, 0xADFA, 0xB65B, 0xAE3A, 0xAE3A, 0xAE3A, 0xAE3A, 0xAE3A, 0xAE3A, 0xAE3A, 0xA63A, 0xAE1A,   // 0x1930 (6448) pixels
0xAE3A, 0xAE3A, 0xAE3A, 0xAE3A, 0xAE3A, 0xAE3A, 0xAE3A, 0xAE39, 0xAE39, 0xAE19, 0xAE19, 0xAE19, 0xA619, 0xA619, 0xA61A, 0xA61A,   // 0x1940 (6464) pixels
0xA619, 0xA619, 0xA619, 0xA619, 0xA619, 0xA619, 0xA619, 0xA5F9, 0xA5F9, 0xA5F9, 0xA5D9, 0xAE1A, 0xAE5B, 0xAE3A, 0xAE1A, 0x9537,   // 0x1950 (6480) pixels
0x528E, 0x8C35, 0xAD1A, 0xA4D9, 0xACFA, 0x9C58, 0x8BD6, 0x7B34, 0x6271, 0x6271, 0x7333, 0x6B33, 0x4A6F, 0x7C15, 0x9539, 0x9D9A,   // 0x1960 (6496) pixels
0x8D99, 0x8DB9, 0x8DB9, 0x8DB9, 0x8DB9, 0x8DB9, 0x8DB9, 0x8DB9, 0x8DB9, 0x8DB9, 0x8DB9, 0x8DB9, 0x8DBA, 0x8DBA, 0x8DBA, 0x8DBA,   // 0x1970 (6512) pixels
0x8DBA, 0x8DBA, 0x8DBA, 0x8DBA, 0x8DBA, 0x8DBA, 0x8DBA, 0x8DBA, 0x8DBA, 0x8DBA, 0x8DBA, 0x8DBA, 0x8DBA, 0x8DBA, 0x8DBA, 0x8DBA,   // 0x1980 (6528) pixels
0x8DBA, 0x8DBA, 0x8DBA, 0x8DBA, 0x8DBA, 0x8DBA, 0x8DBA, 0x8DBA, 0x8DBA, 0x8DBA, 0x8DBA, 0x8DBA, 0x8DBA, 0x8DBA, 0x8DBA, 0x8DB9,   // 0x1990 (6544) pixels
0x8DB9, 0x8DB9, 0x8DB9, 0x8DB9, 0x8DB9, 0x8DB9, 0x8DB9, 0x8DB9, 0x8D99, 0x95BA, 0x9559, 0xA5BB, 0xB5BB, 0xAD39, 0xB55A, 0xB539,   // 0x19A0 (6560) pixels
0x6B92, 0x84D6, 0xB63B, 0xA5DA, 0xAE1B, 0xAE3B, 0xB67C, 0xAE3B, 0xAE3A, 0xAE3A, 0xAE3A, 0xAE3B, 0xAE3B, 0xAE3B, 0xAE3B, 0xAE3B,   // 0x19B0 (6576) pixels
0xAE3A, 0xAE3A, 0xAE3A, 0xAE3A, 0xAE3A, 0xAE3A, 0xAE3A, 0xAE3A, 0xAE3A, 0xAE39, 0xAE39, 0xAE39, 0xA639, 0xA619, 0xA619, 0xA619,   // 0x19C0 (6592) pixels
0xA619, 0xA619, 0xA619, 0xA619, 0xA619, 0xA619, 0xA61A, 0xA61A, 0xA61A, 0xAE5A, 0xAE1A, 0xA5F9, 0xA5F9, 0xA5D9, 0xA61A, 0x7C74,   // 0x19D0 (6608) pixels
0x52AF, 0xA4D8, 0xAD19, 0xACF9, 0xACFA, 0x9437, 0x8396, 0x72F3, 0x6251, 0x6271, 0x7B74, 0x5AD1, 0x52D0, 0x8496, 0x9D7A, 0x9599,   // 0x19E0 (6624) pixels
0x8DB9, 0x8DB9, 0x8DB9, 0x8DB9, 0x8DB9, 0x8DB9, 0x8DB9, 0x8DB9, 0x8DB9, 0x8DB9, 0x8DB9, 0x8DB9, 0x8DBA, 0x8DBA, 0x8DBA, 0x8DBA,   // 0x19F0 (6640) pixels
0x8DBA, 0x8DBA, 0x8DBA, 0x8DBA, 0x8DBA, 0x8DBA, 0x8DBA, 0x8DBA, 0x8DBA, 0x8DBA, 0x8DBA, 0x8DBA, 0x8DBA, 0x8DBA, 0x8DBA, 0x8DBA,   // 0x1A00 (6656) pixels
0x8DBA, 0x8DBA, 0x8DBA, 0x8DBA, 0x8DBA, 0x8DBA, 0x8DBA, 0x8DBA, 0x8DBA, 0x8DBA, 0x8DBA, 0x8DBA, 0x8DBA, 0x8DBA, 0x8DBA, 0x8DB9,   // 0x1A10 (6672) pixels
0x8DB9, 0x8DB9, 0x8DB9, 0x8DB9, 0x8DBA, 0x8DBA, 0x8DBA, 0x8DBA, 0x95BA, 0x959A, 0x9559, 0xADDB, 0xB59A, 0xB55A, 0xBD7B, 0x9C97,   // 0x1A20 (6688) pixels
0x5AF0, 0xA599, 0xB61B, 0xA5DA, 0xB61B, 0xAE1B, 0xAE3B, 0xAE1A, 0xAE3B, 0xAE3B, 0xAE3B, 0xAE3B, 0xAE3B, 0xAE3B, 0xAE3B, 0xAE3B,   // 0x1A30 (6704) pixels
0xAE1A, 0xAE1A, 0xAE1A, 0xAE1A, 0xAE3A, 0xAE3A, 0xAE3B, 0xAE3A, 0xA61A, 0xAE1A, 0xAE1A, 0xAE1A, 0xAE3A, 0xAE3A, 0xAE3A, 0xAE3A,   // 0x1A40 (6720) pixels
0xAE3A, 0xAE3A, 0xAE1A, 0xAE1A, 0xAE1A, 0xAE3A, 0xAE1A, 0xAE1A, 0xA5FA, 0xB65B, 0xAE3B, 0xA5DA, 0xAE3B, 0xB63B, 0xA5D9, 0x5B50,   // 0x1A50 (6736) pixels
0x7392, 0xAD19, 0xA4D9, 0xACFA, 0xA499, 0x8BD6, 0x8375, 0x6A92, 0x6251, 0x62B2, 0x7B75, 0x5270, 0x6352, 0x84D8, 0x9DBB, 0x8D99,   // 0x1A60 (6752) pixels
0x8DB9, 0x8DB9, 0x8DB9, 0x8DB9, 0x8DB9, 0x8DB9, 0x8DB9, 0x8DB9, 0x8DB9, 0x8DB9, 0x8DB9, 0x8DB9, 0x8DBA, 0x8DBA, 0x8DBA, 0x8DBA,   // 0x1A70 (6768) pixels
0x8DBA, 0x8DBA, 0x8DBA, 0x8DBA, 0x8DBA, 0x8DBA, 0x8DBA, 0x8DBA, 0x8DBA, 0x8DBA, 0x8DBA, 0x8DBA, 0x8DBA, 0x8DBA, 0x8DBA, 0x8DBA,   // 0x1A80 (6784) pixels
0x8DBA, 0x8DBA, 0x8DBA, 0x8DBA, 0x8DBA, 0x8DBA, 0x8DBA, 0x8DBA, 0x8DBA, 0x8DBA, 0x8DBA, 0x8DBA, 0x8DBA, 0x8DBA, 0x8DBA, 0x8DBA,   // 0x1A90 (6800) pixels
0x8DBA, 0x8DD9, 0x8DDA, 0x8DDA, 0x8DDA, 0x8DDA, 0x8DBA, 0x8DBA, 0x959A, 0x9579, 0xA59A, 0xB5DC, 0xAD7A, 0xB55A, 0xBD5A, 0x8C15,   // 0x1AA0 (6816) pixels
0x6310, 0xB5DB, 0xB5FB, 0xB61B, 0xBE3C, 0xB61B, 0xADFB, 0xB61B, 0xB61B, 0xB61B, 0xB61B, 0xB61B, 0xB5FB, 0xADFB, 0xADFB, 0xADFB,   // 0x1AB0 (6832) pixels
0xB5FB, 0xADFB, 0xADFA, 0xADFA, 0xADDA, 0xADDA, 0xADDA, 0xA5DA, 0xADDA, 0xADDA, 0xADDA, 0xADDA, 0xADDA, 0xADBA, 0xADB9, 0xA5B9,   // 0x1AC0 (6848) pixels
0xA5BA, 0xA5B9, 0xA599, 0xA599, 0xA599, 0xA599, 0xA599, 0x9D79, 0xA599, 0xA579, 0x9D58, 0xA579, 0xA579, 0x8CD6, 0x7413, 0x4A8E,   // 0x1AD0 (6864) pixels
0x9497, 0xAD19, 0xA4D9, 0xACFA, 0xA478, 0x8BB6, 0x8354, 0x6271, 0x6271, 0x72F3, 0x7354, 0x4A4F, 0x6BF5, 0x8D39, 0x95BA, 0x8DB9,   // 0x1AE0 (6880) pixels
0x8DB9, 0x8DB9, 0x8DB9, 0x8DB9, 0x8DB9, 0x8DB9, 0x8DB9, 0x8DB9, 0x8DBA, 0x8DBA, 0x8DBA, 0x8DBA, 0x8DBA, 0x8DBA, 0x8DBA, 0x8DBA,   // 0x1AF0 (6896) pixels
0x8DBA, 0x8DBA, 0x8DBA, 0x8DBA, 0x8DBA, 0x8DBA, 0x8DBA, 0x8DBA, 0x8DBA, 0x8DBA, 0x8DBA, 0x8DBA, 0x8DBA, 0x8DBA, 0x8DBA, 0x8DBA,   // 0x1B00 (6912) pixels
0x8DDA, 0x8DDA, 0x8DDA, 0x8DDA, 0x8DDA, 0x8DDA, 0x8DDA, 0x8DDA, 0x8DDA, 0x8DDA, 0x8DDA, 0x8DDA, 0x8DDA, 0x8DDA, 0x8DDA, 0x8DDA,   // 0x1B10 (6928) pixels
0x8DDA, 0x8DDA, 0x8DDA, 0x8DDA, 0x8DDA, 0x8DDA, 0x8DBA, 0x95BA, 0x9599, 0x9D9A, 0xADDB, 0xB5BB, 0xAD5A, 0xB55A, 0xB53A, 0x9C76,   // 0x1B20 (6944) pixels
0x5A8F, 0x7392, 0x7BD3, 0x7BD3, 0x7BD3, 0x7BD3, 0x73B2, 0x7BF3, 0x73B2, 0x73B2, 0x73B3, 0x73B3, 0x73B3, 0x73B3, 0x73B3, 0x7393,   // 0x1B30 (6960) pixels
0x7393, 0x7393, 0x6B73, 0x6B72, 0x6B52, 0x6B52, 0x6352, 0x6352, 0x6353, 0x6353, 0x6352, 0x6352, 0x6352, 0x6B31, 0x6B31, 0x6B31,   // 0x1B40 (6976) pixels
0x6331, 0x6331, 0x6331, 0x6331, 0x6331, 0x6331, 0x6311, 0x6311, 0x6311, 0x5AF1, 0x6311, 0x6B73, 0x62F1, 0x52B0, 0x6311, 0x83F5,   // 0x1B50 (6992) pixels
0xA519, 0xA4F9, 0xAD19, 0xA4D9, 0x9C58, 0x8395, 0x72F3, 0x6A72, 0x6271, 0x7B54, 0x6AF3, 0x5290, 0x7C76, 0x959A, 0x8D9A, 0x8DBA,   // 0x1B60 (7008) pixels
0x8DB9, 0x8DB9, 0x8DB9, 0x8DB9, 0x8DB9, 0x8DB9, 0x8DB9, 0x8DB9, 0x8DBA, 0x8DBA, 0x8DBA, 0x8DBA, 0x8DBA, 0x8DBA, 0x8DBA, 0x8DBA,   // 0x1B70 (7024) pixels
0x8DBA, 0x8DBA, 0x8DBA, 0x8DBA, 0x8DBA, 0x8DBA, 0x8DBA, 0x8DBA, 0x8DBA, 0x8DBA, 0x8DBA, 0x8DBA, 0x8DBA, 0x8DBA, 0x8DBA, 0x8DBA,   // 0x1B80 (7040) pixels
0x8DDA, 0x8DDA, 0x8DDA, 0x8DDA, 0x8DDA, 0x8DDA, 0x8DDA, 0x8DDA, 0x8DDA, 0x8DDA, 0x8DDA, 0x8DDA, 0x8DDA, 0x8DDA, 0x8DDA, 0x8DDA,   // 0x1B90 (7056) pixels
0x8DDA, 0x8DDA, 0x8DDA, 0x8DDA, 0x8DDA, 0x8DDA, 0x8DBA, 0x95BA, 0x9579, 0xA59A, 0xB5DB, 0xB57A, 0xAD39, 0xB55A, 0xBD3A, 0xB539,   // 0x1BA0 (7072) pixels
0xA4B8, 0x83B3, 0x83F4, 0x7B72, 0x7B93, 0x7BB3, 0x7372, 0x7BB3, 0x7B93, 0x7B93, 0x7BB3, 0x7BB3, 0x7BB4, 0x83B4, 0x83B4, 0x83B4,   // 0x1BB0 (7088) pixels
0x7BB4, 0x83B5, 0x83B5, 0x83B4, 0x83B4, 0x83D5, 0x83D5, 0x83D5, 0x7BB5, 0x7BD5, 0x83D5, 0x83D5, 0x83F6, 0x8BF5, 0x8BF5, 0x8C15,   // 0x1BC0 (7104) pixels
0x8C16, 0x8C16, 0x8C16, 0x8C36, 0x8C36, 0x9436, 0x9436, 0x9436, 0x9477, 0x9477, 0x9437, 0x9457, 0x9457, 0xA4D9, 0x9C98, 0xACF9,   // 0x1BD0 (7120) pixels
0xACF9, 0xA4D8, 0xB51A, 0xA498, 0x9C58, 0x8375, 0x6AB2, 0x6A72, 0x6271, 0x8395, 0x5AB1, 0x5AF1, 0x84B7, 0x9DDB, 0x8599, 0x8DDA,   // 0x1BE0 (7136) pixels
0x8DB9, 0x8DB9, 0x8DB9, 0x8DD9, 0x8DB9, 0x8DB9, 0x8DB9, 0x8DB9, 0x8DBA, 0x8DBA, 0x8DBA, 0x8DBA, 0x8DBA, 0x8DBA, 0x8DBA, 0x8DBA,   // 0x1BF0 (7152) pixels
0x8DBA, 0x8DBA, 0x8DBA, 0x8DBA, 0x8DBA, 0x8DBA, 0x8DBA, 0x8DBA, 0x8DBA, 0x8DBA, 0x8DBA, 0x8DBA, 0x8DBA, 0x8DBA, 0x8DBA, 0x8DBA,   // 0x1C00 (7168) pixels
0x8DDA, 0x8DDA, 0x8DDA, 0x8DDA, 0x8DDA, 0x8DDA, 0x8DDA, 0x8DDA, 0x8DDA, 0x8DDA, 0x8DDA, 0x8DDA, 0x8DDA, 0x8DDA, 0x8DDA, 0x8DDA,   // 0x1C10 (7184) pixels
0x8DDA, 0x8DDA, 0x8DDA, 0x8DDA, 0x8DDA, 0x8DDA, 0x8DBA, 0x95BA, 0x9D9A, 0xADBB, 0xB59B, 0xBDBB, 0xB539, 0xB539, 0xB519, 0xB539,   // 0x1C20 (7200) pixels
0xB539, 0xBD5A, 0xBD5A, 0xB55A, 0xB53A, 0xBD7A, 0xBD7A, 0xB55A, 0xB55A, 0xB55A, 0xB53A, 0xBD5A, 0xBD5A, 0xBD3A, 0xBD3A, 0xB53A,   // 0x1C30 (7216) pixels
0xB53A, 0xB51A, 0xBD3B, 0xBD3A, 0xB53A, 0xBD3A, 0xB53A, 0xB51A, 0xB51A, 0xB53B, 0xB53B, 0xAD1A, 0xB51B, 0xBD3B, 0xBD3A, 0xBD3A,   // 0x1C40 (7232) pixels
0xB51A, 0xACD9, 0xB53A, 0xBD7B, 0xACF9, 0xB51A, 0xBD5B, 0xB519, 0xACF9, 0xB53B, 0xACF9, 0xB51A, 0xB53B, 0xACDA, 0xACDA, 0xACDA,   // 0x1C50 (7248) pixels
0xAD19, 0xACF9, 0xACF9, 0xA4B9, 0x8BF6, 0x7B34, 0x6AB2, 0x6271, 0x6292, 0x8395, 0x5270, 0x6373, 0x8CF8, 0x959A, 0x9E1B, 0x85B9,   // 0x1C60 (7264) pixels
0x8DDA, 0x8DB9, 0x8DB9, 0x8DDA, 0x8DDA, 0x8DDA, 0x8DDA, 0x8DDA, 0x8DDA, 0x8DDA, 0x8DDA, 0x8DDA, 0x8DBA, 0x8DBA, 0x95BA, 0x8DBA,   // 0x1C70 (7280) pixels
0x8DBA, 0x8DBA, 0x8DBA, 0x8DBA, 0x8DBA, 0x8DBA, 0x8DBA, 0x8DBA, 0x8DBA, 0x8DBA, 0x8DBA, 0x8DBA, 0x8DBA, 0x8DBA, 0x8DBA, 0x8DBA,   // 0x1C80 (7296) pixels
0x8DDA, 0x8DDA, 0x8DDA, 0x8DDA, 0x8DDA, 0x8DDA, 0x8DDA, 0x8DDA, 0x8DDA, 0x8DDA, 0x8DDA, 0x8DDA, 0x8DDA, 0x8DDA, 0x8DDA, 0x8DDA,   // 0x1C90 (7312) pixels
0x8DDA, 0x8DDA, 0x8DFA, 0x8DDA, 0x8DDA, 0x8DDA, 0x95DA, 0x959A, 0x9D79, 0xADBB, 0xB5BB, 0xB55A, 0xB539, 0xBD7A, 0xBD7A, 0xBD7A,   // 0x1CA0 (7328) pixels
0xBD59, 0xBD59, 0xBD5A, 0xBD5A, 0xBD5A, 0xB539, 0xAD19, 0xB539, 0xBD7A, 0xBD5A, 0xB539, 0xB539, 0xB519, 0xB519, 0xB539, 0xB519,   // 0x1CB0 (7344) pixels
0xBD5A, 0xB519, 0xB519, 0xBD39, 0xC559, 0xC559, 0xBD39, 0xBD39, 0xB51A, 0xB53A, 0xB55B, 0xB53A, 0xB53A, 0xB4F9, 0xB4F9, 0xB519,   // 0x1CC0 (7360) pixels
0xBD5A, 0xB519, 0xA4B7, 0xA4B7, 0xACF8, 0xACD8, 0xA4B7, 0xACF8, 0xB4F9, 0xACD8, 0xACD8, 0xB4F9, 0xACF9, 0xBD3B, 0xB4FA, 0xACD9,   // 0x1CD0 (7376) pixels
0xACF9, 0xACF9, 0xACD9, 0x9C78, 0x8BB5, 0x7313, 0x6A92, 0x6271, 0x7B34, 0x7313, 0x4A2F, 0x73F5, 0x9D5A, 0x959A, 0x8DDA, 0x8DDA,   // 0x1CE0 (7392) pixels
0x8DB9, 0x8DB9, 0x95DA, 0x8DDA, 0x8DDA, 0x8DBA, 0x8DB9, 0x8DB9, 0x8DDA, 0x8DDA, 0x8DDA, 0x8DDA, 0x8DBA, 0x8DBA, 0x95BA, 0x8DBA,   // 0x1CF0 (7408) pixels
0x8DBA, 0x8DBA, 0x8DBA, 0x8DBA, 0x8DBA, 0x8DBA, 0x8DBA, 0x8DBA, 0x8DDA, 0x8DDA, 0x8DDA, 0x8DDA, 0x8DDA, 0x8DDA, 0x8DDA, 0x8DDA,   // 0x1D00 (7424) pixels
0x95DA, 0x95DA, 0x95DA, 0x95DA, 0x95DA, 0x95DA, 0x95DA, 0x95DA, 0x95DA, 0x95DA, 0x95DA, 0x95DA, 0x95DA, 0x95DA, 0x95DA, 0x95DA,   // 0x1D10 (7440) pixels
0x8DB9, 0x95DA, 0x8DDA, 0x8DDA, 0x8DDA, 0x8DDA, 0x95BA, 0x9599, 0xA59A, 0xB5DB, 0xBDBB, 0xAD39, 0xB559, 0xB539, 0xACD7, 0x9C75,   // 0x1D20 (7456) pixels
0x9454, 0x9475, 0x8C35, 0x8C14, 0x8C55, 0x9476, 0x9475, 0x9455, 0x8C34, 0x8C14, 0x9435, 0x9435, 0x9414, 0x9414, 0x9435, 0x9435,   // 0x1D30 (7472) pixels
0x8C34, 0x8C13, 0x83D2, 0x8BD2, 0x93F1, 0x8BB1, 0x8390, 0x8BD1, 0x83B2, 0x83D3, 0x83F3, 0x7BD3, 0x7BB3, 0x83F3, 0x8BF3, 0x7BB2,   // 0x1D40 (7488) pixels
0x7B71, 0x8BF3, 0x83D2, 0x7BB2, 0x8C13, 0x83F2, 0x7BB1, 0x83D2, 0x83D2, 0x7B71, 0x83B2, 0x83D3, 0x83B3, 0x9C76, 0xA4D8, 0xACF9,   // 0x1D50 (7504) pixels
0xACD8, 0xACF9, 0xA4B9, 0x9437, 0x8374, 0x6AD2, 0x6292, 0x6271, 0x8375, 0x62D2, 0x5AB1, 0x8477, 0xA5BB, 0x9DDB, 0x8D99, 0x8DB9,   // 0x1D60 (7520) pixels
0x8DB9, 0x95BA, 0x95DA, 0x95DA, 0x8DDA, 0x8DDA, 0x8DDA, 0x8DDA, 0x8DDA, 0x8DDA, 0x8DDA, 0x8DDA, 0x95BA, 0x95BA, 0x95BA, 0x95BA,   // 0x1D70 (7536) pixels
0x8DDA, 0x8DDA, 0x8DDA, 0x8DDA, 0x8DDA, 0x8DDA, 0x8DDA, 0x8DDA, 0x8DDA, 0x8DDA, 0x8DDA, 0x8DDA, 0x8DDA, 0x8DDA, 0x8DDA, 0x8DDA,   // 0x1D80 (7552) pixels
0x95DA, 0x95DA, 0x95DA, 0x95DA, 0x95DA, 0x95DA, 0x95DA, 0x95DA, 0x95DA, 0x95DA, 0x95DA, 0x95DA, 0x95DA, 0x95DA, 0x95DA, 0x95DA,   // 0x1D90 (7568) pixels
0x8DBA, 0x8DDA, 0x8DDA, 0x8DDA, 0x8DDA, 0x8DDA, 0x95BA, 0x9D9A, 0xADDB, 0xB5BB, 0xB59A, 0xB539, 0xBD7A, 0xA496, 0x83B2, 0x6B30,   // 0x1DA0 (7584) pixels
0x62EE, 0x6B2F, 0x6B2F, 0x630F, 0x630F, 0x62EF, 0x5AEE, 0x62EF, 0x6B30, 0x62EF, 0x630F, 0x62EE, 0x6B0F, 0x6B0F, 0x6ACE, 0x5AAD,   // 0x1DB0 (7600) pixels
0x52AC, 0x6B2E, 0x732E, 0x7B4E, 0x7B4D, 0x730C, 0x72EC, 0x6AEC, 0x62CC, 0x5ACC, 0x5ACD, 0x5ACE, 0x5AAD, 0x5AED, 0x630E, 0x62ED,   // 0x1DC0 (7616) pixels
0x5ACD, 0x630D, 0x6B2E, 0x630E, 0x62ED, 0x62ED, 0x62ED, 0x5ACD, 0x5AAC, 0x5AAD, 0x62CE, 0x62EE, 0x5AAE, 0x6B0F, 0x9475, 0xAD39,   // 0x1DD0 (7632) pixels
0xACF9, 0xACF9, 0xA4B9, 0x9416, 0x7B54, 0x6AD2, 0x6292, 0x62B2, 0x7334, 0x62B2, 0x6B33, 0x7BF5, 0x84B7, 0x957A, 0x95DA, 0x95DA,   // 0x1DE0 (7648) pixels
0x95B9, 0x95BA, 0x95BA, 0x95B9, 0x95DA, 0x95DA, 0x8DDA, 0x8DDA, 0x8DDA, 0x8DDA, 0x8DDA, 0x8DDA, 0x95DA, 0x95DA, 0x95DA, 0x95DA,   // 0x1DF0 (7664) pixels
0x95DA, 0x95DA, 0x95DA, 0x95DA, 0x95DA, 0x95DA, 0x95DA, 0x95DA, 0x95DA, 0x95DA, 0x95DA, 0x95DA, 0x95DA, 0x95DA, 0x95DA, 0x95DA,   // 0x1E00 (7680) pixels
0x95DA, 0x95DA, 0x95DA, 0x95DA, 0x95DA, 0x95DA, 0x95DA, 0x95DA, 0x95DA, 0x95DA, 0x95DA, 0x95DA, 0x95DA, 0x95DA, 0x95DA, 0x95DA,   // 0x1E10 (7696) pixels
0x95FB, 0x95DA, 0x8DDA, 0x95FA, 0x95FA, 0x8DB9, 0x9599, 0xA5DA, 0xADDB, 0xAD7A, 0xB579, 0xBD59, 0xB559, 0x83B2, 0x6B10, 0x7391,   // 0x1E20 (7712) pixels
0x8412, 0x73B0, 0x7390, 0x73D1, 0x7390, 0x6B4F, 0x6B70, 0x73B1, 0x73B0, 0x7390, 0x7BD1, 0x6B4F, 0x7BB0, 0x7BD0, 0x7B90, 0x736F,   // 0x1E30 (7728) pixels
0x7BD0, 0x9CF4, 0xBD95, 0xCDD6, 0xCDD5, 0xBD53, 0xA470, 0x7B6C, 0x7BAE, 0x736D, 0x738E, 0x73AF, 0x6B8F, 0x632E, 0x6B4E, 0x738F,   // 0x1E40 (7744) pixels
0x738F, 0x6B6E, 0x6B4D, 0x738F, 0x7BCF, 0x738F, 0x736E, 0x7BCF, 0x8411, 0x8411, 0x6B4F, 0x6B2F, 0x6B0F, 0x4A4B, 0x9454, 0xAD38,   // 0x1E50 (7760) pixels
0xACF9, 0xB4F9, 0xA498, 0x8BD6, 0x7B33, 0x62D2, 0x6292, 0x6AD2, 0x7334, 0x5A91, 0x6B33, 0x6353, 0x5B52, 0x7435, 0x8518, 0x9DDA,   // 0x1E60 (7776) pixels
0x95BA, 0x95BA, 0x95BA, 0x95B9, 0x8DBA, 0x95DA, 0x8DDA, 0x8DDA, 0x8DDA, 0x8DDA, 0x8DDA, 0x8DDA, 0x95DA, 0x95DA, 0x95DA, 0x95DA,   // 0x1E70 (7792) pixels
0x95DA, 0x95DA, 0x95DA, 0x95DA, 0x95DA, 0x95DA, 0x95DA, 0x95DA, 0x95DA, 0x95DA, 0x95DA, 0x95DA, 0x95DA, 0x95DA, 0x95DA, 0x95DA,   // 0x1E80 (7808) pixels
0x95DA, 0x95DA, 0x95DA, 0x95DA, 0x95DA, 0x95DA, 0x95DA, 0x95DA, 0x95DA, 0x95DA, 0x95DA, 0x95DA, 0x95DA, 0x95DA, 0x95DA, 0x95DA,   // 0x1E90 (7824) pixels
0x9DFB, 0x95DA, 0x8DDA, 0x95FA, 0x8DDA, 0x8DB9, 0x95B9, 0xA5DB, 0xB5FB, 0xAD79, 0xB579, 0xBD59, 0x9C95, 0x6B0F, 0x7391, 0xAD37,   // 0x1EA0 (7840) pixels
0xD6BC, 0x9CF5, 0x73AF, 0x634E, 0x6B8F, 0x8432, 0x8C73, 0x7BF1, 0x6B4E, 0x8432, 0x9CB4, 0x736F, 0x736E, 0x6B2D, 0x734E, 0x8410,   // 0x1EB0 (7856) pixels
0xCE79, 0xDEDA, 0xDE98, 0xDE57, 0xDE15, 0xD5D4, 0xCD73, 0x9C0D, 0x7B4B, 0x7B8D, 0x6B6D, 0x634D, 0x7C10, 0x8CB3, 0x8431, 0x6B6E,   // 0x1EC0 (7872) pixels
0x7BCF, 0x9493, 0x83F0, 0x6B4D, 0x738F, 0x6B6E, 0x738E, 0x9CD3, 0xD69B, 0xB597, 0x7390, 0x7370, 0x6B2F, 0x4A2B, 0x9C95, 0xAD38,   // 0x1ED0 (7888) pixels
0xACF9, 0xACD9, 0x9C57, 0x8395, 0x7313, 0x62B1, 0x6291, 0x6B13, 0x7334, 0x5270, 0x7BB5, 0x8416, 0x6BB3, 0x5B51, 0x63D3, 0x7CB6,   // 0x1EE0 (7904) pixels
0x9599, 0x9DBA, 0x9DDA, 0x95DA, 0x95DA, 0x95DA, 0x95FA, 0x8DDA, 0x8DFA, 0x8DFA, 0x8DFA, 0x8DFA, 0x8DDA, 0x95DA, 0x95DA, 0x95DA,   // 0x1EF0 (7920) pixels
0x95DA, 0x95DA, 0x95DA, 0x95DA, 0x95DA, 0x95DA, 0x95DA, 0x95DA, 0x95DA, 0x95DA, 0x95DA, 0x95DA, 0x95DA, 0x95DA, 0x95DA, 0x95DA,   // 0x1F00 (7936) pixels
0x95DA, 0x95DA, 0x95DA, 0x95DA, 0x95DA, 0x95DA, 0x95DA, 0x95DA, 0x95DA, 0x95DA, 0x95DA, 0x95DA, 0x95DA, 0x95DA, 0x95DA, 0x95DA,   // 0x1F10 (7952) pixels
0x95DA, 0x95DA, 0x95DA, 0x8DDA, 0x8DDA, 0x9DFA, 0xA61B, 0xB63C, 0xB5DB, 0xB59A, 0xBD7A, 0xB538, 0x83D3, 0x6AEF, 0x8C54, 0xD6BC,   // 0x1F20 (7968) pixels
0xE71D, 0x9492, 0x6B6E, 0x7C10, 0x9CF4, 0xCE59, 0xDEDB, 0xBDF8, 0xB597, 0xD69A, 0xD69A, 0x8410, 0x7B8E, 0x7B6D, 0x8C10, 0xBD95,   // 0x1F30 (7984) pixels
0xDEBA, 0xE71B, 0xEF1A, 0xF6F9, 0xEE76, 0xE614, 0xD592, 0x9BCC, 0x6AC9, 0x83AD, 0x736D, 0x6B6E, 0xA555, 0xDEFC, 0xCE59, 0xA4F4,   // 0x1F40 (8000) pixels
0xBDD8, 0xE6FC, 0xC618, 0x9452, 0x7BAF, 0x6B2D, 0x83D0, 0xCE19, 0xF75E, 0xB556, 0x62CD, 0x6B2F, 0x5A8D, 0x5A8E, 0xACF8, 0xB519,   // 0x1F50 (8016) pixels
0xACF9, 0xACB8, 0x9416, 0x7B74, 0x6B12, 0x5A91, 0x5A91, 0x7354, 0x62D2, 0x5AB1, 0x9478, 0xA55B, 0x94F9, 0x7435, 0x63D3, 0x63D3,   // 0x1F60 (8032) pixels
0x7CB6, 0x8D38, 0x9DBA, 0x9DFA, 0x95DA, 0x95FA, 0x95FA, 0x95FA, 0x8DFA, 0x8DFA, 0x8DFA, 0x8DFA, 0x95FA, 0x95FA, 0x95DA, 0x95DA,   // 0x1F70 (8048) pixels
0x95DA, 0x95DA, 0x95DA, 0x95DA, 0x95DA, 0x95DA, 0x95DA, 0x95DA, 0x95DA, 0x95DA, 0x95DA, 0x95DA, 0x95DA, 0x95DA, 0x95DA, 0x95DA,   // 0x1F80 (8064) pixels
0x95DA, 0x95DA, 0x95DA, 0x95DA, 0x95DA, 0x95DA, 0x95DA, 0x95DA, 0x95DA, 0x95DA, 0x95DA, 0x95DA, 0x95DA, 0x95FA, 0x95FA, 0x95DA,   // 0x1F90 (8080) pixels
0x8DBA, 0x9DFA, 0x9DFA, 0x95B9, 0x95DA, 0xAE5C, 0xBE9D, 0xC69D, 0xB5BA, 0xB57A, 0xB559, 0xAD18, 0x7B71, 0x7350, 0x9CF6, 0xEF3E,   // 0x1FA0 (8096) pixels
0xD67A, 0x8410, 0x8C71, 0xD6BA, 0xEF3D, 0xE71C, 0xEF3D, 0xE6FC, 0xEF3D, 0xF75E, 0xC5F8, 0x62CB, 0x6AEB, 0x83AD, 0xA4D1, 0xD678,   // 0x1FB0 (8112) pixels
0xE71B, 0xEF3C, 0xF71A, 0xF6F8, 0xDDF3, 0xD571, 0xCD51, 0x93AB, 0x6226, 0x730B, 0x6B2C, 0x7BCF, 0xC5F8, 0xEF7E, 0xEF5D, 0xE6FC,   // 0x1FC0 (8128) pixels
0xE6FC, 0xEF3D, 0xEF1D, 0xDEBC, 0xB556, 0x7B8F, 0x8C31, 0xE6BC, 0xE6DC, 0x9453, 0x524B, 0x732F, 0x522C, 0x7330, 0xB539, 0xB519,   // 0x1FD0 (8144) pixels
0xACD9, 0xA499, 0x8BD6, 0x7333, 0x6AF2, 0x5A71, 0x62B2, 0x7B95, 0x5291, 0x6313, 0x9CD9, 0xA55A, 0xA59B, 0xA59A, 0x8D18, 0x6C34,   // 0x1FE0 (8160) pixels
0x5B91, 0x7475, 0x9578, 0x9DBA, 0x95BA, 0x95BA, 0x95DB, 0x95FB, 0x95DA, 0x95FA, 0x95FA, 0x95FA, 0x95FA, 0x95FA, 0x95DA, 0x95DA,   // 0x1FF0 (8176) pixels
0x95DA, 0x95FA, 0x95DA, 0x95FA, 0x95DA, 0x95DA, 0x95DA, 0x95DA, 0x95DA, 0x95DA, 0x95DA, 0x95DA, 0x95DA, 0x95FA, 0x95FA, 0x8DFA,   // 0x2000 (8192) pixels
0x8DDA, 0x95DA, 0x95DA, 0x95DA, 0x95DA, 0x95DA, 0x95DA, 0x95DA, 0x95DA, 0x95DA, 0x95DA, 0x8DDA, 0x95FB, 0x8DDA, 0x8DDA, 0x95FB,   // 0x2010 (8208) pixels
0x95DA, 0x9DFB, 0x9DDA, 0x9DB9, 0xAE3B, 0xD6FE, 0xCEBE, 0xB5BA, 0xB579, 0xB559, 0xBDBA, 0x9C96, 0x6B0F, 0x7BB1, 0xCE3A, 0xEF3E,   // 0x2020 (8224) pixels
0xB597, 0x9492, 0xDEDB, 0xE73C, 0xE73C, 0xE75D, 0xE73D, 0xDEFD, 0xDEDD, 0xDEDD, 0xAD15, 0x4A08, 0x6B0B, 0x83CD, 0xBD72, 0xDE97,   // 0x2030 (8240) pixels
0xEF1B, 0xE6BA, 0xDE36, 0xBD10, 0xAC4C, 0xC4EE, 0xBCAD, 0x8328, 0x49A4, 0x6AEA, 0x732D, 0x8C31, 0xE6FC, 0xE71C, 0xEF3C, 0xE6FB,   // 0x2040 (8256) pixels
0xE6FD, 0xDEDD, 0xE71D, 0xE6FD, 0xDE9B, 0x9452, 0xA4F5, 0xEF1D, 0xD65A, 0x734E, 0x524B, 0x6B0E, 0x522C, 0x8C14, 0xB539, 0xB519,   // 0x2050 (8272) pixels
0xACF9, 0x9C58, 0x8BD6, 0x72F3, 0x62B2, 0x6291, 0x7313, 0x7354, 0x4A4F, 0x6BB4, 0x9519, 0xA5BB, 0x9D9A, 0x9599, 0x9DDA, 0x9599,   // 0x2060 (8288) pixels
0x8D17, 0x63B1, 0x7434, 0x9538, 0x9D7A, 0xA5DC, 0x9DDC, 0x9DBB, 0x95BA, 0x9E1B, 0x95DA, 0x8DB9, 0x95FA, 0x95FA, 0x8DBA, 0x95FB,   // 0x2070 (8304) pixels
0x95DA, 0x95DA, 0x95FA, 0x95FA, 0x95FA, 0x95FA, 0x95FA, 0x95FA, 0x95FA, 0x95FA, 0x95DB, 0x95FB, 0x95FB, 0x8DFB, 0x8DFB, 0x8E1B,   // 0x2080 (8320) pixels
0x95DA, 0x95DA, 0x95DA, 0x95DA, 0x95DA, 0x95DA, 0x95DA, 0x95DA, 0x95BA, 0x95DA, 0x95DA, 0x95FA, 0x95FB, 0x8DFA, 0x8DDA, 0x8DFA,   // 0x2090 (8336) pixels
0x961B, 0x95FA, 0x95B9, 0xAE1B, 0xCEDD, 0xCE7C, 0xBDBA, 0xC5DB, 0xBD9A, 0xB57A, 0xBD9A, 0x8413, 0x6B2F, 0x8C32, 0xDEFC, 0xDEDC,   // 0x20A0 (8352) pixels
0x8431, 0x630C, 0xB5B7, 0xE75D, 0xEF9E, 0xDF1C, 0xD6DC, 0xEF7F, 0xEF3F, 0xDEBC, 0x736F, 0x5249, 0x736C, 0x83CC, 0xC5D3, 0xDE75,   // 0x20B0 (8368) pixels
0xC5B4, 0xB4D0, 0xA42C, 0xA40B, 0xBC8C, 0xC4ED, 0xA3EA, 0x6224, 0x3942, 0x6AEB, 0x734D, 0x94B3, 0xE71D, 0xE71D, 0xDEDA, 0xE71B,   // 0x20C0 (8384) pixels
0xE71D, 0xE71D, 0xDEBC, 0xBDB8, 0x8C32, 0x62ED, 0xB576, 0xEF5D, 0xBDB7, 0x5AAC, 0x62CC, 0x62AD, 0x5A8D, 0xA4B7, 0xACF8, 0xACF9,   // 0x20D0 (8400) pixels
0xACD9, 0x9C38, 0x8396, 0x72F3, 0x6292, 0x6292, 0x7334, 0x62F3, 0x4A90, 0x7415, 0x9559, 0x9DDB, 0x95BA, 0x95BA, 0x9DFA, 0x95B9,   // 0x20E0 (8416) pixels
0x9D98, 0x9537, 0x8495, 0x7C55, 0x9D3A, 0xADBC, 0x953A, 0x8D19, 0x9579, 0x9DDA, 0x95DA, 0x95B9, 0x95FA, 0x95FA, 0x95DA, 0x95DA,   // 0x20F0 (8432) pixels
0x95DA, 0x95DA, 0x95FA, 0x95FA, 0x95FA, 0x95FA, 0x95FA, 0x95FA, 0x95DA, 0x95DA, 0x95DA, 0x95DA, 0x8DDA, 0x8DFA, 0x8DFA, 0x8DFA,   // 0x2100 (8448) pixels
0x95DA, 0x95DA, 0x95DA, 0x95DA, 0x95DA, 0x95DA, 0x95DA, 0x95DA, 0x95DA, 0x95FA, 0x95FA, 0x95FA, 0x95FA, 0x95FA, 0x8DDA, 0x95FA,   // 0x2110 (8464) pixels
0x95FA, 0x95D9, 0xA5FA, 0xC6BD, 0xCEDD, 0xB5DA, 0xAD58, 0xC5DB, 0xB559, 0xB579, 0xAD18, 0x7B71, 0x7370, 0x9CB4, 0xE71D, 0xBDD8,   // 0x2120 (8480) pixels
0x630D, 0x5ACB, 0x73AF, 0x9CF4, 0xD69A, 0xC618, 0x8431, 0x94B4, 0xD69C, 0xB598, 0x524A, 0x62CB, 0x7B8D, 0x83AC, 0xB551, 0xCDF3,   // 0x2130 (8496) pixels
0xB4AD, 0xB48C, 0xC4ED, 0xDD6F, 0xDD6E, 0xB42A, 0x7A64, 0x4100, 0x4123, 0x6AEC, 0x7B8F, 0xB5B8, 0xDEDD, 0xBDD8, 0x94B3, 0xBDF8,   // 0x2140 (8512) pixels
0xD6BB, 0xAD56, 0x7BD0, 0x5AAB, 0x39E8, 0x528B, 0xCE39, 0xE71D, 0x9452, 0x4A29, 0x732E, 0x522B, 0x6AEF, 0xB539, 0xACD8, 0xB51A,   // 0x2150 (8528) pixels
0xA499, 0x9417, 0x7B55, 0x6AD3, 0x6271, 0x6292, 0x7354, 0x5AB1, 0x52D1, 0x8497, 0x9D9A, 0x9DDA, 0x95DA, 0x95DA, 0x95FA, 0x95DA,   // 0x2160 (8544) pixels
0x95B9, 0xA5FA, 0x8D37, 0x8496, 0x8477, 0x73D5, 0x6B94, 0x7415, 0x84B7, 0x9559, 0x9DDA, 0x9DDA, 0x95DA, 0x95FA, 0x95FA, 0x8DDA,   // 0x2170 (8560) pixels
0x95DA, 0x95DA, 0x95FA, 0x95FA, 0x95FA, 0x95FA, 0x95FA, 0x95FA, 0x95FA, 0x95FA, 0x95DA, 0x95FA, 0x95FB, 0x95FB, 0x95FB, 0x8DFB,   // 0x2180 (8576) pixels
0x95DB, 0x95DB, 0x95FA, 0x95FA, 0x95FA, 0x95FA, 0x95FA, 0x95FA, 0x95FA, 0x961B, 0x95FA, 0x95DA, 0x95FA, 0x95FA, 0x95FA, 0x95FA,   // 0x2190 (8592) pixels
0x95D9, 0x9DF9, 0xBEBC, 0xC6DD, 0xB5B9, 0xAD78, 0xBDDA, 0xBD9A, 0xBD7A, 0xBD9A, 0x9C76, 0x6B30, 0x7370, 0x83F1, 0xA4F4, 0x6B4E,   // 0x21A0 (8608) pixels
0x4A6A, 0x736E, 0x6B6E, 0x634D, 0x8430, 0x7BCF, 0x39C7, 0x4A6A, 0x8C32, 0x6B4F, 0x4A4A, 0x6B2D, 0x736C, 0x7BAC, 0x942E, 0xBD50,   // 0x21B0 (8624) pixels
0xDDB0, 0xD54E, 0xD4EC, 0xCCAB, 0xB3E9, 0x7A44, 0x5121, 0x4101, 0x5A28, 0x730D, 0x6B0E, 0x8C33, 0x7BF1, 0x4A6B, 0x39C8, 0x738F,   // 0x21C0 (8640) pixels
0x8C51, 0x52AA, 0x39C7, 0x4209, 0x526A, 0x736E, 0xAD56, 0xA4F4, 0x62CC, 0x4A2A, 0x6B2E, 0x4A0B, 0x83D3, 0xBD5A, 0xACD8, 0xB51A,   // 0x21D0 (8656) pixels
0xA478, 0x93F7, 0x7314, 0x6AB2, 0x6272, 0x6AD2, 0x7334, 0x4A70, 0x6332, 0x94F9, 0xA5BB, 0x9DBA, 0x95DA, 0x95DA, 0x95DA, 0x95FA,   // 0x21E0 (8672) pixels
0x95F9, 0x9DFA, 0xA5FA, 0x9D9A, 0x6BB4, 0x422E, 0x5AD1, 0x7394, 0x7BF5, 0x8CB7, 0xA59A, 0xA5FA, 0x95DA, 0x95DA, 0x961B, 0x95FA,   // 0x21F0 (8688) pixels
0x95DA, 0x95DA, 0x95FA, 0x95FA, 0x95FA, 0x95FA, 0x95FA, 0x95FA, 0x95FA, 0x95FA, 0x95FA, 0x95FA, 0x95FB, 0x95FB, 0x95FB, 0x95FB,   // 0x2200 (8704) pixels
0x95DA, 0x95DA, 0x95FA, 0x95FA, 0x95FA, 0x95FA, 0x95FA, 0x95FA, 0x95FA, 0x961B, 0x95FA, 0x95DA, 0x95FA, 0x95FA, 0x95DA, 0x95D9,   // 0x2210 (8720) pixels
0x9DF9, 0xB67B, 0xCEFD, 0xBE3A, 0x9D16, 0xB599, 0xCE1C, 0xB579, 0xBD7A, 0xBD9A, 0x83B3, 0x6B30, 0x7391, 0x6B4F, 0x6B2E, 0x528A,   // 0x2220 (8736) pixels
0x5AED, 0x736F, 0x7BAF, 0x73AF, 0x632C, 0x5AEC, 0x4A6A, 0x630C, 0x630D, 0x528B, 0x62ED, 0x734E, 0x734D, 0x734C, 0x734B, 0x8BCC,   // 0x2230 (8752) pixels
0xA3EA, 0xAC09, 0xA3A8, 0x9307, 0x7A24, 0x5101, 0x40C2, 0x51A6, 0x72EC, 0x7B6F, 0x6B4F, 0x632E, 0x4A8B, 0x4229, 0x4A6A, 0x630C,   // 0x2240 (8768) pixels
0x528A, 0x4207, 0x52AA, 0x6B4D, 0x6B6E, 0x736E, 0x736E, 0x62CC, 0x524A, 0x6AED, 0x62AD, 0x5A6C, 0xACD7, 0xBD3A, 0xACD9, 0xA4B9,   // 0x2250 (8784) pixels
0x9C58, 0x8BD6, 0x72F3, 0x6AB3, 0x6292, 0x6AF3, 0x6B13, 0x4A70, 0x6B94, 0x9D5A, 0xA5DB, 0x95BA, 0x95DA, 0x95FA, 0x95DA, 0x95FA,   // 0x2260 (8800) pixels
0x961A, 0x8DF9, 0x9E1B, 0x9DBB, 0x6373, 0x420E, 0x62D2, 0x7353, 0x7BB5, 0x8C16, 0x9CF8, 0xA5BA, 0xA5DB, 0x9DFB, 0x961B, 0x961B,   // 0x2270 (8816) pixels
0x95FA, 0x9DFA, 0x95FA, 0x95FA, 0x95FA, 0x961A, 0x961A, 0x95FA, 0x95FA, 0x95FA, 0x95DA, 0x95DA, 0x95DA, 0x95FA, 0x95FA, 0x95FA,   // 0x2280 (8832) pixels
0x95FA, 0x95FA, 0x95FA, 0x95FA, 0x95FA, 0x95FA, 0x95FA, 0x95FA, 0x8DFA, 0x961A, 0x95FA, 0x95FA, 0x9E1A, 0x95DA, 0x95B9, 0x9DD9,   // 0x2290 (8848) pixels
0xB69B, 0xC6FD, 0xBE7B, 0xA577, 0xAD78, 0xBDDA, 0xC5BA, 0xBD59, 0xBD59, 0xB539, 0x7351, 0x7330, 0x83D2, 0x7390, 0x6B4E, 0x73AF,   // 0x22A0 (8864) pixels
0x738F, 0x7390, 0x736F, 0x7BAF, 0x738F, 0x7BCF, 0x738E, 0x7BCF, 0x7BB0, 0x738F, 0x738F, 0x7BAF, 0x7BAF, 0x736D, 0x736D, 0x72EA,   // 0x22B0 (8880) pixels
0x6A45, 0x6A24, 0x59A3, 0x4902, 0x40C2, 0x40C3, 0x5187, 0x72CD, 0x730E, 0x6B0E, 0x7390, 0x738F, 0x6B6F, 0x6B6E, 0x73CF, 0x6B6E,   // 0x22C0 (8896) pixels
0x6B4D, 0x632C, 0x73AF, 0x6B6E, 0x6B6E, 0x738F, 0x6B2D, 0x6B0D, 0x6B0D, 0x7B90, 0x522B, 0x6AEF, 0xB519, 0xB4F9, 0xB4FA, 0xA499,   // 0x22D0 (8912) pixels
0x9417, 0x8375, 0x6AD3, 0x6A92, 0x6292, 0x6AF3, 0x62D2, 0x5291, 0x7C16, 0x9D9B, 0xA5DB, 0x95BA, 0x95FA, 0x95FA, 0x8DDA, 0x961A,   // 0x22E0 (8928) pixels
0x8E1A, 0x8DF9, 0x8DDA, 0x9DBB, 0x8477, 0x5290, 0x522F, 0x6AF2, 0x83B5, 0x83D5, 0x8C56, 0x9D39, 0xA5DB, 0xA61B, 0x95FB, 0x95FA,   // 0x22F0 (8944) pixels
0x9DFA, 0x9DFA, 0x95FA, 0x95FA, 0x95FA, 0x961A, 0x961A, 0x961A, 0x95FA, 0x95FA, 0x95FA, 0x95FA, 0x95FA, 0x95FA, 0x95FA, 0x95FA,   // 0x2300 (8960) pixels
0x9DDA, 0x95FA, 0x95FA, 0x95FA, 0x95FA, 0x95FA, 0x961A, 0x961A, 0x8DFA, 0x961A, 0x961A, 0x9DFA, 0x9DFA, 0x9DD9, 0xA61A, 0xB69C,   // 0x2310 (8976) pixels
0xCF1D, 0xC6BB, 0xADB8, 0xA557, 0xBDDA, 0xC5BB, 0xB559, 0xBD5A, 0xBD5A, 0xACF8, 0x7B72, 0x6AEF, 0x7350, 0x6B2F, 0x6B2E, 0x736F,   // 0x2320 (8992) pixels
0x630E, 0x7B91, 0x6B4F, 0x6B4E, 0x6B6F, 0x6B6E, 0x6B4E, 0x738F, 0x736F, 0x738F, 0x6B0E, 0x734F, 0x734F, 0x734E, 0x7B8F, 0x730C,   // 0x2330 (9008) pixels
0x72CB, 0x6248, 0x4986, 0x4967, 0x59EA, 0x626D, 0x6ACF, 0x7330, 0x7B71, 0x630F, 0x6B6F, 0x6B8F, 0x738F, 0x6B4E, 0x736E, 0x734E,   // 0x2340 (9024) pixels
0x73AF, 0x738F, 0x736F, 0x6B2E, 0x734E, 0x7BD0, 0x7B90, 0x734F, 0x734F, 0x6B0E, 0x524C, 0x8BF3, 0xB4F9, 0xB4D9, 0xB4FA, 0xA499,   // 0x2350 (9040) pixels
0x8BD7, 0x7B14, 0x6A92, 0x6272, 0x6293, 0x6AF3, 0x5271, 0x5AD2, 0x8C98, 0xA5BB, 0x9DDB, 0x95DA, 0x95FB, 0x95FA, 0x95FB, 0x8DFA,   // 0x2360 (9056) pixels
0x8E1A, 0x8E1A, 0x961B, 0xA61C, 0xA5BC, 0x73B4, 0x4A0F, 0x6AD1, 0x7B54, 0x8395, 0x8BF5, 0x9497, 0xA57A, 0xA5DB, 0x95DA, 0x95FA,   // 0x2370 (9072) pixels
0x9DFA, 0x9DFA, 0x95FA, 0x961A, 0x961A, 0x8E1A, 0x8E1A, 0x8E1A, 0x961B, 0x961B, 0x95FB, 0x95FB, 0x9DFB, 0x9DFB, 0x9DFB, 0x9DFB,   // 0x2380 (9088) pixels
0x9DFB, 0x9DFB, 0x95FB, 0x95FB, 0x95FB, 0x961A, 0x8E1A, 0x8E1A, 0x961A, 0x961A, 0x95FA, 0x9DFA, 0x9DD9, 0x9DD9, 0xB67C, 0xD75F,   // 0x2390 (9104) pixels
0xD75E, 0xAE19, 0xA577, 0xB5B9, 0xBDDB, 0xBD9B, 0xBD5A, 0xB51A, 0xC57B, 0xACF9, 0x8BF4, 0x62CF, 0x62CF, 0x62CE, 0x62EE, 0x5A8C,   // 0x23A0 (9120) pixels
0x62CE, 0x5AAE, 0x5ACE, 0x6B2F, 0x62ED, 0x5AAC, 0x62ED, 0x5ACD, 0x5AAD, 0x5AAD, 0x5A8C, 0x5AAD, 0x524B, 0x5A8C, 0x5A6C, 0x62AC,   // 0x23B0 (9136) pixels
0x5A8B, 0x5A4B, 0x522B, 0x5A2C, 0x5A4D, 0x524E, 0x524E, 0x5A8F, 0x526E, 0x528D, 0x52AD, 0x528C, 0x528C, 0x5A8C, 0x5A8C, 0x62AC,   // 0x23C0 (9152) pixels
0x5A8C, 0x5ACC, 0x5AAC, 0x5AAD, 0x526C, 0x526C, 0x5AAD, 0x5A6C, 0x62AD, 0x49EB, 0x628E, 0xB519, 0xB4F9, 0xB4D9, 0xAC99, 0x9C58,   // 0x23D0 (9168) pixels
0x8B96, 0x72D3, 0x6292, 0x6272, 0x62B3, 0x6AF3, 0x4A30, 0x6312, 0x94F9, 0xA5DB, 0x9DFB, 0x95DA, 0x961B, 0x961B, 0x95FB, 0x8DFA,   // 0x23E0 (9184) pixels
0x8E1A, 0x8E3B, 0x95FB, 0x95BA, 0xA5DC, 0x94F9, 0x5AD1, 0x5250, 0x6AF2, 0x8395, 0x8BD6, 0x8C37, 0x9CF9, 0x9D7A, 0x9D9A, 0xA5FB,   // 0x23F0 (9200) pixels
0x9DDB, 0x9DFA, 0x9DFA, 0x961A, 0x961A, 0x8E1A, 0x8E1A, 0x8E1A, 0x961A, 0x95FA, 0x95FA, 0x95FA, 0x95FA, 0x95FA, 0x95FA, 0x95FA,   // 0x2400 (9216) pixels
0x9DFA, 0x9DFA, 0x95FA, 0x961A, 0x961A, 0x961A, 0x8E1A, 0x8E1A, 0x8DD9, 0x9E3B, 0x95F9, 0x95B9, 0x9DD9, 0xB65B, 0xD73E, 0xD73E,   // 0x2410 (9232) pixels
0xB65A, 0xA5B8, 0xA5B8, 0xB5BA, 0xBD9A, 0xBD9B, 0xBD3A, 0xBD1A, 0xBD3B, 0xBD3A, 0xB53A, 0xAD19, 0xAD18, 0xAD17, 0xACF7, 0xA4F7,   // 0x2420 (9248) pixels
0xA4F7, 0xA4F7, 0xA4F7, 0xA4D6, 0xA4D6, 0xA4D6, 0xA4D6, 0xA4D6, 0x9CB5, 0x9C95, 0x9C96, 0x9C95, 0x9C95, 0x9C75, 0x9C75, 0x9C75,   // 0x2430 (9264) pixels
0x9434, 0x9434, 0x8C34, 0x8C15, 0x8BF5, 0x83F5, 0x83F5, 0x83F5, 0x8414, 0x8414, 0x8414, 0x8C14, 0x8BF4, 0x8BF4, 0x93D4, 0x93D4,   // 0x2440 (9280) pixels
0x8BF3, 0x83F3, 0x83F3, 0x83F3, 0x83D3, 0x83D3, 0x83B2, 0x83B2, 0x83B3, 0x9434, 0xACD7, 0xB4F8, 0xB4F9, 0xB4D9, 0xAC99, 0x9417,   // 0x2450 (9296) pixels
0x7B34, 0x6AB2, 0x5A51, 0x5211, 0x7314, 0x5A71, 0x4A30, 0x73B5, 0x9D7B, 0x9DBA, 0x9DFB, 0x95FB, 0x8DDA, 0x95FA, 0x961B, 0x8DFB,   // 0x2460 (9312) pixels
0x8DFA, 0x95FB, 0x8DDA, 0x95DB, 0xA5FB, 0x9D9B, 0x8457, 0x5290, 0x5A90, 0x7333, 0x8BD6, 0x9437, 0x8C57, 0x8C77, 0x94F8, 0xA5BB,   // 0x2470 (9328) pixels
0xA5DB, 0x9DDA, 0x95DA, 0x95FA, 0x961A, 0x961A, 0x8E1A, 0x8E1A, 0x961A, 0x961A, 0x95FA, 0x95DA, 0x95DA, 0x95FA, 0x95FB, 0x95FA,   // 0x2480 (9344) pixels
0x9DFA, 0x9DFA, 0x95FA, 0x961A, 0x961A, 0x961A, 0x961A, 0x961A, 0x95FA, 0x9E3A, 0x95D9, 0x9DF9, 0xAE5A, 0xCEDD, 0xDF5F, 0xCEFD,   // 0x2490 (9360) pixels
0xADF9, 0x9DB8, 0xADB9, 0xADBA, 0xB59B, 0xBD7C, 0xBD5B, 0xBD1B, 0xBD1B, 0xBD3A, 0xB53A, 0xB53A, 0xB53A, 0xB559, 0xB559, 0xB559,   // 0x24A0 (9376) pixels
0xBD7A, 0xB57A, 0xBD7A, 0xB57A, 0xB579, 0xB579, 0xB559, 0xB559, 0xBD79, 0xBD7A, 0xBD7A, 0xBD7A, 0xBD59, 0xBD59, 0xBD59, 0xBD59,   // 0x24B0 (9392) pixels
0xBD59, 0xBD59, 0xBD5A, 0xB55A, 0xB55B, 0xB55B, 0xB55B, 0xB55A, 0xB559, 0xB559, 0xB559, 0xB559, 0xBD3A, 0xBD3A, 0xBD1B, 0xBD1A,   // 0x24C0 (9408) pixels
0xB55A, 0xB559, 0xB55A, 0xB55A, 0xB55A, 0xB55A, 0xB53A, 0xB539, 0xB539, 0xB539, 0xB539, 0xB4F9, 0xACB8, 0xAC99, 0xA458, 0x93D7,   // 0x24D0 (9424) pixels
0x7314, 0x6292, 0x5A31, 0x5A51, 0x6AD3, 0x5250, 0x4A50, 0x7C16, 0xA5BB, 0x9DDB, 0x9DFB, 0x9E1B, 0x95FA, 0x95FA, 0x961B, 0x8DFA,   // 0x24E0 (9440) pixels
0x95FB, 0x961B, 0x95DA, 0x95DB, 0x9DFB, 0xA5DB, 0x9D3A, 0x7BF5, 0x5AD1, 0x7333, 0x8BD6, 0x9437, 0x8C37, 0x83F6, 0x8436, 0x8CB8,   // 0x24F0 (9456) pixels
0x9D9A, 0x9DDA, 0x9DFB, 0x9DFA, 0x95FA, 0x961B, 0x961B, 0x95FA, 0x95FA, 0x961B, 0x961B, 0x95FB, 0x95FB, 0x9E1B, 0x95FA, 0x8DFA,   // 0x2500 (9472) pixels
0x9DFA, 0x95FA, 0x95FA, 0x961A, 0x961A, 0x961A, 0x961A, 0x961A, 0x961A, 0x95F9, 0x9DD9, 0xAE3A, 0xC6DC, 0xDF5F, 0xDF5E, 0xBE5B,   // 0x2510 (9488) pixels
0xA5B8, 0x9DB9, 0xADDA, 0xAD9A, 0xAD5A, 0xBD7B, 0xBD3B, 0xB51B, 0xB4FA, 0xB4FA, 0xB51A, 0xB519, 0xB519, 0xB519, 0xB539, 0xB539,   // 0x2520 (9504) pixels
0xB519, 0xB519, 0xB519, 0xB519, 0xB519, 0xB539, 0xB519, 0xB519, 0xB519, 0xB519, 0xB519, 0xB4F9, 0xACF9, 0xACF9, 0xACF9, 0xACF9,   // 0x2530 (9520) pixels
0xB4B8, 0xB4B8, 0xB4B8, 0xB4D8, 0xACD8, 0xACD8, 0xACF8, 0xACF8, 0xACF7, 0xACF7, 0xACF8, 0xACD8, 0xACD8, 0xB4D9, 0xB4B9, 0xACB9,   // 0x2540 (9536) pixels
0xACD9, 0xACD8, 0xACD9, 0xACD9, 0xACF9, 0xACF9, 0xACF9, 0xACF9, 0xB4F9, 0xACF9, 0xACD9, 0xACB8, 0xA498, 0xA478, 0x9C17, 0x8375,   // 0x2550 (9552) pixels
0x6AD3, 0x6251, 0x5230, 0x5A71, 0x5A71, 0x4A0F, 0x5291, 0x8C98, 0xA5DB, 0xA5DB, 0x9DFA, 0x961A, 0x961A, 0x961B, 0x95FB, 0x95FA,   // 0x2560 (9568) pixels
0x95FA, 0x9E1B, 0x95DA, 0x95DA, 0x95DA, 0x9E1B, 0xA5DB, 0x9519, 0x5B12, 0x6B33, 0x8395, 0x9417, 0x9417, 0x8BF6, 0x83F6, 0x8436,   // 0x2570 (9584) pixels
0x9518, 0x9D9A, 0xA5DB, 0x9DDA, 0x95DA, 0x9DFB, 0x9DFB, 0x95DA, 0x95DA, 0x9DFB, 0x9DFB, 0x9DFB, 0x9E1B, 0x961B, 0x961A, 0x8DFA,   // 0x2580 (9600) pixels
0x95FA, 0x95FA, 0x95FA, 0x961A, 0x961A, 0x961A, 0x95FA, 0x95FA, 0x9E1A, 0x95B9, 0xA5F9, 0xBE9C, 0xD71E, 0xDF5F, 0xCEDC, 0xADD8,   // 0x2590 (9616) pixels
0x9DD9, 0xA5DA, 0xADFB, 0xA55A, 0xA51A, 0xB55B, 0xBD3B, 0xB4FA, 0xB51A, 0xB51A, 0xB51A, 0xB519, 0xB519, 0xB519, 0xB4F9, 0xB519,   // 0x25A0 (9632) pixels
0xB51A, 0xB51A, 0xB51A, 0xB51A, 0xB51A, 0xB51A, 0xB519, 0xB519, 0xB51A, 0xB51A, 0xB51A, 0xB519, 0xB519, 0xB519, 0xB51A, 0xB4FA,   // 0x25B0 (9648) pixels
0xBCD9, 0xBCD9, 0xBCD9, 0xBCF9, 0xB4F9, 0xB4F9, 0xB4F8, 0xB4F8, 0xB4F8, 0xB4F8, 0xB4F8, 0xB4F8, 0xB4F9, 0xB4F9, 0xB4DA, 0xB4DA,   // 0x25C0 (9664) pixels
0xB4FA, 0xACF9, 0xACFA, 0xACFA, 0xACFA, 0xACFA, 0xB4FA, 0xACF9, 0xACF9, 0xACD9, 0xACD9, 0xACB9, 0xA478, 0x9C18, 0x8B96, 0x72F3,   // 0x25D0 (9680) pixels
0x6292, 0x5A31, 0x51F0, 0x5A71, 0x5210, 0x4A0F, 0x5AF2, 0x94D9, 0xA5DB, 0xA5DB, 0x9DDA, 0x95FA, 0x961A, 0x961A, 0x95FA, 0x95FA,   // 0x25E0 (9696) pixels
0x95DA, 0x9DFB, 0x95FA, 0x95FA, 0x95FA, 0x95FA, 0x9DFB, 0x9539, 0x5B32, 0x62F2, 0x7334, 0x8BD6, 0x9418, 0x9417, 0x9416, 0x8C16,   // 0x25F0 (9712) pixels
0x8C97, 0x9539, 0xA59A, 0xA5BB, 0xA5DB, 0x9DDB, 0xA5DB, 0x9DDB, 0x9DDA, 0x9DDA, 0x9DDB, 0x9DDA, 0x95DA, 0x95FA, 0x961A, 0x961B,   // 0x2600 (9728) pixels
0x961A, 0x961A, 0x961B, 0x961B, 0x961B, 0x961B, 0x961A, 0x9DFA, 0x9DFA, 0x9DD9, 0xAE5B, 0xCF1E, 0xDF7F, 0xD73E, 0xC67A, 0xADD8,   // 0x2610 (9744) pixels
0xA5F9, 0xA5FA, 0xA5DB, 0x9D39, 0x9CF9, 0xAD3B, 0xB53B, 0xB51A, 0xB4FA, 0xB519, 0xB519, 0xB519, 0xB519, 0xB51A, 0xB4FA, 0xB51A,   // 0x2620 (9760) pixels
0xB51A, 0xB51A, 0xB51A, 0xB51A, 0xB51A, 0xB51A, 0xB51A, 0xB51A, 0xB4F9, 0xB4F9, 0xB4F9, 0xB4F9, 0xB4F9, 0xACD9, 0xACF9, 0xB4D9,   // 0x2630 (9776) pixels
0xBCDA, 0xBCBA, 0xBCD9, 0xBCD9, 0xB4D9, 0xB4D9, 0xB4D8, 0xB4D8, 0xB4F8, 0xB4F8, 0xB4F8, 0xB4F8, 0xB4F9, 0xB4F9, 0xACF9, 0xACF9,   // 0x2640 (9792) pixels
0xB4F9, 0xACF9, 0xACFA, 0xACFA, 0xB4FA, 0xB4FA, 0xACFA, 0xACFA, 0xB51A, 0xACFA, 0xACD9, 0xA478, 0x93F7, 0x8B96, 0x7B15, 0x6A93,   // 0x2650 (9808) pixels
0x5A51, 0x5210, 0x49EF, 0x5A51, 0x49CF, 0x4A0F, 0x5AF2, 0x7C36, 0xA59A, 0xA5FB, 0x9DFA, 0x95D9, 0x95FA, 0x961A, 0x95FA, 0x95FA,   // 0x2660 (9824) pixels
0x9DDA, 0x9DFB, 0x95FA, 0x961A, 0x961A, 0x961A, 0x9DFB, 0x8D39, 0x5B53, 0x5AD2, 0x62D3, 0x8396, 0x93F7, 0x9418, 0x93F7, 0x83D6,   // 0x2670 (9840) pixels
0x8436, 0x8CB7, 0x9D3A, 0xADBB, 0xADDC, 0xA5BB, 0xA59A, 0xA5BB, 0xA5BB, 0xA5BB, 0xA5DB, 0x9DDB, 0x9DDA, 0x95FA, 0x961B, 0x963B,   // 0x2680 (9856) pixels
0x961A, 0x961A, 0x961B, 0x961B, 0x961B, 0x95FB, 0x9DFA, 0x9DFA, 0x9DD9, 0xA5FA, 0xBEBC, 0xD73E, 0xDF5E, 0xCEDC, 0xB619, 0xADF9,   // 0x2690 (9872) pixels
0xA5FA, 0x9DDA, 0xA5DB, 0x9D59, 0x94D9, 0xA4FA, 0xACFA, 0xB51A, 0xACF9, 0xACF9, 0xB4F9, 0xB4F9, 0xB4F9, 0xB4FA, 0xB4DA, 0xB4FA,   // 0x26A0 (9888) pixels
0xACD9, 0xACF9, 0xACD9, 0xACD9, 0xACDA, 0xB4DA, 0xACDA, 0xACD9, 0xB4FA, 0xB4FA, 0xB4F9, 0xB4F9, 0xB4F9, 0xB4F9, 0xB4FA, 0xB4FA,   // 0x26B0 (9904) pixels
0xB4DA, 0xB4BA, 0xB4D9, 0xB4D9, 0xB4F9, 0xB4F9, 0xB4F9, 0xB4F9, 0xB4D9, 0xB4D9, 0xB4D9, 0xB4F9, 0xB4F9, 0xACF9, 0xACF9, 0xACF9,   // 0x26C0 (9920) pixels
0xACF9, 0xACF9, 0xACD9, 0xACF9, 0xB4FA, 0xB4FA, 0xACDA, 0xACDA, 0xACB9, 0xA498, 0x9C58, 0x93F7, 0x8375, 0x7B14, 0x6AB3, 0x5A52,   // 0x26D0 (9936) pixels
0x5210, 0x51F0, 0x51F0, 0x5210, 0x41AE, 0x5250, 0x6333, 0x6373, 0x9538, 0xA5FA, 0xA61B, 0x95F9, 0x95FA, 0x961A, 0x95FA, 0x9DFA,   // 0x26E0 (9952) pixels
0x9DFA, 0x9DFA, 0x95FA, 0x961A, 0x961A, 0x961A, 0x9E1B, 0x957A, 0x6BD4, 0x5AD2, 0x62B2, 0x7B55, 0x8BB7, 0x9417, 0x9417, 0x83D6,   // 0x26F0 (9968) pixels
0x83F5, 0x8C36, 0x9CD8, 0xAD5A, 0xAD9B, 0xA55A, 0x9D3A, 0xA57A, 0xA57A, 0xA57A, 0xA5BB, 0xA5DB, 0xA5FB, 0x9DFB, 0x95FB, 0x961B,   // 0x2700 (9984) pixels
0x961A, 0x961A, 0x961A, 0x961A, 0x961B, 0x9DFB, 0x9DFA, 0x9DFA, 0x9DB9, 0xB65B, 0xCEFE, 0xD71E, 0xD71D, 0xC6BB, 0xADD7, 0xADF8,   // 0x2710 (10000) pixels
0x9DFA, 0x95DA, 0xA5DB, 0x9D7A, 0x94D8, 0x9498, 0x9C98, 0xA4B8, 0xACD8, 0xACF8, 0xACF8, 0xACF8, 0xACD9, 0xACD9, 0xACDA, 0xACB9,   // 0x2720 (10016) pixels
0xB4D9, 0xB4D9, 0xB4D9, 0xB4DA, 0xB4DA, 0xB4DA, 0xB4DA, 0xB4DA, 0xB4B9, 0xACD9, 0xACD9, 0xACD9, 0xACD9, 0xACD9, 0xACD9, 0xACD9,   // 0x2730 (10032) pixels
0xACD9, 0xACD9, 0xACF9, 0xACF9, 0xACF9, 0xACF9, 0xACF9, 0xB4FA, 0xACDA, 0xB4DA, 0xB4DA, 0xB4DA, 0xACFA, 0xACFA, 0xACF9, 0xACF9,   // 0x2740 (10048) pixels
0xACD8, 0xACD8, 0xB4D9, 0xACD9, 0xACD9, 0xACD9, 0xACB9, 0xA498, 0xA478, 0x9C37, 0x9417, 0x8BB6, 0x7B14, 0x6AB3, 0x5A32, 0x51D0,   // 0x2750 (10064) pixels
0x51F0, 0x51EF, 0x5210, 0x49CF, 0x41AE, 0x62D2, 0x8436, 0x6BB3, 0x7C75, 0x9DB9, 0xA61A, 0x9DF9, 0x9DFA, 0x9E1A, 0x95FA, 0x9DFA,   // 0x2760 (10080) pixels
0x9DFA, 0x95FA, 0x95F9, 0x9619, 0x9619, 0x961A, 0x9E1B, 0x9DBA, 0x8CB8, 0x6B54, 0x62B2, 0x7314, 0x8376, 0x8BD7, 0x9438, 0x8C17,   // 0x2770 (10096) pixels
0x83D5, 0x8C16, 0x9477, 0xA4F9, 0xA51A, 0xA4F9, 0x9CF9, 0x9CF9, 0x9CF9, 0x94D8, 0x9518, 0x9D7A, 0xA5DB, 0x9E1B, 0x95FB, 0x95FB,   // 0x2780 (10112) pixels
0x961A, 0x961A, 0x961A, 0x961B, 0x961B, 0x9DFB, 0x9DFA, 0xA5FA, 0xA5D9, 0xC6BC, 0xD73E, 0xD6FD, 0xD6FC, 0xC69B, 0xA5B7, 0xA5D8,   // 0x2790 (10128) pixels
0x9DFA, 0x95DA, 0xA5FB, 0x9D9B, 0x94D8, 0x8C56, 0x8C36, 0x9C77, 0x9C77, 0x9C77, 0xA477, 0xA477, 0xA478, 0xA478, 0xA479, 0xA479,   // 0x27A0 (10144) pixels
0xA478, 0xA478, 0xA478, 0xA478, 0xA479, 0xA479, 0xA479, 0xA479, 0xA478, 0xA478, 0xA478, 0xA478, 0xA498, 0xA498, 0xA498, 0xA498,   // 0x27B0 (10160) pixels
0xA498, 0xA498, 0xA498, 0xA498, 0xA498, 0xA498, 0xA499, 0xA499, 0xA479, 0xA479, 0xA479, 0xA499, 0xA499, 0xA499, 0x9C98, 0x9C98,   // 0x27C0 (10176) pixels
0xA498, 0xA497, 0xA498, 0xA498, 0xA478, 0x9C58, 0x9C37, 0x9417, 0x93F6, 0x8B95, 0x7B55, 0x72F3, 0x6292, 0x5A52, 0x5A32, 0x51F1,   // 0x27D0 (10192) pixels
0x51F0, 0x51F0, 0x5210, 0x39AE, 0x41CE, 0x7374, 0xA53A, 0x7C56, 0x63B2, 0x8D38, 0xA5FA, 0x9DD9, 0x9DFA, 0x9E1B, 0x95FA, 0x961B,   // 0x27E0 (10208) pixels
0x9DFA, 0x9DFA, 0x95FA, 0x961A, 0x961A, 0x961A, 0x9E1B, 0x9DBA, 0xADBC, 0x7BF6, 0x62F3, 0x6AF3, 0x7314, 0x83B6, 0x9438, 0x9437,   // 0x27F0 (10224) pixels
0x8BF6, 0x9436, 0x9C78, 0xA4B8, 0xA4D9, 0xA4FA, 0xA4D9, 0x9CB9, 0x9478, 0x8C37, 0x8456, 0x8CD8, 0x9D9A, 0x9DFB, 0x9DFB, 0x95FB,   // 0x2800 (10240) pixels
0x961A, 0x963B, 0x961B, 0x95FA, 0x95FA, 0x9E1B, 0xA61A, 0xA5D9, 0xB63A, 0xDF3D, 0xD6FC, 0xD6FC, 0xD71D, 0xB63A, 0xA5D9, 0xA5FA,   // 0x2810 (10256) pixels
0x9DFA, 0x95DA, 0x9DDA, 0xA5DB, 0x9D39, 0x8436, 0x7BD5, 0x8BD5, 0x8BD6, 0x8BD6, 0x8BB6, 0x8BB6, 0x8BB6, 0x8BB6, 0x8BB7, 0x8BB7,   // 0x2820 (10272) pixels
0x93B7, 0x93B7, 0x8BB7, 0x93B7, 0x93B7, 0x8BD7, 0x8BD7, 0x93D7, 0x8BD6, 0x93F6, 0x93F6, 0x93F6, 0x8BD6, 0x8BF6, 0x93F6, 0x93F6,   // 0x2830 (10288) pixels
0x93F6, 0x8BD6, 0x8BD6, 0x8BD6, 0x8BF7, 0x93F7, 0x93F7, 0x93F7, 0x93F7, 0x93F7, 0x93F6, 0x93F7, 0x9417, 0x9417, 0x9417, 0x9417,   // 0x2840 (10304) pixels
0x9416, 0x9416, 0x9417, 0x93F6, 0x8BD6, 0x8BB6, 0x8B96, 0x8B96, 0x8355, 0x7B14, 0x6AD3, 0x6AB3, 0x5A72, 0x5231, 0x4A11, 0x49F0,   // 0x2850 (10320) pixels
0x51F0, 0x51F0, 0x49EF, 0x318D, 0x52B0, 0x8C97, 0xA5BB, 0x9518, 0x6BD2, 0x84B5, 0xA5DA, 0x9DBA, 0x95DA, 0x961B, 0x963B, 0x8E1A,   // 0x2860 (10336) pixels
0x961B, 0x95FB, 0x961B, 0x961A, 0x961A, 0x961B, 0x95FB, 0x9DFB, 0xA5DC, 0x9519, 0x7BD5, 0x62D2, 0x62B1, 0x7B54, 0x93F7, 0x9C38,   // 0x2870 (10352) pixels
0x9C77, 0xA498, 0xA4B8, 0xA4B9, 0xA4B9, 0xA499, 0x9C79, 0x9C38, 0x8BF7, 0x7B95, 0x7BD5, 0x73B4, 0x8497, 0xA5DC, 0xA5DB, 0x9DFB,   // 0x2880 (10368) pixels
0x961A, 0x95FA, 0x95FA, 0x961B, 0x961B, 0x9DFA, 0x9DD9, 0xA5D8, 0xC69B, 0xDF3C, 0xD6DB, 0xD6FC, 0xD6FC, 0xADF9, 0x9DD9, 0x9DDA,   // 0x2890 (10384) pixels
0x95FA, 0x95FA, 0x9DFB, 0xA5DB, 0x9D7A, 0x8CB8, 0x8415, 0x7B94, 0x7B74, 0x7B55, 0x8355, 0x8355, 0x8355, 0x8356, 0x8376, 0x8376,   // 0x28A0 (10400) pixels
0x8376, 0x8356, 0x8356, 0x8355, 0x8355, 0x8375, 0x8375, 0x8375, 0x7B55, 0x8375, 0x8375, 0x8374, 0x83B5, 0x8395, 0x7B54, 0x83B5,   // 0x28B0 (10416) pixels
0x8375, 0x8375, 0x8375, 0x7B55, 0x8376, 0x8396, 0x8376, 0x7B34, 0x8375, 0x8375, 0x8374, 0x8374, 0x8375, 0x8395, 0x8395, 0x8395,   // 0x28C0 (10432) pixels
0x8395, 0x8395, 0x8395, 0x8375, 0x7B55, 0x7B34, 0x7B14, 0x72F4, 0x72D3, 0x6A93, 0x6252, 0x5A31, 0x5231, 0x4A10, 0x49F0, 0x49F0,   // 0x28D0 (10448) pixels
0x49F0, 0x41AF, 0x41EF, 0x424F, 0x6393, 0x9539, 0xAE1C, 0x8CF7, 0x6BB2, 0x7414, 0xA59A, 0xA5FB, 0x9DFB, 0x95DA, 0x963B, 0x961B,   // 0x28E0 (10464) pixels
0x961B, 0x9DFA, 0x95FA, 0x95FB, 0x961B, 0x961B, 0x961B, 0x9DFB, 0x9DBB, 0xADDC, 0x94B8, 0x6B12, 0x7312, 0x8BB6, 0xA438, 0xA458,   // 0x28F0 (10480) pixels
0xA498, 0xA4B8, 0xA4B9, 0xA499, 0xA479, 0x9C58, 0x93F7, 0x8BB7, 0x7B14, 0x7B54, 0x6B13, 0x6B53, 0x6353, 0x9519, 0xA5FC, 0x9DDB,   // 0x2900 (10496) pixels
0x9E1A, 0x95FA, 0x95FA, 0x961B, 0x95FB, 0x95DA, 0xA5FA, 0xB63A, 0xD6FD, 0xDF1C, 0xD6DB, 0xDEFC, 0xCEBC, 0xADF9, 0x9DB9, 0x9DDA,   // 0x2910 (10512) pixels
0x95FA, 0x961A, 0x9DFB, 0x9DDA, 0xA5DB, 0x9D5A, 0x8C77, 0x7394, 0x7B74, 0x7B75, 0x7B55, 0x7B35, 0x7B14, 0x7B15, 0x7B15, 0x7B15,   // 0x2920 (10528) pixels
0x7B14, 0x7B14, 0x7B14, 0x7314, 0x7314, 0x7314, 0x7314, 0x7314, 0x7B54, 0x7B34, 0x7B54, 0x6AF2, 0x7313, 0x7B74, 0x7B53, 0x8394,   // 0x2930 (10544) pixels
0x7B33, 0x7312, 0x7313, 0x7354, 0x7334, 0x6AF3, 0x7314, 0x7B55, 0x7314, 0x7AF4, 0x7AF3, 0x7AF3, 0x7AF4, 0x7314, 0x7314, 0x7314,   // 0x2940 (10560) pixels
0x7313, 0x72F3, 0x72F3, 0x72F3, 0x72D3, 0x72D3, 0x6AB3, 0x6A92, 0x6A93, 0x6272, 0x5A52, 0x5A31, 0x5A31, 0x5231, 0x4A10, 0x4A10,   // 0x2950 (10576) pixels
0x314D, 0x39AE, 0x420F, 0x52F1, 0x8CD8, 0x9D9A, 0xADFB, 0xADDB, 0x73F3, 0x6372, 0x8CD7, 0xA5BB, 0xA5FB, 0x95DA, 0x9E1B, 0x961A,   // 0x2960 (10592) pixels
0x95FA, 0x9DFA, 0x95FB, 0x961A, 0x961A, 0x961A, 0x9DFA, 0x9DFA, 0x9DBA, 0xB5FC, 0xA539, 0x8C16, 0x9416, 0xA478, 0xA479, 0xACB9,   // 0x2970 (10608) pixels
0xACB9, 0xA4B8, 0x9C78, 0x9437, 0x9417, 0x8BD6, 0x8376, 0x7B35, 0x6AD3, 0x7314, 0x62B2, 0x62F2, 0x4A90, 0x6BD4, 0xA5BB, 0xA5DB,   // 0x2980 (10624) pixels
0x9DFA, 0x961A, 0x961A, 0x95FB, 0x95FA, 0xA61A, 0xBE9C, 0xD73E, 0xE75E, 0xE73D, 0xDEFB, 0xDEFC, 0xCEBB, 0xB61A, 0xADFA, 0x9DD9,   // 0x2990 (10640) pixels
0x961A, 0x961A, 0x95FA, 0x9DFA, 0xA5FB, 0xA5BB, 0x9518, 0x8436, 0x7394, 0x7374, 0x7354, 0x7314, 0x7314, 0x7314, 0x7314, 0x7314,   // 0x29A0 (10656) pixels
0x7314, 0x7314, 0x7314, 0x7314, 0x7314, 0x7314, 0x7314, 0x7314, 0x7313, 0x6AD2, 0x7B54, 0x6AF2, 0x8394, 0xB53A, 0xCDDC, 0xC59B,   // 0x29B0 (10672) pixels
0xACF9, 0x83D4, 0x62B0, 0x5AB0, 0x62D2, 0x62B2, 0x6292, 0x62B2, 0x6AB3, 0x6AB3, 0x6AB2, 0x6AB2, 0x6AB3, 0x6AB3, 0x6AB3, 0x6AD3,   // 0x29C0 (10688) pixels
0x6AB3, 0x6AB2, 0x6AB2, 0x6AB2, 0x72B3, 0x72B3, 0x6AB3, 0x6A92, 0x6251, 0x5A31, 0x5A31, 0x5A31, 0x5211, 0x49F0, 0x41CF, 0x41AF,   // 0x29D0 (10704) pixels
0x41CF, 0x420F, 0x4270, 0x73F5, 0xA5DC, 0xA5DB, 0x9D79, 0x84B7, 0x4AAF, 0x31EC, 0x4AAF, 0x73F4, 0x9D79, 0x9DDA, 0x9DFB, 0x9E1B,   // 0x29E0 (10720) pixels
0x9DFA, 0x9DFB, 0x9E1B, 0x9E1A, 0x9DFA, 0x9DD9, 0x9DF9, 0xA5DA, 0xADFA, 0xB5FB, 0xAD7A, 0x9C97, 0x9C57, 0xA478, 0xA499, 0xA478,   // 0x29F0 (10736) pixels
0x9C78, 0x9437, 0x8BF6, 0x83B5, 0x8375, 0x7B55, 0x72F4, 0x6AB3, 0x6AD3, 0x6272, 0x5A91, 0x5271, 0x52B1, 0x4A90, 0x8CF8, 0xAE1C,   // 0x2A00 (10752) pixels
0x9DFA, 0x9E1A, 0x9DFA, 0x95DA, 0x9E1A, 0xBEBD, 0xD73F, 0xE79F, 0xE75E, 0xE73D, 0xDEFC, 0xDEDC, 0xCE9B, 0xBE5B, 0xB63B, 0x9DD9,   // 0x2A10 (10768) pixels
0x961A, 0x961A, 0x961A, 0x961B, 0x9E1B, 0x9DDB, 0x9D9A, 0x9539, 0x7C15, 0x73B4, 0x6B33, 0x6B13, 0x6B13, 0x7314, 0x7334, 0x7314,   // 0x2A20 (10784) pixels
0x7313, 0x6B13, 0x6B13, 0x6B33, 0x6B13, 0x6B34, 0x6B34, 0x6B34, 0x7333, 0x6B12, 0x7333, 0x7332, 0xB53A, 0xEEFF, 0xF75F, 0xEEFF,   // 0x2A30 (10800) pixels
0xD67D, 0xB59A, 0x8C14, 0x5AD0, 0x524F, 0x5A91, 0x5A92, 0x5A51, 0x6272, 0x6272, 0x6272, 0x6A72, 0x6A93, 0x6A93, 0x6A93, 0x6A93,   // 0x2A40 (10816) pixels
0x6293, 0x6292, 0x6292, 0x6292, 0x6A92, 0x6A92, 0x6272, 0x6251, 0x6272, 0x5A51, 0x5A31, 0x5231, 0x49F0, 0x41CF, 0x41AF, 0x39AE,   // 0x2A50 (10832) pixels
0x422F, 0x4270, 0x6BF5, 0x9D7B, 0xA5DC, 0x9DBB, 0x9D9A, 0x5331, 0x298B, 0x210A, 0x214A, 0x4A8F, 0x94F8, 0xA5DB, 0x9DBA, 0x9DFA,   // 0x2A60 (10848) pixels
0x9DFA, 0x9DFA, 0x9E1A, 0x9DFA, 0x9DD9, 0xA5F9, 0xAE3A, 0xB65B, 0xC69D, 0xCEBD, 0xCE7D, 0xAD39, 0x9436, 0x9C77, 0xA4B9, 0x9437,   // 0x2A70 (10864) pixels
0x8BF6, 0x83B5, 0x7B74, 0x7334, 0x7314, 0x6AD3, 0x6A93, 0x6272, 0x6252, 0x51F0, 0x5230, 0x4A0F, 0x52B1, 0x424F, 0x6BD4, 0xADFC,   // 0x2A80 (10880) pixels
0x9DFA, 0x9E1A, 0x95DA, 0x95B9, 0xAE5B, 0xCF5F, 0xE79F, 0xDF5E, 0xE73D, 0xE71C, 0xDEFB, 0xD6BB, 0xCE7B, 0xC67B, 0xB65B, 0x9DDA,   // 0x2A90 (10896) pixels
0x961A, 0x961A, 0x961A, 0x961A, 0x95FB, 0x9DFA, 0x9DDB, 0xA5DB, 0x84D8, 0x7C36, 0x6B73, 0x5AF1, 0x5A91, 0x5290, 0x5270, 0x5250,   // 0x2AA0 (10912) pixels
0x5AB0, 0x5AB0, 0x52B0, 0x5291, 0x5291, 0x5291, 0x5291, 0x5291, 0x5AB1, 0x5AD1, 0x526F, 0x6B32, 0xD69E, 0xEF1F, 0xDE9D, 0xDE9D,   // 0x2AB0 (10928) pixels
0xCE3B, 0xC63B, 0xAD79, 0x8414, 0x5AB0, 0x422E, 0x4A30, 0x5251, 0x5A72, 0x5A72, 0x6272, 0x6272, 0x6272, 0x6292, 0x6293, 0x6292,   // 0x2AC0 (10944) pixels
0x5A92, 0x5A92, 0x6292, 0x62B2, 0x62B2, 0x6292, 0x6292, 0x6271, 0x5A71, 0x5231, 0x5210, 0x41CF, 0x41AE, 0x39AE, 0x41EF, 0x422F,   // 0x2AD0 (10960) pixels
0x4A90, 0x6C15, 0x9D9B, 0xAE1D, 0x959B, 0x9DBB, 0xA5DB, 0x5331, 0x298B, 0x298C, 0x318C, 0x424E, 0x94D8, 0xADDB, 0x9DBA, 0x9DFA,   // 0x2AE0 (10976) pixels
0x9DFB, 0x9DFA, 0x9DDA, 0x9DD9, 0xA5F9, 0xB63A, 0xC6BC, 0xCEFD, 0xD6FD, 0xDEFE, 0xE71F, 0xCE5D, 0xA4F8, 0x9456, 0x9457, 0x8BF6,   // 0x2AF0 (10992) pixels
0x7B74, 0x7354, 0x6AF3, 0x6AD3, 0x62B2, 0x6272, 0x5A52, 0x5A31, 0x51F1, 0x51F0, 0x51F0, 0x41EF, 0x4A50, 0x4A90, 0x4AB0, 0x953A,   // 0x2B00 (11008) pixels
0x9DFA, 0x9E1A, 0x9DDA, 0x9DB9, 0xB67C, 0xDF7F, 0xE79F, 0xDF1D, 0xE71D, 0xDEFC, 0xDEBB, 0xD69A, 0xCE7B, 0xC67B, 0xB61A, 0xA5FA,   // 0x2B10 (11024) pixels
0x9E1A, 0x961A, 0x961A, 0x961A, 0x961A, 0x9E1B, 0x9DFB, 0xA5FB, 0xA61C, 0x9D9B, 0x9519, 0x8497, 0x7C16, 0x73D5, 0x7394, 0x6B73,   // 0x2B20 (11040) pixels
0x6332, 0x5B32, 0x5B32, 0x5B12, 0x5B12, 0x5AF2, 0x5AF2, 0x5AF1, 0x4A90, 0x528F, 0x528E, 0x8414, 0xE71F, 0xE71E, 0xDEDD, 0xDEBC,   // 0x2B30 (11056) pixels
0xCE5A, 0xB5D8, 0xA537, 0x8C95, 0x6B93, 0x4A8F, 0x39EE, 0x39EE, 0x39CF, 0x41CF, 0x41CF, 0x41CF, 0x41CE, 0x41EF, 0x41CF, 0x41EF,   // 0x2B40 (11072) pixels
0x420F, 0x420F, 0x4A0F, 0x4A2F, 0x4A0F, 0x4A0F, 0x4A0F, 0x4A0F, 0x4A0F, 0x420F, 0x41EF, 0x41EE, 0x41EF, 0x4A50, 0x5AD2, 0x6374,   // 0x2B50 (11088) pixels
0x8CD8, 0xA5DC, 0x9DDC, 0x95BB, 0x9DFC, 0xA61C, 0x9D9B, 0x5332, 0x214B, 0x296C, 0x318C, 0x422E, 0x8C97, 0xADDB, 0xA5FA, 0xA61A,   // 0x2B60 (11104) pixels
0x9DFA, 0x9DFA, 0x9DFA, 0xA61A, 0xB65A, 0xC69B, 0xCEDC, 0xD6FC, 0xCE9B, 0xCE9B, 0xD6BD, 0xD6BD, 0xBDDB, 0x9456, 0x7372, 0x7B74,   // 0x2B70 (11120) pixels
0x7313, 0x6AD3, 0x62B2, 0x6292, 0x5A52, 0x5A31, 0x5211, 0x51F1, 0x51F0, 0x51F0, 0x51F0, 0x49EF, 0x41EF, 0x4A70, 0x424F, 0x8477,   // 0x2B80 (11136) pixels
0x9DDA, 0x9DFA, 0x9DFA, 0x9DD9, 0xB65B, 0xDF5F, 0xE79F, 0xE75D, 0xE73D, 0xDEDB, 0xD6BB, 0xCE7A, 0xCE7B, 0xC65B, 0xADF9, 0xAE1A,   // 0x2B90 (11152) pixels
0x9DFA, 0x9E3A, 0x9E1A, 0x961A, 0x961A, 0x9E3B, 0x9E1B, 0x95DA, 0x9DDB, 0x9DFB, 0xA5FC, 0xA5DC, 0xA5BB, 0xA59B, 0xA57B, 0x9D5A,   // 0x2BA0 (11168) pixels
0x9D59, 0x9D59, 0x9539, 0x9519, 0x8CF9, 0x8CD9, 0x8CD8, 0x8CB8, 0x8CB7, 0x8476, 0x94B7, 0xBDFB, 0xE75F, 0xDEDC, 0xEF5E, 0xCE7A,   // 0x2BB0 (11184) pixels
0xC639, 0xB5D8, 0xA537, 0x8C95, 0x7C34, 0x6BB3, 0x6373, 0x5B33, 0x5B13, 0x5B13, 0x6312, 0x6312, 0x5B12, 0x5B12, 0x5B12, 0x5B12,   // 0x2BC0 (11200) pixels
0x5B12, 0x5B12, 0x5B12, 0x5B12, 0x5AF2, 0x52D1, 0x52D1, 0x52B1, 0x5AD1, 0x5AF2, 0x5B12, 0x6353, 0x6B94, 0x7C36, 0x94F9, 0xA5BB,   // 0x2BD0 (11216) pixels
0xA5DB, 0xA61C, 0x9DDA, 0x9DDB, 0x9DFC, 0x9DDC, 0xA5DC, 0x6393, 0x29AD, 0x296C, 0x318D, 0x420E, 0x7C56, 0xA5BA, 0x9DFA, 0x95D9,   // 0x2BE0 (11232) pixels
0x9DFA, 0x9DFA, 0xA5FA, 0xB63A, 0xC69C, 0xCEDC, 0xCEBB, 0xCE9A, 0xD6BB, 0xDEFC, 0xCE7B, 0xCE3B, 0xCE3C, 0x9CD7, 0x7352, 0x6B32,   // 0x2BF0 (11248) pixels
0x6AD2, 0x6292, 0x5A71, 0x5A51, 0x5A31, 0x51F0, 0x51D0, 0x51D0, 0x51F0, 0x498F, 0x51D0, 0x49EF, 0x4A0F, 0x422F, 0x4A70, 0x7C16,   // 0x2C00 (11264) pixels
0x9DFA, 0x9DFA, 0xA5FA, 0x9DD9, 0xC69C, 0xE77F, 0xE75E, 0xE73D, 0xE6FC, 0xDEDB, 0xD69B, 0xCE7A, 0xC65A, 0xBE5A, 0xB61A, 0xA5D9,   // 0x2C10 (11280) pixels
0x9DFA, 0x9DFA, 0x9E1A, 0x9E1A, 0x9E1A, 0x9E1A, 0x9E1B, 0x9E1B, 0x9E1B, 0x9DFB, 0x9DFB, 0x9DDB, 0x9DDB, 0xA5DC, 0xA5DC, 0xA5DB,   // 0x2C20 (11296) pixels
0xA5DB, 0xA5DA, 0x9DDB, 0x9DDB, 0xA5DB, 0xA5BC, 0xA5BC, 0xA5BB, 0xA5DB, 0xA59A, 0xB61B, 0xD6FE, 0xE75E, 0xDF1D, 0xD6DB, 0xD69A,   // 0x2C30 (11312) pixels
0xC639, 0xB5B7, 0x9D16, 0x8474, 0x7C54, 0x8CF8, 0x9D7B, 0x9D5A, 0x9D5A, 0x9D5A, 0x9D5A, 0x9D5A, 0x9559, 0x9559, 0x9559, 0x9559,   // 0x2C40 (11328) pixels
0x953A, 0x9519, 0x9519, 0x8CF9, 0x8CF8, 0x8CF8, 0x8CD8, 0x8CD8, 0x8CF8, 0x8CF8, 0x9519, 0x955A, 0x9D9B, 0xA5DB, 0xA5FC, 0xA5FC,   // 0x2C50 (11344) pixels
0x9DDB, 0x9DDA, 0x9E1B, 0x95FB, 0x9E1C, 0x9DDB, 0xA5FD, 0x6BD5, 0x31CE, 0x318D, 0x318D, 0x39EE, 0x7415, 0xA5DB, 0x95DA, 0x9E1B,   // 0x2C60 (11360) pixels
0x9DFA, 0x9DD9, 0xAE3B, 0xB65B, 0xC69B, 0xD6DC, 0xCE9A, 0xD6BB, 0xD69A, 0xCE59, 0xCE5A, 0xC63A, 0xC61B, 0xB579, 0x7BB3, 0x5AB0,   // 0x2C70 (11376) pixels
0x5A71, 0x6292, 0x5A31, 0x5210, 0x51F0, 0x51D0, 0x51D0, 0x51D0, 0x51D0, 0x51F0, 0x51F0, 0x49EF, 0x41CE, 0x4A2F, 0x6B53, 0x8C77,   // 0x2C80 (11392) pixels
0x9DDA, 0x9DFA, 0xA5FA, 0xA5D9, 0xC6BC, 0xE79F, 0xE73D, 0xE71D, 0xE6FC, 0xDEDB, 0xD69B, 0xCE5A, 0xC65A, 0xBE3A, 0xB61A, 0xA5D9,   // 0x2C90 (11408) pixels
0xA5FA, 0x9DFA, 0x9DFA, 0x9DFA, 0x9E1A, 0x9E1A, 0x9E1B, 0x961B, 0x9E1B, 0x961B, 0x961B, 0x95FB, 0x9DFB, 0x9DFB, 0x9DFB, 0x9DFB,   // 0x2CA0 (11424) pixels
0x9DFB, 0x9DFB, 0x9DFB, 0x9DFB, 0x9DDB, 0x9DDB, 0x9DDB, 0xA5DB, 0xA5FB, 0xA5BA, 0xB65B, 0xD71E, 0xDF5E, 0xDF1C, 0xD6DB, 0xCE9A,   // 0x2CB0 (11440) pixels
0xBE18, 0xB5B7, 0x9D16, 0x8CB5, 0x8CD6, 0x9D79, 0xA5FC, 0xA5DB, 0xA5FC, 0xA5FB, 0xA5FB, 0xA5FB, 0x9DFB, 0x9DFB, 0x9DFA, 0x9DFB,   // 0x2CC0 (11456) pixels
0xA5FB, 0xA5FC, 0xA5FC, 0xA5FB, 0x9DFB, 0x9DFB, 0x9DFB, 0x9DFB, 0xA5FB, 0x9DFB, 0x9DDB, 0x9DDA, 0x9DDA, 0x9DDA, 0x9DDA, 0x9DBA,   // 0x2CD0 (11472) pixels
0x9DFB, 0x9DDA, 0x9DFB, 0x95DA, 0x9DFB, 0x95BB, 0xAE1D, 0x7437, 0x31CD, 0x296D, 0x298D, 0x31EE, 0x6BF4, 0x9DBB, 0x9DDA, 0x9E1B,   // 0x2CE0 (11488) pixels
0x9DFA, 0x9DD9, 0xB65B, 0xC69C, 0xC67B, 0xCE7B, 0xD69A, 0xCE7A, 0xCE59, 0xC639, 0xC639, 0xBDF9, 0xBDFA, 0xB599, 0x8C34, 0x62D0,   // 0x2CF0 (11504) pixels
0x5A30, 0x5A30, 0x5210, 0x51F0, 0x51F0, 0x51F0, 0x51F0, 0x51F0, 0x49AF, 0x49AF, 0x49CF, 0x5230, 0x4A0F, 0x4A70, 0x7BF5, 0xAD9C,   // 0x2D00 (11520) pixels
0x9DDA, 0x9DFA, 0xA5DA, 0xADFA, 0xCEDD, 0xE77F, 0xE73D, 0xE71C, 0xE6FC, 0xDEDB, 0xD69B, 0xCE7A, 0xC65A, 0xBE3A, 0xB61A, 0xA5D9,   // 0x2D10 (11536) pixels
0xA5FA, 0x9DFA, 0x9DFA, 0x9DFA, 0x9DFA, 0x9E1A, 0x9E1A, 0x961A, 0x961B, 0x961B, 0x961B, 0x961B, 0x961B, 0x9E1B, 0x961B, 0x95FB,   // 0x2D20 (11552) pixels
0x9DFB, 0x9DFB, 0x9DFB, 0x95FB, 0x9DFB, 0x9DFB, 0x9DFB, 0x9DFB, 0xA5FA, 0xA5FA, 0xBE9C, 0xDF5E, 0xDF3D, 0xD6FC, 0xD6BB, 0xC659,   // 0x2D30 (11568) pixels
0xBDD8, 0xAD97, 0x9515, 0x8CD5, 0x9537, 0x9DBA, 0xA5FB, 0x9DFB, 0x9DFB, 0x9DFB, 0x9DFA, 0x9DFA, 0x9DFA, 0x9DFA, 0x95FA, 0x95FA,   // 0x2D40 (11584) pixels
0x9DFB, 0x9DFB, 0x9DFB, 0x9DFB, 0x9DFB, 0x9DFB, 0x9DFB, 0x9DFB, 0x9DFB, 0x9DFB, 0x9DFB, 0x9DFB, 0x9E1B, 0x9E1B, 0x9E1B, 0x9DFB,   // 0x2D50 (11600) pixels
0x9DDA, 0x9DDA, 0x9E1B, 0x95FB, 0x9DFB, 0x95DB, 0xA5FC, 0x7C77, 0x31CE, 0x294C, 0x294C, 0x31CD, 0x63B4, 0x9DBB, 0x9E1B, 0x9DFB,   // 0x2D60 (11616) pixels
0x9DFA, 0x9DFA, 0xB65B, 0xC69C, 0xC65B, 0xC639, 0xCE7A, 0xC639, 0xC639, 0xC619, 0xB5D8, 0xADB8, 0xB598, 0xB599, 0x9CD7, 0x6B32,   // 0x2D70 (11632) pixels
0x522F, 0x5210, 0x51EF, 0x49CF, 0x51EF, 0x51F0, 0x51F0, 0x51EF, 0x49EF, 0x49EF, 0x4A0F, 0x4A0F, 0x4A4F, 0x6353, 0x8CD8, 0xB61D,   // 0x2D80 (11648) pixels
0x9DFB, 0x9DFA, 0x9DD9, 0xAE1A, 0xD71D, 0xEF7F, 0xE73D, 0xE6FC, 0xE6FC, 0xDEDB, 0xD69B, 0xC65A, 0xC65A, 0xBE3A, 0xADF9, 0xA5D9,   // 0x2D90 (11664) pixels
0xA5FA, 0x9DFA, 0x9DFA, 0x9DFA, 0x9DFA, 0x9DFA, 0x9E1A, 0x9E1A, 0x961B, 0x961B, 0x961B, 0x961B, 0x961B, 0x961B, 0x961B, 0x95FB,   // 0x2DA0 (11680) pixels
0x961B, 0x95FB, 0x961B, 0x961B, 0x95FB, 0x95FB, 0x9DFB, 0x9DFA, 0x9DDA, 0xA61A, 0xC6FD, 0xDF7F, 0xD71D, 0xD6DB, 0xCE9A, 0xBE18,   // 0x2DB0 (11696) pixels
0xB5B7, 0xAD77, 0x94F5, 0x8CD5, 0x9578, 0x9DDA, 0x9DDA, 0x95FA, 0x9DFA, 0x961A, 0x961A, 0x961A, 0x961A, 0x961A, 0x961A, 0x961A,   // 0x2DC0 (11712) pixels
0x95FA, 0x95FA, 0x95FA, 0x95FA, 0x95FA, 0x95FA, 0x95FA, 0x95DA, 0x9E1A, 0x961A, 0x95FA, 0x95FA, 0x961A, 0x961A, 0x95FA, 0x95FA,   // 0x2DD0 (11728) pixels
0x95DA, 0x95DA, 0x9E1B, 0x95FB, 0x9DFB, 0x9DDB, 0xADFD, 0x8CB8, 0x3A0F, 0x294C, 0x292C, 0x31AD, 0x6353, 0x9D7A, 0xA61C, 0x9DFB,   // 0x2DE0 (11744) pixels
0x9DDA, 0xA61A, 0xA5D9, 0xB63A, 0xC65B, 0xC63A, 0xC639, 0xC618, 0xBDF8, 0xBDF8, 0xAD97, 0xAD97, 0xA557, 0xAD58, 0xA538, 0x7BB3,   // 0x2DF0 (11760) pixels
0x524F, 0x5210, 0x5210, 0x5210, 0x4A0F, 0x5210, 0x4A0F, 0x4A0F, 0x49EF, 0x4A30, 0x5250, 0x52B1, 0x6B94, 0x8CD8, 0xA5BB, 0xA5DB,   // 0x2E00 (11776) pixels
0x9DFB, 0x9DFB, 0x9DD9, 0xB63A, 0xD71D, 0xE77E, 0xE73D, 0xE6FC, 0xDEFC, 0xDEBB, 0xCE9A, 0xC67A, 0xBE5A, 0xB61A, 0xADF9, 0xA5D9,   // 0x2E10 (11792) pixels
0xA5FA, 0x9DFA, 0x9DFA, 0x9DFA, 0x9DFA, 0x9DFA, 0x9DFA, 0x9DFA, 0x9DFB, 0x9DFB, 0x9E1B, 0x9E1B, 0x9E1B, 0x961B, 0x961B, 0x961B,   // 0x2E20 (11808) pixels
0x961B, 0x961B, 0x961B, 0x961B, 0x95FB, 0x95FB, 0x9DFA, 0x9DFA, 0x9DDA, 0xB65B, 0xD73E, 0xE77F, 0xD6FD, 0xD6BB, 0xCE7A, 0xBDF8,   // 0x2E30 (11824) pixels
0xAD97, 0xA557, 0x94F5, 0x8D16, 0x9DB9, 0x9DFA, 0x9DFA, 0x9E1A, 0x9E1A, 0x9E1A, 0x9E1A, 0x9E1A, 0x9E1A, 0x961A, 0x961A, 0x961A,   // 0x2E40 (11840) pixels
0x9E1A, 0x9E1B, 0x9E1B, 0x9E1B, 0x9E1B, 0x961A, 0x961A, 0x95FA, 0x9E1B, 0x961A, 0x961B, 0x961B, 0x95FB, 0x95FB, 0x95FA, 0x95FA,   // 0x2E50 (11856) pixels
0x9E1B, 0x95FA, 0x95FB, 0x95DA, 0x9DFB, 0xA5FB, 0xA5DC, 0x8CB8, 0x420E, 0x316D, 0x316D, 0x39CE, 0x52D1, 0x8498, 0x9DBB, 0x9DFB,   // 0x2E60 (11872) pixels
0x95DA, 0xA63A, 0x9557, 0x9D77, 0xC65B, 0xCE3A, 0xC5F9, 0xBDF8, 0xB5F8, 0xADD7, 0xA576, 0xA577, 0x9D16, 0x9D16, 0xA517, 0x8C35,   // 0x2E70 (11888) pixels
0x5A70, 0x49EF, 0x5210, 0x4A30, 0x49EF, 0x4A0F, 0x4A0F, 0x4A30, 0x4A2F, 0x5290, 0x6B53, 0x8477, 0x9D7A, 0xA5DB, 0xA5FB, 0xA5FB,   // 0x2E80 (11904) pixels
0x9DFB, 0x9DFB, 0x9DB9, 0xB65B, 0xDF3E, 0xE75E, 0xE73D, 0xE71C, 0xDEFC, 0xD6BB, 0xCE7A, 0xC67A, 0xBE3A, 0xB61A, 0xADF9, 0xA5D9,   // 0x2E90 (11920) pixels
0x9DFA, 0x9DFA, 0x9DFA, 0x9DFA, 0x9DFA, 0x9DFA, 0x9DFA, 0x9DFA, 0x9DFB, 0x9DFB, 0x9DFB, 0x9DFB, 0x9E1B, 0x9E1B, 0x961B, 0x961B,   // 0x2EA0 (11936) pixels
0x961B, 0x961B, 0x95FB, 0x95FB, 0x95FB, 0x9DFA, 0x9DFA, 0x9DFA, 0xA5F9, 0xBE9C, 0xD73E, 0xDF3E, 0xD6BC, 0xD67B, 0xCE39, 0xBDD8,   // 0x2EB0 (11952) pixels
0xAD97, 0xA557, 0x9516, 0x9557, 0x9DD9, 0x9DFA, 0x9DFA, 0x9E1A, 0x961A, 0x961A, 0x961A, 0x9DFA, 0x9DFA, 0x9DFA, 0x95FB, 0x95FB,   // 0x2EC0 (11968) pixels
0x95FA, 0x961A, 0x961A, 0x9E1A, 0x9E1A, 0x961A, 0x961A, 0x961A, 0x95FA, 0x95FA, 0x95FA, 0x95FB, 0x9E1B, 0x9E1B, 0x9E1B, 0x9E1B,   // 0x2ED0 (11984) pixels
0x9DFB, 0x95FB, 0x9E1B, 0x9E1B, 0x9E1B, 0x9DFB, 0x8CF8, 0x6373, 0x398D, 0x396D, 0x418E, 0x41AE, 0x41EF, 0x6333, 0x8CB8, 0x9DBB,   // 0x2EE0 (12000) pixels
0x9DDA, 0xA61A, 0x8D17, 0x8CF6, 0xBDFA, 0xC63A, 0xBDD8, 0xB5D8, 0xB5D8, 0xA596, 0x9D76, 0x9D56, 0x9D16, 0x9CD5, 0xA4F6, 0x9CB6,   // 0x2EF0 (12016) pixels
0x6B12, 0x49EF, 0x49EF, 0x4A0F, 0x41EF, 0x4A2F, 0x4A4F, 0x52B1, 0x6B73, 0x8436, 0x9D19, 0xA5BB, 0xA5FB, 0xA5FB, 0x9DFB, 0x9E1B,   // 0x2F00 (12032) pixels
0x95FB, 0x9DFB, 0x9DB9, 0xBE7C, 0xDF5E, 0xE75E, 0xE73D, 0xE71C, 0xDEFC, 0xD6BB, 0xCE7A, 0xC65A, 0xBE3A, 0xB619, 0xADD9, 0xA5D9,   // 0x2F10 (12048) pixels
0x9DFA, 0x9E1B, 0x9E1B, 0x9DFB, 0x9DFB, 0x9DFB, 0x9DFB, 0x9DFB, 0x9DFB, 0x9DFA, 0x9DFA, 0x9DFA, 0x9DFA, 0x9E1B, 0x9E1B, 0x9E1B,   // 0x2F20 (12064) pixels
0x95FB, 0x95FB, 0x9DFB, 0x9DFB, 0x9DFA, 0x9DFA, 0x9DFA, 0x9DF9, 0xA5F9, 0xC6BC, 0xCEDD, 0xC67B, 0xC63A, 0xC619, 0xBDB8, 0xB577,   // 0x2F30 (12080) pixels
0xAD77, 0x9516, 0x9536, 0x9D98, 0x9DF9, 0x9DF9, 0x95FA, 0x95F9, 0x9E1A, 0x9E1A, 0x9E1A, 0x9E1B, 0x9DFB, 0x9DFB, 0x9DFC, 0x9DFC,   // 0x2F40 (12096) pixels
0x9DFB, 0x9E1A, 0x9E1A, 0x9E1A, 0x9DFB, 0x9E1B, 0x9E1B, 0x9E1B, 0x9E1B, 0x9E1B, 0x9E1B, 0x9DFB, 0x9DFB, 0x9DFB, 0x9DDA, 0x95DA,   // 0x2F50 (12112) pixels
0x95FB, 0x95FB, 0x9E1B, 0x9E1B, 0xA63B, 0x9DDB, 0x7415, 0x422E, 0x396C, 0x396D, 0x416D, 0x416D, 0x398D, 0x4A50, 0x7C16, 0x9D7A,   // 0x2F60 (12128) pixels
0x9DDA, 0xA61A, 0x9D98, 0x8CF6, 0xA577, 0xBDFA, 0xB5D8, 0xB5B8, 0xAD97, 0x9D76, 0x9D56, 0x9536, 0x94F6, 0x9CF6, 0x9CD6, 0xA4D7,   // 0x2F70 (12144) pixels
0x83D5, 0x524F, 0x4A0F, 0x4A4F, 0x5290, 0x6312, 0x6B74, 0x8436, 0x9D1A, 0xADBC, 0xB5FC, 0xA5DB, 0x95BA, 0x95FA, 0x9E1B, 0x961A,   // 0x2F80 (12160) pixels
0x95DB, 0x9DFB, 0x9DD9, 0xBE9C, 0xDF5F, 0xE73E, 0xE73D, 0xE71C, 0xDEFC, 0xD6BB, 0xCE7A, 0xC65A, 0xBE3A, 0xAE19, 0xADD9, 0xA5D9,   // 0x2F90 (12176) pixels
0x9DFA, 0x961B, 0x9E1B, 0x9DFB, 0x9DFB, 0x9DFB, 0x9DFB, 0x9DFB, 0xA61B, 0x9DFB, 0x9DFA, 0x9DFA, 0x9DFA, 0x9E1B, 0x9E1B, 0x9E1B,   // 0x2FA0 (12192) pixels
0x9DFB, 0x9DFB, 0x9DFB, 0x9E1B, 0x9E1A, 0x9E1A, 0x9E1A, 0x9DFA, 0xA5D9, 0xC69C, 0xC69B, 0xB5F9, 0xBDD8, 0xBDB8, 0xAD36, 0xAD36,   // 0x2FB0 (12208) pixels
0x9D36, 0x8CD5, 0x9516, 0x9DD9, 0x9DFA, 0x9DFA, 0x9E1A, 0x9E1A, 0x9E1A, 0x9E1A, 0x9DFA, 0x9DFB, 0x9DFB, 0x9DFB, 0x9DFC, 0x9DFB,   // 0x2FC0 (12224) pixels
0x9E1B, 0x9E1B, 0x9DFA, 0x9DFA, 0x9DFA, 0x9DFA, 0x9DFB, 0x9DFB, 0x9DFB, 0x9DFB, 0x9DFB, 0x9DFB, 0x9DFB, 0x9DFB, 0x9DFB, 0x9DFB,   // 0x2FD0 (12240) pixels
0x9E1B, 0x95FB, 0x95FA, 0x95DA, 0x9E1B, 0xA5FB, 0x7415, 0x3A0E, 0x39AD, 0x416D, 0x392D, 0x416E, 0x41AE, 0x5250, 0x7BF6, 0x9D5A,   // 0x2FE0 (12256) pixels
0xA5FB, 0x9DFA, 0xA61A, 0x9537, 0x9516, 0xB5B8, 0xB5D8, 0xAD97, 0xA576, 0x9D36, 0x9D56, 0x94F5, 0x94F6, 0x9D16, 0x94B5, 0x9CF7,   // 0x2FF0 (12272) pixels
0x94B7, 0x52B0, 0x4A6F, 0x52D1, 0x6373, 0x8477, 0x9519, 0xB61D, 0xB5FD, 0xA5BB, 0x9D9A, 0x9DDB, 0x9E1B, 0x9E1B, 0x961B, 0x961B,   // 0x3000 (12288) pixels
0x9E3B, 0x9DFA, 0xA5FA, 0xC6DD, 0xE77F, 0xE73E, 0xE71D, 0xE6FC, 0xDEDC, 0xCE7A, 0xCE7B, 0xC67A, 0xB63A, 0xADF9, 0xA5B8, 0xA5D9,   // 0x3010 (12304) pixels
0x9DFA, 0x9E1A, 0x9E1A, 0x9DFA, 0x9DFA, 0x9DFA, 0x9DFA, 0x9DFA, 0x9DFA, 0x9DFA, 0x9DFA, 0x9DFA, 0x9DFA, 0x9DFA, 0x9DFA, 0x9DFA,   // 0x3020 (12320) pixels
0x9DFA, 0x9DFA, 0x9E1B, 0x961B, 0x961B, 0x961A, 0x9E1A, 0x9DFA, 0xA5D9, 0xADF9, 0xCE9C, 0xCE9B, 0xC619, 0xBDB8, 0xAD56, 0x9D16,   // 0x3030 (12336) pixels
0x9516, 0x9537, 0x9578, 0x9DB9, 0xA5FA, 0x9E1B, 0x9DFB, 0x95FA, 0x9DFB, 0x9DFB, 0x9DFB, 0x9DFB, 0x9DFA, 0x9DFA, 0x9DFA, 0x9DFA,   // 0x3040 (12352) pixels
0x9DFA, 0x9E1A, 0x9E1A, 0x9E1A, 0x9E1A, 0x9E1A, 0x9E1A, 0x9E1A, 0x9DFA, 0x9DFA, 0x9DFB, 0x9DFA, 0x9DFB, 0x9DFB, 0x9DFB, 0x9DFB,   // 0x3050 (12368) pixels
0x9DFB, 0x95FB, 0x9E3B, 0x95FA, 0x9E1A, 0xA61B, 0x7C55, 0x3A2E, 0x39AE, 0x396E, 0x394E, 0x396E, 0x41AE, 0x4A2F, 0x7394, 0x9D39,   // 0x3060 (12384) pixels
0x9DFA, 0x9DFA, 0x9E19, 0x9DD8, 0x9577, 0x9D96, 0xADB8, 0xAD97, 0xA556, 0x9D36, 0x9D16, 0x9CF6, 0x94F6, 0x94F5, 0x94F5, 0x94F6,   // 0x3070 (12400) pixels
0x8CF7, 0x7414, 0x63B3, 0x7C96, 0x9D9A, 0xA5FB, 0xA5DB, 0x9DFB, 0x9DDB, 0x9DDB, 0x9DFB, 0x9DFB, 0x9DFB, 0x9DFB, 0x9DFB, 0x9DFB,   // 0x3080 (12416) pixels
0x9DFA, 0x9DFA, 0xA61A, 0xC6FD, 0xDF5F, 0xDEFD, 0xDEBC, 0xD69B, 0xCE7B, 0xC619, 0xC63A, 0xBE39, 0xB619, 0xB61A, 0xADF9, 0xA5FA,   // 0x3090 (12432) pixels
0x9DFA, 0x9DFA, 0x9DFA, 0x9DFA, 0x9DFA, 0x9DFA, 0x9DFA, 0x9DFA, 0x9DFA, 0x9DFA, 0x9DFA, 0x9DFA, 0x9DFA, 0x9DFA, 0x9DFA, 0x9DFA,   // 0x30A0 (12448) pixels
0x9DFA, 0x9DFA, 0x9E1B, 0x961B, 0x961B, 0x961B, 0x9E1A, 0x9DFA, 0xA5FA, 0xADD9, 0xCEBC, 0xE73E, 0xD69C, 0xBDF9, 0xA556, 0x94F5,   // 0x30B0 (12464) pixels
0x9517, 0x9558, 0x9599, 0x9DDA, 0x9DFB, 0x9DFB, 0x9DFB, 0x9DFB, 0x9DFB, 0x9DFB, 0x9DFB, 0x9DFA, 0x9DFA, 0x9DFA, 0x9DFA, 0x9DFA,   // 0x30C0 (12480) pixels
0x9DFA, 0x9E1A, 0x9E1A, 0x9E1A, 0x9E1A, 0x9E1A, 0x9E1A, 0x9E1A, 0x9E1A, 0x9E1A, 0x9E1A, 0x9E1A, 0x9E1A, 0x9E1A, 0x9E1A, 0x9E1A,   // 0x30D0 (12496) pixels
0x9DFB, 0x9DFA, 0x9E1B, 0x9DFA, 0x9E1A, 0xA61B, 0x7C96, 0x426F, 0x39CE, 0x398E, 0x396E, 0x396F, 0x41AE, 0x4A0F, 0x6B73, 0x9D39,   // 0x30E0 (12512) pixels
0xA5FB, 0x9DFA, 0x9E1A, 0x9E19, 0x9DD8, 0xA5D8, 0xA5D7, 0xA576, 0xA557, 0xA536, 0x9D16, 0x9CF6, 0x94F6, 0x9516, 0x9536, 0x9537,   // 0x30F0 (12528) pixels
0x9578, 0x9579, 0x9DBA, 0xA61B, 0xA61B, 0x9DFB, 0x9DFB, 0x9E1B, 0x9DFB, 0x9DFB, 0x9DFB, 0x9DFB, 0x9DFB, 0x9DFB, 0x9DFB, 0xA5FB,   // 0x3100 (12544) pixels
0x95FA, 0x9DFA, 0xA61B, 0xC6DD, 0xD6FD, 0xCE9B, 0xCE5A, 0xC619, 0xC5F9, 0xB5B7, 0xB5D8, 0xADB8, 0xADD8, 0xADF9, 0xADF9, 0xA5D9,   // 0x3110 (12560) pixels
0x9DFA, 0x9DFA, 0x9DFA, 0x9DFA, 0x9DFA, 0x9DFA, 0x9DFA, 0x9DFA, 0x9DFA, 0x9DFA, 0x9DFA, 0x9DFA, 0x9DFA, 0x9DFA, 0x9DFA, 0x9DFA,   // 0x3120 (12576) pixels
0x9DFA, 0x9DFA, 0x9E1B, 0x961B, 0x961B, 0x961A, 0x9E1A, 0x9DFA, 0xA5D9, 0xADD9, 0xD6DD, 0xE73E, 0xCE9B, 0xBDF9, 0xAD77, 0x9D16,   // 0x3130 (12592) pixels
0x9D78, 0x9579, 0x9DB9, 0x9DDA, 0x9DFB, 0x9DDA, 0x9DFB, 0x9E1B, 0x9DFB, 0x9DFB, 0x9DFB, 0x9DFA, 0x9DFA, 0x9DFA, 0x9DFA, 0x9DFA,   // 0x3140 (12608) pixels
0x9DFA, 0x9E1A, 0x9E1A, 0x9E1A, 0x9E1A, 0x9E1A, 0x9E1A, 0x9E1A, 0x9E1A, 0x9E1A, 0x9E1A, 0x9E1A, 0x9E1A, 0x9E1A, 0x9E1A, 0x9E1A,   // 0x3150 (12624) pixels
0x95FB, 0x95FA, 0x9E1A, 0x9DFA, 0x9E1A, 0xA61B, 0x84D7, 0x4AB0, 0x39CF, 0x398E, 0x394E, 0x396F, 0x41AE, 0x49EF, 0x6B33, 0x94D8,   // 0x3160 (12640) pixels
0xA5FB, 0x9DDA, 0x9DFA, 0xA61A, 0xA619, 0xA5F9, 0xA5D8, 0x9D77, 0xA557, 0xA537, 0x9D16, 0x9D16, 0x9D37, 0x9D57, 0x9D78, 0x9D98,   // 0x3170 (12656) pixels
0x9DB9, 0xA5FB, 0xA61B, 0xA61B, 0x9DDA, 0x9DFA, 0x9DFA, 0x95DA, 0x9DFB, 0x9DFB, 0x9DFB, 0x9DFB, 0x9DFB, 0x9DFB, 0x9DFB, 0x9DFB,   // 0x3180 (12672) pixels
0x9E1A, 0x9E1A, 0xA61A, 0xBE7C, 0xC69C, 0xBE1A, 0xBDF9, 0xB5B8, 0xB5B8, 0xAD77, 0xAD97, 0xA577, 0x9D98, 0xADD9, 0xA5D9, 0xA5FA,   // 0x3190 (12688) pixels
0x9DFA, 0x9DFA, 0x9DFA, 0x9DFA, 0x9DFA, 0x9DFA, 0x9DFA, 0x9DFA, 0x9DFA, 0x9DFA, 0x9DFA, 0x9DFA, 0x9DFA, 0x9DFA, 0x9DFA, 0x9DFA,   // 0x31A0 (12704) pixels
0x9DFA, 0x9DFA, 0x9E1B, 0x961B, 0x961B, 0x961A, 0x9E1A, 0x9DFA, 0x9DB8, 0xBE5B, 0xDF3E, 0xD6FD, 0xC65A, 0xB5D9, 0xA577, 0x9D57,   // 0x31B0 (12720) pixels
0xA5DA, 0xA5DA, 0xA5FA, 0x9DFA, 0x9DFA, 0x9DDA, 0x9DFA, 0x9DFB, 0x9DFB, 0x9DFB, 0x9DFB, 0x9DFA, 0x9DFA, 0x9DFA, 0x9DFA, 0x9DFA,   // 0x31C0 (12736) pixels
0x9DFA, 0x9E1A, 0x9E1A, 0x9E1A, 0x9E1A, 0x9E1A, 0x9E1A, 0x9E1A, 0x9E1A, 0x9E1A, 0x9E1A, 0x9E1A, 0x9E1A, 0x9E1A, 0x9E1A, 0x9E1A,   // 0x31D0 (12752) pixels
0x95FB, 0x95FB, 0x9E1A, 0x9DFA, 0x9DFA, 0xA61B, 0x8CF8, 0x52B0, 0x420F, 0x398E, 0x394E, 0x396E, 0x41AF, 0x4A0F, 0x6B12, 0x8C97,   // 0x31E0 (12768) pixels
0xA5DB, 0x9DDA, 0x9DFA, 0xA5FA, 0xA5FA, 0xA5F9, 0xA5D9, 0xA598, 0xA557, 0x9D37, 0x9D37, 0x9D57, 0x9D78, 0xA5B9, 0xA5D9, 0xA5FA,   // 0x31F0 (12784) pixels
0xA5FA, 0xA5FA, 0x9DDA, 0x9DBA, 0x9DDA, 0x9E1B, 0x9E1B, 0x9DFB, 0x9DFB, 0x9DFB, 0x9DFB, 0x9DFB, 0x9DFB, 0x9DFB, 0x9DFB, 0x9DFB,   // 0x3200 (12800) pixels
0x9E1B, 0x9E1A, 0x9DFA, 0xB63B, 0xBE3B, 0xB5F9, 0xB5B8, 0xB597, 0xAD77, 0xA556, 0xADB8, 0xA598, 0xA598, 0xA5F9, 0xA5FA, 0xA5FA,   // 0x3210 (12816) pixels
0x9DFA, 0x9DFA, 0x9DFA, 0x9DFA, 0x9DFA, 0x9DFA, 0x9DFA, 0x9DFA, 0x9DFA, 0x9DFA, 0x9DFA, 0x9DFA, 0x9DFA, 0x9DFA, 0x9DFA, 0x9DFA,   // 0x3220 (12832) pixels
0x9DFA, 0x9E1A, 0x9E1B, 0x961B, 0x961B, 0x961A, 0x9E1A, 0x9DFA, 0xA5D9, 0xCEDD, 0xDF3E, 0xCEBC, 0xC67B, 0xB5F9, 0x9D36, 0x9D77,   // 0x3230 (12848) pixels
0xADFA, 0xA5FA, 0x9DDA, 0x9DFA, 0x9DFA, 0x9DFA, 0x9DFA, 0x9DFA, 0x9DFB, 0x9E1B, 0x9E1A, 0x9E1A, 0x9DFA, 0x9DFA, 0x9DFA, 0x9DFA,   // 0x3240 (12864) pixels
0x9DFA, 0x9E1A, 0x9E1A, 0x9E1A, 0x9E1A, 0x9E1A, 0x9E1A, 0x9E1A, 0x9E1A, 0x9E1A, 0x9E1A, 0x9E1A, 0x9E1A, 0x9E1A, 0x9E1A, 0x9E1A,   // 0x3250 (12880) pixels
0x961B, 0x961B, 0x9E1A, 0x9E1B, 0x9DFA, 0xA5FB, 0x9539, 0x5AD1, 0x420F, 0x41AF, 0x396E, 0x416E, 0x418E, 0x41CE, 0x6B12, 0x9498,   // 0x3260 (12896) pixels
0xADDC, 0xA5FC, 0xA5FB, 0xA5FA, 0xA5DA, 0xA5D9, 0xA5D8, 0xADD9, 0xA598, 0xA599, 0xA599, 0xA599, 0xA5B9, 0xA5DA, 0xA5FA, 0xA61A,   // 0x3270 (12912) pixels
0x9DDA, 0x9DFA, 0xA61B, 0xA61B, 0x9E1B, 0x9E1B, 0x9E1B, 0x9E1B, 0x9DFB, 0x9DFB, 0x9DFB, 0x9DFB, 0x9DFB, 0x9DFB, 0x9DFB, 0x9DFB,   // 0x3280 (12928) pixels
0x961A, 0x9E1A, 0x9DFA, 0xAE1A, 0xB63A, 0xB5F9, 0xB5F9, 0xB5B8, 0x9D15, 0x9D36, 0xA5B8, 0xA5D9, 0xA5D9, 0xA5FA, 0xA5FA, 0xA5FA,   // 0x3290 (12944) pixels
0x9DFA, 0x9DFA, 0x9DFA, 0x9DFA, 0x9DFA, 0x9DFA, 0x9DFA, 0x9DFA, 0x9DFA, 0x9DFA, 0x9DFA, 0x9DFA, 0x9DFA, 0x9DFA, 0x9DFA, 0x9DFA,   // 0x32A0 (12960) pixels
0x9DFA, 0x9E1A, 0x9E1A, 0x961B, 0x961B, 0x961A, 0x9E1A, 0x9DFA, 0xADF9, 0xC69C, 0xC67B, 0xB619, 0xB619, 0xA598, 0x9516, 0xA5B8,   // 0x32B0 (12976) pixels
0xA5FA, 0x9DDA, 0x9DDA, 0x9DDA, 0x9DFA, 0x9DFA, 0x9DFB, 0x9DFB, 0x9E1B, 0x9E1B, 0x9E1A, 0x9E1A, 0x9DFA, 0x9DFA, 0x9DFA, 0x9DFA,   // 0x32C0 (12992) pixels
0x9E1A, 0x9E1A, 0x9E1A, 0x9E1A, 0x9E1A, 0x9E1A, 0x9E1A, 0x9E1A, 0x9E1A, 0x9E1A, 0x9E1A, 0x9E1A, 0x9E1A, 0x9E1A, 0x9E1A, 0x9E1A,   // 0x32D0 (13008) pixels
0x961B, 0x9E1B, 0x95FB, 0x9E1B, 0x9DDA, 0xADFB, 0x9D5A, 0x5B12, 0x41EF, 0x41CF, 0x41AF, 0x416E, 0x392D, 0x418E, 0x62D2, 0x8C57,   // 0x32E0 (13024) pixels
0xADBC, 0xA5DC, 0xA5BB, 0xA5BA, 0xA5DA, 0xA5D9, 0xA5D9, 0xADF9, 0xB5FA, 0xB5FA, 0xADDA, 0xADDA, 0xADFA, 0xA5FA, 0xA5FA, 0x9DFA,   // 0x32F0 (13040) pixels
0x9DFA, 0x9DDA, 0x9DFA, 0x9E1B, 0x9E1B, 0x95DA, 0x95DA, 0x9DFB, 0x9DFB, 0x9DFB, 0x9DFB, 0x9DFB, 0x9DFB, 0x9DFB, 0x9DFB, 0x9DFB,   // 0x3300 (13056) pixels
0x961B, 0x9E1B, 0x9DFA, 0xA61A, 0xADFA, 0xB5FA, 0xC63A, 0xC65A, 0xA577, 0x9D56, 0xA5B8, 0xADF9, 0xA5DA, 0xA5FA, 0x9DDA, 0x9DFA,   // 0x3310 (13072) pixels
0x9DFA, 0x9DFA, 0x9DFA, 0x9DFA, 0x9DFA, 0x9DFA, 0x9DFA, 0x9DFA, 0x9DFA, 0x9DFA, 0x9DFA, 0x9DFA, 0x9DFA, 0x9DFA, 0x9DFA, 0x9DFA,   // 0x3320 (13088) pixels
0x9E1A, 0x9E1A, 0x9E1A, 0x961A, 0x961A, 0x961A, 0x9E1A, 0x9DF9, 0xA5F9, 0xB63A, 0xBE3A, 0xADB8, 0x9D56, 0x9536, 0x9557, 0xA5FA,   // 0x3330 (13104) pixels
0xA5FA, 0x9DDA, 0x9DDA, 0x9DFA, 0x9DFA, 0x9DFA, 0x9E1A, 0x9E1B, 0x9E1A, 0x9E1A, 0x9E1A, 0x9E1A, 0x9E1A, 0x9E1A, 0x9DFA, 0x9DFA,   // 0x3340 (13120) pixels
0x9E1A, 0x9E1A, 0x9E1A, 0x9E1A, 0x9E1A, 0x9E1A, 0x9E1A, 0x9E1A, 0x9E1A, 0x9E1A, 0x9E1A, 0x9E1A, 0x9E1A, 0x9E1A, 0x9E1A, 0x9E1A,   // 0x3350 (13136) pixels
0x961B, 0x961B, 0x9DFA, 0xA61B, 0x9DBA, 0xA5DB, 0xA55A, 0x5AF2, 0x41CF, 0x49D0, 0x49AF, 0x418E, 0x416E, 0x41AE, 0x5A91, 0x7B95,   // 0x3360 (13152) pixels
0x8C78, 0x8CB8, 0x8CB8, 0x9D39, 0xADDA, 0xADFA, 0xADD9, 0xB5F9, 0xB5FA, 0xB5DA, 0xADDA, 0xADFA, 0xADFA, 0xA5FA, 0xA5FA, 0x9DFA,   // 0x3370 (13168) pixels
0xA63B, 0x9DFA, 0x9DDA, 0x9DFA, 0x9E1B, 0x9E1B, 0x9E1B, 0x9E1B, 0x9E1B, 0x9E1B, 0x9DFB, 0x9DFB, 0x9DFB, 0x9DFB, 0x9DFB, 0x9DFB,   // 0x3380 (13184) pixels
0x961B, 0x9E3B, 0x9DFA, 0xA5DA, 0xADD9, 0xB61A, 0xCE9C, 0xD6DD, 0xB61A, 0xA5B8, 0xADF9, 0xADF9, 0xA5FA, 0xA5FA, 0x9DFA, 0xA61B,   // 0x3390 (13200) pixels
0x9DFA, 0x9DFA, 0x9DFA, 0x9DFA, 0x9DFA, 0x9DFA, 0x9DFA, 0x9DFA, 0x9DFA, 0x9DFA, 0x9DFA, 0x9DFA, 0x9DFA, 0x9DFA, 0x9DFA, 0x9DFA,   // 0x33A0 (13216) pixels
0x9E1A, 0x9E1A, 0x9E1A, 0x961A, 0x961A, 0x9E1A, 0x9E1A, 0x9DF9, 0xA5D8, 0xB65A, 0xCEDC, 0xB5F9, 0x8CF5, 0x9536, 0x9D98, 0x9DD9,   // 0x33B0 (13232) pixels
0x9DFA, 0x9DFA, 0x9E1B, 0x9E1B, 0x9E1B, 0x9DFA, 0x9E1A, 0x9E1B, 0x9E1A, 0x9E1A, 0x9E1A, 0x9E1A, 0x9E1A, 0x9E1A, 0x9DFA, 0x9DFA,   // 0x33C0 (13248) pixels
0x9E1A, 0x9E1A, 0x9E1A, 0x9E1A, 0x9E1A, 0x9E1A, 0x9E1A, 0x9E1A, 0x9E1B, 0x9E1B, 0x9E1B, 0x9E1B, 0x9E1B, 0x9E1B, 0x9E1B, 0x9E1B,   // 0x33D0 (13264) pixels
0x961B, 0x961B, 0x95FA, 0xA61B, 0x9D9A, 0xA59B, 0xA53A, 0x5AD2, 0x41EF, 0x49EF, 0x49CF, 0x49AF, 0x51F0, 0x5230, 0x5A71, 0x62D2,   // 0x33E0 (13280) pixels
0x62F2, 0x6333, 0x6B93, 0x8476, 0xAD9A, 0xB5FB, 0xB5D9, 0xADB9, 0xAD98, 0xAD98, 0xADB9, 0xADB9, 0xADDA, 0xADFA, 0xA61A, 0xA61A,   // 0x33F0 (13296) pixels
0x9DFA, 0x9E1B, 0x9E1B, 0x9E1B, 0x9E1A, 0x9E1B, 0x9E1B, 0x9E1B, 0x9E1B, 0x9E1B, 0x9E1B, 0x9E1B, 0x9E1B, 0x9E1B, 0x9DFB, 0x9DFB,   // 0x3400 (13312) pixels
0x9E3B, 0x9E1A, 0x9DFA, 0xA61A, 0xA5D9, 0xB63A, 0xD6FD, 0xD6FD, 0xBE3A, 0xADD9, 0xA5F9, 0xA5F9, 0xA5FA, 0xA61A, 0x9DFB, 0x9DFB,   // 0x3410 (13328) pixels
0x9DFA, 0x9DFA, 0x9DFA, 0x9DFA, 0x9DFA, 0x9DFA, 0x9DFA, 0x9DFA, 0x9DFA, 0x9DFA, 0x9DFA, 0x9DFA, 0x9DFA, 0x9DFA, 0x9DFA, 0x9DFA,   // 0x3420 (13344) pixels
0x9DFA, 0x9E3B, 0x961A, 0x95FA, 0x9E3B, 0x9E1A, 0x95D9, 0xA619, 0xA5D9, 0xC6BC, 0xCEBC, 0xA5B8, 0x9536, 0x9DB8, 0xA61A, 0x9DFA,   // 0x3430 (13360) pixels
0x9DFA, 0x9DFA, 0x9DFA, 0x9DFA, 0x9DFA, 0x9E1A, 0x9E1A, 0x9E1A, 0x9E1A, 0x9E1A, 0x9E1A, 0x9E1A, 0x9E1A, 0x9E1A, 0x9E1A, 0x9E1A,   // 0x3440 (13376) pixels
0x9DFA, 0x9DFA, 0x9DFA, 0x9DFA, 0x9DFA, 0x9DFA, 0x9DFA, 0x9DFA, 0x9DFA, 0x9DFA, 0x9DFA, 0x9DFA, 0x9DFA, 0x9DFA, 0x9DFA, 0x9E1A,   // 0x3450 (13392) pixels
0x9E3B, 0x961B, 0x9DFB, 0xAE3C, 0xA5DB, 0x8C98, 0x5AF2, 0x5A91, 0x5230, 0x5210, 0x5211, 0x5211, 0x5A51, 0x6271, 0x6271, 0x5A71,   // 0x3460 (13408) pixels
0x5A91, 0x6B33, 0x6311, 0x8414, 0xB5DB, 0xB5B9, 0xB5B9, 0xAD78, 0xA557, 0x9D16, 0x9D36, 0x9D57, 0xA5B9, 0xAE1A, 0xA61A, 0xA61A,   // 0x3470 (13424) pixels
0x9DFA, 0x9E1A, 0x9E1B, 0x9E1B, 0x9E1B, 0x9E1B, 0x9E1B, 0x9E1B, 0x9E1B, 0x9E1B, 0x9E1B, 0x9E1B, 0x9E1B, 0x9E1B, 0x9E1B, 0x9E1B,   // 0x3480 (13440) pixels
0x963B, 0x9E1A, 0x9DFA, 0xA5FA, 0xA5D9, 0xBE5B, 0xD71E, 0xD6FD, 0xB63A, 0xADD9, 0xA5F9, 0xA5FA, 0x9DFA, 0x9E1B, 0x9DFB, 0x9DFB,   // 0x3490 (13456) pixels
0x9DFB, 0x9DFA, 0x9DFA, 0x9DFA, 0x9DFA, 0x9DFA, 0x9DFA, 0x9DFA, 0x9DFA, 0x9DFA, 0x9DFA, 0x9DFA, 0x9DFA, 0x9DFA, 0x9DFA, 0x9DFA,   // 0x34A0 (13472) pixels
0x9E1B, 0x95DA, 0x9E1A, 0x9E1B, 0x95FA, 0x9DFA, 0xA63A, 0x9DD9, 0xB65A, 0xCEDD, 0xBE5B, 0x9D77, 0x9D98, 0xA5D9, 0x9DFA, 0xA61B,   // 0x34B0 (13488) pixels
0x9DFB, 0x9DFB, 0x9E1B, 0x9E1B, 0x9E1B, 0x9E1B, 0x9E1B, 0x9E1B, 0x9E1A, 0x9E1A, 0x9E1A, 0x9E1A, 0x9E1A, 0x9E1A, 0x9E1A, 0x9E1A,   // 0x34C0 (13504) pixels
0x9DFA, 0x9DFA, 0x9DFA, 0x9DFA, 0x9DFA, 0x9DFA, 0x9DFA, 0x9DFA, 0x9E1B, 0x9E1B, 0x9E1B, 0x9E1B, 0x9E1B, 0x9E1B, 0x9E1B, 0x9E1B,   // 0x34D0 (13520) pixels
0x9E1B, 0x9E1B, 0x9DDA, 0x9DBA, 0x8477, 0x6B94, 0x4A4F, 0x4A0F, 0x5210, 0x5210, 0x5211, 0x5A31, 0x5A51, 0x5A71, 0x6292, 0x6292,   // 0x34E0 (13536) pixels
0x62B2, 0x7313, 0x62D1, 0x83F4, 0xBDBA, 0xB5B9, 0xB5B8, 0xAD77, 0xA536, 0x9CF5, 0x94F5, 0x94D5, 0x9D37, 0xA5B8, 0xA5B8, 0x9DD9,   // 0x34F0 (13552) pixels
0x9DFA, 0x9E1A, 0x9E1B, 0x9E1B, 0x9E1B, 0x9E1B, 0x9E1B, 0x9E1B, 0x9E1B, 0x9E1B, 0x9E1B, 0x9E1B, 0x9E1B, 0x9E1B, 0x9E1B, 0x9E1B,   // 0x3500 (13568) pixels
0x9E1B, 0x9E1B, 0x9E1A, 0xA5FA, 0xA5D9, 0xBE7B, 0xDF5F, 0xD71D, 0xB65A, 0xA5F9, 0xA5F9, 0xA5FA, 0x9DFA, 0x9E1B, 0x9DFB, 0x9DFB,   // 0x3510 (13584) pixels
0x9DFB, 0x9DFA, 0x9DFA, 0x9DFA, 0x9DFA, 0x9DFA, 0x9DFA, 0x9DFA, 0x9DFA, 0x9DFA, 0x9DFA, 0x9DFA, 0x9DFA, 0x9DFA, 0x9DFA, 0x9DFA,   // 0x3520 (13600) pixels
0x9E1B, 0x95DA, 0x9E1B, 0x9E3B, 0x95DA, 0x9DFA, 0xA61A, 0xA5D8, 0xCEDD, 0xCEDD, 0xADD9, 0x9557, 0xA5D9, 0xA61A, 0x95DA, 0xA63B,   // 0x3530 (13616) pixels
0x9E1B, 0x9E1B, 0x9E1B, 0x9E1B, 0x9E1B, 0x9E1B, 0x9E1A, 0x9E1A, 0x9E1A, 0x9E1A, 0x9E1A, 0x9E1A, 0x9E1A, 0x9E1A, 0x9DFB, 0x9DFB,   // 0x3540 (13632) pixels
0x9DFA, 0x9DFA, 0x9DFA, 0x9DFA, 0x9DFA, 0x9DFA, 0x9DFA, 0x9DFA, 0x9E1B, 0x9E1B, 0x9E1B, 0x9E1B, 0x9E1B, 0x9E1B, 0x9E1B, 0x9E1B,   // 0x3550 (13648) pixels
0x9E1B, 0x9E1B, 0x9DFB, 0x9559, 0x5B32, 0x5AD1, 0x4A0F, 0x49EF, 0x5210, 0x5211, 0x5A31, 0x5A52, 0x6272, 0x6292, 0x6AB3, 0x72F3,   // 0x3560 (13664) pixels
0x72D3, 0x7313, 0x62B1, 0x7BB4, 0xBD9A, 0xB5B9, 0xB598, 0xAD77, 0xA516, 0x9CD5, 0x94D5, 0x8CB5, 0x94F5, 0x9D57, 0x9D77, 0xA5B9,   // 0x3570 (13680) pixels
0xA61A, 0x9E1A, 0x9E1A, 0x9E1A, 0x9E1B, 0x9E1B, 0x9E1B, 0x9E1B, 0x9E1B, 0x9E1B, 0x9E1B, 0x9E1B, 0x9E1B, 0x9E1B, 0x9E1B, 0x9E1B,   // 0x3580 (13696) pixels
0x961A, 0x9E1A, 0x9E1A, 0xA5FA, 0xA5D9, 0xC69C, 0xDF5F, 0xCF1D, 0xB65A, 0xA5F9, 0xA5FA, 0xA5FA, 0x9DFA, 0x9E1B, 0x9DFB, 0x9E1B,   // 0x3590 (13712) pixels
0x9E1B, 0x9E1B, 0x9E1B, 0x9E1B, 0x9E1B, 0x9E1B, 0x9E1B, 0x9E1B, 0x9E1B, 0x9E1B, 0x9E1B, 0x9E1B, 0x9E1B, 0x9E1B, 0x9E1B, 0x9E1B,   // 0x35A0 (13728) pixels
0x9DFA, 0xA63B, 0x9E1B, 0x9DFA, 0xA63B, 0x9DFA, 0xA5D9, 0xB65B, 0xD71D, 0xBE7B, 0xA577, 0x9D57, 0xADFA, 0xA61A, 0x95DA, 0x9E1B,   // 0x35B0 (13744) pixels
0x9E1B, 0x9E1B, 0x9E1B, 0x9E1B, 0x9E1B, 0x9E1B, 0x9E1A, 0x9E1A, 0x9E1A, 0x9E1A, 0x9E1B, 0x9E1B, 0x9E1B, 0x9E1B, 0x9E1B, 0x9E1B,   // 0x35C0 (13760) pixels
0x9E1B, 0x9E1B, 0x9E1B, 0x9E1B, 0x9E1B, 0x9E1B, 0x9E1B, 0x9E1B, 0x9E1B, 0x9E1B, 0x9E1B, 0x9E1B, 0x9E1B, 0x9E1B, 0x9E1B, 0x9E1B,   // 0x35D0 (13776) pixels
0x9E1B, 0x9E3B, 0xA5FB, 0x9539, 0x52B0, 0x5AB1, 0x5A71, 0x5A51, 0x5A52, 0x6272, 0x6272, 0x6292, 0x6293, 0x6AB3, 0x6AD3, 0x72F4,   // 0x35E0 (13792) pixels
0x6AB3, 0x6AB2, 0x5A70, 0x7B73, 0xB579, 0xB5B9, 0xAD78, 0xAD77, 0xA556, 0x9CF5, 0x9CF5, 0x94D5, 0x94D5, 0x9536, 0x9D57, 0x9DB8,   // 0x35F0 (13808) pixels
0x9DFA, 0x9E1A, 0x9E1A, 0x9E1A, 0x9E1B, 0x9E1B, 0x9E1B, 0x9E1B, 0x9E1B, 0x9E1B, 0x9E1B, 0x9E1B, 0x9E1B, 0x9E1B, 0x9E1B, 0x9E1B,   // 0x3600 (13824) pixels
0x9E1B, 0x9E1B, 0x9DFA, 0x9DF9, 0xA5D9, 0xC6BC, 0xDF7F, 0xCEFD, 0xB65B, 0xA5F9, 0xA5FA, 0xA61A, 0x9DFB, 0x9E1B, 0x9DFB, 0x9E1B,   // 0x3610 (13840) pixels
0x9E1B, 0x9E1B, 0x9E1B, 0x9E1B, 0x9E1B, 0x9E1B, 0x9E1B, 0x9E1B, 0x9E1B, 0x9E1B, 0x9E1B, 0x9E1B, 0x9E1B, 0x9E1B, 0x9E1B, 0x9E1B,   // 0x3620 (13856) pixels
0x9DFA, 0xA61B, 0x9DFA, 0x9DFA, 0xA61A, 0x9DFA, 0xAE3A, 0xCEFD, 0xC69C, 0xADB8, 0x9D57, 0xA5B8, 0xA5FA, 0xA61A, 0x9E1B, 0x9E1B,   // 0x3630 (13872) pixels
0x9E1B, 0x9E1B, 0x9E1B, 0x9E1B, 0x9E1B, 0x9E1A, 0x9E1A, 0x9E1A, 0x9E1A, 0x9E1A, 0x9E1A, 0x9E1B, 0x9E1B, 0x9E1B, 0x9E1B, 0x9E1B,   // 0x3640 (13888) pixels
0x9E1B, 0x9E1B, 0x9E1B, 0x9E1B, 0x9E1B, 0x9E1B, 0x9E1B, 0x9E1B, 0x9E1B, 0x9E1B, 0x9E1B, 0x9E1B, 0x9E1B, 0x9E1B, 0x9E1B, 0x9E1B,   // 0x3650 (13904) pixels
0x9E1A, 0x9E1B, 0xA5FB, 0x9D59, 0x52B0, 0x62F2, 0x62D2, 0x6272, 0x6AB3, 0x6293, 0x6292, 0x6292, 0x6292, 0x6292, 0x6292, 0x6272,   // 0x3660 (13920) pixels
0x6272, 0x6271, 0x522F, 0x6B11, 0xAD39, 0xB599, 0xAD57, 0xA557, 0xA557, 0x9D16, 0x9D16, 0x94D5, 0x8CB5, 0x94F5, 0x9516, 0x9D98,   // 0x3670 (13936) pixels
0x9DFA, 0x9E1A, 0x9E1A, 0x9E1A, 0x9E1A, 0x9E1A, 0x9E1B, 0x9E1B, 0x9DFB, 0x9DFB, 0x9DFB, 0x9DFB, 0x9DFB, 0x9DFB, 0x9DFB, 0x9DFB,   // 0x3680 (13952) pixels
0x9E1B, 0x9E1B, 0x9DFA, 0xA5F9, 0xA5D9, 0xC6BC, 0xDF7F, 0xCF1D, 0xB65B, 0xA5F9, 0xA61A, 0xA61A, 0x9DFB, 0x9E1B, 0x9E1B, 0x9E1B,   // 0x3690 (13968) pixels
0x9E1B, 0x9E1B, 0x9E1B, 0x9E1B, 0x9E1B, 0x9E1B, 0x9E1B, 0x9E1B, 0x9E1B, 0x9E1B, 0x9E1B, 0x9E1B, 0x9E1B, 0x9E1B, 0x9E1B, 0x9E1B,   // 0x36A0 (13984) pixels
0xA63B, 0x95DA, 0x9DFA, 0x9E1A, 0x9DFA, 0xAE3B, 0xC6DD, 0xCEFD, 0xADD9, 0x9D56, 0xA577, 0xADD9, 0xA5DA, 0xA61A, 0xA65C, 0x961B,   // 0x36B0 (14000) pixels
0x9E1B, 0x9E1B, 0x9E1B, 0x9E1B, 0x9E1B, 0x9E1A, 0x9E1A, 0x9E1A, 0x9E1A, 0x9E1A, 0x9E1A, 0x9E1A, 0x9E1B, 0x9E1B, 0x9E1B, 0x9E1B,   // 0x36C0 (14016) pixels
0x9E1B, 0x9E1B, 0x9E1B, 0x9E1B, 0x9E1B, 0x9E1B, 0x9E1B, 0x9E1B, 0x9E1B, 0x9E1B, 0x9E1B, 0x9E1B, 0x9E1B, 0x9E1B, 0x9E1B, 0x9E1B,   // 0x36D0 (14032) pixels
0x9E1B, 0x9DFA, 0xA5FB, 0x9D5A, 0x5AF2, 0x62F3, 0x6AD2, 0x5A51, 0x6272, 0x5A52, 0x5A51, 0x5A51, 0x5A51, 0x5A51, 0x5A31, 0x5A31,   // 0x36E0 (14048) pixels
0x5A52, 0x5A51, 0x5230, 0x62F1, 0xA4F8, 0xB599, 0xAD57, 0xA557, 0xA557, 0x9D16, 0x9D16, 0x94D5, 0x8CB5, 0x8CD5, 0x94F6, 0x9D78,   // 0x36F0 (14064) pixels
0x9DFA, 0x9E1A, 0x9E1A, 0x9E1A, 0x9E1A, 0x9E1A, 0x9E1B, 0x9E1B, 0x9DFB, 0x9DFB, 0x9DFB, 0x9DFB, 0x9DFB, 0x9DFB, 0x9DFB, 0x9DFB,   // 0x3700 (14080) pixels
0x9E1A, 0x9E1A, 0xA61A, 0xA61A, 0xADF9, 0xC69C, 0xDF7F, 0xD73E, 0xB65B, 0xA5F9, 0xA61A, 0xA61A, 0x9E1B, 0x9E1B, 0x9E1B, 0x9E1B,   // 0x3710 (14096) pixels
0x9E1B, 0x9E1B, 0x9E1B, 0x9E1B, 0x9E1B, 0x9E1B, 0x9E1B, 0x9E1B, 0x9E1B, 0x9E1B, 0x9E1B, 0x9E1B, 0x9E1B, 0x9E1B, 0x9E1B, 0x9E1B,   // 0x3720 (14112) pixels
0xA61B, 0x9DFA, 0x9DFA, 0xA61A, 0xA63B, 0xBEBD, 0xC6DD, 0xB63A, 0xA577, 0xA577, 0xADB8, 0xADF9, 0xA5FA, 0x9E1B, 0x9E3C, 0x961B,   // 0x3730 (14128) pixels
0x9E1B, 0x9E1B, 0x9E1B, 0x9E1B, 0x9E1B, 0x9E1A, 0x9E1A, 0x9E1A, 0x9E1A, 0x9E1A, 0x9E1A, 0x9E1A, 0x9E1B, 0x9E1B, 0x9E1B, 0x9E1B,   // 0x3740 (14144) pixels
0x9E1B, 0x9E1B, 0x9E1B, 0x9E1B, 0x9E1B, 0x9E1B, 0x9E1B, 0x9E1B, 0x9E1B, 0x9E1B, 0x9E1B, 0x9E1B, 0x9E1B, 0x9E1B, 0x9E1B, 0x9E1B,   // 0x3750 (14160) pixels
0xA63B, 0x9DFA, 0xAE1C, 0xA57A, 0x6312, 0x62B2, 0x6292, 0x5A51, 0x5A31, 0x5A31, 0x5A31, 0x5A51, 0x5A51, 0x5A51, 0x5A31, 0x5A32,   // 0x3760 (14176) pixels
0x5A52, 0x5A72, 0x5250, 0x5AB1, 0x9CB7, 0xAD99, 0xA558, 0xA557, 0xA557, 0x9D16, 0x9D16, 0x94F5, 0x94D5, 0x94D5, 0x9516, 0x9D98,   // 0x3770 (14192) pixels
0x9DFA, 0x9E1A, 0x9E1A, 0x9E1A, 0x9E1A, 0x9E1B, 0x9E1B, 0x9E1B, 0x9E1B, 0x9E1B, 0xA61B, 0xA61B, 0x9E1B, 0x9E1B, 0x9E1B, 0x9E1B,   // 0x3780 (14208) pixels
0x9E1B, 0x9E1A, 0x9E1A, 0xA61A, 0xADF9, 0xC6BC, 0xDF7F, 0xD73E, 0xB65B, 0xA5F9, 0xA61A, 0xA61A, 0x9E1B, 0x9E1B, 0x9E1B, 0x9E1B,   // 0x3790 (14224) pixels
0x9E1B, 0x9E1B, 0x9E1B, 0x9E1B, 0x9E1B, 0x9E1B, 0x9E1B, 0x9E1B, 0x9E1B, 0x9E1B, 0x9E1B, 0x9E1B, 0x9E1B, 0x9E1B, 0x9E1B, 0xA61B,   // 0x37A0 (14240) pixels
0x9DDA, 0xAE3B, 0xA5FA, 0x9DD9, 0xBEBD, 0xCF3F, 0xB65B, 0x9557, 0x9D57, 0xADD9, 0xAE1A, 0xA5F9, 0xA5FA, 0x9E1B, 0x9E1B, 0x9E1B,   // 0x37B0 (14256) pixels
0x9E1B, 0x9E1B, 0x9E1B, 0x9E1B, 0x9E1B, 0x9E1B, 0x9E1B, 0x9E1A, 0x9E1A, 0x9E1A, 0x9E1A, 0x9E1B, 0x9E1B, 0x9E1B, 0x9E1B, 0x9E1B,   // 0x37C0 (14272) pixels
0x9E1B, 0x9E1B, 0x9E1B, 0x9E1B, 0x9E1B, 0x9E1B, 0x9E1B, 0x9E1B, 0x9E1B, 0x9E1B, 0x9E1B, 0x9E1B, 0x9E1B, 0x9E1B, 0x9E1B, 0x9E1B,   // 0x37D0 (14288) pixels
0x9E1B, 0x9DDA, 0xAE3C, 0x9D7A, 0x6333, 0x5A91, 0x6292, 0x5A51, 0x5A31, 0x5A31, 0x5A52, 0x5A52, 0x5A51, 0x5A31, 0x5A32, 0x5A52,   // 0x37E0 (14304) pixels
0x5A32, 0x5A52, 0x5250, 0x5270, 0x8C76, 0xAD59, 0xA537, 0xA537, 0xA537, 0x9CF6, 0x9CF6, 0x94D5, 0x8CB5, 0x94F6, 0x9517, 0xA5B9,   // 0x37F0 (14320) pixels
0x9DFA, 0x9E1A, 0x9E1A, 0x9E1B, 0x9E1B, 0x9E1B, 0xA63B, 0xA63B, 0xA61B, 0xA61B, 0xA61B, 0xA61B, 0xA61B, 0xA61B, 0xA61B, 0xA61B,   // 0x3800 (14336) pixels
0x9E3B, 0x9E1B, 0x9E1A, 0xA63B, 0xA5D9, 0xBE5B, 0xDF7F, 0xDF5F, 0xCEBC, 0xADD9, 0xA5D9, 0xAE3B, 0x9DFA, 0x961B, 0x9E5C, 0x961B,   // 0x3810 (14352) pixels
0x9E1B, 0x9E1B, 0xA61B, 0xA61B, 0xA61B, 0xA61B, 0xA61B, 0x9E1B, 0xA5FB, 0x9E1B, 0xA5FB, 0xA61B, 0xA61B, 0xA61B, 0xA5FB, 0xA5FA,   // 0x3820 (14368) pixels
0xADFA, 0xADD9, 0xAE1A, 0xC6BC, 0xCEFD, 0xB67B, 0xA5B8, 0x9557, 0xA5D9, 0xA5F9, 0xA61A, 0xA61A, 0xA61A, 0x9E1B, 0x9E1B, 0x9E1B,   // 0x3830 (14384) pixels
0x9E3B, 0x9E3B, 0x9E3B, 0x9E3B, 0x9E3B, 0x9E3B, 0xA63B, 0xA63B, 0x9E1B, 0x9E1B, 0x9E1B, 0x9E1B, 0x9E1B, 0x9E1B, 0x9E1B, 0x9E1B,   // 0x3840 (14400) pixels
0x9E1B, 0x9E1B, 0x9E1B, 0x9E1B, 0x9E1B, 0x9E1B, 0x9E1B, 0x9E1B, 0x9E1B, 0x9E1B, 0x9E1B, 0x9E1B, 0x9E1B, 0x9E1B, 0x9E1B, 0x9E1B,   // 0x3850 (14416) pixels
0x95FA, 0x9E1B, 0x9DDB, 0xA5DB, 0x6B94, 0x5290, 0x62F3, 0x5A31, 0x5A32, 0x6232, 0x6232, 0x6232, 0x5A32, 0x5A32, 0x5A12, 0x5A32,   // 0x3860 (14432) pixels
0x5A31, 0x5A31, 0x5A51, 0x522F, 0x8C15, 0xAD39, 0xA517, 0xA517, 0x9D16, 0x9CF6, 0x94F6, 0x94F6, 0x94D5, 0x8CD5, 0x9D37, 0xA5D9,   // 0x3870 (14448) pixels
0xA61A, 0x9E1B, 0x9DFB, 0x9E1B, 0xA61B, 0xA61B, 0xA61B, 0xA61B, 0x9E1B, 0xA61B, 0xA61B, 0xA61B, 0xA61B, 0xA61B, 0xA61B, 0xA61B,   // 0x3880 (14464) pixels
0x963B, 0x9E3B, 0x9E1A, 0xA63A, 0xA5F9, 0xB65B, 0xDF5F, 0xDF5F, 0xCEBC, 0xADF9, 0xA5D9, 0xAE3A, 0x9E1A, 0x961A, 0x9E3B, 0x963B,   // 0x3890 (14480) pixels
0x9E1A, 0x9E1A, 0x9E1A, 0x9E1A, 0x9E1B, 0x9E1B, 0xA61B, 0xA61B, 0x9E1B, 0xA61B, 0xA61B, 0xA61B, 0x9DFB, 0x9DFB, 0xA61B, 0xAE3B,   // 0x38A0 (14496) pixels
0xADD9, 0xB5F9, 0xC69C, 0xD6FD, 0xBE9C, 0x9D98, 0x9557, 0x9DB8, 0xA5FA, 0xA5FA, 0xA61A, 0x9E1A, 0x9E1B, 0x9E1B, 0x9E1A, 0x9E1A,   // 0x38B0 (14512) pixels
0x9E1B, 0x9E1B, 0x9E1B, 0x9E1B, 0x9E1B, 0x9E1B, 0x9E1B, 0x9E1B, 0x9E1B, 0x9E1B, 0x9E1B, 0x9E1B, 0x9E1B, 0x9E1B, 0x9E1B, 0x9E1B,   // 0x38C0 (14528) pixels
0x9E1B, 0x9E1B, 0x9E1B, 0x9E1B, 0x9E1B, 0x9E1B, 0x9E1B, 0x9E1B, 0x9E1B, 0x9E1B, 0x9E1B, 0x9E1B, 0x9E1B, 0x9E1B, 0x9E1B, 0x9E1B,   // 0x38D0 (14544) pixels
0x9E3B, 0xA63B, 0x9DFB, 0xA5FC, 0x7415, 0x5290, 0x62D2, 0x5A51, 0x5A11, 0x5A11, 0x5A12, 0x5A12, 0x5A12, 0x5A12, 0x5A12, 0x5A12,   // 0x38E0 (14560) pixels
0x5A31, 0x5A30, 0x5230, 0x49EE, 0x7B73, 0xA518, 0xA4F8, 0x9CF7, 0xA516, 0x9CF6, 0x94F6, 0x94F5, 0x94D5, 0x94F5, 0x9D57, 0xADDA,   // 0x38F0 (14576) pixels
0xA61B, 0x9E1B, 0x9E1B, 0x9E1B, 0xA61B, 0xA61B, 0xA61B, 0xA61B, 0x9E1B, 0x9E1B, 0x9E1B, 0x9E1B, 0x9E1B, 0x9E1B, 0xA61B, 0xA61B,   // 0x3900 (14592) pixels
0x961B, 0x9E3B, 0x9E1B, 0xA61A, 0xA5FA, 0xAE1A, 0xCEFD, 0xDF5F, 0xD71E, 0xBE7B, 0xADF9, 0xA5FA, 0xA61A, 0x9E1B, 0x9E1B, 0x963B,   // 0x3910 (14608) pixels
0x9E3B, 0x9E3B, 0x9E3B, 0x9E3B, 0x9E1B, 0x9E3B, 0x9E3B, 0x9E3B, 0xA63B, 0x9E1B, 0x9DFA, 0x9E1A, 0xA63B, 0xA63B, 0xA61A, 0x9DD9,   // 0x3920 (14624) pixels
0xB65B, 0xCEDD, 0xD6FD, 0xBE5B, 0xA598, 0x9557, 0x9DB8, 0xA61A, 0xA61A, 0xA61A, 0xA61A, 0x9E1A, 0x9E1A, 0x9E1A, 0x9E1B, 0x9E1B,   // 0x3930 (14640) pixels
0x9E1B, 0x9E1B, 0x9E1B, 0x9E1B, 0x9E1B, 0x9E1B, 0x9E1B, 0x9E1B, 0x9E1B, 0x9E1B, 0x9E1B, 0x9E1B, 0x9E1B, 0x9E1B, 0x9E1B, 0x9E1B,   // 0x3940 (14656) pixels
0x9E1B, 0x9E1B, 0x9E1B, 0x9E1B, 0x9E1B, 0x9E1B, 0x9E1B, 0x9E1B, 0x9E1B, 0x9E1B, 0x9E1B, 0x9E1B, 0x9E1B, 0x9E1B, 0x9E1B, 0x9E1B,   // 0x3950 (14672) pixels
0x95FA, 0x9E1B, 0xA61B, 0x9DBB, 0x7C56, 0x4A90, 0x5AB1, 0x5250, 0x5A31, 0x5A11, 0x5A11, 0x51F1, 0x51F1, 0x51F1, 0x51D0, 0x49F0,   // 0x3960 (14688) pixels
0x49EF, 0x49EF, 0x4A0F, 0x49EE, 0x6B12, 0xA518, 0xA538, 0x9D17, 0x9D16, 0x9D16, 0x94F5, 0x8CF5, 0x8CF5, 0x9537, 0xA598, 0xADFA,   // 0x3970 (14704) pixels
0xA61B, 0x9E1B, 0x9E1B, 0x9E1B, 0xA61B, 0xA61B, 0xA61B, 0xA61B, 0x9E1B, 0x9E1B, 0x9E1B, 0x9E1B, 0x9E1B, 0x9E1B, 0x9E1B, 0x9E1B,   // 0x3980 (14720) pixels
0x961B, 0x9E3B, 0x9E1B, 0x9DFA, 0xA61A, 0xAE1A, 0xBE9C, 0xD75E, 0xE79F, 0xCEFD, 0xAE1A, 0xA5D9, 0xA61A, 0xA63B, 0x9E1A, 0x9E3B,   // 0x3990 (14736) pixels
0x963B, 0x963B, 0x963B, 0x961B, 0x961B, 0x9E1A, 0x9E1A, 0x9E1A, 0x9DFA, 0xA61A, 0xA63B, 0xA61A, 0x9DF9, 0xA5F9, 0xAE3B, 0xB67B,   // 0x39A0 (14752) pixels
0xCEFD, 0xCEDD, 0xB65B, 0x9D78, 0x9557, 0xA5B9, 0xAE1A, 0xA61A, 0xA61A, 0xA61A, 0x9E1A, 0x9E1A, 0x9DFA, 0x9DFA, 0x9E1B, 0x9E1B,   // 0x39B0 (14768) pixels
0x9E1A, 0x9E1A, 0x9E1A, 0x9E1B, 0x9E1B, 0x9E1B, 0x9E1B, 0x9E1B, 0x9E1B, 0x9E1B, 0x9E1B, 0x9E1B, 0x9E1B, 0x9E1B, 0x9E1B, 0x9E1B,   // 0x39C0 (14784) pixels
0x9E1B, 0x9E1B, 0x9E1B, 0x9E1B, 0x9E1B, 0x9E1B, 0x9E1B, 0x9E1B, 0x9E1B, 0x9E1B, 0x9E1B, 0x9E1B, 0x9E1B, 0x9E1B, 0x9E1B, 0x9E1B,   // 0x39D0 (14800) pixels
0x9E1A, 0x9E1B, 0xA63C, 0xA5DB, 0x8CD8, 0x4A8F, 0x5270, 0x5271, 0x5210, 0x5210, 0x51F0, 0x51F0, 0x51F0, 0x5210, 0x5210, 0x4A10,   // 0x39E0 (14816) pixels
0x4A10, 0x4A30, 0x4A2F, 0x420E, 0x52B0, 0x94B7, 0x9D38, 0x94F6, 0x9516, 0x9516, 0x9516, 0x9516, 0x9537, 0x9D98, 0xA5D9, 0xA5FA,   // 0x39F0 (14832) pixels
0xA5FA, 0x9E1B, 0x9E1B, 0x9E1B, 0xA61B, 0xA61B, 0xA61B, 0xA61B, 0x9E1B, 0x9E1B, 0x9E1B, 0x9E1B, 0x9E1B, 0x9E1B, 0x9E1B, 0x9E1B,   // 0x3A00 (14848) pixels
0x9E1B, 0x9E3B, 0x9E1B, 0x9DFA, 0xA61A, 0xA5FA, 0xB63A, 0xCF1D, 0xDF9F, 0xD75F, 0xBE9C, 0xAE1A, 0xAE1A, 0xA61A, 0x9DFA, 0xA63B,   // 0x3A10 (14864) pixels
0x9E1B, 0x9E3B, 0x9E3B, 0x9E3B, 0x9E3B, 0x9E3B, 0xA63A, 0xA63A, 0xA61A, 0xA61A, 0xA619, 0xA5F9, 0xA619, 0xB65A, 0xC6DC, 0xCF3E,   // 0x3A20 (14880) pixels
0xBE9C, 0xADF9, 0x9D77, 0x9D98, 0xA5F9, 0xA5FA, 0xA5F9, 0xA5FA, 0xA61A, 0xA61A, 0x9E1A, 0x9DFA, 0x9DFA, 0x9DFA, 0x9DFB, 0x9DFB,   // 0x3A30 (14896) pixels
0x9E1A, 0x9E1A, 0x9E1B, 0x9E1B, 0x9E1B, 0x9E1B, 0x9E1B, 0x9E1B, 0x9E1B, 0x9E1B, 0x9E1B, 0x9E1B, 0x9DFB, 0x9DFB, 0x9DFB, 0x9DFB,   // 0x3A40 (14912) pixels
0x9E1B, 0x9E1B, 0x9E1B, 0x9E1B, 0x9E1B, 0x9E1B, 0x9E1B, 0x9E1B, 0x9E1B, 0x9E1B, 0x9E1B, 0x9E1B, 0x9E1B, 0x9E1B, 0x9E1B, 0x9E1B,   // 0x3A50 (14928) pixels
0xA65B, 0x95BA, 0x9DFB, 0xADFB, 0x9D7A, 0x52D0, 0x4A4F, 0x4A4F, 0x4A2F, 0x4A0F, 0x4A0F, 0x4A0F, 0x49EF, 0x4A0F, 0x4A0F, 0x420F,   // 0x3A60 (14944) pixels
0x41EF, 0x422F, 0x422E, 0x422E, 0x4A6E, 0x8455, 0x9D38, 0x9D37, 0x9537, 0x9D77, 0x9D77, 0x9D77, 0x9D98, 0xA5D9, 0xA5FA, 0xA5FA,   // 0x3A70 (14960) pixels
0x9DFA, 0x9DFA, 0x9DFB, 0x9E1B, 0xA61B, 0xA61B, 0xA61B, 0xA61B, 0xA61B, 0xA61B, 0xA61B, 0x9E1B, 0x9E1B, 0x9E1B, 0x9E1B, 0x9E1B,   // 0x3A80 (14976) pixels
0x9E1B, 0x9E1B, 0xA61B, 0x9DFA, 0xA61A, 0xA5FA, 0xA5F9, 0xBE9C, 0xD73E, 0xDF9F, 0xD75F, 0xC6DC, 0xB65B, 0xA5F9, 0xA5B9, 0xA5FA,   // 0x3A90 (14992) pixels
0x9E1A, 0x9E1B, 0x9E3A, 0x9E1A, 0x9E1A, 0xA61A, 0xA5FA, 0xA5F9, 0xAE1A, 0xADF9, 0xAE19, 0xBE7B, 0xCEFD, 0xD71D, 0xC6BC, 0xBE5B,   // 0x3AA0 (15008) pixels
0xA5B9, 0x9D98, 0x9DB8, 0xA5FA, 0xA61A, 0xA61A, 0x9DFA, 0x9DFA, 0xA61A, 0xA61A, 0x9E1A, 0x9DFA, 0x9DFA, 0x9DFA, 0x9DFB, 0x9DFB,   // 0x3AB0 (15024) pixels
0x9E1B, 0x9E1B, 0x9E1B, 0x9E1B, 0x9E1B, 0x9E1B, 0x9E1B, 0x9E1B, 0x9E1B, 0x9E1B, 0x9E1B, 0x9E1B, 0x9DFB, 0x9DFB, 0x9DFB, 0x9DFB,   // 0x3AC0 (15040) pixels
0x9E1B, 0x9E1B, 0x9E1B, 0x9E1B, 0x9E1B, 0x9E1B, 0x9E1B, 0x9E1B, 0x9DFA, 0x9DFA, 0x9DFA, 0x9DFA, 0x9DFA, 0x9DFA, 0x9DFA, 0x9DFA,   // 0x3AD0 (15056) pixels
0x9DFA, 0x95D9, 0x9DFA, 0x9DBA, 0xA5BB, 0x7C56, 0x6B93, 0x4A90, 0x420F, 0x420F, 0x4A2F, 0x4A2F, 0x4A50, 0x4A70, 0x5290, 0x52B0,   // 0x3AE0 (15072) pixels
0x52D1, 0x5B12, 0x6352, 0x6393, 0x6BD3, 0x8CF7, 0xA5B9, 0xA5B9, 0x9D98, 0x9DD9, 0xA5D9, 0xA5D9, 0xA5FA, 0xA61A, 0xA5FA, 0x9DFA,   // 0x3AF0 (15088) pixels
0x9DFA, 0x9DFA, 0x9DFA, 0x9DFB, 0x9E1B, 0xA61B, 0xA61B, 0xA61B, 0xA61B, 0xA61B, 0xA61B, 0x9E1B, 0x9E1B, 0x9E1B, 0x9E1B, 0x9E1B,   // 0x3B00 (15104) pixels
0x9E1B, 0x9DFB, 0xA61B, 0x9DFB, 0xA61A, 0xA61A, 0xA5D9, 0xAE3A, 0xBEBC, 0xD73E, 0xDF9F, 0xD75E, 0xCEFD, 0xBE9C, 0xB63A, 0xAE1A,   // 0x3B10 (15120) pixels
0xADFA, 0xA5FA, 0xA5FA, 0xA5FA, 0xA5DA, 0xA5F9, 0xADFA, 0xADF9, 0xB63A, 0xBE7B, 0xCEDD, 0xD71E, 0xD6DD, 0xC67B, 0xB5F9, 0xADB8,   // 0x3B20 (15136) pixels
0x9D98, 0xA5D9, 0xA61A, 0xA5FA, 0x9DDA, 0xA61A, 0xA61A, 0x9E1A, 0x9E1A, 0x9E1A, 0x9DFA, 0x9DFA, 0x9DFA, 0x9DFA, 0x9DFB, 0x9DFB,   // 0x3B30 (15152) pixels
0x9DFA, 0x9E1A, 0x9DFA, 0x9DFA, 0x9E1B, 0x9E1B, 0x9E1B, 0x9E1B, 0x9E1B, 0x9E1B, 0x9DFB, 0x9DFB, 0x9DFB, 0x9DFB, 0x9DFB, 0x9DFB,   // 0x3B40 (15168) pixels
0x9DFA, 0x9DFA, 0x9DFA, 0x9DFA, 0x9DFA, 0x9DFA, 0x9DFA, 0x9DFA, 0x9DFA, 0x9DFA, 0x9DFA, 0x9DFA, 0x9DFA, 0x9DFA, 0x9DFA, 0x9DFA,   // 0x3B50 (15184) pixels
0x9DFA, 0x9E1B, 0xA63C, 0x9DDA, 0xA5FB, 0xA5BB, 0x9D7A, 0x7C15, 0x5B11, 0x5B12, 0x6353, 0x6B94, 0x73F5, 0x7C36, 0x8477, 0x8CB7,   // 0x3B60 (15200) pixels
0x9519, 0x9539, 0x9D7A, 0xA59A, 0xA5BA, 0xA5BA, 0xA5FA, 0xA5F9, 0xA5FA, 0xA61A, 0xA61A, 0xA61A, 0xA61A, 0xA61A, 0x9E1A, 0x9DFA,   // 0x3B70 (15216) pixels
0x9DFA, 0x9DFA, 0x9DFA, 0x9DFB, 0x9E1B, 0x9E1B, 0x9E1B, 0x9E1B, 0x9E1B, 0x9E1B, 0x9E1B, 0x9E1B, 0x9E1B, 0x9E1B, 0x9E1B, 0x9E1B,   // 0x3B80 (15232) pixels
0xA61C, 0x9DFB, 0xA61B, 0xA61B, 0xA61A, 0xA61A, 0x9DD9, 0xA5F9, 0xAE3A, 0xBEBC, 0xCF3E, 0xD75E, 0xDF7F, 0xDF7F, 0xD71E, 0xC69C,   // 0x3B90 (15248) pixels
0xBE5B, 0xBE5B, 0xBE5B, 0xBE5B, 0xBE7B, 0xC69C, 0xCEBD, 0xCEDD, 0xDF1E, 0xD6FE, 0xCEBD, 0xC65B, 0xB5F9, 0xADB8, 0xADB8, 0xADB9,   // 0x3BA0 (15264) pixels
0xA5F9, 0x9DDA, 0xA5FA, 0xA5FA, 0xA5FA, 0x9DFA, 0x9DFA, 0x9E1A, 0x9E1A, 0x9DFA, 0x9DFA, 0x9DFA, 0x9DFA, 0x9DFA, 0x9DFB, 0x9DFB,   // 0x3BB0 (15280) pixels
0x9DFA, 0x9E1A, 0x9DFA, 0x9DFA, 0x9DFA, 0x9DFA, 0x9DFA, 0x9E1B, 0x9DFA, 0x9DFA, 0x9DFA, 0x9DFA, 0x9DFA, 0x9DFA, 0x9DFA, 0x9DFA,   // 0x3BC0 (15296) pixels
0x9DFA, 0x9DFA, 0x9DFA, 0x9DFA, 0x9DFA, 0x9DFA, 0x9DFA, 0x9DFA, 0x9DFA, 0x9DFA, 0x9DFA, 0x9DFA, 0x9DFA, 0x9DFA, 0x9DFA, 0x9DFA,   // 0x3BD0 (15312) pixels
0x9E3B, 0x95DA, 0x9DFA, 0x9DDA, 0xA5DB, 0x9DBA, 0xADFC, 0xA5BB, 0xA57A, 0xA59A, 0xA59B, 0xA59B, 0xA5BB, 0xADDC, 0xADFC, 0xAE1C,   // 0x3BE0 (15328) pixels
0xADFC, 0xA5DB, 0xA5FB, 0xA5FB, 0xAE3B, 0x9DDA, 0xA61A, 0xA61A, 0xA61A, 0xA61A, 0x9E1A, 0x9DFA, 0x9DFA, 0x9DFA, 0x9DFA, 0x9E1A,   // 0x3BF0 (15344) pixels
0x9DFB, 0x9DFB, 0x9DFA, 0x9DFA, 0x9DFB, 0x9E1B, 0x9DFB, 0x9DFA, 0x9DFB, 0x9DFB, 0x9E1B, 0x9E1B, 0x9E1B, 0x9E1B, 0x9E1B, 0x9E1B,   // 0x3C00 (15360) pixels
0x9DFB, 0xA5FB, 0xA5FB, 0xA61B, 0xA61A, 0xA61A, 0xA61A, 0xA619, 0xA5F9, 0xAE3A, 0xB67B, 0xC6BC, 0xCEFD, 0xD73E, 0xDF5F, 0xDF5F,   // 0x3C10 (15376) pixels
0xDF3E, 0xDF3E, 0xDF3E, 0xDF3E, 0xDF3F, 0xD71E, 0xD6DD, 0xCEBD, 0xC67C, 0xBE3B, 0xB5D9, 0xADB9, 0xADB9, 0xADD9, 0xADD9, 0xADD9,   // 0x3C20 (15392) pixels
0xA5FA, 0x9DFA, 0x9DFA, 0x9DFA, 0x9DFA, 0x9DFA, 0x9DFA, 0x9DFA, 0x9DFA, 0x9DFA, 0x9DFA, 0x9DFA, 0x9DFA, 0x9DFA, 0x9DFB, 0x9DFB,   // 0x3C30 (15408) pixels
0x9DFA, 0x9DFA, 0x9DFA, 0x9DFA, 0x9DFA, 0x9DFA, 0x9DFA, 0x9DFA, 0x9E1A, 0x9DFA, 0x9DFA, 0x9E1A, 0x9E1A, 0x9E1A, 0x9DFA, 0x9DFA,   // 0x3C40 (15424) pixels
0x9DFA, 0x9DFA, 0x9DFA, 0x9DFA, 0x9DFA, 0x9DFA, 0x9DFA, 0x9DFA, 0x9DFA, 0x9DFA, 0x9DFA, 0x9DFA, 0x9DFA, 0x9DFA, 0x9DFA, 0x9DFA,   // 0x3C50 (15440) pixels
0x95FA, 0x95FA, 0x95FA, 0x9DFA, 0x9DFA, 0x9DDA, 0x9DDA, 0xA5DB, 0xA5DB, 0xA5DB, 0xA5DB, 0xA5DB, 0xA5FB, 0xA5FB, 0x9DFB, 0x9DDB,   // 0x3C60 (15456) pixels
0x9DDB, 0x9DFB, 0x9DFB, 0x9DFA, 0xA5FB, 0x9DFA, 0x9DFA, 0x9DFA, 0x9DFA, 0x9DFA, 0x9DFA, 0x9E1A, 0x9E1A, 0x9E1A, 0x9E1A, 0x9E1A,   // 0x3C70 (15472) pixels
0x9E1A, 0x9E1A, 0x9E1A, 0x9E1A, 0x9DFA, 0x9DFA, 0x9DFA, 0x9DFA, 0x9DFA, 0x9DFA, 0x9DFA, 0x9DFA, 0x9E1A, 0x9E1A, 0x9E1A, 0x9E1A,   // 0x3C80 (15488) pixels
0xA5FB, 0xA5FB, 0xA5FB, 0xA61B, 0x9E1B, 0x9E1A, 0xA61A, 0xA61A, 0x9DF9, 0xA5F9, 0xAE1A, 0xAE3A, 0xBE5B, 0xC69C, 0xC6BC, 0xCEDD,   // 0x3C90 (15504) pixels
0xCEDD, 0xCEBC, 0xCEBC, 0xC6BC, 0xC69C, 0xBE7B, 0xB63A, 0xB61A, 0xADF9, 0xADD9, 0xA5B9, 0xA5D9, 0xADDA, 0xADFA, 0xA5DA, 0xA5DA,   // 0x3CA0 (15520) pixels
0xA5FA, 0x9DFA, 0x9DFA, 0x9DFA, 0x9DFA, 0x9DFA, 0x9DFA, 0x9DFA, 0x9DFA, 0x9DFA, 0x9DFA, 0x9DFA, 0x9DFA, 0x9DFA, 0x9DFB, 0x9DFA,   // 0x3CB0 (15536) pixels
0x9DFA, 0x9DFA, 0x9DFA, 0x9DFA, 0x9DFA, 0x9DFA, 0x9DFA, 0x9DFA, 0x9DFA, 0x9DFA, 0x9DFA, 0x9DFA, 0x9DFA, 0x9DFA, 0x9DFA, 0x9DFA,   // 0x3CC0 (15552) pixels
0x9DFA, 0x9DFA, 0x9DFA, 0x9DFA, 0x9DFA, 0x9DFA, 0x9DFA, 0x9DFA, 0x9DFA, 0x9DFA, 0x9DFA, 0x9DFA, 0x9DFA, 0x9DFA, 0x9DFA, 0x9DFA,   // 0x3CD0 (15568) pixels
0x961A, 0x961A, 0x961A, 0x961A, 0x9DFA, 0x9DFA, 0x9DFA, 0x9DFA, 0x9DFB, 0x9DFA, 0x9DDA, 0x9DFA, 0x9DFB, 0x9DFA, 0x9DFB, 0x9DFA,   // 0x3CE0 (15584) pixels
0x9DFB, 0x9DFA, 0x9DFA, 0x9DFA, 0x9E1A, 0x9DFA, 0x9DFA, 0x9E1A, 0x9DFA, 0x9DFA, 0x9DFA, 0x9E1A, 0x9E1A, 0x9E1A, 0x9E1A, 0x9E1A,   // 0x3CF0 (15600) pixels
0x9E1A, 0x9E1A, 0x9E1A, 0x9DFA, 0x9DFA, 0x9DFA, 0x9DFA, 0x9DFA, 0x9DFA, 0x9DFA, 0x9DFA, 0x9DFA, 0x9E1A, 0x9E1A, 0x9E1A, 0x9E1A,   // 0x3D00 (15616) pixels
0xA5FB, 0xA61B, 0xA61B, 0xA61B, 0x9E1B, 0x9E1A, 0x9E1A, 0xA61A, 0x9E1A, 0xA619, 0xA5F9, 0xA5F9, 0xADFA, 0xAE1A, 0xB63B, 0xB65B,   // 0x3D10 (15632) pixels
0xB63A, 0xB63A, 0xB63A, 0xB63A, 0xAE3A, 0xAE19, 0xA5F9, 0xA5D9, 0xA5D9, 0x9DD9, 0xA5FA, 0xA5FA, 0xA61A, 0xA61A, 0x9DFA, 0x9DFA,   // 0x3D20 (15648) pixels
0x9DFA, 0x9DFA, 0x9DFA, 0x9DFA, 0x9DFA, 0x9DFA, 0x9DFA, 0x9DFA, 0x9DFA, 0x9DFA, 0x9DFA, 0x9DFA, 0x9DFA, 0x9DFA, 0x9DFA, 0x9DFA,   // 0x3D30 (15664) pixels
0x9DFA, 0x9DFA, 0x9DFA, 0x9DFA, 0x9DFA, 0x9DFA, 0x9DFA, 0x9DFA, 0x9DFA, 0x9DFA, 0x9DFA, 0x9DFA, 0x9DFA, 0x9DFA, 0x9DFA, 0x9DDA,   // 0x3D40 (15680) pixels
0x9DFA, 0x9DFA, 0x9DFA, 0x9DFA, 0x9DFA, 0x9DFA, 0x9DFA, 0x9DFA, 0x9DFA, 0x9DFA, 0x9DFA, 0x9DFA, 0x9DFA, 0x9DFA, 0x9DFA, 0x9DFA,   // 0x3D50 (15696) pixels
0x961A, 0x961A, 0x961A, 0x961A, 0x9DFA, 0x9DFA, 0x9DFA, 0x9DFA, 0x9DFA, 0x9DFA, 0x9DFA, 0x9DFA, 0x9DFA, 0x9DFA, 0x9DFA, 0x95FA,   // 0x3D60 (15712) pixels
0x9DFA, 0x9DFA, 0x9DFA, 0x9DFA, 0x9DFA, 0x9DFA, 0x9DFA, 0x9DFA, 0x9DFA, 0x9DFA, 0x9DFA, 0x9E1A, 0x9E1A, 0x9E1A, 0x9E1A, 0x9E1A,   // 0x3D70 (15728) pixels
0x9DFA, 0x9DFA, 0x9DFA, 0x9DFA, 0x9DFA, 0x9DFA, 0x9E1A, 0x9E1A, 0x9DFA, 0x9DFA, 0x9DFA, 0x9DFA, 0x9E1A, 0x9E1A, 0x9E1A, 0x9E1A,   // 0x3D80 (15744) pixels
0xA61B, 0xA61B, 0xA61B, 0xA61B, 0xA61B, 0xA61B, 0x9E1A, 0x9E1A, 0xA61A, 0xA61A, 0xA61A, 0xA61A, 0xA61A, 0xA61A, 0xA61A, 0xA619,   // 0x3D90 (15760) pixels
0xA5F9, 0xA619, 0xA5F9, 0xA619, 0xA61A, 0xA61A, 0xA61A, 0x9DF9, 0xA61A, 0xA61A, 0x9E1A, 0x9E1A, 0x9E1A, 0x9E1A, 0x9E1A, 0x9DFA,   // 0x3DA0 (15776) pixels
0x9DFA, 0x9DFA, 0x9DFA, 0x9DFA, 0x9DFA, 0x9DFA, 0x9DFA, 0x9DFA, 0x9DFA, 0x9DFA, 0x9DFA, 0x9DFA, 0x9DFA, 0x9DFA, 0x9DFA, 0x9DFA,   // 0x3DB0 (15792) pixels
0x9DFA, 0x9DFA, 0x9DFA, 0x9DFA, 0x9DFA, 0x9DFA, 0x9DFA, 0x9DFA, 0x9DFA, 0x9DFA, 0x9DFA, 0x9DFA, 0x9DFA, 0x9DFA, 0x9DFA, 0x9DDA,   // 0x3DC0 (15808) pixels
0x9DFA, 0x9DFA, 0x9DFA, 0x9DFA, 0x9DFA, 0x9DFA, 0x9DFA, 0x9DFA, 0x9DFA, 0x9DFA, 0x9DFA, 0x9DFA, 0x9DFA, 0x9DFA, 0x9DFA, 0x9DFA,   // 0x3DD0 (15824) pixels
0x95FA, 0x95FA, 0x95FA, 0x95FA, 0x95FA, 0x95FA, 0x95FA, 0x95FA, 0x9DFA, 0x9DFA, 0x95FA, 0x95FA, 0x9DFA, 0x961A, 0x95FA, 0x9DFA,   // 0x3DE0 (15840) pixels
0x9DFA, 0x9DFA, 0x9DFA, 0x9DFA, 0x9DFA, 0x9DFA, 0x9DFA, 0x9DFA, 0x9DFA, 0x9DFA, 0x9DFA, 0x9DFA, 0x9DFA, 0x9E1A, 0x9DFA, 0x9DFA,   // 0x3DF0 (15856) pixels
0x9DFA, 0x9DFA, 0x9DFA, 0x9DFA, 0x9DFA, 0x9DFA, 0x9E1A, 0x9E1A, 0x9E1A, 0x9E1A, 0x9E1A, 0x9E1A, 0x9DFA, 0x9DFA, 0x9DFA, 0x9DFA,   // 0x3E00 (15872) pixels
0xA61B, 0xA61A, 0xA61B, 0xA61B, 0xA61B, 0xA61B, 0x9E1B, 0x9E1B, 0x9E1A, 0x9E1A, 0xA61A, 0xA61A, 0xA61A, 0xA5FA, 0x9DF9, 0x9DF9,   // 0x3E10 (15888) pixels
0xA61A, 0xA61A, 0xA5FA, 0xA5FA, 0xA5FA, 0x9E1A, 0x9DFA, 0x9DFA, 0x9DFA, 0x9DFA, 0x9DFA, 0x9DFA, 0x9DFA, 0x961A, 0x9E1A, 0x9E1B,   // 0x3E20 (15904) pixels
0x9DFA, 0x9DFA, 0x9DFA, 0x9DFA, 0x9DFA, 0x9DFA, 0x9DFA, 0x9DFA, 0x9DFA, 0x9DFA, 0x9DFA, 0x9DFA, 0x9DFA, 0x9DFA, 0x9DFA, 0x9DFA,   // 0x3E30 (15920) pixels
0x9DFA, 0x9DFA, 0x9DFA, 0x9DFA, 0x9DFA, 0x9DFA, 0x9DFA, 0x9DFA, 0x9DFA, 0x9DFA, 0x9DDA, 0x9DDA, 0x9DFA, 0x9DFA, 0x9DDA, 0x9DDA,   // 0x3E40 (15936) pixels
0x9DFA, 0x9DFA, 0x9DFA, 0x9DFA, 0x9DFA, 0x9DFA, 0x9DFA, 0x9DFA, 0x9DFA, 0x9DFA, 0x9DFA, 0x9DFA, 0x9DFA, 0x9DFA, 0x9DFA, 0x9DFA,   // 0x3E50 (15952) pixels
0x9DFA, 0x95FA, 0x95FA, 0x95FA, 0x9DFA, 0x9DFA, 0x9DFA, 0x9DFA, 0x9DFA, 0x9DFA, 0x9DFA, 0x9DFA, 0x9DFA, 0x9DFA, 0x9DFA, 0x9DFA,   // 0x3E60 (15968) pixels
0x9DFA, 0x9DFA, 0x9DFA, 0x9DFA, 0x9DFA, 0x9DFA, 0x9DFA, 0x9DFA, 0x9DFA, 0x9DFA, 0x9DFA, 0x9DFA, 0x9DFA, 0x9DFA, 0x9DFA, 0x9DFA,   // 0x3E70 (15984) pixels
0x9DFA, 0x9DFA, 0x9DFA, 0x9DFA, 0x9DFA, 0x9DFA, 0x9DFA, 0x9E1A, 0x9E1A, 0x9E1A, 0x9E1A, 0x9E1A, 0x9DFA, 0x9DFA, 0x9DFA, 0x9DFA,   // 0x3E80 (16000) pixels
0xA61A, 0xA61A, 0xA61A, 0xA61A, 0xA61B, 0xA61B, 0x9E1B, 0x9E1B, 0x9E1A, 0x9E1A, 0x9E1A, 0x9E1A, 0x9DFA, 0x9DFA, 0x9E1A, 0x9E1A,   // 0x3E90 (16016) pixels
0x9DFA, 0x9DFA, 0x9DFA, 0x9DFA, 0x9DFA, 0x9DFA, 0x9DFA, 0x9DFA, 0x9DFA, 0x9DFA, 0x9DFB, 0x9E1B, 0x9E1B, 0x9DFA, 0x9DFA, 0x9DFA,   // 0x3EA0 (16032) pixels
0x9DFA, 0x9DFA, 0x9DFA, 0x9DFA, 0x9DFA, 0x9DFA, 0x9DFA, 0x9DFA, 0x9DFA, 0x9DFA, 0x9DFA, 0x9DFA, 0x9DFA, 0x9DFA, 0x9DDA, 0x9DDA,   // 0x3EB0 (16048) pixels
0x9DFA, 0x9DFA, 0x9DFA, 0x9DFA, 0x9DFA, 0x9DFA, 0x9DFA, 0x9DFA, 0x9DFA, 0x9DDA, 0x9DDA, 0x9DDA, 0x9DFA, 0x9DFA, 0x9DDA, 0x9DDA,   // 0x3EC0 (16064) pixels
0x9DFA, 0x9DFA, 0x9DFA, 0x9DFA, 0x9DFA, 0x9DFA, 0x9DFA, 0x9DFA, 0x9DDA, 0x9DFA, 0x9DFA, 0x9DFA, 0x9DFA, 0x9DFA, 0x9DFA, 0x9DFA,   // 0x3ED0 (16080) pixels
0x9DFA, 0x9DFA, 0x9DFA, 0x9DFA, 0x9DFA, 0x9DFA, 0x9DFA, 0x9DFA, 0x9DFA, 0x9DFA, 0x9DFA, 0x9DFA, 0x9DFA, 0x9DFA, 0x9DFA, 0x9DFA,   // 0x3EE0 (16096) pixels
0x9DFA, 0x9DFA, 0x9DFA, 0x9DFA, 0x9DFA, 0x9DFA, 0x9DFA, 0x9DFA, 0x9DFA, 0x9DFA, 0x9DFA, 0x9DFA, 0x9DFA, 0x9DFA, 0x9DFA, 0x9DFA,   // 0x3EF0 (16112) pixels
0x9DFA, 0x9DFA, 0x9DFA, 0x9DFA, 0x9DFA, 0x9DFA, 0x9DFA, 0x9DFA, 0x9DFA, 0x9DFA, 0x9DFA, 0x9DFA, 0x9E1A, 0x9E1A, 0x9E1A, 0x9E1A,   // 0x3F00 (16128) pixels
0x9E1A, 0x9E1A, 0x9E1A, 0xA61A, 0xA61B, 0x9E1B, 0x9E1B, 0x9E1B, 0x9E1B, 0x9E1B, 0x9E1B, 0x9E1A, 0x9E1A, 0x9E1A, 0x9E1B, 0x9E1B,   // 0x3F10 (16144) pixels
0x9DFB, 0x9DFB, 0x9DFB, 0x9DFB, 0x9DFB, 0xA5FB, 0xA61B, 0xA61B, 0xA5FB, 0xA5FB, 0xA61B, 0xA61B, 0xA5FA, 0x9DFA, 0x9DDA, 0x9DDA,   // 0x3F20 (16160) pixels
0x9DDA, 0x9DFA, 0x9DFA, 0x9DFA, 0x9DFA, 0x9DFA, 0x9DFA, 0x9DFA, 0x9DFA, 0x9DFA, 0x9DFA, 0x9DFA, 0x9DFA, 0x9DD9, 0x95D9, 0x95D9,   // 0x3F30 (16176) pixels
0x9DDA, 0x9DDA, 0x9DDA, 0x9DDA, 0x9DDA, 0x9DDA, 0x9DDA, 0x9DDA, 0x9DDA, 0x9DDA, 0x9DDA, 0x9DDA, 0x9DDA, 0x9DDA, 0x9DDA, 0x9DD9,   // 0x3F40 (16192) pixels
0x95DA, 0x95DA, 0x95DA, 0x95DA, 0x95DA, 0x95DA, 0x95DA, 0x95DA, 0x95D9, 0x95D9, 0x95D9, 0x95DA, 0x9DDA, 0x9DDA, 0x9DDA, 0x9DFA,   // 0x3F50 (16208) pixels
0x9DDA, 0x9DDA, 0x9DDA, 0x9DDA, 0x9DDA, 0x9DFA, 0x9DDA, 0x9DFA, 0x9DDA, 0x9DDA, 0x9DDA, 0x9DFA, 0x9DFA, 0x9DFA, 0x9DFA, 0x9DFA,   // 0x3F60 (16224) pixels
0x9DFA, 0x9DFA, 0x9DFA, 0x9DFA, 0x9DFA, 0x9DFA, 0x9DFA, 0x9DFA, 0x9DFA, 0x9DFA, 0x9DFA, 0x9DFA, 0x9DFA, 0x9DFA, 0x9DFA, 0x9DFA,   // 0x3F70 (16240) pixels
0x9DFA, 0x9DFA, 0x9DFA, 0x9DFA, 0x9DFA, 0x9DFA, 0x9DFA, 0x9DFA, 0x9DFA, 0x9DFA, 0x9DFA, 0x9DFA, 0x9E1A, 0x9E1A, 0x9E1A, 0x9E1A,   // 0x3F80 (16256) pixels
0x9E1A, 0x9E1A, 0x9E1A, 0x9E1A, 0x9E1B, 0x9E1B, 0x9E1B, 0x9E1B, 0x9DFA, 0x9E1B, 0x9E1B, 0x9E1B, 0x9E3B, 0x9E3B, 0x9E1A, 0x9E1B,   // 0x3F90 (16272) pixels
0x9DFB, 0xA5FB, 0xA5FB, 0xA5FB, 0xA5FB, 0x9DFB, 0x9DFB, 0x9DFB, 0xA5FB, 0xA5FB, 0xA5DA, 0xA5DA, 0xA5DA, 0xA5DA, 0xA5DA, 0xA5DA,   // 0x3FA0 (16288) pixels
0x9DDA, 0x9DFA, 0x9DFA, 0x9DFA, 0x9DFA, 0x9DFA, 0x9DFA, 0x95DA, 0x9DFA, 0x9DFA, 0x9DFA, 0x9DFA, 0x9DD9, 0x95D9, 0x95D9, 0x95D9,   // 0x3FB0 (16304) pixels
0x95D9, 0x95D9, 0x95D9, 0x95D9, 0x95D9, 0x95D9, 0x95D9, 0x95D9, 0x9DD9, 0x9DD9, 0x9DD9, 0x9DD9, 0x9DDA, 0x9DDA, 0x9DD9, 0x95B9,   // 0x3FC0 (16320) pixels
0x95D9, 0x95D9, 0x95D9, 0x95D9, 0x95D9, 0x95D9, 0x95D9, 0x95D9, 0x95B9, 0x95B9, 0x95B9, 0x95B9, 0x95D9, 0x95D9, 0x95D9, 0x95D9,   // 0x3FD0 (16336) pixels
0x9DDA, 0x9DDA, 0x9DDA, 0x9DDA, 0x9DDA, 0x9DDA, 0x9DDA, 0x9DDA, 0x9DDA, 0x9DDA, 0x9DDA, 0x9DDA, 0x9DDA, 0x9DFA, 0x9DFA, 0x9DFA,   // 0x3FE0 (16352) pixels
0x9DFA, 0x9DFA, 0x9DFA, 0x9DFA, 0x9DFA, 0x9DFA, 0x9DFA, 0x9DFA, 0x9DFA, 0x9DFA, 0x9DFA, 0x9DFA, 0x9DFA, 0x9DFA, 0x9DFA, 0x9DFA,   // 0x3FF0 (16368) pixels
0x9DFA, 0x9DFA, 0x9DFA, 0x9DFA, 0x9DFA, 0x9DFA, 0x9DFA, 0x9DFA, 0x9DFA, 0x9DFA, 0x9DFA, 0x9DFA, 0x9E1A, 0x9E1A, 0x9E1A, 0x9E1A,   // 0x4000 (16384) pixels
};
