// Generated by   : ImageConverter 565 Online
// Generated from : splash240_cropped.jpg
// Time generated : Wed, 14 Jan 26 23:55:53 +0100  (Server timezone: CET)
// Image Size     : 240x135 pixels
// Memory usage   : 64800 bytes


#if defined(__AVR__)
    #include <avr/pgmspace.h>
#elif defined(__PIC32MX__)
    #define PROGMEM
#elif defined(__arm__)
    #define PROGMEM
#endif

const unsigned short splash240_cropped[32400] PROGMEM={
0x0000, 0x0000, 0x0000, 0x0000, 0x0000, 0x0000, 0x0000, 0x0000, 0x0000, 0x0000, 0x0000, 0x0000, 0x0000, 0x0000, 0x0000, 0x0000,   // 0x0010 (16) pixels
0x0000, 0x0000, 0x0000, 0x0000, 0x0000, 0x0000, 0x0000, 0x0000, 0x0000, 0x0000, 0x0000, 0x0000, 0x0000, 0x0000, 0x0000, 0x0000,   // 0x0020 (32) pixels
0x0000, 0x0000, 0x0000, 0x0000, 0x0000, 0x0000, 0x0000, 0x0000, 0x0000, 0x0000, 0x0000, 0x0000, 0x0000, 0x0000, 0x0000, 0x0000,   // 0x0030 (48) pixels
0x0000, 0x0000, 0x0000, 0x0000, 0x0000, 0x0000, 0x0000, 0x0000, 0x0000, 0x0000, 0x0000, 0x0000, 0x0000, 0x0000, 0x0000, 0x0000,   // 0x0040 (64) pixels
0x0000, 0x0000, 0x0000, 0x0000, 0x0000, 0x0000, 0x0000, 0x0000, 0x0000, 0x0000, 0x0000, 0x0000, 0x0000, 0x0000, 0x0000, 0x0000,   // 0x0050 (80) pixels
0x0000, 0x0000, 0x0000, 0x0000, 0x0000, 0x0000, 0x0000, 0x0000, 0x0000, 0x0000, 0x0000, 0x0000, 0x0000, 0x0000, 0x0000, 0x0000,   // 0x0060 (96) pixels
0x0000, 0x0000, 0x0000, 0x0000, 0x0000, 0x0000, 0x0000, 0x0000, 0x0000, 0x0000, 0x0000, 0x0000, 0x0000, 0x0000, 0x0000, 0x0000,   // 0x0070 (112) pixels
0x0000, 0x0000, 0x0000, 0x0000, 0x0000, 0x0000, 0x0000, 0x0000, 0x0000, 0x0000, 0x0000, 0x0000, 0x0000, 0x0000, 0x0000, 0x0000,   // 0x0080 (128) pixels
0x0000, 0x0000, 0x0000, 0x0000, 0x0000, 0x0000, 0x0000, 0x0000, 0x0000, 0x0000, 0x0000, 0x0000, 0x0000, 0x0000, 0x0000, 0x0000,   // 0x0090 (144) pixels
0x0000, 0x0000, 0x0000, 0x0000, 0x0000, 0x0000, 0x0000, 0x0000, 0x0000, 0x0000, 0x0000, 0x0000, 0x0000, 0x0000, 0x0000, 0x0000,   // 0x00A0 (160) pixels
0x0000, 0x0000, 0x0000, 0x0000, 0x0000, 0x0000, 0x0000, 0x0000, 0x0000, 0x0000, 0x0000, 0x0000, 0x0000, 0x0000, 0x0000, 0x0000,   // 0x00B0 (176) pixels
0x0000, 0x0000, 0x0000, 0x0000, 0x0000, 0x0000, 0x0000, 0x0000, 0x0000, 0x0000, 0x0000, 0x0000, 0x0000, 0x0000, 0x0000, 0x0000,   // 0x00C0 (192) pixels
0x0000, 0x0000, 0x0000, 0x0000, 0x0000, 0x0000, 0x0000, 0x0000, 0x0000, 0x0000, 0x0000, 0x0000, 0x0000, 0x0000, 0x0000, 0x0000,   // 0x00D0 (208) pixels
0x0000, 0x0000, 0x0000, 0x0000, 0x0000, 0x0000, 0x0000, 0x0000, 0x0000, 0x0000, 0x0000, 0x0000, 0x0000, 0x0000, 0x0000, 0x0000,   // 0x00E0 (224) pixels
0x0000, 0x0000, 0x0000, 0x0000, 0x0000, 0x0000, 0x0000, 0x0000, 0x0000, 0x0000, 0x0000, 0x0000, 0x0000, 0x0000, 0x0000, 0x0000,   // 0x00F0 (240) pixels
0x0000, 0x0000, 0x0000, 0x0000, 0x0000, 0x0000, 0x0000, 0x0000, 0x0000, 0x0000, 0x0000, 0x0000, 0x0000, 0x0000, 0x0000, 0x0000,   // 0x0100 (256) pixels
0x0000, 0x0000, 0x0000, 0x0000, 0x0000, 0x0000, 0x0000, 0x0000, 0x0000, 0x0000, 0x0000, 0x0000, 0x0000, 0x0000, 0x0000, 0x0000,   // 0x0110 (272) pixels
0x0000, 0x0000, 0x0000, 0x0000, 0x0000, 0x0000, 0x0000, 0x0000, 0x0000, 0x0000, 0x0000, 0x0000, 0x0000, 0x0000, 0x0000, 0x0000,   // 0x0120 (288) pixels
0x0000, 0x0000, 0x0000, 0x0000, 0x0000, 0x0000, 0x0000, 0x0000, 0x0000, 0x0000, 0x0000, 0x0000, 0x0000, 0x0000, 0x0000, 0x0000,   // 0x0130 (304) pixels
0x0000, 0x0000, 0x0000, 0x0000, 0x0000, 0x0000, 0x0000, 0x0000, 0x0000, 0x0000, 0x0000, 0x0000, 0x0000, 0x0000, 0x0000, 0x0000,   // 0x0140 (320) pixels
0x0000, 0x0000, 0x0000, 0x0000, 0x0000, 0x0000, 0x0000, 0x0000, 0x0000, 0x0000, 0x0000, 0x0000, 0x0000, 0x0000, 0x0000, 0x0000,   // 0x0150 (336) pixels
0x0000, 0x0000, 0x0000, 0x0000, 0x0000, 0x0000, 0x0000, 0x0000, 0x0000, 0x0000, 0x0000, 0x0000, 0x0000, 0x0000, 0x0000, 0x0000,   // 0x0160 (352) pixels
0x0000, 0x0000, 0x0000, 0x0000, 0x0000, 0x0000, 0x0000, 0x0000, 0x0000, 0x0020, 0x0061, 0x0041, 0x0021, 0x0000, 0x0000, 0x0000,   // 0x0170 (368) pixels
0x0000, 0x0000, 0x0000, 0x0000, 0x0000, 0x0000, 0x0000, 0x0000, 0x0000, 0x0000, 0x0000, 0x0000, 0x0000, 0x0000, 0x0000, 0x0000,   // 0x0180 (384) pixels
0x0000, 0x0000, 0x0000, 0x0000, 0x0000, 0x0000, 0x0000, 0x0000, 0x0000, 0x0000, 0x0000, 0x0000, 0x0000, 0x0000, 0x0000, 0x0000,   // 0x0190 (400) pixels
0x0000, 0x0000, 0x0000, 0x0000, 0x0000, 0x0000, 0x0000, 0x0000, 0x0000, 0x0000, 0x0000, 0x0000, 0x0000, 0x0000, 0x0000, 0x0000,   // 0x01A0 (416) pixels
0x0000, 0x0000, 0x0000, 0x0000, 0x0000, 0x0000, 0x0000, 0x0000, 0x0000, 0x0000, 0x0000, 0x0000, 0x0000, 0x0000, 0x0000, 0x0000,   // 0x01B0 (432) pixels
0x0000, 0x0000, 0x0000, 0x0000, 0x0000, 0x0000, 0x0000, 0x0000, 0x0000, 0x0000, 0x0000, 0x0000, 0x0000, 0x0000, 0x0000, 0x0000,   // 0x01C0 (448) pixels
0x0000, 0x0000, 0x0000, 0x0000, 0x0000, 0x0000, 0x0000, 0x0000, 0x0000, 0x0000, 0x0000, 0x0000, 0x0000, 0x0000, 0x0000, 0x0000,   // 0x01D0 (464) pixels
0x0000, 0x0000, 0x0000, 0x0000, 0x0000, 0x0000, 0x0000, 0x0000, 0x0000, 0x0000, 0x0000, 0x0000, 0x0000, 0x0000, 0x0000, 0x0000,   // 0x01E0 (480) pixels
0x0000, 0x0000, 0x0000, 0x0000, 0x0000, 0x0000, 0x0000, 0x0000, 0x0000, 0x0000, 0x0000, 0x0000, 0x0000, 0x0000, 0x0000, 0x0000,   // 0x01F0 (496) pixels
0x0000, 0x0000, 0x0000, 0x0000, 0x0000, 0x0000, 0x0000, 0x0000, 0x0000, 0x0000, 0x0000, 0x0000, 0x0000, 0x0000, 0x0000, 0x0000,   // 0x0200 (512) pixels
0x0000, 0x0000, 0x0000, 0x0000, 0x0000, 0x0000, 0x0000, 0x0000, 0x0000, 0x0000, 0x0000, 0x0000, 0x0000, 0x0000, 0x0000, 0x0000,   // 0x0210 (528) pixels
0x0000, 0x0000, 0x0000, 0x0000, 0x0000, 0x0000, 0x0000, 0x0000, 0x0000, 0x0000, 0x0000, 0x0000, 0x0000, 0x0000, 0x0000, 0x0000,   // 0x0220 (544) pixels
0x0000, 0x0000, 0x0000, 0x0000, 0x0000, 0x0000, 0x0000, 0x0000, 0x0000, 0x0000, 0x0000, 0x0000, 0x0000, 0x0000, 0x0000, 0x0000,   // 0x0230 (560) pixels
0x0000, 0x0000, 0x0000, 0x0000, 0x0000, 0x0000, 0x0000, 0x0000, 0x0000, 0x0000, 0x0000, 0x0000, 0x0000, 0x0000, 0x0000, 0x0000,   // 0x0240 (576) pixels
0x0000, 0x0000, 0x0000, 0x0000, 0x0000, 0x0000, 0x0000, 0x0000, 0x0000, 0x0000, 0x0000, 0x0000, 0x0000, 0x0000, 0x0000, 0x0000,   // 0x0250 (592) pixels
0x0000, 0x0000, 0x0000, 0x0000, 0x0000, 0x0000, 0x0000, 0x0000, 0x0000, 0x0905, 0x1A2A, 0x122A, 0x1146, 0x0000, 0x0000, 0x0000,   // 0x0260 (608) pixels
0x0000, 0x0000, 0x0000, 0x0000, 0x0000, 0x0000, 0x0000, 0x0000, 0x0000, 0x0000, 0x0000, 0x0000, 0x0000, 0x0000, 0x0000, 0x0000,   // 0x0270 (624) pixels
0x0000, 0x0000, 0x0000, 0x0000, 0x0000, 0x0000, 0x0000, 0x0000, 0x0000, 0x0000, 0x0000, 0x0000, 0x0000, 0x0000, 0x0000, 0x0000,   // 0x0280 (640) pixels
0x0000, 0x0000, 0x0000, 0x0000, 0x0000, 0x0000, 0x0000, 0x0000, 0x0000, 0x0000, 0x0000, 0x0000, 0x0000, 0x0000, 0x0000, 0x0000,   // 0x0290 (656) pixels
0x0000, 0x0000, 0x0000, 0x0000, 0x0000, 0x0000, 0x0000, 0x0000, 0x0000, 0x0000, 0x0000, 0x0000, 0x0000, 0x0000, 0x0000, 0x0000,   // 0x02A0 (672) pixels
0x0000, 0x0000, 0x0000, 0x0000, 0x0000, 0x0000, 0x0000, 0x0000, 0x0000, 0x0000, 0x0000, 0x0000, 0x0000, 0x0000, 0x0000, 0x0000,   // 0x02B0 (688) pixels
0x0000, 0x0000, 0x0000, 0x0000, 0x0000, 0x0000, 0x0000, 0x0000, 0x0000, 0x0000, 0x0000, 0x0000, 0x0000, 0x0000, 0x0000, 0x0000,   // 0x02C0 (704) pixels
0x0000, 0x0000, 0x0000, 0x0000, 0x0000, 0x0000, 0x0000, 0x0000, 0x0000, 0x0000, 0x0000, 0x0000, 0x0000, 0x0000, 0x0000, 0x0000,   // 0x02D0 (720) pixels
0x0000, 0x0000, 0x0000, 0x0000, 0x0000, 0x0000, 0x0000, 0x0000, 0x0000, 0x0000, 0x0000, 0x0000, 0x0000, 0x0000, 0x0000, 0x0000,   // 0x02E0 (736) pixels
0x0000, 0x0000, 0x0000, 0x0000, 0x0000, 0x0000, 0x0000, 0x0000, 0x0000, 0x0000, 0x0000, 0x0000, 0x0000, 0x0000, 0x0000, 0x0000,   // 0x02F0 (752) pixels
0x0000, 0x0000, 0x0000, 0x0000, 0x0000, 0x0000, 0x0000, 0x0000, 0x0000, 0x0000, 0x0000, 0x0000, 0x0000, 0x0000, 0x0000, 0x0000,   // 0x0300 (768) pixels
0x0000, 0x0000, 0x0000, 0x0000, 0x0000, 0x0000, 0x0000, 0x0000, 0x0000, 0x0000, 0x0000, 0x0000, 0x0000, 0x0000, 0x0000, 0x0000,   // 0x0310 (784) pixels
0x0000, 0x0000, 0x0000, 0x0000, 0x0000, 0x0000, 0x0000, 0x0000, 0x0000, 0x0000, 0x0000, 0x0000, 0x0000, 0x0000, 0x0000, 0x0000,   // 0x0320 (800) pixels
0x0000, 0x0000, 0x0000, 0x0000, 0x0000, 0x0000, 0x0000, 0x0000, 0x0000, 0x0000, 0x0000, 0x0000, 0x0000, 0x0000, 0x0000, 0x0000,   // 0x0330 (816) pixels
0x0000, 0x0000, 0x0000, 0x0000, 0x0000, 0x0000, 0x0000, 0x0000, 0x0000, 0x0000, 0x0000, 0x0000, 0x0000, 0x0000, 0x0000, 0x0000,   // 0x0340 (832) pixels
0x0000, 0x0000, 0x0000, 0x0000, 0x0000, 0x0000, 0x0000, 0x0000, 0x0000, 0x1145, 0x1A4B, 0x124B, 0x1166, 0x0000, 0x0000, 0x0000,   // 0x0350 (848) pixels
0x0000, 0x0000, 0x0000, 0x0000, 0x0000, 0x0000, 0x0000, 0x0000, 0x0000, 0x0000, 0x0000, 0x0000, 0x0000, 0x0000, 0x0000, 0x0000,   // 0x0360 (864) pixels
0x0000, 0x0000, 0x0000, 0x0000, 0x0000, 0x0000, 0x0000, 0x0000, 0x0000, 0x0000, 0x0000, 0x0000, 0x0000, 0x0000, 0x0000, 0x0000,   // 0x0370 (880) pixels
0x0000, 0x0000, 0x0000, 0x0000, 0x0000, 0x0000, 0x0000, 0x0000, 0x0000, 0x0000, 0x0000, 0x0000, 0x0000, 0x0000, 0x0000, 0x0000,   // 0x0380 (896) pixels
0x0000, 0x0000, 0x0000, 0x0000, 0x0000, 0x0000, 0x0000, 0x0000, 0x0000, 0x0000, 0x0000, 0x0000, 0x0000, 0x0000, 0x0000, 0x0000,   // 0x0390 (912) pixels
0x0000, 0x0000, 0x0000, 0x0000, 0x0000, 0x0000, 0x0000, 0x0000, 0x0000, 0x0000, 0x0000, 0x0000, 0x0000, 0x0000, 0x0000, 0x0000,   // 0x03A0 (928) pixels
0x0000, 0x0000, 0x0000, 0x0000, 0x0000, 0x0000, 0x0000, 0x0000, 0x0000, 0x0000, 0x0000, 0x0000, 0x0000, 0x0000, 0x0000, 0x0000,   // 0x03B0 (944) pixels
0x0000, 0x0000, 0x0000, 0x0000, 0x0000, 0x0000, 0x0000, 0x0000, 0x0000, 0x0000, 0x0000, 0x0000, 0x0000, 0x0000, 0x0000, 0x0000,   // 0x03C0 (960) pixels
0x0000, 0x0000, 0x0000, 0x0000, 0x0000, 0x0000, 0x0000, 0x0000, 0x0000, 0x0000, 0x0000, 0x0000, 0x0000, 0x0000, 0x0000, 0x0000,   // 0x03D0 (976) pixels
0x0000, 0x0000, 0x0000, 0x0000, 0x0000, 0x0000, 0x0000, 0x0000, 0x0000, 0x0000, 0x0000, 0x0000, 0x0000, 0x0000, 0x0000, 0x0000,   // 0x03E0 (992) pixels
0x0000, 0x0000, 0x0000, 0x0000, 0x0000, 0x0000, 0x0000, 0x0000, 0x0000, 0x0000, 0x0000, 0x0000, 0x0000, 0x0000, 0x0000, 0x0000,   // 0x03F0 (1008) pixels
0x0000, 0x0000, 0x0000, 0x0000, 0x0000, 0x0000, 0x0000, 0x0000, 0x0000, 0x0000, 0x0000, 0x0000, 0x0000, 0x0000, 0x0000, 0x0000,   // 0x0400 (1024) pixels
0x0000, 0x0000, 0x0000, 0x0000, 0x0000, 0x0000, 0x0000, 0x0000, 0x0000, 0x0000, 0x0000, 0x0000, 0x0000, 0x0000, 0x0000, 0x0000,   // 0x0410 (1040) pixels
0x0000, 0x0000, 0x0000, 0x0000, 0x0000, 0x0000, 0x0000, 0x0000, 0x0000, 0x0000, 0x0000, 0x0000, 0x0000, 0x0000, 0x0000, 0x0000,   // 0x0420 (1056) pixels
0x0000, 0x0000, 0x0000, 0x0000, 0x0000, 0x0000, 0x0000, 0x0000, 0x0000, 0x0000, 0x0000, 0x0000, 0x0000, 0x0000, 0x0000, 0x0000,   // 0x0430 (1072) pixels
0x0000, 0x0000, 0x0000, 0x0000, 0x0000, 0x0000, 0x0000, 0x0000, 0x0000, 0x1146, 0x1A8C, 0x1A8C, 0x1187, 0x0000, 0x0000, 0x0000,   // 0x0440 (1088) pixels
0x0000, 0x0000, 0x0000, 0x0000, 0x0000, 0x0000, 0x0000, 0x0000, 0x0000, 0x0000, 0x0000, 0x0000, 0x0000, 0x0000, 0x0000, 0x0000,   // 0x0450 (1104) pixels
0x0000, 0x0000, 0x0000, 0x0000, 0x0000, 0x0000, 0x0000, 0x0000, 0x0000, 0x0000, 0x0000, 0x0000, 0x0000, 0x0000, 0x0000, 0x0000,   // 0x0460 (1120) pixels
0x0000, 0x0000, 0x0000, 0x0000, 0x0000, 0x0000, 0x0000, 0x0000, 0x0000, 0x0000, 0x0000, 0x0000, 0x0000, 0x0000, 0x0000, 0x0000,   // 0x0470 (1136) pixels
0x0000, 0x0000, 0x0000, 0x0000, 0x0000, 0x0000, 0x0000, 0x0000, 0x0000, 0x0000, 0x0000, 0x0000, 0x0000, 0x0000, 0x0000, 0x0000,   // 0x0480 (1152) pixels
0x0000, 0x0000, 0x0000, 0x0000, 0x0000, 0x0000, 0x0000, 0x0000, 0x0000, 0x0000, 0x0000, 0x0000, 0x0000, 0x0000, 0x0000, 0x0000,   // 0x0490 (1168) pixels
0x0000, 0x0000, 0x0000, 0x0000, 0x0000, 0x0000, 0x0000, 0x0000, 0x0000, 0x0000, 0x0000, 0x0000, 0x0000, 0x0000, 0x0000, 0x0000,   // 0x04A0 (1184) pixels
0x0000, 0x0000, 0x0000, 0x0000, 0x0000, 0x0000, 0x0000, 0x0000, 0x0000, 0x0000, 0x0000, 0x0000, 0x0000, 0x0000, 0x0000, 0x0000,   // 0x04B0 (1200) pixels
0x0000, 0x0000, 0x0000, 0x0000, 0x0000, 0x0000, 0x0000, 0x0000, 0x0000, 0x0000, 0x0000, 0x0000, 0x0000, 0x0000, 0x0000, 0x0000,   // 0x04C0 (1216) pixels
0x0000, 0x0000, 0x0000, 0x0000, 0x0000, 0x0000, 0x0000, 0x0000, 0x0000, 0x0000, 0x0000, 0x0000, 0x0000, 0x0000, 0x0000, 0x0000,   // 0x04D0 (1232) pixels
0x0000, 0x0000, 0x0000, 0x0000, 0x0000, 0x0000, 0x0000, 0x0000, 0x0000, 0x0000, 0x0000, 0x0000, 0x0000, 0x0000, 0x0000, 0x0000,   // 0x04E0 (1248) pixels
0x0000, 0x0000, 0x0000, 0x0000, 0x0000, 0x0000, 0x0000, 0x0000, 0x0000, 0x0000, 0x0000, 0x0000, 0x0000, 0x0000, 0x0000, 0x0000,   // 0x04F0 (1264) pixels
0x0000, 0x0000, 0x0000, 0x0000, 0x0000, 0x0000, 0x0000, 0x0000, 0x0000, 0x0000, 0x0000, 0x0000, 0x0000, 0x0000, 0x0000, 0x0000,   // 0x0500 (1280) pixels
0x0000, 0x0000, 0x0000, 0x0000, 0x0000, 0x0000, 0x0000, 0x0000, 0x0000, 0x0000, 0x0000, 0x0000, 0x0000, 0x0000, 0x0000, 0x0000,   // 0x0510 (1296) pixels
0x0000, 0x0000, 0x0000, 0x0000, 0x0000, 0x0000, 0x0000, 0x0000, 0x0000, 0x0000, 0x0000, 0x0000, 0x0000, 0x0000, 0x0000, 0x0000,   // 0x0520 (1312) pixels
0x0000, 0x0000, 0x0000, 0x0000, 0x0000, 0x0000, 0x0000, 0x0000, 0x0000, 0x0021, 0x0083, 0x00A3, 0x0041, 0x0000, 0x0000, 0x0000,   // 0x0530 (1328) pixels
0x0000, 0x0000, 0x0000, 0x0000, 0x0000, 0x0000, 0x0000, 0x0000, 0x0000, 0x0000, 0x0000, 0x0000, 0x0000, 0x0000, 0x0000, 0x0000,   // 0x0540 (1344) pixels
0x0000, 0x0000, 0x0000, 0x0000, 0x0000, 0x0000, 0x0000, 0x0000, 0x0000, 0x0000, 0x0000, 0x0000, 0x0000, 0x0000, 0x0000, 0x0000,   // 0x0550 (1360) pixels
0x0000, 0x0000, 0x0000, 0x0000, 0x0000, 0x0000, 0x0000, 0x0000, 0x0000, 0x0000, 0x0000, 0x0000, 0x0000, 0x0000, 0x0000, 0x0000,   // 0x0560 (1376) pixels
0x0000, 0x0000, 0x0000, 0x0000, 0x0000, 0x0000, 0x0000, 0x0000, 0x0000, 0x0000, 0x0000, 0x0000, 0x0000, 0x0000, 0x0000, 0x0000,   // 0x0570 (1392) pixels
0x0000, 0x0000, 0x0000, 0x0000, 0x0000, 0x0000, 0x0000, 0x0000, 0x0000, 0x0000, 0x0000, 0x0000, 0x0000, 0x0000, 0x0000, 0x0000,   // 0x0580 (1408) pixels
0x0000, 0x0000, 0x0000, 0x0000, 0x0000, 0x0000, 0x0000, 0x0000, 0x0000, 0x0000, 0x0000, 0x0000, 0x0000, 0x0000, 0x0000, 0x0000,   // 0x0590 (1424) pixels
0x0000, 0x0000, 0x0000, 0x0000, 0x0000, 0x0000, 0x0000, 0x0000, 0x0000, 0x0000, 0x0000, 0x0000, 0x0000, 0x0000, 0x0000, 0x0000,   // 0x05A0 (1440) pixels
0x0000, 0x0000, 0x0000, 0x0000, 0x0000, 0x0000, 0x0000, 0x0000, 0x0000, 0x0000, 0x0000, 0x0000, 0x0000, 0x0000, 0x0000, 0x0000,   // 0x05B0 (1456) pixels
0x0000, 0x0000, 0x0000, 0x0000, 0x0000, 0x0000, 0x0000, 0x0000, 0x0000, 0x0000, 0x0000, 0x0000, 0x0000, 0x0000, 0x0000, 0x0000,   // 0x05C0 (1472) pixels
0x0000, 0x0000, 0x0000, 0x0000, 0x0000, 0x0000, 0x0000, 0x0000, 0x0000, 0x0000, 0x0000, 0x0000, 0x0000, 0x0000, 0x0000, 0x0000,   // 0x05D0 (1488) pixels
0x0000, 0x0000, 0x0000, 0x0000, 0x0000, 0x0000, 0x0000, 0x0000, 0x0000, 0x0000, 0x0000, 0x0000, 0x0000, 0x0000, 0x0000, 0x0000,   // 0x05E0 (1504) pixels
0x0000, 0x0000, 0x0000, 0x0000, 0x0000, 0x0000, 0x0000, 0x0000, 0x0000, 0x0000, 0x0000, 0x0000, 0x0000, 0x0000, 0x0000, 0x0000,   // 0x05F0 (1520) pixels
0x0000, 0x0000, 0x0000, 0x0000, 0x0000, 0x0000, 0x0000, 0x0000, 0x0000, 0x0000, 0x0000, 0x0000, 0x0000, 0x0000, 0x0000, 0x0000,   // 0x0600 (1536) pixels
0x0000, 0x0000, 0x0000, 0x0000, 0x0000, 0x0000, 0x0000, 0x0000, 0x0000, 0x0000, 0x0000, 0x0000, 0x0000, 0x0000, 0x0000, 0x0000,   // 0x0610 (1552) pixels
0x0000, 0x0000, 0x0000, 0x0000, 0x0000, 0x0000, 0x0000, 0x0000, 0x0000, 0x0883, 0x0905, 0x08E5, 0x0083, 0x0000, 0x0000, 0x0000,   // 0x0620 (1568) pixels
0x0000, 0x0000, 0x0000, 0x0000, 0x0000, 0x0000, 0x0000, 0x0000, 0x0000, 0x0000, 0x0000, 0x0000, 0x0000, 0x0000, 0x0000, 0x0000,   // 0x0630 (1584) pixels
0x0000, 0x0000, 0x0000, 0x0000, 0x0000, 0x0000, 0x0000, 0x0000, 0x0000, 0x0000, 0x0000, 0x0000, 0x0000, 0x0000, 0x0000, 0x0000,   // 0x0640 (1600) pixels
0x0000, 0x0000, 0x0000, 0x0000, 0x0000, 0x0000, 0x0000, 0x0000, 0x0000, 0x0000, 0x0000, 0x0000, 0x0000, 0x0000, 0x0000, 0x0000,   // 0x0650 (1616) pixels
0x0000, 0x0000, 0x0000, 0x0000, 0x0000, 0x0000, 0x0000, 0x0000, 0x0000, 0x0000, 0x0000, 0x0000, 0x0000, 0x0000, 0x0000, 0x0000,   // 0x0660 (1632) pixels
0x0000, 0x0000, 0x0000, 0x0000, 0x0000, 0x0000, 0x0000, 0x0000, 0x0000, 0x0000, 0x0000, 0x0000, 0x0000, 0x0000, 0x0000, 0x0000,   // 0x0670 (1648) pixels
0x0000, 0x0000, 0x0000, 0x0000, 0x0000, 0x0000, 0x0000, 0x0000, 0x0000, 0x0000, 0x0000, 0x0000, 0x0000, 0x0000, 0x0000, 0x0000,   // 0x0680 (1664) pixels
0x0000, 0x0000, 0x0000, 0x0000, 0x0000, 0x0000, 0x0000, 0x0000, 0x0000, 0x0000, 0x0000, 0x0000, 0x0000, 0x0000, 0x0000, 0x0000,   // 0x0690 (1680) pixels
0x0000, 0x0000, 0x0000, 0x0000, 0x0000, 0x0000, 0x0000, 0x0000, 0x0000, 0x0000, 0x0000, 0x0000, 0x0000, 0x0000, 0x0000, 0x0000,   // 0x06A0 (1696) pixels
0x0000, 0x0000, 0x0000, 0x0000, 0x0000, 0x0000, 0x0000, 0x0000, 0x0000, 0x0000, 0x0000, 0x0000, 0x0000, 0x0000, 0x0000, 0x0000,   // 0x06B0 (1712) pixels
0x0000, 0x0000, 0x0000, 0x0000, 0x0000, 0x0000, 0x0000, 0x0000, 0x0000, 0x0000, 0x0000, 0x0000, 0x0000, 0x0000, 0x0000, 0x0000,   // 0x06C0 (1728) pixels
0x0000, 0x0000, 0x0000, 0x0000, 0x0000, 0x0000, 0x0000, 0x0000, 0x0000, 0x0000, 0x0000, 0x0000, 0x0000, 0x0000, 0x0000, 0x0000,   // 0x06D0 (1744) pixels
0x0000, 0x0000, 0x0000, 0x0000, 0x0000, 0x0000, 0x0000, 0x0000, 0x0000, 0x0000, 0x0000, 0x0000, 0x0000, 0x0000, 0x0000, 0x0000,   // 0x06E0 (1760) pixels
0x0000, 0x0000, 0x0000, 0x0000, 0x0000, 0x0000, 0x0000, 0x0000, 0x0000, 0x0000, 0x0000, 0x0000, 0x0000, 0x0000, 0x0000, 0x0000,   // 0x06F0 (1776) pixels
0x0000, 0x0000, 0x0000, 0x0000, 0x0000, 0x0000, 0x0000, 0x0000, 0x0000, 0x0000, 0x0000, 0x0000, 0x0000, 0x0000, 0x0000, 0x0000,   // 0x0700 (1792) pixels
0x0000, 0x0000, 0x0000, 0x0000, 0x0000, 0x0000, 0x0000, 0x0000, 0x0000, 0x08C4, 0x09A7, 0x1188, 0x0904, 0x0000, 0x0000, 0x0000,   // 0x0710 (1808) pixels
0x0000, 0x0000, 0x0000, 0x0000, 0x0000, 0x0000, 0x0000, 0x0000, 0x0000, 0x0000, 0x0000, 0x0000, 0x0000, 0x0000, 0x0000, 0x0000,   // 0x0720 (1824) pixels
0x0000, 0x0000, 0x0000, 0x0000, 0x0000, 0x0000, 0x0000, 0x0000, 0x0000, 0x0000, 0x0000, 0x0000, 0x0000, 0x0000, 0x0000, 0x0000,   // 0x0730 (1840) pixels
0x0000, 0x0000, 0x0000, 0x0000, 0x0000, 0x0000, 0x0000, 0x0000, 0x0000, 0x0000, 0x0000, 0x0000, 0x0000, 0x0000, 0x0000, 0x0000,   // 0x0740 (1856) pixels
0x0000, 0x0000, 0x0000, 0x0000, 0x0000, 0x0000, 0x0000, 0x0000, 0x0000, 0x0000, 0x0000, 0x0000, 0x0000, 0x0000, 0x0000, 0x0000,   // 0x0750 (1872) pixels
0x0000, 0x0000, 0x0000, 0x0000, 0x0000, 0x0000, 0x0000, 0x0000, 0x0000, 0x0000, 0x0000, 0x0000, 0x0000, 0x0000, 0x0000, 0x0000,   // 0x0760 (1888) pixels
0x0000, 0x0000, 0x0000, 0x0000, 0x0000, 0x0000, 0x0000, 0x0000, 0x0000, 0x0000, 0x0000, 0x0000, 0x0000, 0x0000, 0x0000, 0x0000,   // 0x0770 (1904) pixels
0x0000, 0x0000, 0x0000, 0x0000, 0x0000, 0x0000, 0x0000, 0x0000, 0x0000, 0x0000, 0x0000, 0x0000, 0x0000, 0x0000, 0x0000, 0x0000,   // 0x0780 (1920) pixels
0x0000, 0x0000, 0x0000, 0x0000, 0x0000, 0x0000, 0x0000, 0x0000, 0x0000, 0x0000, 0x0000, 0x0000, 0x0000, 0x0000, 0x0000, 0x0000,   // 0x0790 (1936) pixels
0x0000, 0x0000, 0x0000, 0x0000, 0x0000, 0x0000, 0x0000, 0x0000, 0x0000, 0x0000, 0x0000, 0x0000, 0x0000, 0x0000, 0x0000, 0x0000,   // 0x07A0 (1952) pixels
0x0000, 0x0000, 0x0000, 0x0000, 0x0000, 0x0000, 0x0000, 0x0000, 0x0000, 0x0000, 0x0000, 0x0000, 0x0000, 0x0000, 0x0000, 0x0000,   // 0x07B0 (1968) pixels
0x0000, 0x0000, 0x0000, 0x0000, 0x0000, 0x0000, 0x0000, 0x0000, 0x0000, 0x0000, 0x0000, 0x0000, 0x0000, 0x0000, 0x0000, 0x0000,   // 0x07C0 (1984) pixels
0x0000, 0x0000, 0x0000, 0x0000, 0x0000, 0x0000, 0x0000, 0x0000, 0x0000, 0x0000, 0x0000, 0x0000, 0x0000, 0x0000, 0x0000, 0x0000,   // 0x07D0 (2000) pixels
0x0000, 0x0000, 0x0000, 0x0000, 0x0000, 0x0000, 0x0000, 0x0000, 0x0000, 0x0000, 0x0000, 0x0000, 0x0000, 0x0000, 0x0000, 0x0000,   // 0x07E0 (2016) pixels
0x0000, 0x0000, 0x0000, 0x0000, 0x0000, 0x0000, 0x0000, 0x0000, 0x0000, 0x0000, 0x0000, 0x0000, 0x0000, 0x0000, 0x0000, 0x0000,   // 0x07F0 (2032) pixels
0x0000, 0x0000, 0x0000, 0x0000, 0x0000, 0x0000, 0x0000, 0x0000, 0x0000, 0x0061, 0x00E4, 0x08C4, 0x0062, 0x0000, 0x0000, 0x0000,   // 0x0800 (2048) pixels
0x0000, 0x0000, 0x0000, 0x0000, 0x0000, 0x0000, 0x0000, 0x0000, 0x0000, 0x0000, 0x0000, 0x0000, 0x0000, 0x0000, 0x0000, 0x0000,   // 0x0810 (2064) pixels
0x0000, 0x0000, 0x0000, 0x0000, 0x0000, 0x0000, 0x0000, 0x0000, 0x0000, 0x0000, 0x0000, 0x0000, 0x0000, 0x0000, 0x0000, 0x0000,   // 0x0820 (2080) pixels
0x0000, 0x0000, 0x0000, 0x0000, 0x0000, 0x0000, 0x0000, 0x0000, 0x0000, 0x0000, 0x0000, 0x0000, 0x0000, 0x0000, 0x0000, 0x0000,   // 0x0830 (2096) pixels
0x0000, 0x0000, 0x0000, 0x0000, 0x0000, 0x0000, 0x0000, 0x0000, 0x0000, 0x0000, 0x0000, 0x0000, 0x0000, 0x0000, 0x0000, 0x0000,   // 0x0840 (2112) pixels
0x0000, 0x0000, 0x0000, 0x0000, 0x0000, 0x0000, 0x0000, 0x0000, 0x0000, 0x0000, 0x0000, 0x0000, 0x0000, 0x0000, 0x0000, 0x0000,   // 0x0850 (2128) pixels
0x0000, 0x0000, 0x0000, 0x0000, 0x0000, 0x0000, 0x0000, 0x0000, 0x0000, 0x0000, 0x0000, 0x0000, 0x0000, 0x0000, 0x0000, 0x0000,   // 0x0860 (2144) pixels
0x0000, 0x0000, 0x0000, 0x0000, 0x0000, 0x0000, 0x0000, 0x0000, 0x0000, 0x0000, 0x0000, 0x0000, 0x0000, 0x0000, 0x0000, 0x0000,   // 0x0870 (2160) pixels
0x0000, 0x0000, 0x0000, 0x0000, 0x0000, 0x0000, 0x0000, 0x0000, 0x0000, 0x0000, 0x0000, 0x0000, 0x0000, 0x0000, 0x0000, 0x0000,   // 0x0880 (2176) pixels
0x0000, 0x0000, 0x0000, 0x0000, 0x0000, 0x0000, 0x0000, 0x0000, 0x0000, 0x0000, 0x0000, 0x0000, 0x0000, 0x0000, 0x0000, 0x0000,   // 0x0890 (2192) pixels
0x0000, 0x0000, 0x0000, 0x0000, 0x0000, 0x0000, 0x0000, 0x0000, 0x0000, 0x0000, 0x0000, 0x0000, 0x0000, 0x0000, 0x0000, 0x0000,   // 0x08A0 (2208) pixels
0x0000, 0x0000, 0x0000, 0x0000, 0x0000, 0x0000, 0x0000, 0x0000, 0x0000, 0x0000, 0x0000, 0x0000, 0x0000, 0x0000, 0x0000, 0x0000,   // 0x08B0 (2224) pixels
0x0000, 0x0000, 0x0000, 0x0000, 0x0000, 0x0000, 0x0000, 0x0000, 0x0000, 0x0000, 0x0000, 0x0000, 0x0000, 0x0000, 0x0000, 0x0000,   // 0x08C0 (2240) pixels
0x0000, 0x0000, 0x0000, 0x0000, 0x0000, 0x0000, 0x0000, 0x0000, 0x0000, 0x0000, 0x0000, 0x0000, 0x0000, 0x0000, 0x0000, 0x0000,   // 0x08D0 (2256) pixels
0x0000, 0x0000, 0x0000, 0x0000, 0x0000, 0x0000, 0x0000, 0x0000, 0x0000, 0x0000, 0x0000, 0x0000, 0x0000, 0x0000, 0x0000, 0x0000,   // 0x08E0 (2272) pixels
0x0000, 0x0000, 0x0000, 0x0000, 0x0000, 0x0000, 0x0000, 0x0000, 0x0000, 0x0020, 0x0021, 0x0021, 0x0020, 0x0000, 0x0000, 0x0000,   // 0x08F0 (2288) pixels
0x0000, 0x0000, 0x0000, 0x0000, 0x0000, 0x0000, 0x0000, 0x0000, 0x0000, 0x0000, 0x0000, 0x0000, 0x0000, 0x0000, 0x0000, 0x0000,   // 0x0900 (2304) pixels
0x0000, 0x0000, 0x0000, 0x0000, 0x0000, 0x0000, 0x0000, 0x0000, 0x0000, 0x0000, 0x0000, 0x0000, 0x0000, 0x0000, 0x0000, 0x0000,   // 0x0910 (2320) pixels
0x0000, 0x0000, 0x0000, 0x0000, 0x0000, 0x0000, 0x0000, 0x0000, 0x0000, 0x0000, 0x0000, 0x0000, 0x0000, 0x0000, 0x0000, 0x0000,   // 0x0920 (2336) pixels
0x0000, 0x0000, 0x0000, 0x0000, 0x0000, 0x0000, 0x0000, 0x0000, 0x0000, 0x0000, 0x0000, 0x0000, 0x0000, 0x0000, 0x0000, 0x0000,   // 0x0930 (2352) pixels
0x0000, 0x0000, 0x0000, 0x0000, 0x0000, 0x0000, 0x0000, 0x0000, 0x0000, 0x0000, 0x0000, 0x0000, 0x0000, 0x0000, 0x0000, 0x0000,   // 0x0940 (2368) pixels
0x0000, 0x0000, 0x0000, 0x0000, 0x0000, 0x0000, 0x0000, 0x0000, 0x0000, 0x0000, 0x0000, 0x0000, 0x0000, 0x0000, 0x0000, 0x0000,   // 0x0950 (2384) pixels
0x0000, 0x0000, 0x0000, 0x0000, 0x0000, 0x0000, 0x0000, 0x0000, 0x0000, 0x0000, 0x0000, 0x0000, 0x0000, 0x0000, 0x0000, 0x0000,   // 0x0960 (2400) pixels
0x0000, 0x0000, 0x0000, 0x0000, 0x0000, 0x0000, 0x0000, 0x0000, 0x0000, 0x0000, 0x0000, 0x0000, 0x0000, 0x0000, 0x0000, 0x0000,   // 0x0970 (2416) pixels
0x0000, 0x0000, 0x0000, 0x0000, 0x0000, 0x0000, 0x0000, 0x0000, 0x0000, 0x0000, 0x0000, 0x0000, 0x0000, 0x0000, 0x0000, 0x0000,   // 0x0980 (2432) pixels
0x0000, 0x0000, 0x0000, 0x0000, 0x0000, 0x0000, 0x0000, 0x0000, 0x0000, 0x0000, 0x0000, 0x0000, 0x0000, 0x0000, 0x0000, 0x0000,   // 0x0990 (2448) pixels
0x0000, 0x0000, 0x0000, 0x0000, 0x0000, 0x0000, 0x0000, 0x0000, 0x0000, 0x0000, 0x0000, 0x0000, 0x0000, 0x0000, 0x0000, 0x0000,   // 0x09A0 (2464) pixels
0x0000, 0x0000, 0x0000, 0x0000, 0x0000, 0x0000, 0x0000, 0x0000, 0x0000, 0x0000, 0x0000, 0x0000, 0x0000, 0x0000, 0x0000, 0x0000,   // 0x09B0 (2480) pixels
0x0000, 0x0000, 0x0000, 0x0000, 0x0000, 0x0000, 0x0000, 0x0000, 0x0000, 0x0000, 0x0000, 0x0000, 0x0000, 0x0000, 0x0000, 0x0000,   // 0x09C0 (2496) pixels
0x0000, 0x0000, 0x0000, 0x0000, 0x0000, 0x0000, 0x0000, 0x0000, 0x0000, 0x0000, 0x0000, 0x0000, 0x0000, 0x0000, 0x0000, 0x0000,   // 0x09D0 (2512) pixels
0x0000, 0x0000, 0x0000, 0x0000, 0x0001, 0x0000, 0x0001, 0x0001, 0x0000, 0x0000, 0x0000, 0x0000, 0x0000, 0x0000, 0x0001, 0x0001,   // 0x09E0 (2528) pixels
0x0001, 0x0000, 0x0000, 0x0000, 0x0000, 0x0000, 0x0000, 0x0000, 0x0000, 0x0000, 0x0000, 0x0000, 0x0000, 0x0000, 0x0000, 0x0000,   // 0x09F0 (2544) pixels
0x0000, 0x0000, 0x0000, 0x0000, 0x0000, 0x0000, 0x0000, 0x0000, 0x0000, 0x0000, 0x0000, 0x0000, 0x0000, 0x0000, 0x0000, 0x0000,   // 0x0A00 (2560) pixels
0x0000, 0x0000, 0x0000, 0x0000, 0x0000, 0x0000, 0x0000, 0x0000, 0x0000, 0x0000, 0x0000, 0x0000, 0x0000, 0x0000, 0x0000, 0x0000,   // 0x0A10 (2576) pixels
0x0000, 0x0000, 0x0000, 0x0000, 0x0000, 0x0000, 0x0000, 0x0000, 0x0000, 0x0000, 0x0000, 0x0000, 0x0000, 0x0000, 0x0000, 0x0000,   // 0x0A20 (2592) pixels
0x0000, 0x0000, 0x0000, 0x0000, 0x0000, 0x0000, 0x0000, 0x0000, 0x0000, 0x0000, 0x0000, 0x0000, 0x0000, 0x0000, 0x0000, 0x0000,   // 0x0A30 (2608) pixels
0x0000, 0x0000, 0x0000, 0x0000, 0x0000, 0x0000, 0x0000, 0x0000, 0x0000, 0x0000, 0x0000, 0x0000, 0x0000, 0x0000, 0x0000, 0x0000,   // 0x0A40 (2624) pixels
0x0000, 0x0000, 0x0000, 0x0000, 0x0000, 0x0000, 0x0000, 0x0000, 0x0000, 0x0000, 0x0000, 0x0000, 0x0000, 0x0000, 0x0000, 0x0000,   // 0x0A50 (2640) pixels
0x0000, 0x0000, 0x0000, 0x0000, 0x0000, 0x0000, 0x0000, 0x0000, 0x0000, 0x0000, 0x0000, 0x0000, 0x0000, 0x0000, 0x0000, 0x0000,   // 0x0A60 (2656) pixels
0x0000, 0x0000, 0x0000, 0x0000, 0x0000, 0x0000, 0x0000, 0x0000, 0x0000, 0x0000, 0x0000, 0x0000, 0x0000, 0x0000, 0x0000, 0x0000,   // 0x0A70 (2672) pixels
0x0000, 0x0000, 0x0000, 0x0000, 0x0000, 0x0000, 0x0000, 0x0000, 0x0000, 0x0000, 0x0000, 0x0000, 0x0000, 0x0000, 0x0000, 0x0000,   // 0x0A80 (2688) pixels
0x0000, 0x0000, 0x0000, 0x0000, 0x0000, 0x0000, 0x0000, 0x0000, 0x0000, 0x0000, 0x0000, 0x0000, 0x0000, 0x0000, 0x0000, 0x0000,   // 0x0A90 (2704) pixels
0x0000, 0x0000, 0x0000, 0x0000, 0x0000, 0x0000, 0x0000, 0x0000, 0x0000, 0x0000, 0x0000, 0x0000, 0x0000, 0x0000, 0x0000, 0x0000,   // 0x0AA0 (2720) pixels
0x0000, 0x0000, 0x0000, 0x0000, 0x0000, 0x0000, 0x0000, 0x0000, 0x0000, 0x0000, 0x0000, 0x0000, 0x0000, 0x0000, 0x0000, 0x0000,   // 0x0AB0 (2736) pixels
0x0000, 0x0000, 0x0000, 0x0000, 0x0000, 0x0000, 0x0000, 0x0000, 0x0000, 0x0000, 0x0000, 0x0000, 0x0000, 0x0000, 0x0000, 0x0000,   // 0x0AC0 (2752) pixels
0x0021, 0x0042, 0x0062, 0x0001, 0x00A3, 0x0925, 0x0904, 0x00A4, 0x0000, 0x0041, 0x0883, 0x00A3, 0x0061, 0x0000, 0x00C4, 0x0105,   // 0x0AD0 (2768) pixels
0x08E5, 0x0083, 0x0021, 0x0041, 0x0000, 0x0000, 0x0000, 0x0000, 0x0000, 0x0000, 0x0000, 0x0000, 0x0000, 0x0000, 0x0000, 0x0000,   // 0x0AE0 (2784) pixels
0x0000, 0x0000, 0x0000, 0x0000, 0x0000, 0x0000, 0x0000, 0x0000, 0x0000, 0x0000, 0x0000, 0x0000, 0x0000, 0x0000, 0x0000, 0x0000,   // 0x0AF0 (2800) pixels
0x0000, 0x0000, 0x0000, 0x0000, 0x0000, 0x0000, 0x0000, 0x0000, 0x0000, 0x0000, 0x0000, 0x0000, 0x0000, 0x0000, 0x0000, 0x0000,   // 0x0B00 (2816) pixels
0x0000, 0x0000, 0x0000, 0x0000, 0x0000, 0x0000, 0x0000, 0x0000, 0x0000, 0x0000, 0x0000, 0x0000, 0x0000, 0x0000, 0x0000, 0x0000,   // 0x0B10 (2832) pixels
0x0000, 0x0000, 0x0000, 0x0000, 0x0000, 0x0000, 0x0000, 0x0000, 0x0000, 0x0000, 0x0000, 0x0000, 0x0000, 0x0000, 0x0000, 0x0000,   // 0x0B20 (2848) pixels
0x0000, 0x0000, 0x0000, 0x0000, 0x0000, 0x0000, 0x0000, 0x0000, 0x0000, 0x0000, 0x0000, 0x0000, 0x0000, 0x0000, 0x0000, 0x0000,   // 0x0B30 (2864) pixels
0x0000, 0x0000, 0x0000, 0x0000, 0x0000, 0x0000, 0x0000, 0x0000, 0x0000, 0x0000, 0x0000, 0x0000, 0x0000, 0x0000, 0x0000, 0x0000,   // 0x0B40 (2880) pixels
0x0000, 0x0000, 0x0000, 0x0000, 0x0000, 0x0000, 0x0000, 0x0000, 0x0000, 0x0000, 0x0000, 0x0000, 0x0000, 0x0000, 0x0000, 0x0000,   // 0x0B50 (2896) pixels
0x0000, 0x0000, 0x0000, 0x0000, 0x0000, 0x0000, 0x0000, 0x0000, 0x0000, 0x0000, 0x0000, 0x0000, 0x0000, 0x0000, 0x0000, 0x0000,   // 0x0B60 (2912) pixels
0x0000, 0x0000, 0x0000, 0x0000, 0x0000, 0x0000, 0x0000, 0x0000, 0x0000, 0x0000, 0x0000, 0x0000, 0x0000, 0x0000, 0x0000, 0x0000,   // 0x0B70 (2928) pixels
0x0000, 0x0000, 0x0000, 0x0000, 0x0000, 0x0000, 0x0000, 0x0000, 0x0000, 0x0000, 0x0000, 0x0000, 0x0000, 0x0000, 0x0000, 0x0000,   // 0x0B80 (2944) pixels
0x0000, 0x0000, 0x0000, 0x0000, 0x0000, 0x0000, 0x0000, 0x0000, 0x0000, 0x0000, 0x0000, 0x0000, 0x0000, 0x0000, 0x0000, 0x0000,   // 0x0B90 (2960) pixels
0x0000, 0x0000, 0x0000, 0x0000, 0x0000, 0x0000, 0x0000, 0x0000, 0x0000, 0x0000, 0x0000, 0x0000, 0x0000, 0x0000, 0x0000, 0x0000,   // 0x0BA0 (2976) pixels
0x0000, 0x0000, 0x0000, 0x0000, 0x0000, 0x0000, 0x0000, 0x0020, 0x0000, 0x0020, 0x0021, 0x0021, 0x0062, 0x00C4, 0x0063, 0x0062,   // 0x0BB0 (2992) pixels
0x0946, 0x0966, 0x0987, 0x0062, 0x00C3, 0x0987, 0x0966, 0x0905, 0x0000, 0x00A2, 0x0925, 0x0926, 0x00A3, 0x0000, 0x0966, 0x09A8,   // 0x0BC0 (3008) pixels
0x09E8, 0x08E5, 0x0062, 0x1146, 0x0925, 0x00C4, 0x0041, 0x0021, 0x0000, 0x0000, 0x0000, 0x0000, 0x0000, 0x0000, 0x0000, 0x0000,   // 0x0BD0 (3024) pixels
0x0000, 0x0000, 0x0000, 0x0000, 0x0000, 0x0000, 0x0000, 0x0000, 0x0000, 0x0000, 0x0000, 0x0000, 0x0000, 0x0000, 0x0000, 0x0000,   // 0x0BE0 (3040) pixels
0x0000, 0x0000, 0x0000, 0x0000, 0x0000, 0x0000, 0x0000, 0x0000, 0x0000, 0x0000, 0x0000, 0x0000, 0x0000, 0x0000, 0x0000, 0x0000,   // 0x0BF0 (3056) pixels
0x0000, 0x0000, 0x0000, 0x0000, 0x0000, 0x0000, 0x0000, 0x0000, 0x0000, 0x0000, 0x0000, 0x0000, 0x0000, 0x0000, 0x0000, 0x0000,   // 0x0C00 (3072) pixels
0x0000, 0x0000, 0x0000, 0x0000, 0x0000, 0x0000, 0x0000, 0x0000, 0x0000, 0x0000, 0x0000, 0x0000, 0x0000, 0x0000, 0x0000, 0x0000,   // 0x0C10 (3088) pixels
0x0000, 0x0000, 0x0000, 0x0000, 0x0000, 0x0000, 0x0000, 0x0000, 0x0000, 0x0000, 0x0000, 0x0000, 0x0000, 0x0000, 0x0000, 0x0000,   // 0x0C20 (3104) pixels
0x0000, 0x0000, 0x0000, 0x0000, 0x0000, 0x0000, 0x0000, 0x0000, 0x0000, 0x0000, 0x0000, 0x0000, 0x0000, 0x0000, 0x0000, 0x0000,   // 0x0C30 (3120) pixels
0x0000, 0x0000, 0x0000, 0x0000, 0x0000, 0x0000, 0x0000, 0x0000, 0x0000, 0x0000, 0x0000, 0x0000, 0x0000, 0x0000, 0x0000, 0x0000,   // 0x0C40 (3136) pixels
0x0000, 0x0000, 0x0000, 0x0000, 0x0000, 0x0000, 0x0000, 0x0000, 0x0000, 0x0000, 0x0000, 0x0000, 0x0000, 0x0000, 0x0000, 0x0000,   // 0x0C50 (3152) pixels
0x0000, 0x0000, 0x0000, 0x0000, 0x0000, 0x0000, 0x0000, 0x0000, 0x0000, 0x0000, 0x0000, 0x0000, 0x0000, 0x0000, 0x0000, 0x0000,   // 0x0C60 (3168) pixels
0x0000, 0x0000, 0x0000, 0x0000, 0x0000, 0x0000, 0x0000, 0x0000, 0x0000, 0x0000, 0x0000, 0x0000, 0x0000, 0x0000, 0x0000, 0x0000,   // 0x0C70 (3184) pixels
0x0000, 0x0000, 0x0000, 0x0000, 0x0000, 0x0000, 0x0000, 0x0000, 0x0000, 0x0000, 0x0000, 0x0000, 0x0000, 0x0000, 0x0000, 0x0000,   // 0x0C80 (3200) pixels
0x0000, 0x0000, 0x0000, 0x0000, 0x0000, 0x0000, 0x0000, 0x0000, 0x0000, 0x0000, 0x0000, 0x0000, 0x0000, 0x0000, 0x0000, 0x0000,   // 0x0C90 (3216) pixels
0x0000, 0x0000, 0x0000, 0x0000, 0x0000, 0x0021, 0x0021, 0x0021, 0x0021, 0x0062, 0x0042, 0x0945, 0x09A7, 0x09E8, 0x0926, 0x0062,   // 0x0CA0 (3232) pixels
0x0986, 0x0967, 0x0987, 0x00C4, 0x0082, 0x0945, 0x0925, 0x0905, 0x0000, 0x00C3, 0x0966, 0x0946, 0x08C4, 0x0062, 0x0966, 0x1187,   // 0x0CB0 (3248) pixels
0x11A7, 0x00A3, 0x00C3, 0x1187, 0x0987, 0x0987, 0x0041, 0x0062, 0x08E4, 0x0063, 0x0041, 0x0021, 0x0021, 0x0021, 0x0021, 0x0020,   // 0x0CC0 (3264) pixels
0x0000, 0x0000, 0x0000, 0x0000, 0x0000, 0x0000, 0x0000, 0x0000, 0x0000, 0x0000, 0x0000, 0x0000, 0x0000, 0x0000, 0x0000, 0x0000,   // 0x0CD0 (3280) pixels
0x0000, 0x0000, 0x0000, 0x0000, 0x0000, 0x0000, 0x0000, 0x0000, 0x0000, 0x0000, 0x0000, 0x0000, 0x0000, 0x0000, 0x0000, 0x0000,   // 0x0CE0 (3296) pixels
0x0000, 0x0000, 0x0000, 0x0000, 0x0000, 0x0000, 0x0000, 0x0000, 0x0000, 0x0000, 0x0000, 0x0000, 0x0000, 0x0000, 0x0000, 0x0000,   // 0x0CF0 (3312) pixels
0x0000, 0x0000, 0x0000, 0x0000, 0x0000, 0x0000, 0x0000, 0x0000, 0x0000, 0x0000, 0x0000, 0x0000, 0x0000, 0x0000, 0x0000, 0x0000,   // 0x0D00 (3328) pixels
0x0000, 0x0000, 0x0000, 0x0000, 0x0000, 0x0000, 0x0000, 0x0000, 0x0000, 0x0000, 0x0000, 0x0000, 0x0000, 0x0000, 0x0000, 0x0000,   // 0x0D10 (3344) pixels
0x0000, 0x0000, 0x0000, 0x0000, 0x0000, 0x0000, 0x0000, 0x0000, 0x0000, 0x0000, 0x0000, 0x0000, 0x0000, 0x0000, 0x0000, 0x0000,   // 0x0D20 (3360) pixels
0x0000, 0x0000, 0x0000, 0x0000, 0x0000, 0x0000, 0x0000, 0x0000, 0x0000, 0x0000, 0x0000, 0x0000, 0x0000, 0x0000, 0x0000, 0x0000,   // 0x0D30 (3376) pixels
0x0000, 0x0000, 0x0000, 0x0000, 0x0000, 0x0000, 0x0000, 0x0000, 0x0000, 0x0000, 0x0000, 0x0000, 0x0000, 0x0000, 0x0000, 0x0000,   // 0x0D40 (3392) pixels
0x0000, 0x0000, 0x0000, 0x0000, 0x0000, 0x0000, 0x0000, 0x0000, 0x0000, 0x0000, 0x0000, 0x0000, 0x0000, 0x0000, 0x0000, 0x0000,   // 0x0D50 (3408) pixels
0x0000, 0x0000, 0x0000, 0x0000, 0x0000, 0x0000, 0x0000, 0x0000, 0x0000, 0x0000, 0x0000, 0x0000, 0x0000, 0x0000, 0x0000, 0x0000,   // 0x0D60 (3424) pixels
0x0000, 0x0000, 0x0000, 0x0000, 0x0000, 0x0000, 0x0000, 0x0000, 0x0000, 0x0000, 0x0000, 0x0000, 0x0000, 0x0000, 0x0000, 0x0000,   // 0x0D70 (3440) pixels
0x0000, 0x0000, 0x0000, 0x0000, 0x0000, 0x0000, 0x0000, 0x0000, 0x0000, 0x0000, 0x0000, 0x0000, 0x0000, 0x0000, 0x0000, 0x0000,   // 0x0D80 (3456) pixels
0x0000, 0x0020, 0x0021, 0x0021, 0x0021, 0x0041, 0x0042, 0x0083, 0x0904, 0x0905, 0x0042, 0x0966, 0x09C8, 0x09A8, 0x0987, 0x0083,   // 0x0D90 (3472) pixels
0x09A7, 0x09C8, 0x11E9, 0x0926, 0x0062, 0x0925, 0x00E4, 0x00C3, 0x0001, 0x00C3, 0x0945, 0x0966, 0x00C4, 0x0083, 0x0987, 0x0987,   // 0x0DA0 (3488) pixels
0x1187, 0x0062, 0x08E4, 0x0967, 0x0966, 0x0925, 0x0000, 0x08C3, 0x0966, 0x0946, 0x0926, 0x0062, 0x0062, 0x0042, 0x0041, 0x0041,   // 0x0DB0 (3504) pixels
0x0020, 0x0021, 0x0000, 0x0000, 0x0000, 0x0000, 0x0000, 0x0000, 0x0000, 0x0000, 0x0000, 0x0000, 0x0000, 0x0000, 0x0000, 0x0000,   // 0x0DC0 (3520) pixels
0x0000, 0x0000, 0x0000, 0x0000, 0x0000, 0x0000, 0x0000, 0x0000, 0x0000, 0x0000, 0x0000, 0x0000, 0x0000, 0x0000, 0x0000, 0x0000,   // 0x0DD0 (3536) pixels
0x0000, 0x0000, 0x0000, 0x0000, 0x0000, 0x0000, 0x0000, 0x0000, 0x0000, 0x0000, 0x0000, 0x0000, 0x0000, 0x0000, 0x0000, 0x0000,   // 0x0DE0 (3552) pixels
0x0000, 0x0000, 0x0000, 0x0000, 0x0000, 0x0000, 0x0000, 0x0000, 0x0000, 0x0000, 0x0000, 0x0000, 0x0000, 0x0000, 0x0000, 0x0000,   // 0x0DF0 (3568) pixels
0x0000, 0x0000, 0x0000, 0x0000, 0x0000, 0x0000, 0x0000, 0x0000, 0x0000, 0x0000, 0x0000, 0x0000, 0x0000, 0x0000, 0x0000, 0x0000,   // 0x0E00 (3584) pixels
0x0000, 0x0000, 0x0000, 0x0000, 0x0000, 0x0000, 0x0000, 0x0000, 0x0000, 0x0000, 0x0000, 0x0000, 0x0000, 0x0000, 0x0000, 0x0000,   // 0x0E10 (3600) pixels
0x0000, 0x0000, 0x0000, 0x0000, 0x0000, 0x0000, 0x0000, 0x0000, 0x0000, 0x0000, 0x0000, 0x0000, 0x0000, 0x0000, 0x0000, 0x0000,   // 0x0E20 (3616) pixels
0x0000, 0x0000, 0x0000, 0x0000, 0x0000, 0x0000, 0x0000, 0x0000, 0x0000, 0x0000, 0x0000, 0x0000, 0x0000, 0x0000, 0x0000, 0x0000,   // 0x0E30 (3632) pixels
0x0000, 0x0000, 0x0000, 0x0000, 0x0000, 0x0000, 0x0000, 0x0000, 0x0000, 0x0000, 0x0000, 0x0000, 0x0000, 0x0000, 0x0000, 0x0000,   // 0x0E40 (3648) pixels
0x0000, 0x0000, 0x0000, 0x0000, 0x0000, 0x0000, 0x0000, 0x0000, 0x0000, 0x0000, 0x0000, 0x0000, 0x0000, 0x0000, 0x0000, 0x0000,   // 0x0E50 (3664) pixels
0x0000, 0x0000, 0x0000, 0x0000, 0x0000, 0x0000, 0x0000, 0x0000, 0x0000, 0x0000, 0x0000, 0x0000, 0x0000, 0x0000, 0x0000, 0x0000,   // 0x0E60 (3680) pixels
0x0000, 0x0000, 0x0000, 0x0000, 0x0000, 0x0000, 0x0000, 0x0000, 0x0000, 0x0000, 0x0000, 0x0000, 0x0000, 0x0000, 0x0000, 0x0000,   // 0x0E70 (3696) pixels
0x0020, 0x0041, 0x0041, 0x0041, 0x0062, 0x0041, 0x00A3, 0x0966, 0x0966, 0x0166, 0x0062, 0x00C3, 0x11A8, 0x09C8, 0x09E9, 0x00E5,   // 0x0E80 (3712) pixels
0x0126, 0x0967, 0x0926, 0x00C4, 0x0021, 0x0041, 0x0021, 0x0000, 0x0021, 0x0042, 0x0062, 0x0062, 0x0042, 0x0042, 0x0083, 0x00A3,   // 0x0E90 (3728) pixels
0x0882, 0x0021, 0x00C4, 0x0926, 0x0966, 0x00C4, 0x0021, 0x0905, 0x0946, 0x0967, 0x0926, 0x0083, 0x0986, 0x0967, 0x00C3, 0x0062,   // 0x0EA0 (3744) pixels
0x0041, 0x0041, 0x0020, 0x0020, 0x0000, 0x0000, 0x0000, 0x0000, 0x0000, 0x0000, 0x0000, 0x0000, 0x0000, 0x0000, 0x0000, 0x0000,   // 0x0EB0 (3760) pixels
0x0000, 0x0000, 0x0000, 0x0000, 0x0000, 0x0000, 0x0000, 0x0000, 0x0000, 0x0000, 0x0000, 0x0000, 0x0000, 0x0000, 0x0000, 0x0000,   // 0x0EC0 (3776) pixels
0x0000, 0x0000, 0x0000, 0x0000, 0x0000, 0x0000, 0x0000, 0x0000, 0x0000, 0x0000, 0x0000, 0x0000, 0x0000, 0x0000, 0x0000, 0x0000,   // 0x0ED0 (3792) pixels
0x0000, 0x0000, 0x0000, 0x0000, 0x0000, 0x0000, 0x0000, 0x0000, 0x0000, 0x0000, 0x0000, 0x0000, 0x0000, 0x0000, 0x0000, 0x0000,   // 0x0EE0 (3808) pixels
0x0000, 0x0000, 0x0000, 0x0000, 0x0000, 0x0000, 0x0000, 0x0000, 0x0000, 0x0000, 0x0000, 0x0000, 0x0000, 0x0000, 0x0000, 0x0000,   // 0x0EF0 (3824) pixels
0x0000, 0x0000, 0x0000, 0x0000, 0x0000, 0x0000, 0x0000, 0x0000, 0x0000, 0x0000, 0x0000, 0x0000, 0x0000, 0x0000, 0x0000, 0x0000,   // 0x0F00 (3840) pixels
0x0000, 0x0000, 0x0000, 0x0000, 0x0000, 0x0000, 0x0000, 0x0000, 0x0000, 0x0000, 0x0000, 0x0000, 0x0000, 0x0000, 0x0000, 0x0000,   // 0x0F10 (3856) pixels
0x0000, 0x0000, 0x0000, 0x0000, 0x0000, 0x0000, 0x0000, 0x0000, 0x0000, 0x0000, 0x0000, 0x0000, 0x0000, 0x0000, 0x0000, 0x0000,   // 0x0F20 (3872) pixels
0x0000, 0x0000, 0x0000, 0x0000, 0x0000, 0x0000, 0x0000, 0x0000, 0x0000, 0x0000, 0x0000, 0x0000, 0x0000, 0x0000, 0x0000, 0x0000,   // 0x0F30 (3888) pixels
0x0000, 0x0000, 0x0000, 0x0000, 0x0000, 0x0000, 0x0000, 0x0000, 0x0000, 0x0000, 0x0000, 0x0000, 0x0000, 0x0000, 0x0000, 0x0000,   // 0x0F40 (3904) pixels
0x0000, 0x0000, 0x0000, 0x0000, 0x0000, 0x0000, 0x0000, 0x0000, 0x0000, 0x0000, 0x0000, 0x0000, 0x0000, 0x0000, 0x0000, 0x0000,   // 0x0F50 (3920) pixels
0x0000, 0x0000, 0x0000, 0x0000, 0x0000, 0x0000, 0x0000, 0x0000, 0x0000, 0x0000, 0x0000, 0x0000, 0x0000, 0x0000, 0x0000, 0x0021,   // 0x0F60 (3936) pixels
0x0041, 0x0062, 0x00A3, 0x0105, 0x0166, 0x00E4, 0x0082, 0x0946, 0x0166, 0x0987, 0x08E4, 0x0062, 0x0946, 0x0947, 0x0946, 0x00C4,   // 0x0F70 (3952) pixels
0x00A3, 0x00A3, 0x0083, 0x0083, 0x0083, 0x0062, 0x0062, 0x0062, 0x0082, 0x0083, 0x0083, 0x0083, 0x0063, 0x0062, 0x0062, 0x0021,   // 0x0F80 (3968) pixels
0x0021, 0x0021, 0x0021, 0x0062, 0x00A3, 0x0082, 0x0082, 0x0966, 0x0967, 0x0987, 0x00C4, 0x00E5, 0x09C8, 0x09A7, 0x0988, 0x00C4,   // 0x0F90 (3984) pixels
0x0041, 0x0041, 0x0021, 0x0021, 0x0020, 0x0000, 0x0000, 0x0000, 0x0000, 0x0000, 0x0000, 0x0000, 0x0000, 0x0000, 0x0000, 0x0000,   // 0x0FA0 (4000) pixels
0x0021, 0x0000, 0x0000, 0x0000, 0x0000, 0x0000, 0x0000, 0x0000, 0x0000, 0x0000, 0x0000, 0x0000, 0x0000, 0x0000, 0x0000, 0x0000,   // 0x0FB0 (4016) pixels
0x0000, 0x0000, 0x0000, 0x0000, 0x0000, 0x0000, 0x0000, 0x0000, 0x0000, 0x0000, 0x0000, 0x0000, 0x0000, 0x0000, 0x0000, 0x0000,   // 0x0FC0 (4032) pixels
0x0000, 0x0000, 0x0000, 0x0000, 0x0000, 0x0000, 0x0000, 0x0000, 0x0000, 0x0000, 0x0000, 0x0000, 0x0000, 0x0000, 0x0000, 0x0000,   // 0x0FD0 (4048) pixels
0x0000, 0x0000, 0x0000, 0x0000, 0x0000, 0x0000, 0x0000, 0x0000, 0x0000, 0x0000, 0x0000, 0x0000, 0x0000, 0x0000, 0x0000, 0x0000,   // 0x0FE0 (4064) pixels
0x0000, 0x0000, 0x0000, 0x0000, 0x0000, 0x0000, 0x0000, 0x0000, 0x0000, 0x0000, 0x0000, 0x0000, 0x0000, 0x0000, 0x0000, 0x0000,   // 0x0FF0 (4080) pixels
0x0000, 0x0000, 0x0000, 0x0000, 0x0000, 0x0000, 0x0000, 0x0000, 0x0000, 0x0000, 0x0000, 0x0000, 0x0000, 0x0000, 0x0000, 0x0000,   // 0x1000 (4096) pixels
0x0000, 0x0000, 0x0000, 0x0000, 0x0000, 0x0000, 0x0000, 0x0000, 0x0000, 0x0000, 0x0000, 0x0000, 0x0000, 0x0000, 0x0000, 0x0000,   // 0x1010 (4112) pixels
0x0000, 0x0000, 0x0000, 0x0000, 0x0000, 0x0000, 0x0000, 0x0000, 0x0000, 0x0000, 0x0000, 0x0000, 0x0000, 0x0000, 0x0000, 0x0000,   // 0x1020 (4128) pixels
0x0000, 0x0000, 0x0000, 0x0000, 0x0000, 0x0000, 0x0000, 0x0000, 0x0000, 0x0000, 0x0000, 0x0000, 0x0000, 0x0000, 0x0000, 0x0000,   // 0x1030 (4144) pixels
0x0000, 0x0000, 0x0000, 0x0000, 0x0000, 0x0000, 0x0000, 0x0000, 0x0000, 0x0000, 0x0000, 0x0000, 0x0000, 0x0000, 0x0000, 0x0000,   // 0x1040 (4160) pixels
0x0000, 0x0021, 0x0905, 0x0061, 0x0000, 0x0000, 0x0000, 0x0000, 0x0000, 0x0000, 0x0000, 0x0000, 0x0000, 0x0020, 0x0001, 0x0021,   // 0x1050 (4176) pixels
0x0042, 0x0082, 0x0966, 0x0987, 0x0988, 0x0987, 0x0083, 0x0105, 0x0967, 0x0945, 0x00C4, 0x0042, 0x0063, 0x0063, 0x00A4, 0x00A3,   // 0x1060 (4192) pixels
0x00A3, 0x00A4, 0x00A3, 0x0083, 0x0083, 0x0084, 0x0084, 0x0084, 0x0083, 0x00A3, 0x00A3, 0x00A3, 0x00A3, 0x0082, 0x0062, 0x0021,   // 0x1070 (4208) pixels
0x0021, 0x0021, 0x0021, 0x0021, 0x0021, 0x0041, 0x0042, 0x00A3, 0x0926, 0x0946, 0x00E5, 0x09A8, 0x09A8, 0x0987, 0x0987, 0x0082,   // 0x1080 (4224) pixels
0x00A3, 0x00E5, 0x0062, 0x0041, 0x0021, 0x0021, 0x0001, 0x0000, 0x0000, 0x0000, 0x0000, 0x0000, 0x0000, 0x0000, 0x0000, 0x0082,   // 0x1090 (4240) pixels
0x1166, 0x0062, 0x0000, 0x0000, 0x0000, 0x0000, 0x0000, 0x0000, 0x0000, 0x0000, 0x0000, 0x0000, 0x0000, 0x0000, 0x0000, 0x0000,   // 0x10A0 (4256) pixels
0x0000, 0x0000, 0x0000, 0x0000, 0x0000, 0x0000, 0x0000, 0x0000, 0x0000, 0x0000, 0x0000, 0x0000, 0x0000, 0x0000, 0x0000, 0x0000,   // 0x10B0 (4272) pixels
0x0000, 0x0000, 0x0000, 0x0000, 0x0000, 0x0000, 0x0000, 0x0000, 0x0000, 0x0000, 0x0000, 0x0000, 0x0000, 0x0000, 0x0000, 0x0000,   // 0x10C0 (4288) pixels
0x0000, 0x0000, 0x0000, 0x0000, 0x0000, 0x0000, 0x0000, 0x0000, 0x0000, 0x0000, 0x0000, 0x0000, 0x0000, 0x0000, 0x0000, 0x0000,   // 0x10D0 (4304) pixels
0x0000, 0x0000, 0x0000, 0x0000, 0x0000, 0x0000, 0x0000, 0x0000, 0x0000, 0x0000, 0x0000, 0x0000, 0x0000, 0x0000, 0x0000, 0x0000,   // 0x10E0 (4320) pixels
0x0000, 0x0000, 0x0000, 0x0000, 0x0000, 0x0000, 0x0000, 0x0000, 0x0000, 0x0000, 0x0000, 0x0000, 0x0000, 0x0000, 0x0000, 0x0000,   // 0x10F0 (4336) pixels
0x0000, 0x0000, 0x0000, 0x0000, 0x0000, 0x0000, 0x0000, 0x0000, 0x0000, 0x0000, 0x0000, 0x0000, 0x0000, 0x0000, 0x0000, 0x0000,   // 0x1100 (4352) pixels
0x0000, 0x0000, 0x0000, 0x0000, 0x0000, 0x0000, 0x0000, 0x0000, 0x0000, 0x0000, 0x0000, 0x0000, 0x0000, 0x0000, 0x0000, 0x0000,   // 0x1110 (4368) pixels
0x0000, 0x0000, 0x0000, 0x0000, 0x0000, 0x0000, 0x0000, 0x0000, 0x0000, 0x0000, 0x0000, 0x0000, 0x0000, 0x0000, 0x0000, 0x0000,   // 0x1120 (4384) pixels
0x0000, 0x0000, 0x0000, 0x0000, 0x0000, 0x0000, 0x0000, 0x0000, 0x0000, 0x0000, 0x0000, 0x0000, 0x0000, 0x0000, 0x0000, 0x0000,   // 0x1130 (4400) pixels
0x0020, 0x0925, 0x0987, 0x0987, 0x0062, 0x0000, 0x0000, 0x0000, 0x0000, 0x0000, 0x0000, 0x0000, 0x0000, 0x0001, 0x0001, 0x0062,   // 0x1140 (4416) pixels
0x08E4, 0x00A4, 0x0126, 0x11A7, 0x0946, 0x0188, 0x0106, 0x0105, 0x0966, 0x0104, 0x00A3, 0x00A3, 0x00C3, 0x00A4, 0x00C4, 0x00E5,   // 0x1150 (4432) pixels
0x0105, 0x0105, 0x00E5, 0x00E5, 0x0105, 0x0105, 0x0105, 0x0105, 0x0105, 0x0105, 0x0105, 0x0105, 0x00E4, 0x00C4, 0x0083, 0x0062,   // 0x1160 (4448) pixels
0x0062, 0x0062, 0x0062, 0x0062, 0x0082, 0x00A3, 0x00A4, 0x00C4, 0x00E4, 0x00E4, 0x00A3, 0x0104, 0x0966, 0x09A7, 0x08E4, 0x0061,   // 0x1170 (4464) pixels
0x0905, 0x0926, 0x0125, 0x00C3, 0x0042, 0x0021, 0x0021, 0x0000, 0x0000, 0x0000, 0x0000, 0x0000, 0x0000, 0x0000, 0x0062, 0x0967,   // 0x1180 (4480) pixels
0x0967, 0x0986, 0x0062, 0x0000, 0x0000, 0x0000, 0x0000, 0x0000, 0x0000, 0x0000, 0x0000, 0x0000, 0x0000, 0x0000, 0x0000, 0x0000,   // 0x1190 (4496) pixels
0x0000, 0x0000, 0x0000, 0x0000, 0x0000, 0x0000, 0x0000, 0x0000, 0x0000, 0x0000, 0x0000, 0x0000, 0x0000, 0x0000, 0x0000, 0x0000,   // 0x11A0 (4512) pixels
0x0000, 0x0000, 0x0000, 0x0000, 0x0000, 0x0000, 0x0000, 0x0000, 0x0000, 0x0000, 0x0000, 0x0000, 0x0000, 0x0000, 0x0000, 0x0000,   // 0x11B0 (4528) pixels
0x0000, 0x0000, 0x0000, 0x0000, 0x0000, 0x0000, 0x0000, 0x0000, 0x0000, 0x0000, 0x0000, 0x0000, 0x0000, 0x0000, 0x0000, 0x0000,   // 0x11C0 (4544) pixels
0x0000, 0x0000, 0x0000, 0x0000, 0x0000, 0x0000, 0x0000, 0x0000, 0x0000, 0x0000, 0x0000, 0x0000, 0x0000, 0x0000, 0x0000, 0x0000,   // 0x11D0 (4560) pixels
0x0000, 0x0000, 0x0000, 0x0000, 0x0000, 0x0000, 0x0000, 0x0000, 0x0000, 0x0000, 0x0000, 0x0000, 0x0000, 0x0000, 0x0000, 0x0000,   // 0x11E0 (4576) pixels
0x0000, 0x0000, 0x0000, 0x0000, 0x0000, 0x0000, 0x0000, 0x0000, 0x0000, 0x0000, 0x0000, 0x0000, 0x0000, 0x0000, 0x0000, 0x0000,   // 0x11F0 (4592) pixels
0x0000, 0x0000, 0x0000, 0x0000, 0x0000, 0x0000, 0x0000, 0x0000, 0x0000, 0x0000, 0x0000, 0x0000, 0x0000, 0x0000, 0x0000, 0x0000,   // 0x1200 (4608) pixels
0x0000, 0x0000, 0x0000, 0x0000, 0x0000, 0x0000, 0x0000, 0x0000, 0x0000, 0x0000, 0x0000, 0x0000, 0x0000, 0x0000, 0x0000, 0x0000,   // 0x1210 (4624) pixels
0x0000, 0x0000, 0x0000, 0x0000, 0x0000, 0x0000, 0x0000, 0x0000, 0x0000, 0x0000, 0x0000, 0x0000, 0x0000, 0x0000, 0x0000, 0x0000,   // 0x1220 (4640) pixels
0x0020, 0x0925, 0x0967, 0x1187, 0x0882, 0x0000, 0x0000, 0x0000, 0x0000, 0x0000, 0x0000, 0x0021, 0x0021, 0x0021, 0x0063, 0x08E4,   // 0x1230 (4656) pixels
0x0904, 0x0125, 0x0084, 0x0188, 0x238F, 0x4DB8, 0x6EBD, 0x76DD, 0x76DD, 0x76DD, 0x76DE, 0x6EBD, 0x669C, 0x6E9C, 0x669C, 0x6E9C,   // 0x1240 (4672) pixels
0x6E9C, 0x6E9C, 0x6E9C, 0x6E9C, 0x6EBC, 0x6EBD, 0x6EBD, 0x6EBD, 0x6EBD, 0x6E9C, 0x669C, 0x667C, 0x667C, 0x667C, 0x667C, 0x667C,   // 0x1250 (4688) pixels
0x665B, 0x667C, 0x665C, 0x667C, 0x6E7C, 0x6E9D, 0x6EBD, 0x6EBD, 0x6EBD, 0x6E7B, 0x4D37, 0x22CC, 0x0105, 0x00A3, 0x0000, 0x0062,   // 0x1260 (4704) pixels
0x0925, 0x0926, 0x0967, 0x00E4, 0x0062, 0x0083, 0x0042, 0x0020, 0x0000, 0x0000, 0x0000, 0x0000, 0x0000, 0x0000, 0x0001, 0x0904,   // 0x1270 (4720) pixels
0x0966, 0x0966, 0x0062, 0x0000, 0x0000, 0x0000, 0x0000, 0x0000, 0x0000, 0x0000, 0x0000, 0x0000, 0x0000, 0x0000, 0x0000, 0x0000,   // 0x1280 (4736) pixels
0x0000, 0x0000, 0x0000, 0x0000, 0x0000, 0x0000, 0x0000, 0x0000, 0x0000, 0x0000, 0x0000, 0x0000, 0x0000, 0x0000, 0x0000, 0x0000,   // 0x1290 (4752) pixels
0x0000, 0x0000, 0x0000, 0x0000, 0x0000, 0x0000, 0x0000, 0x0000, 0x0000, 0x0000, 0x0000, 0x0000, 0x0000, 0x0000, 0x0000, 0x0000,   // 0x12A0 (4768) pixels
0x0000, 0x0000, 0x0000, 0x0000, 0x0000, 0x0000, 0x0000, 0x0000, 0x0000, 0x0000, 0x0000, 0x0000, 0x0000, 0x0000, 0x0000, 0x0000,   // 0x12B0 (4784) pixels
0x0000, 0x0000, 0x0000, 0x0000, 0x0000, 0x0000, 0x0000, 0x0000, 0x0000, 0x0000, 0x0000, 0x0000, 0x0000, 0x0000, 0x0000, 0x0000,   // 0x12C0 (4800) pixels
0x0000, 0x0000, 0x0000, 0x0000, 0x0000, 0x0000, 0x0000, 0x0000, 0x0000, 0x0000, 0x0000, 0x0000, 0x0000, 0x0000, 0x0000, 0x0000,   // 0x12D0 (4816) pixels
0x0000, 0x0000, 0x0000, 0x0000, 0x0000, 0x0000, 0x0000, 0x0000, 0x0000, 0x0000, 0x0000, 0x0000, 0x0000, 0x0000, 0x0000, 0x0000,   // 0x12E0 (4832) pixels
0x0000, 0x0000, 0x0000, 0x0000, 0x0000, 0x0000, 0x0000, 0x0000, 0x0000, 0x0000, 0x0000, 0x0000, 0x0000, 0x0000, 0x0000, 0x0000,   // 0x12F0 (4848) pixels
0x0000, 0x0000, 0x0000, 0x0000, 0x0000, 0x0000, 0x0000, 0x0000, 0x0000, 0x0000, 0x0000, 0x0000, 0x0000, 0x0000, 0x0000, 0x0000,   // 0x1300 (4864) pixels
0x0000, 0x0000, 0x0000, 0x0000, 0x0000, 0x0000, 0x0000, 0x0000, 0x0000, 0x0000, 0x0000, 0x0000, 0x0000, 0x0000, 0x0000, 0x0000,   // 0x1310 (4880) pixels
0x0000, 0x0021, 0x0925, 0x0082, 0x0000, 0x08A4, 0x0041, 0x0000, 0x0000, 0x0000, 0x0020, 0x0021, 0x00A3, 0x0062, 0x0061, 0x00C3,   // 0x1320 (4896) pixels
0x0104, 0x00C3, 0x11E8, 0x5E1A, 0x87DF, 0x6EDD, 0x4D36, 0x3C32, 0x33F1, 0x33B0, 0x3390, 0x2B6F, 0x2B2E, 0x2B0D, 0x2B0D, 0x230D,   // 0x1330 (4912) pixels
0x2AED, 0x2AED, 0x2B0D, 0x2B2E, 0x2B4E, 0x2B6E, 0x2B6E, 0x2B6F, 0x2B6F, 0x2B4F, 0x2B2E, 0x2B2E, 0x2B0D, 0x2B0D, 0x22ED, 0x22ED,   // 0x1340 (4928) pixels
0x2AED, 0x2AED, 0x230D, 0x232D, 0x2B6E, 0x2BB0, 0x33F1, 0x3411, 0x3C32, 0x44D4, 0x5E1A, 0x777F, 0x66DC, 0x3C54, 0x22CC, 0x19E9,   // 0x1350 (4944) pixels
0x00C5, 0x00E5, 0x0926, 0x00A3, 0x08C4, 0x0925, 0x00A2, 0x0000, 0x0000, 0x0000, 0x0000, 0x0000, 0x0021, 0x00A3, 0x0000, 0x0000,   // 0x1360 (4960) pixels
0x0924, 0x0082, 0x0000, 0x0000, 0x0000, 0x0000, 0x0000, 0x0000, 0x0000, 0x0000, 0x0000, 0x0000, 0x0000, 0x0000, 0x0000, 0x0000,   // 0x1370 (4976) pixels
0x0000, 0x0000, 0x0000, 0x0000, 0x0000, 0x0000, 0x0000, 0x0000, 0x0000, 0x0000, 0x0000, 0x0000, 0x0000, 0x0000, 0x0000, 0x0000,   // 0x1380 (4992) pixels
0x0000, 0x0000, 0x0000, 0x0000, 0x0000, 0x0000, 0x0000, 0x0000, 0x0000, 0x0000, 0x0000, 0x0000, 0x0000, 0x0000, 0x0000, 0x0000,   // 0x1390 (5008) pixels
0x0000, 0x0000, 0x0000, 0x0000, 0x0000, 0x0000, 0x0000, 0x0000, 0x0000, 0x0000, 0x0000, 0x0000, 0x0000, 0x0000, 0x0000, 0x0000,   // 0x13A0 (5024) pixels
0x0000, 0x0000, 0x0000, 0x0000, 0x0000, 0x0000, 0x0000, 0x0000, 0x0000, 0x0000, 0x0000, 0x0000, 0x0000, 0x0000, 0x0000, 0x0000,   // 0x13B0 (5040) pixels
0x0000, 0x0000, 0x0000, 0x0000, 0x0000, 0x0000, 0x0000, 0x0000, 0x0000, 0x0000, 0x0000, 0x0000, 0x0000, 0x0000, 0x0000, 0x0000,   // 0x13C0 (5056) pixels
0x0000, 0x0000, 0x0000, 0x0000, 0x0000, 0x0000, 0x0000, 0x0000, 0x0000, 0x0000, 0x0000, 0x0000, 0x0000, 0x0000, 0x0000, 0x0000,   // 0x13D0 (5072) pixels
0x0000, 0x0000, 0x0000, 0x0000, 0x0000, 0x0000, 0x0000, 0x0000, 0x0000, 0x0000, 0x0000, 0x0000, 0x0000, 0x0000, 0x0000, 0x0000,   // 0x13E0 (5088) pixels
0x0000, 0x0000, 0x0000, 0x0000, 0x0000, 0x0000, 0x0000, 0x0000, 0x0000, 0x0000, 0x0000, 0x0000, 0x0000, 0x0000, 0x0000, 0x0000,   // 0x13F0 (5104) pixels
0x0000, 0x0000, 0x0000, 0x0000, 0x0000, 0x0000, 0x0000, 0x0000, 0x0000, 0x0000, 0x0000, 0x0000, 0x0000, 0x0000, 0x0000, 0x0000,   // 0x1400 (5120) pixels
0x0000, 0x0000, 0x0000, 0x0000, 0x08A3, 0x0946, 0x0905, 0x0021, 0x0000, 0x0021, 0x0042, 0x00E5, 0x0967, 0x0904, 0x0000, 0x00C3,   // 0x1410 (5136) pixels
0x0082, 0x1AAC, 0x777F, 0x669B, 0x2B4F, 0x01A8, 0x0106, 0x00C4, 0x00A4, 0x0084, 0x0062, 0x0062, 0x0022, 0x0000, 0x0000, 0x0001,   // 0x1420 (5152) pixels
0x0021, 0x0021, 0x0021, 0x0042, 0x0062, 0x0062, 0x0062, 0x0062, 0x0062, 0x0062, 0x0062, 0x0042, 0x0021, 0x0021, 0x0001, 0x0001,   // 0x1430 (5168) pixels
0x0021, 0x0021, 0x0041, 0x0042, 0x0083, 0x00C3, 0x00E4, 0x00E4, 0x00C4, 0x00C4, 0x00A4, 0x09C8, 0x44D4, 0x77DF, 0x6F7F, 0x66BC,   // 0x1440 (5184) pixels
0x561A, 0x33B0, 0x00E5, 0x0083, 0x0946, 0x0105, 0x0105, 0x0062, 0x0000, 0x0000, 0x0000, 0x0021, 0x00C4, 0x0905, 0x00C3, 0x0021,   // 0x1450 (5200) pixels
0x0000, 0x0000, 0x0000, 0x0000, 0x0000, 0x0000, 0x0000, 0x0000, 0x0000, 0x0000, 0x0000, 0x0000, 0x0000, 0x0000, 0x0000, 0x0000,   // 0x1460 (5216) pixels
0x0000, 0x0000, 0x0000, 0x0000, 0x0000, 0x0000, 0x0000, 0x0000, 0x0000, 0x0000, 0x0000, 0x0000, 0x0000, 0x0000, 0x0000, 0x0000,   // 0x1470 (5232) pixels
0x0000, 0x0000, 0x0000, 0x0000, 0x0000, 0x0000, 0x0000, 0x0000, 0x0000, 0x0000, 0x0000, 0x0000, 0x0000, 0x0000, 0x0000, 0x0000,   // 0x1480 (5248) pixels
0x0000, 0x0000, 0x0000, 0x0000, 0x0000, 0x0000, 0x0000, 0x0000, 0x0000, 0x0000, 0x0000, 0x0000, 0x0000, 0x0000, 0x0000, 0x0000,   // 0x1490 (5264) pixels
0x0000, 0x0000, 0x0000, 0x0000, 0x0000, 0x0000, 0x0000, 0x0000, 0x0000, 0x0000, 0x0000, 0x0000, 0x0000, 0x0000, 0x0000, 0x0000,   // 0x14A0 (5280) pixels
0x0000, 0x0000, 0x0000, 0x0000, 0x0000, 0x0000, 0x0000, 0x0000, 0x0000, 0x0000, 0x0000, 0x0000, 0x0000, 0x0000, 0x0000, 0x0000,   // 0x14B0 (5296) pixels
0x0000, 0x0000, 0x0000, 0x0000, 0x0000, 0x0000, 0x0000, 0x0000, 0x0000, 0x0000, 0x0000, 0x0000, 0x0000, 0x0000, 0x0000, 0x0000,   // 0x14C0 (5312) pixels
0x0000, 0x0000, 0x0000, 0x0000, 0x0000, 0x0000, 0x0000, 0x0000, 0x0000, 0x0000, 0x0000, 0x0000, 0x0000, 0x0000, 0x0000, 0x0000,   // 0x14D0 (5328) pixels
0x0000, 0x0000, 0x0000, 0x0000, 0x0000, 0x0000, 0x0000, 0x0000, 0x0000, 0x0000, 0x0000, 0x0000, 0x0000, 0x0000, 0x0000, 0x0000,   // 0x14E0 (5344) pixels
0x0000, 0x0000, 0x0000, 0x0000, 0x0000, 0x0000, 0x0000, 0x0000, 0x0000, 0x0000, 0x0000, 0x0000, 0x0000, 0x0000, 0x0000, 0x0000,   // 0x14F0 (5360) pixels
0x0000, 0x0000, 0x0000, 0x0021, 0x08E5, 0x0905, 0x1126, 0x08A3, 0x0000, 0x0021, 0x0105, 0x0987, 0x0946, 0x0946, 0x00A3, 0x0000,   // 0x1500 (5376) pixels
0x1229, 0x6F9F, 0x44D5, 0x0083, 0x00C4, 0x0946, 0x0966, 0x0967, 0x0146, 0x0926, 0x0926, 0x0125, 0x0105, 0x08E4, 0x00E4, 0x00C4,   // 0x1510 (5392) pixels
0x00E4, 0x00E4, 0x00E5, 0x00E5, 0x0905, 0x0905, 0x0105, 0x0105, 0x0125, 0x0105, 0x0105, 0x0105, 0x0105, 0x00E5, 0x00E5, 0x00E5,   // 0x1520 (5408) pixels
0x00E5, 0x0104, 0x0105, 0x0105, 0x0926, 0x0926, 0x0125, 0x0125, 0x0104, 0x0104, 0x00E4, 0x00A3, 0x0021, 0x22CC, 0x6F5F, 0x4578,   // 0x1530 (5424) pixels
0x3412, 0x773F, 0x665B, 0x1A4B, 0x00C4, 0x0926, 0x08E4, 0x0061, 0x0000, 0x0000, 0x0000, 0x0062, 0x0905, 0x0105, 0x0946, 0x00C3,   // 0x1540 (5440) pixels
0x0000, 0x0000, 0x0000, 0x0000, 0x0000, 0x0000, 0x0000, 0x0000, 0x0000, 0x0000, 0x0000, 0x0000, 0x0000, 0x0000, 0x0000, 0x0000,   // 0x1550 (5456) pixels
0x0000, 0x0000, 0x0000, 0x0000, 0x0000, 0x0000, 0x0000, 0x0000, 0x0000, 0x0000, 0x0000, 0x0000, 0x0000, 0x0000, 0x0000, 0x0000,   // 0x1560 (5472) pixels
0x0000, 0x0000, 0x0000, 0x0000, 0x0000, 0x0000, 0x0000, 0x0000, 0x0000, 0x0000, 0x0000, 0x0000, 0x0000, 0x0000, 0x0000, 0x0000,   // 0x1570 (5488) pixels
0x0000, 0x0000, 0x0000, 0x0000, 0x0000, 0x0000, 0x0000, 0x0000, 0x0000, 0x0000, 0x0000, 0x0000, 0x0000, 0x0000, 0x0000, 0x0000,   // 0x1580 (5504) pixels
0x0000, 0x0000, 0x0000, 0x0000, 0x0000, 0x0000, 0x0000, 0x0000, 0x0000, 0x0000, 0x0000, 0x0000, 0x0000, 0x0000, 0x0000, 0x0000,   // 0x1590 (5520) pixels
0x0000, 0x0000, 0x0000, 0x0000, 0x0000, 0x0000, 0x0000, 0x0000, 0x0000, 0x0000, 0x0000, 0x0000, 0x0000, 0x0000, 0x0000, 0x0000,   // 0x15A0 (5536) pixels
0x0000, 0x0000, 0x0000, 0x0000, 0x0000, 0x0000, 0x0000, 0x0000, 0x0000, 0x0000, 0x0000, 0x0000, 0x0000, 0x0000, 0x0000, 0x0000,   // 0x15B0 (5552) pixels
0x0000, 0x0000, 0x0000, 0x0000, 0x0000, 0x0000, 0x0000, 0x0000, 0x0000, 0x0000, 0x0000, 0x0000, 0x0000, 0x0000, 0x0000, 0x0000,   // 0x15C0 (5568) pixels
0x0000, 0x0000, 0x0000, 0x0000, 0x0000, 0x0000, 0x0000, 0x0000, 0x0000, 0x0000, 0x0000, 0x0000, 0x0000, 0x0000, 0x0000, 0x0000,   // 0x15D0 (5584) pixels
0x0000, 0x0000, 0x0000, 0x0000, 0x0000, 0x0000, 0x0000, 0x0000, 0x0000, 0x0000, 0x0000, 0x0000, 0x0000, 0x0000, 0x0000, 0x0000,   // 0x15E0 (5600) pixels
0x0000, 0x0000, 0x0000, 0x0000, 0x0041, 0x0905, 0x08A3, 0x0000, 0x0000, 0x0021, 0x00A3, 0x0987, 0x0966, 0x0966, 0x1146, 0x00A3,   // 0x15F0 (5616) pixels
0x66BC, 0x4D36, 0x0000, 0x0083, 0x0925, 0x0926, 0x00C4, 0x00C5, 0x00E5, 0x00C4, 0x00C4, 0x00C4, 0x00A4, 0x0083, 0x0083, 0x0062,   // 0x1600 (5632) pixels
0x0062, 0x0062, 0x0063, 0x0063, 0x0083, 0x0083, 0x00A3, 0x0083, 0x0083, 0x0083, 0x0083, 0x0083, 0x00A3, 0x0083, 0x0083, 0x0083,   // 0x1610 (5648) pixels
0x0083, 0x00A3, 0x00A3, 0x00A3, 0x00A4, 0x0083, 0x0082, 0x0042, 0x0001, 0x0020, 0x0082, 0x00C4, 0x00C3, 0x0001, 0x2B4F, 0x7FBF,   // 0x1620 (5664) pixels
0x1AAC, 0x0148, 0x55B9, 0x773F, 0x1A6B, 0x00A3, 0x00A3, 0x0000, 0x0000, 0x0041, 0x0000, 0x0000, 0x0883, 0x0966, 0x0125, 0x0041,   // 0x1630 (5680) pixels
0x0000, 0x0000, 0x0000, 0x0000, 0x0000, 0x0000, 0x0000, 0x0000, 0x0000, 0x0000, 0x0000, 0x0000, 0x0000, 0x0000, 0x0000, 0x0000,   // 0x1640 (5696) pixels
0x0000, 0x0000, 0x0000, 0x0000, 0x0000, 0x0000, 0x0000, 0x0000, 0x0000, 0x0000, 0x0000, 0x0000, 0x0000, 0x0000, 0x0000, 0x0000,   // 0x1650 (5712) pixels
0x0000, 0x0000, 0x0000, 0x0000, 0x0000, 0x0000, 0x0000, 0x0000, 0x0000, 0x0000, 0x0000, 0x0000, 0x0000, 0x0000, 0x0000, 0x0000,   // 0x1660 (5728) pixels
0x0000, 0x0000, 0x0000, 0x0000, 0x0000, 0x0000, 0x0000, 0x0000, 0x0000, 0x0000, 0x0000, 0x0000, 0x0000, 0x0000, 0x0000, 0x0000,   // 0x1670 (5744) pixels
0x0000, 0x0000, 0x0000, 0x0000, 0x0000, 0x0000, 0x0000, 0x0000, 0x0000, 0x0000, 0x0000, 0x0000, 0x0000, 0x0000, 0x0000, 0x0000,   // 0x1680 (5760) pixels
0x0000, 0x0000, 0x0000, 0x0000, 0x0000, 0x0000, 0x0000, 0x0000, 0x0000, 0x0000, 0x0000, 0x0000, 0x0000, 0x0000, 0x0000, 0x0000,   // 0x1690 (5776) pixels
0x0000, 0x0000, 0x0000, 0x0000, 0x0000, 0x0000, 0x0000, 0x0000, 0x0000, 0x0000, 0x0000, 0x0000, 0x0000, 0x0000, 0x0000, 0x0000,   // 0x16A0 (5792) pixels
0x0000, 0x0000, 0x0000, 0x0000, 0x0000, 0x0000, 0x0000, 0x0000, 0x0000, 0x0000, 0x0000, 0x0000, 0x0000, 0x0000, 0x0000, 0x0000,   // 0x16B0 (5808) pixels
0x0000, 0x0000, 0x0000, 0x0000, 0x0000, 0x0000, 0x0000, 0x0000, 0x0000, 0x0000, 0x0000, 0x0000, 0x0000, 0x0000, 0x0000, 0x0000,   // 0x16C0 (5824) pixels
0x0000, 0x0000, 0x0000, 0x0000, 0x0000, 0x0000, 0x0000, 0x0000, 0x0000, 0x0000, 0x0000, 0x0000, 0x0000, 0x0000, 0x0000, 0x0000,   // 0x16D0 (5840) pixels
0x0000, 0x0000, 0x0000, 0x0000, 0x0000, 0x0021, 0x0000, 0x0000, 0x0041, 0x00A3, 0x0041, 0x00E4, 0x09A7, 0x0987, 0x00A3, 0x3C32,   // 0x16E0 (5856) pixels
0x775F, 0x00E5, 0x0021, 0x00A4, 0x00A3, 0x00A4, 0x230D, 0x4D36, 0x5598, 0x5578, 0x5578, 0x5577, 0x5557, 0x5557, 0x5557, 0x4D36,   // 0x16F0 (5872) pixels
0x5536, 0x4D36, 0x4D36, 0x5536, 0x4D37, 0x4D37, 0x4D37, 0x5537, 0x4D37, 0x4D36, 0x5537, 0x5537, 0x5537, 0x5557, 0x5557, 0x5556,   // 0x1700 (5888) pixels
0x5556, 0x5557, 0x5556, 0x5557, 0x4D36, 0x4D36, 0x4D36, 0x4CF6, 0x4C94, 0x332E, 0x08E5, 0x0001, 0x00A4, 0x00E5, 0x00C4, 0x5DB9,   // 0x1710 (5904) pixels
0x76FD, 0x0127, 0x00C5, 0x4CF6, 0x771E, 0x1188, 0x0000, 0x0000, 0x0062, 0x00E5, 0x00A2, 0x0000, 0x0001, 0x08A4, 0x0041, 0x0000,   // 0x1720 (5920) pixels
0x0000, 0x0000, 0x0000, 0x0000, 0x0000, 0x0000, 0x0000, 0x0000, 0x0000, 0x0000, 0x0000, 0x0000, 0x0000, 0x0000, 0x0000, 0x0000,   // 0x1730 (5936) pixels
0x0000, 0x0000, 0x0000, 0x0000, 0x0000, 0x0000, 0x0000, 0x0000, 0x0000, 0x0000, 0x0000, 0x0000, 0x0000, 0x0000, 0x0000, 0x0000,   // 0x1740 (5952) pixels
0x0000, 0x0000, 0x0000, 0x0000, 0x0000, 0x0000, 0x0000, 0x0000, 0x0000, 0x0000, 0x0000, 0x0000, 0x0000, 0x0000, 0x0000, 0x0000,   // 0x1750 (5968) pixels
0x0000, 0x0000, 0x0000, 0x0000, 0x0000, 0x0000, 0x0000, 0x0000, 0x0000, 0x0000, 0x0000, 0x0000, 0x0000, 0x0000, 0x0000, 0x0000,   // 0x1760 (5984) pixels
0x0000, 0x0000, 0x0000, 0x0000, 0x0000, 0x0000, 0x0000, 0x0000, 0x0000, 0x0000, 0x0000, 0x0000, 0x0000, 0x0000, 0x0000, 0x0000,   // 0x1770 (6000) pixels
0x0000, 0x0000, 0x0000, 0x0000, 0x0000, 0x0000, 0x0000, 0x0000, 0x0000, 0x0000, 0x0000, 0x0000, 0x0000, 0x0000, 0x0000, 0x0000,   // 0x1780 (6016) pixels
0x0000, 0x0000, 0x0000, 0x0000, 0x0000, 0x0000, 0x0000, 0x0000, 0x0000, 0x0000, 0x0000, 0x0000, 0x0000, 0x0000, 0x0000, 0x0000,   // 0x1790 (6032) pixels
0x0000, 0x0000, 0x0000, 0x0000, 0x0000, 0x0000, 0x0000, 0x0000, 0x0000, 0x0000, 0x0000, 0x0000, 0x0000, 0x0000, 0x0000, 0x0000,   // 0x17A0 (6048) pixels
0x0000, 0x0000, 0x0000, 0x0000, 0x0000, 0x0000, 0x0000, 0x0000, 0x0000, 0x0000, 0x0000, 0x0000, 0x0000, 0x0000, 0x0000, 0x0000,   // 0x17B0 (6064) pixels
0x0000, 0x0000, 0x0000, 0x0000, 0x0000, 0x0000, 0x0000, 0x0000, 0x0000, 0x0000, 0x0000, 0x0000, 0x0000, 0x0000, 0x0000, 0x0000,   // 0x17C0 (6080) pixels
0x0000, 0x0000, 0x0000, 0x0000, 0x0000, 0x0000, 0x0000, 0x0041, 0x0083, 0x08E4, 0x08C3, 0x0062, 0x0105, 0x00E4, 0x0105, 0x771E,   // 0x17D0 (6096) pixels
0x44D5, 0x0064, 0x08C4, 0x0083, 0x0083, 0x5537, 0x7F9F, 0x65FA, 0x55B9, 0x5DD9, 0x5DB8, 0x5DB8, 0x5DB8, 0x5598, 0x5D98, 0x5598,   // 0x17E0 (6112) pixels
0x5598, 0x5598, 0x5578, 0x5578, 0x5577, 0x5577, 0x5577, 0x5577, 0x5578, 0x5578, 0x5578, 0x5578, 0x5578, 0x5598, 0x5598, 0x5598,   // 0x17F0 (6128) pixels
0x5598, 0x5578, 0x5598, 0x5578, 0x5577, 0x5577, 0x5578, 0x4577, 0x4DB9, 0x6F1E, 0x6EDD, 0x228B, 0x0083, 0x0966, 0x0126, 0x1AED,   // 0x1800 (6144) pixels
0x8FFF, 0x334F, 0x0083, 0x00C4, 0x5E3B, 0x5578, 0x0000, 0x0082, 0x0105, 0x00E5, 0x08E5, 0x08E4, 0x0061, 0x0021, 0x0000, 0x0000,   // 0x1810 (6160) pixels
0x0000, 0x0000, 0x0000, 0x0000, 0x0000, 0x0000, 0x0000, 0x0000, 0x0000, 0x0000, 0x0000, 0x0000, 0x0000, 0x0000, 0x0000, 0x0000,   // 0x1820 (6176) pixels
0x0000, 0x0000, 0x0000, 0x0000, 0x0000, 0x0000, 0x0000, 0x0000, 0x0000, 0x0000, 0x0000, 0x0000, 0x0000, 0x0000, 0x0000, 0x0000,   // 0x1830 (6192) pixels
0x0000, 0x0000, 0x0000, 0x0000, 0x0000, 0x0000, 0x0000, 0x0000, 0x0000, 0x0000, 0x0000, 0x0000, 0x0000, 0x0000, 0x0000, 0x0000,   // 0x1840 (6208) pixels
0x0000, 0x0000, 0x0000, 0x0000, 0x0000, 0x0000, 0x0000, 0x0000, 0x0000, 0x0000, 0x0000, 0x0000, 0x0000, 0x0000, 0x0000, 0x0000,   // 0x1850 (6224) pixels
0x0000, 0x0000, 0x0000, 0x0000, 0x0000, 0x0000, 0x0000, 0x0000, 0x0000, 0x0000, 0x0000, 0x0000, 0x0000, 0x0000, 0x0000, 0x0000,   // 0x1860 (6240) pixels
0x0000, 0x0000, 0x0000, 0x0000, 0x0000, 0x0000, 0x0000, 0x0000, 0x0000, 0x0000, 0x0000, 0x0000, 0x0000, 0x0000, 0x0000, 0x0000,   // 0x1870 (6256) pixels
0x0000, 0x0000, 0x0000, 0x0000, 0x0000, 0x0000, 0x0000, 0x0000, 0x0000, 0x0000, 0x0000, 0x0000, 0x0000, 0x0000, 0x0000, 0x0000,   // 0x1880 (6272) pixels
0x0000, 0x0000, 0x0000, 0x0000, 0x0000, 0x0000, 0x0000, 0x0000, 0x0000, 0x0000, 0x0000, 0x0000, 0x0000, 0x0000, 0x0000, 0x0000,   // 0x1890 (6288) pixels
0x0000, 0x0000, 0x0000, 0x0000, 0x0000, 0x0000, 0x0000, 0x0000, 0x0000, 0x0000, 0x0000, 0x0000, 0x0000, 0x0000, 0x0000, 0x0000,   // 0x18A0 (6304) pixels
0x0000, 0x0000, 0x0000, 0x0000, 0x0000, 0x0000, 0x0000, 0x0000, 0x0000, 0x0000, 0x0000, 0x0000, 0x0000, 0x0000, 0x0000, 0x0000,   // 0x18B0 (6320) pixels
0x0000, 0x0000, 0x0000, 0x0000, 0x0000, 0x0000, 0x0000, 0x0041, 0x00A3, 0x08C3, 0x0904, 0x00A2, 0x0061, 0x0062, 0x22AC, 0x7FDF,   // 0x18C0 (6336) pixels
0x230E, 0x0105, 0x0105, 0x0042, 0x4C94, 0x773F, 0x19C8, 0x0021, 0x00A4, 0x00A4, 0x00A4, 0x00A4, 0x00A3, 0x0083, 0x0063, 0x0063,   // 0x18D0 (6352) pixels
0x0062, 0x0062, 0x0063, 0x0042, 0x0042, 0x0042, 0x0042, 0x0042, 0x0042, 0x0042, 0x0042, 0x0042, 0x0042, 0x0063, 0x0063, 0x0063,   // 0x18E0 (6368) pixels
0x0063, 0x0062, 0x0042, 0x0042, 0x0042, 0x0021, 0x0021, 0x0001, 0x0000, 0x00C4, 0x4D57, 0x7F7F, 0x1A4A, 0x0126, 0x09A8, 0x01A8,   // 0x18F0 (6384) pixels
0x6EDD, 0x5556, 0x0063, 0x0042, 0x224B, 0x779F, 0x19E8, 0x0001, 0x0925, 0x0105, 0x0925, 0x08A4, 0x0021, 0x0041, 0x0000, 0x0000,   // 0x1900 (6400) pixels
0x0000, 0x0000, 0x0000, 0x0000, 0x0000, 0x0000, 0x0000, 0x0000, 0x0000, 0x0000, 0x0000, 0x0000, 0x0000, 0x0000, 0x0000, 0x0000,   // 0x1910 (6416) pixels
0x0000, 0x0000, 0x0000, 0x0000, 0x0000, 0x0000, 0x0000, 0x0000, 0x0000, 0x0000, 0x0000, 0x0000, 0x0000, 0x0000, 0x0000, 0x0000,   // 0x1920 (6432) pixels
0x0000, 0x0000, 0x0000, 0x0000, 0x0000, 0x0000, 0x0000, 0x0000, 0x0000, 0x0000, 0x0000, 0x0000, 0x0000, 0x0000, 0x0000, 0x0000,   // 0x1930 (6448) pixels
0x0000, 0x0000, 0x0000, 0x0000, 0x0000, 0x0000, 0x0000, 0x0000, 0x0000, 0x0000, 0x0000, 0x0000, 0x0000, 0x0000, 0x0000, 0x0000,   // 0x1940 (6464) pixels
0x0000, 0x0000, 0x0000, 0x0000, 0x0000, 0x0000, 0x0000, 0x0000, 0x0000, 0x0000, 0x0000, 0x0000, 0x0000, 0x0000, 0x0000, 0x0000,   // 0x1950 (6480) pixels
0x0000, 0x0000, 0x0000, 0x0000, 0x0000, 0x0000, 0x0000, 0x0000, 0x0000, 0x0000, 0x0000, 0x0000, 0x0000, 0x0000, 0x0000, 0x0000,   // 0x1960 (6496) pixels
0x0000, 0x0000, 0x0000, 0x0000, 0x0000, 0x0000, 0x0000, 0x0000, 0x0000, 0x0000, 0x0000, 0x0000, 0x0000, 0x0000, 0x0000, 0x0000,   // 0x1970 (6512) pixels
0x0000, 0x0000, 0x0000, 0x0000, 0x0000, 0x0000, 0x0000, 0x0000, 0x0000, 0x0000, 0x0000, 0x0000, 0x0000, 0x0000, 0x0000, 0x0000,   // 0x1980 (6528) pixels
0x0000, 0x0000, 0x0000, 0x0000, 0x0000, 0x0000, 0x0000, 0x0000, 0x0000, 0x0000, 0x0000, 0x0000, 0x0000, 0x0000, 0x0000, 0x0000,   // 0x1990 (6544) pixels
0x0000, 0x0000, 0x0000, 0x0000, 0x0000, 0x0000, 0x0000, 0x0000, 0x0000, 0x0000, 0x0000, 0x0000, 0x0000, 0x0000, 0x0000, 0x0000,   // 0x19A0 (6560) pixels
0x0000, 0x0000, 0x0000, 0x0000, 0x0000, 0x08E3, 0x00A2, 0x0000, 0x0041, 0x00A2, 0x0062, 0x0000, 0x0041, 0x0021, 0x3BF1, 0x777F,   // 0x19B0 (6576) pixels
0x0A2B, 0x0146, 0x00C4, 0x11E9, 0x7FBF, 0x22AC, 0x0000, 0x0083, 0x00A3, 0x00A4, 0x00C4, 0x08C4, 0x00C4, 0x00C4, 0x00C4, 0x00C4,   // 0x19C0 (6592) pixels
0x00C4, 0x00A4, 0x00A3, 0x00A4, 0x00A4, 0x00A4, 0x00A4, 0x00A4, 0x00A4, 0x00A3, 0x00A3, 0x00A3, 0x00A4, 0x00A4, 0x00A4, 0x00A4,   // 0x19D0 (6608) pixels
0x00C4, 0x00C4, 0x00A4, 0x00A3, 0x00A3, 0x0083, 0x0083, 0x0082, 0x0082, 0x0000, 0x0083, 0x771D, 0x5577, 0x0126, 0x09C9, 0x0148,   // 0x19E0 (6624) pixels
0x5557, 0x6639, 0x0041, 0x0082, 0x0063, 0x665B, 0x4CD5, 0x0000, 0x00C4, 0x0925, 0x00C3, 0x0041, 0x08E4, 0x0925, 0x0020, 0x0000,   // 0x19F0 (6640) pixels
0x0000, 0x0000, 0x0000, 0x0000, 0x0000, 0x0000, 0x0000, 0x0000, 0x0000, 0x0000, 0x0000, 0x0000, 0x0000, 0x0000, 0x0000, 0x0000,   // 0x1A00 (6656) pixels
0x0000, 0x0000, 0x0000, 0x0000, 0x0000, 0x0000, 0x0000, 0x0000, 0x0000, 0x0000, 0x0000, 0x0000, 0x0000, 0x0000, 0x0000, 0x0000,   // 0x1A10 (6672) pixels
0x0000, 0x0000, 0x0000, 0x0000, 0x0000, 0x0000, 0x0000, 0x0000, 0x0000, 0x0000, 0x0000, 0x0000, 0x0000, 0x0000, 0x0000, 0x0000,   // 0x1A20 (6688) pixels
0x0000, 0x0000, 0x0000, 0x0000, 0x0000, 0x0000, 0x0000, 0x0000, 0x0000, 0x0000, 0x0000, 0x0000, 0x0000, 0x0000, 0x0000, 0x0000,   // 0x1A30 (6704) pixels
0x0000, 0x0000, 0x0000, 0x0000, 0x0000, 0x0000, 0x0000, 0x0000, 0x0000, 0x0000, 0x0000, 0x0000, 0x0000, 0x0000, 0x0000, 0x0000,   // 0x1A40 (6720) pixels
0x0000, 0x0000, 0x0000, 0x0000, 0x0000, 0x0000, 0x0000, 0x0000, 0x0000, 0x0000, 0x0000, 0x0000, 0x0000, 0x0000, 0x0000, 0x0000,   // 0x1A50 (6736) pixels
0x0000, 0x0000, 0x0000, 0x0000, 0x0000, 0x0000, 0x0000, 0x0000, 0x0000, 0x0000, 0x0000, 0x0000, 0x0000, 0x0000, 0x0000, 0x0000,   // 0x1A60 (6752) pixels
0x0000, 0x0000, 0x0000, 0x0000, 0x0000, 0x0000, 0x0000, 0x0000, 0x0000, 0x0000, 0x0000, 0x0000, 0x0000, 0x0000, 0x0000, 0x0000,   // 0x1A70 (6768) pixels
0x0000, 0x0000, 0x0000, 0x0000, 0x0000, 0x0000, 0x0000, 0x0000, 0x0000, 0x0000, 0x0000, 0x0000, 0x0000, 0x0000, 0x0000, 0x0000,   // 0x1A80 (6784) pixels
0x0000, 0x0000, 0x0000, 0x0000, 0x0000, 0x0000, 0x0000, 0x0000, 0x0000, 0x0000, 0x0000, 0x0000, 0x0000, 0x0000, 0x0000, 0x0000,   // 0x1A90 (6800) pixels
0x0000, 0x0000, 0x0000, 0x0000, 0x00A3, 0x0946, 0x0946, 0x0882, 0x0000, 0x0021, 0x0000, 0x0000, 0x0001, 0x0000, 0x4473, 0x6F1E,   // 0x1AA0 (6816) pixels
0x09C9, 0x0988, 0x00A4, 0x3412, 0x6F1E, 0x00E4, 0x0083, 0x0063, 0x0062, 0x0083, 0x0083, 0x00A3, 0x00A3, 0x00A3, 0x00A3, 0x0083,   // 0x1AB0 (6832) pixels
0x00A3, 0x0083, 0x0083, 0x0083, 0x0083, 0x0083, 0x0083, 0x0083, 0x0083, 0x0083, 0x0083, 0x0083, 0x0083, 0x0083, 0x0083, 0x0083,   // 0x1AC0 (6848) pixels
0x0063, 0x0083, 0x0082, 0x0082, 0x0062, 0x0062, 0x0062, 0x0062, 0x0062, 0x00C4, 0x0042, 0x4CF5, 0x76FC, 0x0168, 0x0968, 0x00E5,   // 0x1AD0 (6864) pixels
0x3C73, 0x5DF9, 0x0041, 0x0083, 0x0063, 0x4CB4, 0x6EBC, 0x00E5, 0x00A4, 0x00A3, 0x0062, 0x00E4, 0x0966, 0x0945, 0x08E4, 0x0001,   // 0x1AE0 (6880) pixels
0x0000, 0x0000, 0x0000, 0x0000, 0x0000, 0x0000, 0x0000, 0x0000, 0x0000, 0x0000, 0x0000, 0x0000, 0x0000, 0x0000, 0x0000, 0x0000,   // 0x1AF0 (6896) pixels
0x0000, 0x0000, 0x0000, 0x0000, 0x0000, 0x0000, 0x0000, 0x0000, 0x0000, 0x0000, 0x0000, 0x0000, 0x0000, 0x0000, 0x0000, 0x0000,   // 0x1B00 (6912) pixels
0x0000, 0x0000, 0x0000, 0x0000, 0x0000, 0x0000, 0x0000, 0x0000, 0x0000, 0x0000, 0x0000, 0x0000, 0x0000, 0x0000, 0x0000, 0x0000,   // 0x1B10 (6928) pixels
0x0000, 0x0000, 0x0000, 0x0000, 0x0000, 0x0000, 0x0000, 0x0000, 0x0000, 0x0000, 0x0000, 0x0000, 0x0000, 0x0000, 0x0000, 0x0000,   // 0x1B20 (6944) pixels
0x0000, 0x0000, 0x0000, 0x0000, 0x0000, 0x0000, 0x0000, 0x0000, 0x0000, 0x0000, 0x0000, 0x0000, 0x0000, 0x0000, 0x0000, 0x0000,   // 0x1B30 (6960) pixels
0x0000, 0x0000, 0x0000, 0x0000, 0x0000, 0x0000, 0x0000, 0x0000, 0x0000, 0x0000, 0x0000, 0x0000, 0x0000, 0x0000, 0x0000, 0x0000,   // 0x1B40 (6976) pixels
0x0000, 0x0000, 0x0000, 0x0000, 0x0000, 0x0000, 0x0000, 0x0000, 0x0000, 0x0000, 0x0000, 0x0000, 0x0000, 0x0000, 0x0000, 0x0000,   // 0x1B50 (6992) pixels
0x0000, 0x0000, 0x0000, 0x0000, 0x0000, 0x0000, 0x0000, 0x0000, 0x0000, 0x0000, 0x0000, 0x0000, 0x0000, 0x0000, 0x0000, 0x0000,   // 0x1B60 (7008) pixels
0x0000, 0x0000, 0x0000, 0x0000, 0x0000, 0x0000, 0x0000, 0x0000, 0x0000, 0x0000, 0x0000, 0x0000, 0x0000, 0x0000, 0x0000, 0x0000,   // 0x1B70 (7024) pixels
0x0000, 0x0000, 0x0000, 0x0000, 0x0000, 0x0000, 0x0000, 0x0000, 0x0000, 0x0000, 0x0000, 0x0000, 0x0000, 0x0000, 0x0000, 0x0000,   // 0x1B80 (7040) pixels
0x0000, 0x0000, 0x0000, 0x0082, 0x0946, 0x0905, 0x0925, 0x0946, 0x0041, 0x0000, 0x0000, 0x0000, 0x0021, 0x0000, 0x3C52, 0x66FD,   // 0x1B90 (7056) pixels
0x0188, 0x0988, 0x0106, 0x4557, 0x665B, 0x00E4, 0x00A3, 0x0062, 0x0041, 0x0041, 0x0041, 0x0062, 0x0062, 0x0062, 0x0062, 0x0062,   // 0x1BA0 (7072) pixels
0x0062, 0x0062, 0x0062, 0x0062, 0x0062, 0x0061, 0x0062, 0x0062, 0x0062, 0x0062, 0x0062, 0x0062, 0x0062, 0x0042, 0x0042, 0x0042,   // 0x1BB0 (7088) pixels
0x0042, 0x0062, 0x0062, 0x0041, 0x0041, 0x0041, 0x0041, 0x0042, 0x0083, 0x00E5, 0x00A4, 0x4453, 0x7F1E, 0x0147, 0x0125, 0x0063,   // 0x1BC0 (7104) pixels
0x3C12, 0x55D9, 0x0021, 0x08A4, 0x00A5, 0x33F1, 0x7F7F, 0x0A2B, 0x00E5, 0x0083, 0x0062, 0x0946, 0x0926, 0x0905, 0x1125, 0x0062,   // 0x1BD0 (7120) pixels
0x0000, 0x0000, 0x0000, 0x0000, 0x0000, 0x0000, 0x0000, 0x0000, 0x0000, 0x0000, 0x0000, 0x0000, 0x0000, 0x0000, 0x0000, 0x0000,   // 0x1BE0 (7136) pixels
0x0000, 0x0000, 0x0000, 0x0000, 0x0000, 0x0000, 0x0000, 0x0000, 0x0000, 0x0000, 0x0000, 0x0000, 0x0000, 0x0000, 0x0000, 0x0000,   // 0x1BF0 (7152) pixels
0x0000, 0x0000, 0x0000, 0x0000, 0x0000, 0x0000, 0x0000, 0x0000, 0x0000, 0x0000, 0x0000, 0x0000, 0x0000, 0x0000, 0x0000, 0x0000,   // 0x1C00 (7168) pixels
0x0000, 0x0000, 0x0000, 0x0000, 0x0000, 0x0000, 0x0000, 0x0000, 0x0000, 0x0000, 0x0000, 0x0000, 0x0000, 0x0000, 0x0000, 0x0000,   // 0x1C10 (7184) pixels
0x0000, 0x0000, 0x0000, 0x0000, 0x0000, 0x0000, 0x0000, 0x0000, 0x0000, 0x0000, 0x0000, 0x0000, 0x0000, 0x0000, 0x0000, 0x0000,   // 0x1C20 (7200) pixels
0x0000, 0x0000, 0x0000, 0x0000, 0x0000, 0x0000, 0x0000, 0x0000, 0x0000, 0x0000, 0x0000, 0x0000, 0x0000, 0x0000, 0x0000, 0x0000,   // 0x1C30 (7216) pixels
0x0000, 0x0000, 0x0000, 0x0000, 0x0000, 0x0000, 0x0000, 0x0000, 0x0000, 0x0000, 0x0000, 0x0000, 0x0000, 0x0000, 0x0000, 0x0000,   // 0x1C40 (7232) pixels
0x0000, 0x0000, 0x0000, 0x0000, 0x0000, 0x0000, 0x0000, 0x0000, 0x0000, 0x0000, 0x0000, 0x0000, 0x0000, 0x0000, 0x0000, 0x0000,   // 0x1C50 (7248) pixels
0x0000, 0x0000, 0x0000, 0x0000, 0x0000, 0x0000, 0x0000, 0x0000, 0x0000, 0x0000, 0x0000, 0x0000, 0x0000, 0x0000, 0x0000, 0x0000,   // 0x1C60 (7264) pixels
0x0000, 0x0000, 0x0000, 0x0000, 0x0000, 0x0000, 0x0000, 0x0000, 0x0000, 0x0000, 0x0000, 0x0000, 0x0000, 0x0000, 0x0000, 0x0000,   // 0x1C70 (7280) pixels
0x0000, 0x0020, 0x0000, 0x0000, 0x08C4, 0x0925, 0x0905, 0x08A3, 0x0000, 0x0000, 0x0000, 0x0000, 0x0021, 0x0000, 0x3C32, 0x66BC,   // 0x1C80 (7296) pixels
0x0126, 0x0966, 0x0127, 0x4D97, 0x6E9B, 0x00E5, 0x00A4, 0x0062, 0x0041, 0x0021, 0x0021, 0x0041, 0x0041, 0x0021, 0x0021, 0x0021,   // 0x1C90 (7312) pixels
0x0041, 0x0041, 0x0041, 0x0041, 0x0041, 0x0041, 0x0041, 0x0021, 0x0041, 0x0041, 0x0041, 0x0041, 0x0041, 0x0041, 0x0041, 0x0021,   // 0x1CA0 (7328) pixels
0x0021, 0x0021, 0x0021, 0x0021, 0x0021, 0x0021, 0x0021, 0x0042, 0x0083, 0x0105, 0x00C4, 0x4453, 0x76FD, 0x0126, 0x00C4, 0x0022,   // 0x1CB0 (7344) pixels
0x3BF2, 0x55D9, 0x0041, 0x08E4, 0x00E5, 0x2BD0, 0x7FBF, 0x12CD, 0x0105, 0x0062, 0x0000, 0x0061, 0x0925, 0x0904, 0x0041, 0x0000,   // 0x1CC0 (7360) pixels
0x0062, 0x0000, 0x0000, 0x0000, 0x0000, 0x0000, 0x0000, 0x0000, 0x0000, 0x0000, 0x0000, 0x0000, 0x0000, 0x0000, 0x0000, 0x0000,   // 0x1CD0 (7376) pixels
0x0000, 0x0000, 0x0000, 0x0000, 0x0000, 0x0000, 0x0000, 0x0000, 0x0000, 0x0000, 0x0000, 0x0000, 0x0000, 0x0000, 0x0000, 0x0000,   // 0x1CE0 (7392) pixels
0x0000, 0x0000, 0x0000, 0x0000, 0x0000, 0x0000, 0x0000, 0x0000, 0x0000, 0x0000, 0x0000, 0x0000, 0x0000, 0x0000, 0x0000, 0x0000,   // 0x1CF0 (7408) pixels
0x0000, 0x0000, 0x0000, 0x0000, 0x0000, 0x0000, 0x0000, 0x0000, 0x0000, 0x0000, 0x0000, 0x0000, 0x0000, 0x0000, 0x0000, 0x0000,   // 0x1D00 (7424) pixels
0x0000, 0x0000, 0x0000, 0x0000, 0x0000, 0x0000, 0x0000, 0x0000, 0x0000, 0x0000, 0x0000, 0x0000, 0x0000, 0x0000, 0x0000, 0x0000,   // 0x1D10 (7440) pixels
0x0000, 0x0000, 0x0000, 0x0000, 0x0000, 0x0000, 0x0000, 0x0000, 0x0000, 0x0000, 0x0000, 0x0000, 0x0000, 0x0000, 0x0000, 0x0000,   // 0x1D20 (7456) pixels
0x0000, 0x0000, 0x0000, 0x0000, 0x0000, 0x0000, 0x0000, 0x0000, 0x0000, 0x0000, 0x0000, 0x0000, 0x0000, 0x0000, 0x0000, 0x0000,   // 0x1D30 (7472) pixels
0x0000, 0x0000, 0x0000, 0x0000, 0x0000, 0x0000, 0x0000, 0x0000, 0x0000, 0x0000, 0x0000, 0x0000, 0x0000, 0x0000, 0x0000, 0x0000,   // 0x1D40 (7488) pixels
0x0000, 0x0000, 0x0000, 0x0000, 0x0000, 0x0000, 0x0000, 0x0000, 0x0000, 0x0000, 0x0000, 0x0000, 0x0000, 0x0000, 0x0000, 0x0000,   // 0x1D50 (7504) pixels
0x0000, 0x0000, 0x0000, 0x0000, 0x0000, 0x0000, 0x0000, 0x0000, 0x0000, 0x0000, 0x0000, 0x0000, 0x0000, 0x0000, 0x0000, 0x0000,   // 0x1D60 (7520) pixels
0x0000, 0x0020, 0x0882, 0x0041, 0x0000, 0x0082, 0x08C4, 0x0000, 0x0000, 0x0000, 0x0021, 0x0021, 0x0041, 0x0000, 0x3BF1, 0x5E9C,   // 0x1D70 (7536) pixels
0x00E5, 0x0105, 0x00E6, 0x4D77, 0x667B, 0x00C5, 0x00A3, 0x0062, 0x0021, 0x0001, 0x0000, 0x0000, 0x0020, 0x0021, 0x0001, 0x0020,   // 0x1D80 (7552) pixels
0x0021, 0x0020, 0x0020, 0x0021, 0x0021, 0x0021, 0x0021, 0x0021, 0x0021, 0x0041, 0x0041, 0x0021, 0x0021, 0x0021, 0x0020, 0x0020,   // 0x1D90 (7568) pixels
0x0000, 0x0000, 0x0020, 0x0000, 0x0000, 0x0000, 0x0021, 0x0042, 0x0083, 0x00E4, 0x0083, 0x3C32, 0x76DD, 0x00E5, 0x00A4, 0x0001,   // 0x1DA0 (7584) pixels
0x3C12, 0x5E19, 0x0083, 0x0926, 0x0106, 0x2BD1, 0x7FBF, 0x128C, 0x00A4, 0x0021, 0x0000, 0x0000, 0x0062, 0x0021, 0x0021, 0x08E4,   // 0x1DB0 (7600) pixels
0x0926, 0x0062, 0x0000, 0x0000, 0x0000, 0x0000, 0x0000, 0x0000, 0x0000, 0x0000, 0x0000, 0x0000, 0x0000, 0x0000, 0x0000, 0x0000,   // 0x1DC0 (7616) pixels
0x0000, 0x0000, 0x0000, 0x0000, 0x0000, 0x0000, 0x0000, 0x0000, 0x0000, 0x0000, 0x0000, 0x0000, 0x0000, 0x0000, 0x0000, 0x0000,   // 0x1DD0 (7632) pixels
0x0000, 0x0000, 0x0000, 0x0000, 0x0000, 0x0000, 0x0000, 0x0000, 0x0000, 0x0000, 0x0000, 0x0000, 0x0000, 0x0000, 0x0000, 0x0000,   // 0x1DE0 (7648) pixels
0x0000, 0x0000, 0x0000, 0x0000, 0x0000, 0x0000, 0x0000, 0x0000, 0x0000, 0x0000, 0x0000, 0x0000, 0x0000, 0x0000, 0x0000, 0x0000,   // 0x1DF0 (7664) pixels
0x0000, 0x0000, 0x0000, 0x0000, 0x0000, 0x0000, 0x0000, 0x0000, 0x0000, 0x0000, 0x0000, 0x0000, 0x0000, 0x0000, 0x0000, 0x0000,   // 0x1E00 (7680) pixels
0x0000, 0x0000, 0x0000, 0x0000, 0x0000, 0x0000, 0x0000, 0x0000, 0x0000, 0x0000, 0x0000, 0x0000, 0x0000, 0x0000, 0x0000, 0x0000,   // 0x1E10 (7696) pixels
0x0000, 0x0000, 0x0000, 0x0000, 0x0000, 0x0000, 0x0000, 0x0000, 0x0000, 0x0000, 0x0000, 0x0000, 0x0000, 0x0000, 0x0000, 0x0000,   // 0x1E20 (7712) pixels
0x0000, 0x0000, 0x0000, 0x0000, 0x0000, 0x0000, 0x0000, 0x0000, 0x0000, 0x0000, 0x0000, 0x0000, 0x0000, 0x0000, 0x0000, 0x0000,   // 0x1E30 (7728) pixels
0x0000, 0x0000, 0x0000, 0x0000, 0x0000, 0x0000, 0x0000, 0x0000, 0x0000, 0x0000, 0x0000, 0x0000, 0x0000, 0x0000, 0x0000, 0x0000,   // 0x1E40 (7744) pixels
0x0000, 0x0000, 0x0000, 0x0000, 0x0000, 0x0000, 0x0000, 0x0000, 0x0000, 0x0000, 0x0000, 0x0000, 0x0000, 0x0000, 0x0000, 0x0000,   // 0x1E50 (7760) pixels
0x0000, 0x0082, 0x08C4, 0x00C4, 0x0083, 0x0000, 0x0000, 0x0000, 0x0000, 0x0000, 0x0000, 0x0041, 0x0062, 0x0000, 0x33F1, 0x5E9B,   // 0x1E60 (7776) pixels
0x0084, 0x00C5, 0x00A4, 0x4D36, 0x665A, 0x00A4, 0x00A3, 0x0062, 0x0021, 0x0000, 0x0000, 0x0000, 0x0000, 0x0000, 0x0000, 0x0000,   // 0x1E70 (7792) pixels
0x0000, 0x0000, 0x0000, 0x0000, 0x0021, 0x0041, 0x0021, 0x0041, 0x0041, 0x0021, 0x0021, 0x0021, 0x0020, 0x0000, 0x0000, 0x0000,   // 0x1E80 (7808) pixels
0x0000, 0x0000, 0x0000, 0x0000, 0x0000, 0x0000, 0x0001, 0x0041, 0x0083, 0x00C4, 0x0063, 0x3BF1, 0x6EBC, 0x00A4, 0x0083, 0x0001,   // 0x1E90 (7824) pixels
0x4432, 0x5E3A, 0x00C4, 0x0946, 0x0106, 0x2B90, 0x779F, 0x0A0A, 0x0062, 0x0001, 0x0000, 0x0000, 0x0000, 0x0082, 0x0945, 0x0925,   // 0x1EA0 (7840) pixels
0x0904, 0x08E4, 0x0020, 0x0000, 0x0000, 0x0000, 0x0000, 0x0000, 0x0000, 0x0000, 0x0000, 0x0000, 0x0000, 0x0000, 0x0000, 0x0000,   // 0x1EB0 (7856) pixels
0x0000, 0x0000, 0x0000, 0x0000, 0x0000, 0x0000, 0x0000, 0x0000, 0x0000, 0x0000, 0x0000, 0x0000, 0x0000, 0x0000, 0x0000, 0x0000,   // 0x1EC0 (7872) pixels
0x0000, 0x0000, 0x0000, 0x0000, 0x0000, 0x0000, 0x0000, 0x0000, 0x0000, 0x0000, 0x0000, 0x0000, 0x0000, 0x0000, 0x0000, 0x0000,   // 0x1ED0 (7888) pixels
0x0000, 0x0000, 0x0000, 0x0000, 0x0000, 0x0000, 0x0000, 0x0000, 0x0000, 0x0000, 0x0000, 0x0000, 0x0000, 0x0000, 0x0000, 0x0000,   // 0x1EE0 (7904) pixels
0x0000, 0x0000, 0x0000, 0x0000, 0x0000, 0x0000, 0x0000, 0x0000, 0x0000, 0x0000, 0x0000, 0x0000, 0x0000, 0x0000, 0x0000, 0x0000,   // 0x1EF0 (7920) pixels
0x0000, 0x0000, 0x0000, 0x0000, 0x0000, 0x0000, 0x0000, 0x0000, 0x0000, 0x0000, 0x0000, 0x0000, 0x0000, 0x0000, 0x0000, 0x0000,   // 0x1F00 (7936) pixels
0x0000, 0x0000, 0x0000, 0x0000, 0x0000, 0x0000, 0x0000, 0x0000, 0x0000, 0x0000, 0x0000, 0x0000, 0x0000, 0x0000, 0x0000, 0x0000,   // 0x1F10 (7952) pixels
0x0000, 0x0000, 0x0000, 0x0000, 0x0000, 0x0000, 0x0000, 0x0000, 0x0000, 0x0000, 0x0000, 0x0000, 0x0000, 0x0000, 0x0000, 0x0000,   // 0x1F20 (7968) pixels
0x0000, 0x0000, 0x0000, 0x0000, 0x0000, 0x0000, 0x0000, 0x0000, 0x0000, 0x0000, 0x0000, 0x0000, 0x0000, 0x0000, 0x0000, 0x0000,   // 0x1F30 (7984) pixels
0x0000, 0x0000, 0x0000, 0x0000, 0x0000, 0x0000, 0x0000, 0x0000, 0x0000, 0x0000, 0x0000, 0x0000, 0x0000, 0x0000, 0x0000, 0x0000,   // 0x1F40 (8000) pixels
0x0021, 0x08A3, 0x00C4, 0x08A3, 0x00C3, 0x0041, 0x0000, 0x0000, 0x0000, 0x0000, 0x0000, 0x0041, 0x0062, 0x0000, 0x33D0, 0x5E7B,   // 0x1F50 (8016) pixels
0x0063, 0x00A4, 0x0063, 0x4515, 0x663A, 0x00A4, 0x00A3, 0x0062, 0x0021, 0x0000, 0x0000, 0x0000, 0x0000, 0x0000, 0x0000, 0x0000,   // 0x1F60 (8032) pixels
0x0000, 0x0000, 0x0000, 0x0021, 0x0021, 0x0041, 0x0062, 0x0021, 0x0000, 0x0041, 0x0021, 0x0020, 0x0020, 0x0000, 0x0000, 0x0000,   // 0x1F70 (8048) pixels
0x0000, 0x0000, 0x0000, 0x0000, 0x0000, 0x0000, 0x0020, 0x0041, 0x0062, 0x00A3, 0x0022, 0x3BD0, 0x6EBC, 0x00A4, 0x0083, 0x0001,   // 0x1F80 (8064) pixels
0x4473, 0x665B, 0x00E5, 0x0105, 0x00C4, 0x234F, 0x777F, 0x1188, 0x0021, 0x0000, 0x0000, 0x0020, 0x0021, 0x0062, 0x0924, 0x0925,   // 0x1F90 (8080) pixels
0x0905, 0x0904, 0x0042, 0x0000, 0x0000, 0x0000, 0x0000, 0x0000, 0x0000, 0x0000, 0x0000, 0x0000, 0x0000, 0x0000, 0x0000, 0x0000,   // 0x1FA0 (8096) pixels
0x0000, 0x0000, 0x0000, 0x0000, 0x0000, 0x0000, 0x0000, 0x0000, 0x0000, 0x0000, 0x0000, 0x0000, 0x0000, 0x0000, 0x0000, 0x0000,   // 0x1FB0 (8112) pixels
0x0000, 0x0000, 0x0000, 0x0000, 0x0000, 0x0000, 0x0000, 0x0000, 0x0000, 0x0000, 0x0000, 0x0000, 0x0000, 0x0000, 0x0000, 0x0000,   // 0x1FC0 (8128) pixels
0x0000, 0x0000, 0x0000, 0x0000, 0x0000, 0x0000, 0x0000, 0x0000, 0x0000, 0x0000, 0x0000, 0x0000, 0x0000, 0x0000, 0x0000, 0x0000,   // 0x1FD0 (8144) pixels
0x0000, 0x0000, 0x0000, 0x0000, 0x0000, 0x0000, 0x0000, 0x0000, 0x0000, 0x0000, 0x0000, 0x0000, 0x0000, 0x0000, 0x0000, 0x0000,   // 0x1FE0 (8160) pixels
0x0000, 0x0000, 0x0000, 0x0000, 0x0000, 0x0000, 0x0000, 0x0000, 0x0000, 0x0000, 0x0000, 0x0000, 0x0000, 0x0000, 0x0000, 0x0000,   // 0x1FF0 (8176) pixels
0x0000, 0x0000, 0x0000, 0x0000, 0x0000, 0x0000, 0x0000, 0x0000, 0x0000, 0x0000, 0x0000, 0x0000, 0x0000, 0x0000, 0x0000, 0x0000,   // 0x2000 (8192) pixels
0x0000, 0x0000, 0x0000, 0x0000, 0x0000, 0x0000, 0x0000, 0x0000, 0x0000, 0x0000, 0x0000, 0x0000, 0x0000, 0x0000, 0x0000, 0x0000,   // 0x2010 (8208) pixels
0x0000, 0x0000, 0x0000, 0x0000, 0x0000, 0x0000, 0x0000, 0x0000, 0x0000, 0x0000, 0x0000, 0x0000, 0x0000, 0x0000, 0x0000, 0x0000,   // 0x2020 (8224) pixels
0x0000, 0x0000, 0x0000, 0x0000, 0x0000, 0x0000, 0x0000, 0x0000, 0x0000, 0x0000, 0x0000, 0x0000, 0x0000, 0x0000, 0x0000, 0x0000,   // 0x2030 (8240) pixels
0x0000, 0x0020, 0x0082, 0x08C3, 0x0061, 0x0000, 0x0000, 0x0000, 0x0000, 0x0000, 0x0021, 0x0041, 0x0082, 0x0000, 0x33D0, 0x5E7B,   // 0x2040 (8256) pixels
0x0062, 0x0083, 0x0022, 0x44F5, 0x663A, 0x0083, 0x00A3, 0x0062, 0x0021, 0x0000, 0x0000, 0x0000, 0x0000, 0x0000, 0x0000, 0x0000,   // 0x2050 (8272) pixels
0x0000, 0x0000, 0x0021, 0x0041, 0x0041, 0x0082, 0x0022, 0x19C8, 0x222A, 0x0020, 0x0041, 0x0001, 0x0000, 0x0000, 0x0000, 0x0000,   // 0x2060 (8288) pixels
0x0000, 0x0000, 0x0000, 0x0000, 0x0000, 0x0000, 0x0020, 0x0021, 0x0062, 0x0083, 0x0001, 0x3BB0, 0x6EBC, 0x00A3, 0x00A3, 0x0022,   // 0x2070 (8304) pixels
0x4494, 0x667B, 0x00E6, 0x2B2F, 0x09A8, 0x1AEE, 0x773F, 0x0947, 0x0000, 0x0021, 0x0020, 0x0021, 0x0021, 0x0000, 0x0082, 0x0925,   // 0x2080 (8320) pixels
0x08C3, 0x0021, 0x0000, 0x0000, 0x0000, 0x0000, 0x0000, 0x0000, 0x0000, 0x0000, 0x0000, 0x0000, 0x0000, 0x0000, 0x0000, 0x0000,   // 0x2090 (8336) pixels
0x0000, 0x0000, 0x0000, 0x0000, 0x0000, 0x0000, 0x0000, 0x0000, 0x0000, 0x0000, 0x0000, 0x0000, 0x0000, 0x0000, 0x0000, 0x0000,   // 0x20A0 (8352) pixels
0x0000, 0x0000, 0x0000, 0x0000, 0x0000, 0x0000, 0x0000, 0x0000, 0x0000, 0x0000, 0x0000, 0x0000, 0x0000, 0x0000, 0x0000, 0x0000,   // 0x20B0 (8368) pixels
0x0000, 0x0000, 0x0000, 0x0000, 0x0000, 0x0000, 0x0000, 0x0000, 0x0000, 0x0000, 0x0000, 0x0000, 0x0000, 0x0000, 0x0000, 0x0000,   // 0x20C0 (8384) pixels
0x0000, 0x0000, 0x0000, 0x0000, 0x0000, 0x0000, 0x0000, 0x0000, 0x0000, 0x0000, 0x0000, 0x0000, 0x0000, 0x0000, 0x0000, 0x0000,   // 0x20D0 (8400) pixels
0x0000, 0x0000, 0x0000, 0x0000, 0x0000, 0x0000, 0x0000, 0x0000, 0x0000, 0x0000, 0x0000, 0x0000, 0x0000, 0x0000, 0x0000, 0x0000,   // 0x20E0 (8416) pixels
0x0000, 0x0000, 0x0000, 0x0000, 0x0000, 0x0000, 0x0000, 0x0000, 0x0000, 0x0000, 0x0000, 0x0000, 0x0000, 0x0000, 0x0000, 0x0000,   // 0x20F0 (8432) pixels
0x0000, 0x0000, 0x0000, 0x0000, 0x0000, 0x0000, 0x0000, 0x0000, 0x0000, 0x0000, 0x0000, 0x0000, 0x0000, 0x0000, 0x0000, 0x0000,   // 0x2100 (8448) pixels
0x0000, 0x0000, 0x0000, 0x0000, 0x0000, 0x0000, 0x0000, 0x0000, 0x0000, 0x0000, 0x0000, 0x0000, 0x0000, 0x0000, 0x0000, 0x0000,   // 0x2110 (8464) pixels
0x0000, 0x0000, 0x0000, 0x0000, 0x0000, 0x0000, 0x0000, 0x0000, 0x0000, 0x0000, 0x0000, 0x0000, 0x0000, 0x0000, 0x0000, 0x0061,   // 0x2120 (8480) pixels
0x00A3, 0x0041, 0x0000, 0x0020, 0x0000, 0x0000, 0x0000, 0x0000, 0x0000, 0x0000, 0x0020, 0x0041, 0x0063, 0x0000, 0x33B0, 0x667C,   // 0x2130 (8496) pixels
0x0062, 0x0083, 0x0022, 0x44D4, 0x661A, 0x0083, 0x00A3, 0x0062, 0x0021, 0x0000, 0x0000, 0x0000, 0x0000, 0x0000, 0x0000, 0x0000,   // 0x2140 (8512) pixels
0x0000, 0x0020, 0x0061, 0x0082, 0x00A3, 0x0042, 0x11C8, 0x773E, 0x6E3B, 0x0042, 0x0021, 0x0020, 0x0000, 0x0000, 0x0000, 0x0000,   // 0x2150 (8528) pixels
0x0000, 0x0000, 0x0000, 0x0000, 0x0000, 0x0000, 0x0020, 0x0021, 0x0042, 0x0083, 0x0001, 0x3B8F, 0x6E9C, 0x00A4, 0x00A4, 0x0042,   // 0x2160 (8544) pixels
0x4CD4, 0x6E3A, 0x0106, 0x777F, 0x2B4E, 0x1A6B, 0x773F, 0x0946, 0x0001, 0x0021, 0x0021, 0x0000, 0x0020, 0x0000, 0x0000, 0x0041,   // 0x2170 (8560) pixels
0x0000, 0x0020, 0x00A2, 0x08A2, 0x0000, 0x0000, 0x0000, 0x0000, 0x0000, 0x0000, 0x0000, 0x0000, 0x0000, 0x0000, 0x0000, 0x0000,   // 0x2180 (8576) pixels
0x0000, 0x0000, 0x0000, 0x0000, 0x0000, 0x0000, 0x0000, 0x0000, 0x0000, 0x0000, 0x0000, 0x0000, 0x0000, 0x0000, 0x0000, 0x0000,   // 0x2190 (8592) pixels
0x0000, 0x0000, 0x0000, 0x0000, 0x0000, 0x0000, 0x0000, 0x0000, 0x0000, 0x0000, 0x0000, 0x0000, 0x0000, 0x0000, 0x0000, 0x0000,   // 0x21A0 (8608) pixels
0x0000, 0x0000, 0x0000, 0x0000, 0x0000, 0x0000, 0x0000, 0x0000, 0x0000, 0x0000, 0x0000, 0x0000, 0x0000, 0x0000, 0x0000, 0x0000,   // 0x21B0 (8624) pixels
0x0000, 0x0000, 0x0000, 0x0000, 0x0000, 0x0000, 0x0000, 0x0000, 0x0000, 0x0000, 0x0000, 0x0000, 0x0000, 0x0000, 0x0000, 0x0000,   // 0x21C0 (8640) pixels
0x0000, 0x0000, 0x0000, 0x0000, 0x0000, 0x0000, 0x0000, 0x0000, 0x0000, 0x0000, 0x0000, 0x0000, 0x0000, 0x0000, 0x0000, 0x0000,   // 0x21D0 (8656) pixels
0x0000, 0x0000, 0x0000, 0x0000, 0x0000, 0x0000, 0x0000, 0x0000, 0x0000, 0x0000, 0x0000, 0x0000, 0x0000, 0x0000, 0x0000, 0x0000,   // 0x21E0 (8672) pixels
0x0000, 0x0000, 0x0000, 0x0000, 0x0000, 0x0000, 0x0000, 0x0000, 0x0000, 0x0000, 0x0000, 0x0000, 0x0000, 0x0000, 0x0000, 0x0000,   // 0x21F0 (8688) pixels
0x0000, 0x0000, 0x0000, 0x0000, 0x0000, 0x0000, 0x0000, 0x0000, 0x0000, 0x0000, 0x0000, 0x0000, 0x0000, 0x0000, 0x0000, 0x0000,   // 0x2200 (8704) pixels
0x0000, 0x0000, 0x0000, 0x0000, 0x0000, 0x0000, 0x0000, 0x0000, 0x0000, 0x0000, 0x0000, 0x0000, 0x0000, 0x0000, 0x0000, 0x00A3,   // 0x2210 (8720) pixels
0x00E4, 0x08E4, 0x00A3, 0x0000, 0x0000, 0x0000, 0x0000, 0x0000, 0x0000, 0x0000, 0x0000, 0x0021, 0x0083, 0x0000, 0x33B0, 0x667C,   // 0x2220 (8736) pixels
0x0062, 0x0083, 0x0001, 0x44B4, 0x65FA, 0x0083, 0x00A3, 0x0062, 0x0021, 0x0001, 0x0000, 0x0000, 0x0000, 0x0000, 0x0000, 0x0000,   // 0x2230 (8752) pixels
0x0020, 0x0041, 0x0082, 0x00C4, 0x0062, 0x11E9, 0x6EFE, 0x775F, 0x65F9, 0x0083, 0x0021, 0x0021, 0x0000, 0x0000, 0x0000, 0x0000,   // 0x2240 (8768) pixels
0x0000, 0x0000, 0x0000, 0x0000, 0x0000, 0x0000, 0x0000, 0x0021, 0x0041, 0x0083, 0x0000, 0x3B8F, 0x767C, 0x00A3, 0x00C4, 0x0063,   // 0x2250 (8784) pixels
0x4CD5, 0x665A, 0x00E6, 0x671E, 0x22ED, 0x1A4B, 0x773E, 0x0926, 0x0021, 0x0021, 0x0021, 0x0000, 0x0000, 0x0000, 0x0000, 0x0000,   // 0x2260 (8800) pixels
0x0062, 0x08C4, 0x08A4, 0x08C3, 0x0041, 0x0000, 0x0000, 0x0000, 0x0000, 0x0000, 0x0000, 0x0000, 0x0000, 0x0000, 0x0000, 0x0000,   // 0x2270 (8816) pixels
0x0000, 0x0000, 0x0000, 0x0000, 0x0000, 0x0000, 0x0000, 0x0000, 0x0000, 0x0000, 0x0000, 0x0000, 0x0000, 0x0000, 0x0000, 0x0000,   // 0x2280 (8832) pixels
0x0000, 0x0000, 0x0000, 0x0000, 0x0000, 0x0000, 0x0000, 0x0000, 0x0000, 0x0000, 0x0000, 0x0000, 0x0000, 0x0000, 0x0000, 0x0000,   // 0x2290 (8848) pixels
0x0000, 0x0000, 0x0000, 0x0000, 0x0000, 0x0000, 0x0000, 0x0000, 0x0000, 0x0000, 0x0000, 0x0000, 0x0000, 0x0000, 0x0000, 0x0000,   // 0x22A0 (8864) pixels
0x0000, 0x0000, 0x0000, 0x0000, 0x0000, 0x0000, 0x0000, 0x0000, 0x0000, 0x0000, 0x0000, 0x0000, 0x0000, 0x0000, 0x0000, 0x0000,   // 0x22B0 (8880) pixels
0x0000, 0x0000, 0x0000, 0x0000, 0x0000, 0x0000, 0x0000, 0x0000, 0x0000, 0x0000, 0x0000, 0x0000, 0x0000, 0x0000, 0x0000, 0x0000,   // 0x22C0 (8896) pixels
0x0000, 0x0000, 0x0000, 0x0000, 0x0000, 0x0000, 0x0000, 0x0000, 0x0000, 0x0000, 0x0000, 0x0000, 0x0000, 0x0000, 0x0000, 0x0000,   // 0x22D0 (8912) pixels
0x0000, 0x0000, 0x0000, 0x0000, 0x0000, 0x0000, 0x0000, 0x0000, 0x0000, 0x0000, 0x0000, 0x0000, 0x0000, 0x0000, 0x0000, 0x0000,   // 0x22E0 (8928) pixels
0x0000, 0x0000, 0x0000, 0x0000, 0x0000, 0x0000, 0x0000, 0x0000, 0x0000, 0x0000, 0x0000, 0x0000, 0x0000, 0x0000, 0x0000, 0x0000,   // 0x22F0 (8944) pixels
0x0000, 0x0000, 0x0000, 0x0000, 0x0000, 0x0000, 0x0000, 0x0000, 0x0000, 0x0000, 0x0000, 0x0000, 0x0000, 0x0000, 0x0041, 0x00A3,   // 0x2300 (8960) pixels
0x0082, 0x08C4, 0x00A3, 0x0000, 0x0000, 0x0000, 0x0000, 0x0000, 0x0000, 0x0000, 0x0000, 0x0021, 0x0062, 0x0000, 0x3BB0, 0x667C,   // 0x2310 (8976) pixels
0x0062, 0x0083, 0x0001, 0x44B4, 0x65F9, 0x0062, 0x00A3, 0x0062, 0x0042, 0x0021, 0x0021, 0x0021, 0x0021, 0x0021, 0x0021, 0x0021,   // 0x2320 (8992) pixels
0x0021, 0x0042, 0x00C3, 0x0082, 0x1A2A, 0x7F5F, 0x4D37, 0x3C53, 0x6E5B, 0x0082, 0x0062, 0x0062, 0x0021, 0x0020, 0x0021, 0x0000,   // 0x2330 (9008) pixels
0x0020, 0x0000, 0x0000, 0x0000, 0x0000, 0x0000, 0x0000, 0x0021, 0x0041, 0x0082, 0x0000, 0x3B8F, 0x769C, 0x00A4, 0x00C4, 0x0084,   // 0x2340 (9024) pixels
0x54F6, 0x6E3A, 0x00E5, 0x6EFE, 0x22EE, 0x1A4B, 0x771E, 0x0926, 0x0022, 0x0021, 0x0001, 0x0000, 0x0000, 0x0000, 0x0000, 0x0000,   // 0x2350 (9040) pixels
0x0042, 0x08C4, 0x08A4, 0x08E4, 0x0082, 0x0000, 0x0000, 0x0000, 0x0000, 0x0000, 0x0000, 0x0000, 0x0000, 0x0000, 0x0000, 0x0000,   // 0x2360 (9056) pixels
0x0000, 0x0000, 0x0000, 0x0000, 0x0000, 0x0000, 0x0000, 0x0000, 0x0000, 0x0000, 0x0000, 0x0000, 0x0000, 0x0000, 0x0000, 0x0000,   // 0x2370 (9072) pixels
0x0000, 0x0000, 0x0000, 0x0000, 0x0000, 0x0000, 0x0000, 0x0000, 0x0000, 0x0000, 0x0000, 0x0000, 0x0000, 0x0000, 0x0000, 0x0000,   // 0x2380 (9088) pixels
0x0000, 0x0000, 0x0000, 0x0000, 0x0000, 0x0000, 0x0000, 0x0000, 0x0000, 0x0000, 0x0000, 0x0000, 0x0000, 0x0000, 0x0000, 0x0000,   // 0x2390 (9104) pixels
0x0000, 0x0000, 0x0000, 0x0000, 0x0000, 0x0000, 0x0000, 0x0000, 0x0000, 0x0000, 0x0000, 0x0000, 0x0000, 0x0000, 0x0000, 0x0000,   // 0x23A0 (9120) pixels
0x0000, 0x0000, 0x0000, 0x0000, 0x0000, 0x0000, 0x0000, 0x0000, 0x0000, 0x0000, 0x0000, 0x0000, 0x0000, 0x0000, 0x0000, 0x0000,   // 0x23B0 (9136) pixels
0x0000, 0x0000, 0x0000, 0x0000, 0x0000, 0x0000, 0x0000, 0x0000, 0x0000, 0x0000, 0x0000, 0x0000, 0x0000, 0x0000, 0x0000, 0x0000,   // 0x23C0 (9152) pixels
0x0000, 0x0000, 0x0000, 0x0000, 0x0000, 0x0000, 0x0000, 0x0000, 0x0000, 0x0000, 0x0000, 0x0000, 0x0000, 0x0000, 0x0000, 0x0000,   // 0x23D0 (9168) pixels
0x0000, 0x0000, 0x0000, 0x0000, 0x0000, 0x0000, 0x0000, 0x0000, 0x0000, 0x0000, 0x0000, 0x0000, 0x0000, 0x0000, 0x0000, 0x0000,   // 0x23E0 (9184) pixels
0x0000, 0x0000, 0x0000, 0x0000, 0x0000, 0x0000, 0x0000, 0x0000, 0x0000, 0x0000, 0x0000, 0x0000, 0x0000, 0x0000, 0x0000, 0x0041,   // 0x23F0 (9200) pixels
0x0062, 0x0083, 0x0001, 0x0000, 0x0000, 0x0000, 0x0000, 0x0000, 0x0000, 0x0000, 0x0000, 0x0021, 0x0062, 0x0000, 0x3B90, 0x667C,   // 0x2400 (9216) pixels
0x0062, 0x0083, 0x0001, 0x4494, 0x65D9, 0x0042, 0x0083, 0x0063, 0x0062, 0x0042, 0x0042, 0x0042, 0x0062, 0x0062, 0x0062, 0x0062,   // 0x2410 (9232) pixels
0x0062, 0x0082, 0x0041, 0x1A2A, 0x7F7F, 0x5578, 0x00A5, 0x3C12, 0x6E7B, 0x0063, 0x0083, 0x0062, 0x0042, 0x0041, 0x0041, 0x0022,   // 0x2420 (9248) pixels
0x0041, 0x0022, 0x0021, 0x0021, 0x0021, 0x0021, 0x0021, 0x0041, 0x0042, 0x0082, 0x0000, 0x3B8F, 0x769C, 0x00C4, 0x00E5, 0x00A4,   // 0x2430 (9264) pixels
0x54F6, 0x65F9, 0x00C5, 0x6EFD, 0x2B2D, 0x1A4B, 0x771E, 0x0926, 0x0042, 0x0042, 0x0021, 0x0000, 0x0000, 0x0000, 0x0000, 0x0000,   // 0x2440 (9280) pixels
0x0000, 0x0883, 0x00A3, 0x0041, 0x0000, 0x0000, 0x0000, 0x0000, 0x0000, 0x0000, 0x0000, 0x0000, 0x0000, 0x0000, 0x0000, 0x0000,   // 0x2450 (9296) pixels
0x0000, 0x0000, 0x0000, 0x0000, 0x0000, 0x0000, 0x0000, 0x0000, 0x0000, 0x0000, 0x0000, 0x0000, 0x0000, 0x0000, 0x0000, 0x0000,   // 0x2460 (9312) pixels
0x0000, 0x0000, 0x0000, 0x0000, 0x0000, 0x0000, 0x0000, 0x0000, 0x0000, 0x0000, 0x0000, 0x0000, 0x0000, 0x0000, 0x0000, 0x0000,   // 0x2470 (9328) pixels
0x0000, 0x0000, 0x0000, 0x0000, 0x0000, 0x0000, 0x0000, 0x0000, 0x0000, 0x0000, 0x0000, 0x0000, 0x0000, 0x0000, 0x0000, 0x0000,   // 0x2480 (9344) pixels
0x0000, 0x0000, 0x0000, 0x0000, 0x0000, 0x0000, 0x0000, 0x0000, 0x0000, 0x0000, 0x0000, 0x0000, 0x0000, 0x0000, 0x0000, 0x0000,   // 0x2490 (9360) pixels
0x0000, 0x0000, 0x0000, 0x0000, 0x0000, 0x0000, 0x0000, 0x0000, 0x0000, 0x0000, 0x0000, 0x0000, 0x0000, 0x0000, 0x0000, 0x0000,   // 0x24A0 (9376) pixels
0x0000, 0x0000, 0x0000, 0x0000, 0x0000, 0x0000, 0x0000, 0x0000, 0x0000, 0x0000, 0x0000, 0x0000, 0x0000, 0x0000, 0x0000, 0x0000,   // 0x24B0 (9392) pixels
0x0000, 0x0000, 0x0000, 0x0000, 0x0000, 0x0000, 0x0000, 0x0000, 0x0000, 0x0000, 0x0000, 0x0000, 0x0000, 0x0000, 0x0000, 0x0000,   // 0x24C0 (9408) pixels
0x0000, 0x0000, 0x0000, 0x0000, 0x0000, 0x0000, 0x0000, 0x0000, 0x0000, 0x0000, 0x0000, 0x0000, 0x0000, 0x0000, 0x0000, 0x0000,   // 0x24D0 (9424) pixels
0x0000, 0x0000, 0x0000, 0x0000, 0x0000, 0x0000, 0x0000, 0x0000, 0x0000, 0x0000, 0x0000, 0x0000, 0x0000, 0x0021, 0x0041, 0x0000,   // 0x24E0 (9440) pixels
0x0000, 0x0000, 0x0000, 0x0000, 0x0000, 0x0000, 0x0000, 0x0000, 0x0000, 0x0000, 0x0000, 0x0021, 0x0062, 0x0000, 0x3B8F, 0x6E7C,   // 0x24F0 (9456) pixels
0x0062, 0x0083, 0x0001, 0x4494, 0x65F9, 0x0043, 0x00A4, 0x0083, 0x0063, 0x0062, 0x0062, 0x0083, 0x0083, 0x0083, 0x0083, 0x0083,   // 0x2500 (9472) pixels
0x0063, 0x0001, 0x1A2A, 0x877F, 0x4D15, 0x0127, 0x0106, 0x4453, 0x767C, 0x0084, 0x0083, 0x0083, 0x0062, 0x0062, 0x0062, 0x0062,   // 0x2510 (9488) pixels
0x0022, 0x0083, 0x0083, 0x0042, 0x0041, 0x0021, 0x0042, 0x0042, 0x0062, 0x0083, 0x0000, 0x3B8F, 0x769C, 0x00E5, 0x00E5, 0x00A5,   // 0x2520 (9504) pixels
0x5D16, 0x65F9, 0x00A4, 0x6EDD, 0x230E, 0x1A4B, 0x771E, 0x0926, 0x0042, 0x0062, 0x0021, 0x0000, 0x0000, 0x0000, 0x0000, 0x0000,   // 0x2530 (9520) pixels
0x0000, 0x0000, 0x0000, 0x0041, 0x08A3, 0x08A3, 0x0000, 0x0000, 0x0000, 0x0000, 0x0000, 0x0000, 0x0000, 0x0000, 0x0000, 0x0000,   // 0x2540 (9536) pixels
0x0000, 0x0000, 0x0000, 0x0000, 0x0000, 0x0000, 0x0000, 0x0000, 0x0000, 0x0000, 0x0000, 0x0000, 0x0000, 0x0000, 0x0000, 0x0000,   // 0x2550 (9552) pixels
0x0000, 0x0000, 0x0000, 0x0000, 0x0000, 0x0000, 0x0000, 0x0000, 0x0000, 0x0000, 0x0000, 0x0000, 0x0000, 0x0000, 0x0000, 0x0000,   // 0x2560 (9568) pixels
0x0000, 0x0000, 0x0000, 0x0000, 0x0000, 0x0000, 0x0000, 0x0000, 0x0000, 0x0000, 0x0000, 0x0000, 0x0000, 0x0000, 0x0000, 0x0000,   // 0x2570 (9584) pixels
0x0000, 0x0000, 0x0000, 0x0000, 0x0000, 0x0000, 0x0000, 0x0000, 0x0000, 0x0000, 0x0000, 0x0000, 0x0000, 0x0000, 0x0000, 0x0000,   // 0x2580 (9600) pixels
0x0000, 0x0000, 0x0000, 0x0000, 0x0000, 0x0000, 0x0000, 0x0000, 0x0000, 0x0000, 0x0000, 0x0000, 0x0000, 0x0000, 0x0000, 0x0000,   // 0x2590 (9616) pixels
0x0000, 0x0000, 0x0000, 0x0000, 0x0000, 0x0000, 0x0000, 0x0000, 0x0000, 0x0000, 0x0000, 0x0000, 0x0000, 0x0000, 0x0000, 0x0000,   // 0x25A0 (9632) pixels
0x0000, 0x0000, 0x0000, 0x0000, 0x0000, 0x0000, 0x0000, 0x0000, 0x0000, 0x0000, 0x0000, 0x0000, 0x0000, 0x0000, 0x0000, 0x0000,   // 0x25B0 (9648) pixels
0x0000, 0x0000, 0x0000, 0x0000, 0x0000, 0x0000, 0x0000, 0x0000, 0x0000, 0x0000, 0x0000, 0x0000, 0x0000, 0x0000, 0x0000, 0x0000,   // 0x25C0 (9664) pixels
0x0000, 0x0000, 0x0000, 0x0000, 0x0000, 0x0000, 0x0000, 0x0000, 0x0000, 0x0000, 0x0000, 0x0000, 0x0000, 0x0062, 0x0083, 0x0082,   // 0x25D0 (9680) pixels
0x0041, 0x0000, 0x0000, 0x0000, 0x0000, 0x0000, 0x0000, 0x0000, 0x0000, 0x0000, 0x0000, 0x0021, 0x0063, 0x0000, 0x3B8F, 0x6E5C,   // 0x25E0 (9696) pixels
0x0062, 0x0083, 0x0001, 0x4C94, 0x65D9, 0x0062, 0x00A4, 0x0083, 0x0063, 0x0062, 0x0063, 0x0063, 0x0906, 0x11A9, 0x11A9, 0x1188,   // 0x25F0 (9712) pixels
0x0926, 0x226B, 0x873F, 0x4CB5, 0x00A4, 0x0947, 0x00E6, 0x4432, 0x769C, 0x00C4, 0x0083, 0x0083, 0x0063, 0x0083, 0x00A3, 0x0083,   // 0x2600 (9728) pixels
0x1187, 0x00A4, 0x00A4, 0x0083, 0x0062, 0x0062, 0x0062, 0x0062, 0x0062, 0x0083, 0x0000, 0x3B70, 0x767C, 0x00E5, 0x00E5, 0x00A4,   // 0x2610 (9744) pixels
0x5D16, 0x65D9, 0x00A4, 0x6EDD, 0x2B0E, 0x1A2B, 0x7F1F, 0x0926, 0x0062, 0x0062, 0x0021, 0x0000, 0x0000, 0x0000, 0x0000, 0x0000,   // 0x2620 (9760) pixels
0x0000, 0x0000, 0x0082, 0x0925, 0x0905, 0x08C4, 0x0041, 0x0000, 0x0000, 0x0000, 0x0000, 0x0000, 0x0000, 0x0000, 0x0000, 0x0000,   // 0x2630 (9776) pixels
0x0000, 0x0000, 0x0000, 0x0000, 0x0000, 0x0000, 0x0000, 0x0000, 0x0000, 0x0000, 0x0000, 0x0000, 0x0000, 0x0000, 0x0000, 0x0000,   // 0x2640 (9792) pixels
0x0000, 0x0000, 0x0000, 0x0000, 0x0000, 0x0000, 0x0000, 0x0000, 0x0000, 0x0000, 0x0000, 0x0000, 0x0000, 0x0000, 0x0000, 0x0000,   // 0x2650 (9808) pixels
0x0000, 0x0000, 0x0000, 0x0000, 0x0000, 0x0000, 0x0000, 0x0000, 0x0000, 0x0000, 0x0000, 0x0000, 0x0000, 0x0000, 0x0000, 0x0000,   // 0x2660 (9824) pixels
0x0000, 0x0000, 0x0000, 0x0000, 0x0000, 0x0000, 0x0000, 0x0000, 0x0000, 0x0000, 0x0000, 0x0000, 0x0000, 0x0000, 0x0000, 0x0000,   // 0x2670 (9840) pixels
0x0000, 0x0000, 0x0000, 0x0000, 0x0000, 0x0000, 0x0000, 0x0000, 0x0000, 0x0000, 0x0000, 0x0000, 0x0000, 0x0000, 0x0000, 0x0000,   // 0x2680 (9856) pixels
0x0000, 0x0000, 0x0000, 0x0000, 0x0000, 0x0000, 0x0000, 0x0000, 0x0000, 0x0000, 0x0000, 0x0000, 0x0000, 0x0000, 0x0000, 0x0000,   // 0x2690 (9872) pixels
0x0000, 0x0000, 0x0000, 0x0000, 0x0000, 0x0000, 0x0000, 0x0000, 0x0000, 0x0000, 0x0000, 0x0000, 0x0000, 0x0000, 0x0000, 0x0000,   // 0x26A0 (9888) pixels
0x0000, 0x0000, 0x0000, 0x0000, 0x0000, 0x0000, 0x0000, 0x0000, 0x0000, 0x0000, 0x0000, 0x0000, 0x0000, 0x0000, 0x0000, 0x0000,   // 0x26B0 (9904) pixels
0x0000, 0x0000, 0x0000, 0x0000, 0x0000, 0x0000, 0x0000, 0x0000, 0x0000, 0x0000, 0x0000, 0x0000, 0x0020, 0x0882, 0x0082, 0x0082,   // 0x26C0 (9920) pixels
0x0041, 0x0000, 0x0000, 0x0000, 0x0000, 0x0000, 0x0000, 0x0000, 0x0000, 0x0000, 0x0000, 0x0021, 0x0062, 0x0000, 0x3B90, 0x6E5C,   // 0x26D0 (9936) pixels
0x0083, 0x0083, 0x0022, 0x4C94, 0x6DDA, 0x0063, 0x00A4, 0x0083, 0x0062, 0x0042, 0x0021, 0x21A8, 0x7E5C, 0x8F1E, 0x96FF, 0x971F,   // 0x26E0 (9952) pixels
0x8EDD, 0x8F5F, 0x4C94, 0x0043, 0x08E5, 0x0947, 0x00A5, 0x4412, 0x7E9C, 0x00C5, 0x0083, 0x0084, 0x00A4, 0x00E5, 0x00A4, 0x54B4,   // 0x26F0 (9968) pixels
0x979F, 0x5CF6, 0x00E5, 0x0084, 0x0083, 0x0062, 0x0062, 0x0062, 0x0062, 0x00A3, 0x0001, 0x3B6F, 0x765C, 0x00E5, 0x08E5, 0x00A4,   // 0x2700 (9984) pixels
0x5CF6, 0x65B9, 0x00A4, 0x6EBD, 0x22EE, 0x1A4B, 0x7EFE, 0x0926, 0x0063, 0x0062, 0x0021, 0x0000, 0x0000, 0x0000, 0x0000, 0x0000,   // 0x2710 (10000) pixels
0x0000, 0x0000, 0x0883, 0x08E5, 0x00C4, 0x08E4, 0x0082, 0x0000, 0x0000, 0x0000, 0x0000, 0x0000, 0x0000, 0x0000, 0x0000, 0x0000,   // 0x2720 (10016) pixels
0x0000, 0x0000, 0x0000, 0x0000, 0x0000, 0x0000, 0x0000, 0x0000, 0x0000, 0x0000, 0x0000, 0x0000, 0x0000, 0x0000, 0x0000, 0x0000,   // 0x2730 (10032) pixels
0x0000, 0x0000, 0x0000, 0x0000, 0x0000, 0x0000, 0x0000, 0x0000, 0x0000, 0x0000, 0x0000, 0x0000, 0x0000, 0x0000, 0x0000, 0x0000,   // 0x2740 (10048) pixels
0x0000, 0x0000, 0x0000, 0x0000, 0x0000, 0x0000, 0x0000, 0x0000, 0x0000, 0x0000, 0x0000, 0x0000, 0x0000, 0x0000, 0x0000, 0x0000,   // 0x2750 (10064) pixels
0x0000, 0x0000, 0x0000, 0x0000, 0x0000, 0x0000, 0x0000, 0x0000, 0x0000, 0x0000, 0x0000, 0x0000, 0x0000, 0x0000, 0x0000, 0x0000,   // 0x2760 (10080) pixels
0x0000, 0x0000, 0x0000, 0x0000, 0x0000, 0x0000, 0x0000, 0x0000, 0x0000, 0x0000, 0x0000, 0x0000, 0x0000, 0x0000, 0x0000, 0x0000,   // 0x2770 (10096) pixels
0x0000, 0x0000, 0x0000, 0x0000, 0x0000, 0x0000, 0x0000, 0x0000, 0x0000, 0x0000, 0x0000, 0x0000, 0x0000, 0x0000, 0x0000, 0x0000,   // 0x2780 (10112) pixels
0x0000, 0x0000, 0x0000, 0x0000, 0x0000, 0x0000, 0x0000, 0x0000, 0x0000, 0x0000, 0x0000, 0x0000, 0x0000, 0x0000, 0x0000, 0x0000,   // 0x2790 (10128) pixels
0x0000, 0x0000, 0x0000, 0x0000, 0x0000, 0x0000, 0x0000, 0x0000, 0x0000, 0x0000, 0x0000, 0x0000, 0x0000, 0x0000, 0x0000, 0x0000,   // 0x27A0 (10144) pixels
0x0000, 0x0000, 0x0000, 0x0000, 0x0000, 0x0000, 0x0000, 0x0000, 0x0000, 0x0000, 0x0000, 0x0000, 0x0000, 0x0041, 0x0082, 0x0082,   // 0x27B0 (10160) pixels
0x0021, 0x0000, 0x0000, 0x0000, 0x0000, 0x0000, 0x0000, 0x0000, 0x0000, 0x0000, 0x0000, 0x0021, 0x0042, 0x0000, 0x3B70, 0x6E5C,   // 0x27C0 (10176) pixels
0x0083, 0x0084, 0x0022, 0x4C74, 0x6DB9, 0x0063, 0x00A4, 0x0083, 0x0042, 0x0062, 0x0000, 0x4B70, 0x867D, 0x2A8C, 0x32EE, 0x32CE,   // 0x27D0 (10192) pixels
0x332F, 0x871E, 0x22AD, 0x0084, 0x0905, 0x0906, 0x0064, 0x43D1, 0x7E5C, 0x00C5, 0x0084, 0x00C5, 0x0906, 0x0085, 0x4C33, 0x977F,   // 0x27E0 (10208) pixels
0x43F2, 0x86DF, 0x7598, 0x0084, 0x0063, 0x0063, 0x0062, 0x0063, 0x0063, 0x0084, 0x0001, 0x3B90, 0x767C, 0x00E5, 0x0106, 0x0085,   // 0x27F0 (10224) pixels
0x5CD6, 0x6DB9, 0x00A4, 0x767D, 0x230E, 0x222B, 0x7EFF, 0x0926, 0x0063, 0x0062, 0x0021, 0x0000, 0x0000, 0x0000, 0x0000, 0x0000,   // 0x2800 (10240) pixels
0x0000, 0x0000, 0x0020, 0x08C3, 0x00C4, 0x0082, 0x0041, 0x0000, 0x0000, 0x0000, 0x0000, 0x0000, 0x0000, 0x0000, 0x0000, 0x0000,   // 0x2810 (10256) pixels
0x0000, 0x0000, 0x0000, 0x0000, 0x0000, 0x0000, 0x0000, 0x0000, 0x0000, 0x0000, 0x0000, 0x0000, 0x0000, 0x0000, 0x0000, 0x0000,   // 0x2820 (10272) pixels
0x0000, 0x0000, 0x0000, 0x0000, 0x0000, 0x0000, 0x0000, 0x0000, 0x0000, 0x0000, 0x0000, 0x0000, 0x0000, 0x0000, 0x0000, 0x0000,   // 0x2830 (10288) pixels
0x0000, 0x0000, 0x0000, 0x0000, 0x0000, 0x0000, 0x0000, 0x0000, 0x0000, 0x0000, 0x0000, 0x0000, 0x0000, 0x0000, 0x0000, 0x0000,   // 0x2840 (10304) pixels
0x0000, 0x0000, 0x0000, 0x0000, 0x0000, 0x0000, 0x0000, 0x0000, 0x0000, 0x0000, 0x0000, 0x0000, 0x0000, 0x0000, 0x0000, 0x0000,   // 0x2850 (10320) pixels
0x0000, 0x0000, 0x0000, 0x0000, 0x0000, 0x0000, 0x0000, 0x0000, 0x0000, 0x0000, 0x0000, 0x0000, 0x0000, 0x0000, 0x0000, 0x0000,   // 0x2860 (10336) pixels
0x0000, 0x0000, 0x0000, 0x0000, 0x0000, 0x0000, 0x0000, 0x0000, 0x0000, 0x0000, 0x0000, 0x0000, 0x0000, 0x0000, 0x0000, 0x0000,   // 0x2870 (10352) pixels
0x0000, 0x0000, 0x0000, 0x0000, 0x0000, 0x0000, 0x0000, 0x0000, 0x0000, 0x0000, 0x0000, 0x0000, 0x0000, 0x0000, 0x0000, 0x0000,   // 0x2880 (10368) pixels
0x0000, 0x0000, 0x0000, 0x0000, 0x0000, 0x0000, 0x0000, 0x0000, 0x0000, 0x0000, 0x0000, 0x0000, 0x0000, 0x0000, 0x0000, 0x0000,   // 0x2890 (10384) pixels
0x0000, 0x0000, 0x0000, 0x0000, 0x0000, 0x0000, 0x0000, 0x0000, 0x0000, 0x0000, 0x0000, 0x0000, 0x0000, 0x0000, 0x0000, 0x0021,   // 0x28A0 (10400) pixels
0x0000, 0x0000, 0x0000, 0x0000, 0x0000, 0x0000, 0x0000, 0x0000, 0x0000, 0x0000, 0x0000, 0x0021, 0x0042, 0x0000, 0x3B70, 0x765C,   // 0x28B0 (10416) pixels
0x00A4, 0x00A4, 0x0022, 0x4C54, 0x6DB9, 0x0063, 0x00A4, 0x0083, 0x0063, 0x0083, 0x0000, 0x53B1, 0x7DBA, 0x0001, 0x0063, 0x0043,   // 0x28C0 (10432) pixels
0x08E6, 0x86DD, 0x334F, 0x00A5, 0x08E6, 0x08C5, 0x0022, 0x4391, 0x7E1C, 0x0084, 0x00A4, 0x0907, 0x0107, 0x3B71, 0x971F, 0x3B0F,   // 0x28D0 (10448) pixels
0x0001, 0x1A0A, 0x869E, 0x6D16, 0x0063, 0x0062, 0x0063, 0x0063, 0x0063, 0x0084, 0x0022, 0x3B90, 0x7E5C, 0x00E5, 0x0106, 0x0085,   // 0x28E0 (10464) pixels
0x5CD6, 0x6D99, 0x00A5, 0x6E9D, 0x2B0E, 0x222B, 0x86BE, 0x0926, 0x0042, 0x0042, 0x0021, 0x0000, 0x0000, 0x0000, 0x0000, 0x0000,   // 0x28F0 (10480) pixels
0x0000, 0x0000, 0x0000, 0x0041, 0x0020, 0x0000, 0x0021, 0x0020, 0x0000, 0x0000, 0x0000, 0x0000, 0x0000, 0x0000, 0x0000, 0x0000,   // 0x2900 (10496) pixels
0x0000, 0x0000, 0x0000, 0x0000, 0x0000, 0x0000, 0x0000, 0x0000, 0x0000, 0x0000, 0x0000, 0x0000, 0x0000, 0x0000, 0x0000, 0x0000,   // 0x2910 (10512) pixels
0x0000, 0x0000, 0x0000, 0x0000, 0x0000, 0x0000, 0x0000, 0x0000, 0x0000, 0x0000, 0x0000, 0x0000, 0x0000, 0x0000, 0x0000, 0x0000,   // 0x2920 (10528) pixels
0x0000, 0x0000, 0x0000, 0x0000, 0x0000, 0x0000, 0x0000, 0x0000, 0x0000, 0x0000, 0x0000, 0x0000, 0x0000, 0x0000, 0x0000, 0x0000,   // 0x2930 (10544) pixels
0x0000, 0x0000, 0x0000, 0x0000, 0x0000, 0x0000, 0x0000, 0x0000, 0x0000, 0x0000, 0x0000, 0x0000, 0x0000, 0x0000, 0x0000, 0x0000,   // 0x2940 (10560) pixels
0x0000, 0x0000, 0x0000, 0x0000, 0x0000, 0x0000, 0x0000, 0x0000, 0x0000, 0x0000, 0x0000, 0x0000, 0x0000, 0x0000, 0x0000, 0x0000,   // 0x2950 (10576) pixels
0x0000, 0x0000, 0x0000, 0x0000, 0x0000, 0x0000, 0x0000, 0x0000, 0x0000, 0x0000, 0x0000, 0x0000, 0x0000, 0x0000, 0x0000, 0x0000,   // 0x2960 (10592) pixels
0x0000, 0x0000, 0x0000, 0x0000, 0x0000, 0x0000, 0x0000, 0x0000, 0x0000, 0x0000, 0x0000, 0x0000, 0x0000, 0x0000, 0x0000, 0x0000,   // 0x2970 (10608) pixels
0x0000, 0x0000, 0x0000, 0x0000, 0x0000, 0x0000, 0x0000, 0x0000, 0x0000, 0x0000, 0x0000, 0x0000, 0x0000, 0x0000, 0x0000, 0x0000,   // 0x2980 (10624) pixels
0x0000, 0x0000, 0x0000, 0x0000, 0x0000, 0x0000, 0x0000, 0x0000, 0x0000, 0x0000, 0x0000, 0x0020, 0x0062, 0x0061, 0x0021, 0x0000,   // 0x2990 (10640) pixels
0x0000, 0x0000, 0x0000, 0x0000, 0x0000, 0x0000, 0x0000, 0x0000, 0x0000, 0x0000, 0x0000, 0x0021, 0x0042, 0x0000, 0x3B50, 0x7E3C,   // 0x29A0 (10656) pixels
0x00A4, 0x08A4, 0x0023, 0x4C54, 0x6D99, 0x0063, 0x00A4, 0x0084, 0x0063, 0x0083, 0x0000, 0x5390, 0x85BB, 0x0084, 0x08E5, 0x08C5,   // 0x29B0 (10672) pixels
0x1148, 0x8EDD, 0x3350, 0x00C6, 0x08E6, 0x08C4, 0x0001, 0x4370, 0x7DFC, 0x0084, 0x00C4, 0x08E7, 0x11A9, 0x973F, 0x5474, 0x0000,   // 0x29C0 (10688) pixels
0x08E5, 0x0000, 0x2AAD, 0xA7DF, 0x326B, 0x0001, 0x0084, 0x0063, 0x0083, 0x00A4, 0x0022, 0x4370, 0x7E3C, 0x00E5, 0x0906, 0x0084,   // 0x29D0 (10704) pixels
0x5CB7, 0x6D79, 0x0084, 0x7E5D, 0x330F, 0x222C, 0x869E, 0x0906, 0x0043, 0x0042, 0x0021, 0x0000, 0x0000, 0x0000, 0x0000, 0x0000,   // 0x29E0 (10720) pixels
0x0000, 0x0000, 0x0000, 0x0000, 0x0041, 0x0883, 0x08A3, 0x0062, 0x0000, 0x0000, 0x0000, 0x0000, 0x0000, 0x0000, 0x0000, 0x0000,   // 0x29F0 (10736) pixels
0x0000, 0x0000, 0x0000, 0x0000, 0x0000, 0x0000, 0x0000, 0x0000, 0x0000, 0x0000, 0x0000, 0x0000, 0x0000, 0x0000, 0x0000, 0x0000,   // 0x2A00 (10752) pixels
0x0000, 0x0000, 0x0000, 0x0000, 0x0000, 0x0000, 0x0000, 0x0000, 0x0000, 0x0000, 0x0000, 0x0000, 0x0000, 0x0000, 0x0000, 0x0000,   // 0x2A10 (10768) pixels
0x0000, 0x0000, 0x0000, 0x0000, 0x0000, 0x0000, 0x0000, 0x0000, 0x0000, 0x0000, 0x0000, 0x0000, 0x0000, 0x0000, 0x0000, 0x0000,   // 0x2A20 (10784) pixels
0x0000, 0x0000, 0x0000, 0x0000, 0x0000, 0x0000, 0x0000, 0x0000, 0x0000, 0x0000, 0x0000, 0x0000, 0x0000, 0x0000, 0x0000, 0x0000,   // 0x2A30 (10800) pixels
0x0000, 0x0000, 0x0000, 0x0000, 0x0000, 0x0000, 0x0000, 0x0000, 0x0000, 0x0000, 0x0000, 0x0000, 0x0000, 0x0000, 0x0000, 0x0000,   // 0x2A40 (10816) pixels
0x0000, 0x0000, 0x0000, 0x0000, 0x0000, 0x0000, 0x0000, 0x0000, 0x0000, 0x0000, 0x0000, 0x0000, 0x0000, 0x0000, 0x0000, 0x0000,   // 0x2A50 (10832) pixels
0x0000, 0x0000, 0x0000, 0x0000, 0x0000, 0x0000, 0x0000, 0x0000, 0x0000, 0x0000, 0x0000, 0x0000, 0x0000, 0x0000, 0x0000, 0x0000,   // 0x2A60 (10848) pixels
0x0000, 0x0000, 0x0000, 0x0000, 0x0000, 0x0000, 0x0000, 0x0000, 0x0000, 0x0000, 0x0000, 0x0000, 0x0000, 0x0000, 0x0000, 0x0000,   // 0x2A70 (10864) pixels
0x0000, 0x0000, 0x0000, 0x0000, 0x0000, 0x0000, 0x0000, 0x0000, 0x0000, 0x0000, 0x0000, 0x0020, 0x0062, 0x0083, 0x0082, 0x0020,   // 0x2A80 (10880) pixels
0x0000, 0x0000, 0x0000, 0x0000, 0x0000, 0x0000, 0x0000, 0x0000, 0x0000, 0x0000, 0x0000, 0x0021, 0x0042, 0x0000, 0x3B50, 0x7E3C,   // 0x2A90 (10896) pixels
0x00A5, 0x08A4, 0x0023, 0x5434, 0x7599, 0x0064, 0x08A5, 0x0084, 0x0063, 0x0083, 0x0000, 0x5370, 0x857A, 0x0002, 0x0084, 0x0064,   // 0x2AA0 (10912) pixels
0x08E7, 0x96DE, 0x3B50, 0x00A5, 0x08C6, 0x00C4, 0x0001, 0x4370, 0x7DFC, 0x00A4, 0x00C5, 0x0907, 0x00E6, 0x3B70, 0x8EBF, 0x2AAC,   // 0x2AB0 (10928) pixels
0x0000, 0x1967, 0x867D, 0x64B6, 0x0043, 0x0062, 0x0063, 0x0083, 0x0084, 0x08A4, 0x0022, 0x4370, 0x7E1C, 0x00C5, 0x08E5, 0x0084,   // 0x2AC0 (10944) pixels
0x5CB6, 0x6D79, 0x0063, 0x19C9, 0x00C5, 0x2A6C, 0x8E5E, 0x0906, 0x0043, 0x0042, 0x0021, 0x0000, 0x0000, 0x0000, 0x0000, 0x0000,   // 0x2AD0 (10960) pixels
0x0000, 0x0000, 0x0000, 0x0000, 0x0883, 0x0083, 0x00A3, 0x0082, 0x0000, 0x0000, 0x0000, 0x0000, 0x0000, 0x0000, 0x0000, 0x0000,   // 0x2AE0 (10976) pixels
0x0000, 0x0000, 0x0000, 0x0000, 0x0000, 0x0000, 0x0000, 0x0000, 0x0000, 0x0000, 0x0000, 0x0000, 0x0000, 0x0000, 0x0000, 0x0000,   // 0x2AF0 (10992) pixels
0x0000, 0x0000, 0x0000, 0x0000, 0x0000, 0x0000, 0x0000, 0x0000, 0x0000, 0x0000, 0x0000, 0x0000, 0x0000, 0x0000, 0x0000, 0x0000,   // 0x2B00 (11008) pixels
0x0000, 0x0000, 0x0000, 0x0000, 0x0000, 0x0000, 0x0000, 0x0000, 0x0000, 0x0000, 0x0000, 0x0000, 0x0000, 0x0000, 0x0000, 0x0000,   // 0x2B10 (11024) pixels
0x0000, 0x0000, 0x0000, 0x0000, 0x0000, 0x0000, 0x0000, 0x0000, 0x0000, 0x0000, 0x0000, 0x0000, 0x0000, 0x0000, 0x0000, 0x0000,   // 0x2B20 (11040) pixels
0x0000, 0x0000, 0x0000, 0x0000, 0x0000, 0x0000, 0x0000, 0x0000, 0x0000, 0x0000, 0x0000, 0x0000, 0x0000, 0x0000, 0x0000, 0x0000,   // 0x2B30 (11056) pixels
0x0000, 0x0000, 0x0000, 0x0000, 0x0000, 0x0000, 0x0000, 0x0000, 0x0000, 0x0000, 0x0000, 0x0000, 0x0000, 0x0000, 0x0000, 0x0000,   // 0x2B40 (11072) pixels
0x0000, 0x0000, 0x0000, 0x0000, 0x0000, 0x0000, 0x0000, 0x0000, 0x0000, 0x0000, 0x0000, 0x0000, 0x0000, 0x0000, 0x0000, 0x0000,   // 0x2B50 (11088) pixels
0x0000, 0x0000, 0x0000, 0x0000, 0x0000, 0x0000, 0x0000, 0x0000, 0x0000, 0x0000, 0x0000, 0x0000, 0x0000, 0x0000, 0x0000, 0x0000,   // 0x2B60 (11104) pixels
0x0000, 0x0000, 0x0000, 0x0000, 0x0000, 0x0000, 0x0000, 0x0000, 0x0000, 0x0000, 0x0000, 0x0041, 0x0082, 0x0062, 0x0062, 0x0000,   // 0x2B70 (11120) pixels
0x0000, 0x0000, 0x0000, 0x0000, 0x0000, 0x0000, 0x0000, 0x0000, 0x0000, 0x0000, 0x0000, 0x0021, 0x0042, 0x0000, 0x3B50, 0x861D,   // 0x2B80 (11136) pixels
0x08A5, 0x08A5, 0x0023, 0x5434, 0x7559, 0x0064, 0x08A6, 0x0084, 0x0064, 0x0063, 0x0000, 0x4B50, 0x85DB, 0x19A9, 0x220A, 0x220B,   // 0x2B90 (11152) pixels
0x2A6D, 0x9EBF, 0x2A6D, 0x0085, 0x08C5, 0x08A5, 0x0002, 0x4370, 0x863D, 0x00C5, 0x00C5, 0x08E6, 0x0907, 0x0064, 0x4330, 0x96DF,   // 0x2BA0 (11168) pixels
0x3B2F, 0x861C, 0x6CD7, 0x0043, 0x0063, 0x0843, 0x0063, 0x0083, 0x0884, 0x00C5, 0x0023, 0x4371, 0x861C, 0x00C5, 0x08E6, 0x0064,   // 0x2BB0 (11184) pixels
0x6497, 0x6D59, 0x0063, 0x0084, 0x0023, 0x2A8D, 0x8E5E, 0x0906, 0x0042, 0x0042, 0x0021, 0x0000, 0x0000, 0x0000, 0x0000, 0x0000,   // 0x2BC0 (11200) pixels
0x0000, 0x0000, 0x0000, 0x0000, 0x0062, 0x0883, 0x0082, 0x0062, 0x0000, 0x0000, 0x0000, 0x0000, 0x0000, 0x0000, 0x0000, 0x0000,   // 0x2BD0 (11216) pixels
0x0000, 0x0000, 0x0000, 0x0000, 0x0000, 0x0000, 0x0000, 0x0000, 0x0000, 0x0000, 0x0000, 0x0000, 0x0000, 0x0000, 0x0000, 0x0000,   // 0x2BE0 (11232) pixels
0x0000, 0x0000, 0x0000, 0x0000, 0x0000, 0x0000, 0x0000, 0x0000, 0x0000, 0x0000, 0x0000, 0x0000, 0x0000, 0x0000, 0x0000, 0x0000,   // 0x2BF0 (11248) pixels
0x0000, 0x0000, 0x0000, 0x0000, 0x0000, 0x0000, 0x0000, 0x0000, 0x0000, 0x0000, 0x0000, 0x0000, 0x0000, 0x0000, 0x0000, 0x0000,   // 0x2C00 (11264) pixels
0x0000, 0x0000, 0x0000, 0x0000, 0x0000, 0x0000, 0x0000, 0x0000, 0x0000, 0x0000, 0x0000, 0x0000, 0x0000, 0x0000, 0x0000, 0x0000,   // 0x2C10 (11280) pixels
0x0000, 0x0000, 0x0000, 0x0000, 0x0000, 0x0000, 0x0000, 0x0000, 0x0000, 0x0000, 0x0000, 0x0000, 0x0000, 0x0000, 0x0000, 0x0000,   // 0x2C20 (11296) pixels
0x0000, 0x0000, 0x0000, 0x0000, 0x0000, 0x0000, 0x0000, 0x0000, 0x0000, 0x0000, 0x0000, 0x0000, 0x0000, 0x0000, 0x0000, 0x0000,   // 0x2C30 (11312) pixels
0x0000, 0x0000, 0x0000, 0x0000, 0x0000, 0x0000, 0x0000, 0x0000, 0x0000, 0x0000, 0x0000, 0x0000, 0x0000, 0x0000, 0x0000, 0x0000,   // 0x2C40 (11328) pixels
0x0000, 0x0000, 0x0000, 0x0000, 0x0000, 0x0000, 0x0000, 0x0000, 0x0000, 0x0000, 0x0000, 0x0000, 0x0000, 0x0000, 0x0000, 0x0000,   // 0x2C50 (11344) pixels
0x0000, 0x0000, 0x0000, 0x0000, 0x0000, 0x0000, 0x0000, 0x0000, 0x0000, 0x0000, 0x0000, 0x0000, 0x0020, 0x0021, 0x0021, 0x0000,   // 0x2C60 (11360) pixels
0x0000, 0x0000, 0x0000, 0x0000, 0x0000, 0x0000, 0x0000, 0x0000, 0x0000, 0x0000, 0x0000, 0x0021, 0x0042, 0x0000, 0x3B50, 0x85FD,   // 0x2C70 (11376) pixels
0x0085, 0x08A5, 0x0023, 0x5434, 0x755A, 0x0085, 0x08A6, 0x0085, 0x0063, 0x0043, 0x0001, 0x21CA, 0x8E3E, 0x967E, 0x9E9F, 0xA69F,   // 0x2C80 (11392) pixels
0x9E7E, 0x9EDF, 0x4B92, 0x0002, 0x08C5, 0x08C5, 0x0023, 0x4B92, 0x8E1D, 0x08C6, 0x08C6, 0x08C6, 0x08A6, 0x08E5, 0x0022, 0x4310,   // 0x2C90 (11408) pixels
0x9F1F, 0x5C55, 0x0043, 0x0885, 0x0084, 0x0043, 0x0063, 0x0064, 0x0084, 0x00C6, 0x0023, 0x4B71, 0x861C, 0x00A5, 0x08C6, 0x0064,   // 0x2CA0 (11424) pixels
0x6496, 0x7539, 0x0064, 0x08E6, 0x0064, 0x226D, 0x965E, 0x1107, 0x0042, 0x0042, 0x0021, 0x0000, 0x0000, 0x0000, 0x0000, 0x0000,   // 0x2CB0 (11440) pixels
0x0000, 0x0000, 0x0000, 0x0000, 0x0021, 0x0021, 0x0000, 0x0000, 0x0000, 0x0000, 0x0000, 0x0000, 0x0000, 0x0000, 0x0000, 0x0000,   // 0x2CC0 (11456) pixels
0x0000, 0x0000, 0x0000, 0x0000, 0x0000, 0x0000, 0x0000, 0x0000, 0x0000, 0x0000, 0x0000, 0x0000, 0x0000, 0x0000, 0x0000, 0x0000,   // 0x2CD0 (11472) pixels
0x0000, 0x0000, 0x0000, 0x0000, 0x0000, 0x0000, 0x0000, 0x0000, 0x0000, 0x0000, 0x0000, 0x0000, 0x0000, 0x0000, 0x0000, 0x0000,   // 0x2CE0 (11488) pixels
0x0000, 0x0000, 0x0000, 0x0000, 0x0000, 0x0000, 0x0000, 0x0000, 0x0000, 0x0000, 0x0000, 0x0000, 0x0000, 0x0000, 0x0000, 0x0000,   // 0x2CF0 (11504) pixels
0x0000, 0x0000, 0x0000, 0x0000, 0x0000, 0x0000, 0x0000, 0x0000, 0x0000, 0x0000, 0x0000, 0x0000, 0x0000, 0x0000, 0x0000, 0x0000,   // 0x2D00 (11520) pixels
0x0000, 0x0000, 0x0000, 0x0000, 0x0000, 0x0000, 0x0000, 0x0000, 0x0000, 0x0000, 0x0000, 0x0000, 0x0000, 0x0000, 0x0000, 0x0000,   // 0x2D10 (11536) pixels
0x0000, 0x0000, 0x0000, 0x0000, 0x0000, 0x0000, 0x0000, 0x0000, 0x0000, 0x0000, 0x0000, 0x0000, 0x0000, 0x0000, 0x0000, 0x0000,   // 0x2D20 (11552) pixels
0x0000, 0x0000, 0x0000, 0x0000, 0x0000, 0x0000, 0x0000, 0x0000, 0x0000, 0x0000, 0x0000, 0x0000, 0x0000, 0x0000, 0x0000, 0x0000,   // 0x2D30 (11568) pixels
0x0000, 0x0000, 0x0000, 0x0000, 0x0000, 0x0000, 0x0000, 0x0000, 0x0000, 0x0000, 0x0000, 0x0000, 0x0000, 0x0000, 0x0000, 0x0000,   // 0x2D40 (11584) pixels
0x0000, 0x0000, 0x0000, 0x0000, 0x0000, 0x0000, 0x0000, 0x0000, 0x0000, 0x0000, 0x0000, 0x0021, 0x0020, 0x0001, 0x0000, 0x0000,   // 0x2D50 (11600) pixels
0x0000, 0x0000, 0x0000, 0x0000, 0x0000, 0x0000, 0x0000, 0x0000, 0x0000, 0x0000, 0x0000, 0x0021, 0x0043, 0x0001, 0x4331, 0x85FD,   // 0x2D60 (11616) pixels
0x0085, 0x08A5, 0x0003, 0x5C34, 0x7D5A, 0x0065, 0x08A6, 0x0884, 0x0063, 0x0043, 0x0043, 0x0022, 0x1928, 0x21AA, 0x21AA, 0x218A,   // 0x2D70 (11632) pixels
0x1928, 0x42EF, 0x9EBF, 0x4B51, 0x0002, 0x08C6, 0x0045, 0x4B71, 0x8DFD, 0x08A5, 0x0885, 0x0084, 0x0884, 0x0885, 0x0885, 0x0043,   // 0x2D80 (11648) pixels
0x1927, 0x0064, 0x0884, 0x0884, 0x0063, 0x0063, 0x0043, 0x0064, 0x0084, 0x08A6, 0x0023, 0x4B71, 0x8DFC, 0x00A5, 0x08C6, 0x0064,   // 0x2D90 (11664) pixels
0x6496, 0x7518, 0x0064, 0x08E6, 0x0064, 0x2A6D, 0x965E, 0x0907, 0x0022, 0x0043, 0x0021, 0x0000, 0x0000, 0x0000, 0x0000, 0x0000,   // 0x2DA0 (11680) pixels
0x0000, 0x0000, 0x0000, 0x0000, 0x0000, 0x0000, 0x0020, 0x0041, 0x0021, 0x0000, 0x0000, 0x0000, 0x0000, 0x0000, 0x0000, 0x0000,   // 0x2DB0 (11696) pixels
0x0000, 0x0000, 0x0000, 0x0000, 0x0000, 0x0000, 0x0000, 0x0000, 0x0000, 0x0000, 0x0000, 0x0000, 0x0000, 0x0000, 0x0000, 0x0000,   // 0x2DC0 (11712) pixels
0x0000, 0x0000, 0x0000, 0x0000, 0x0000, 0x0000, 0x0000, 0x0000, 0x0000, 0x0000, 0x0000, 0x0000, 0x0000, 0x0000, 0x0000, 0x0000,   // 0x2DD0 (11728) pixels
0x0000, 0x0000, 0x0000, 0x0000, 0x0000, 0x0000, 0x0000, 0x0000, 0x0000, 0x0000, 0x0000, 0x0000, 0x0000, 0x0000, 0x0000, 0x0000,   // 0x2DE0 (11744) pixels
0x0000, 0x0000, 0x0000, 0x0000, 0x0000, 0x0000, 0x0000, 0x0000, 0x0000, 0x0000, 0x0000, 0x0000, 0x0000, 0x0000, 0x0000, 0x0000,   // 0x2DF0 (11760) pixels
0x0000, 0x0000, 0x0000, 0x0000, 0x0000, 0x0000, 0x0000, 0x0000, 0x0000, 0x0000, 0x0000, 0x0000, 0x0000, 0x0000, 0x0000, 0x0000,   // 0x2E00 (11776) pixels
0x0000, 0x0000, 0x0000, 0x0000, 0x0000, 0x0000, 0x0000, 0x0000, 0x0000, 0x0000, 0x0000, 0x0000, 0x0000, 0x0000, 0x0000, 0x0000,   // 0x2E10 (11792) pixels
0x0000, 0x0000, 0x0000, 0x0000, 0x0000, 0x0000, 0x0000, 0x0000, 0x0000, 0x0000, 0x0000, 0x0000, 0x0000, 0x0000, 0x0000, 0x0000,   // 0x2E20 (11808) pixels
0x0000, 0x0000, 0x0000, 0x0000, 0x0000, 0x0000, 0x0000, 0x0000, 0x0000, 0x0000, 0x0000, 0x0000, 0x0000, 0x0000, 0x0000, 0x0000,   // 0x2E30 (11824) pixels
0x0000, 0x0000, 0x0000, 0x0000, 0x0000, 0x0000, 0x0000, 0x0000, 0x0000, 0x0000, 0x0020, 0x0062, 0x0062, 0x0042, 0x0020, 0x0000,   // 0x2E40 (11840) pixels
0x0000, 0x0000, 0x0000, 0x0000, 0x0000, 0x0000, 0x0000, 0x0000, 0x0000, 0x0000, 0x0000, 0x0022, 0x0043, 0x0001, 0x4331, 0x85FD,   // 0x2E50 (11856) pixels
0x0085, 0x08A5, 0x0003, 0x5C14, 0x7D5A, 0x0065, 0x08A6, 0x0864, 0x0063, 0x0043, 0x0043, 0x0864, 0x0884, 0x0064, 0x0064, 0x0043,   // 0x2E60 (11872) pixels
0x0043, 0x0001, 0x3AAE, 0xAF1F, 0x5BD2, 0x0024, 0x0023, 0x4B51, 0x8DBC, 0x0064, 0x0063, 0x0064, 0x0044, 0x0064, 0x0064, 0x0064,   // 0x2E70 (11888) pixels
0x0043, 0x0064, 0x0063, 0x0043, 0x0042, 0x0042, 0x0043, 0x0043, 0x0084, 0x08A5, 0x0024, 0x4B71, 0x8DFC, 0x00A5, 0x08C6, 0x0044,   // 0x2E80 (11904) pixels
0x6476, 0x6CF8, 0x0064, 0x08E6, 0x0064, 0x2A6D, 0x963E, 0x1107, 0x0022, 0x0043, 0x0001, 0x0000, 0x0000, 0x0000, 0x0000, 0x0000,   // 0x2E90 (11920) pixels
0x0000, 0x0000, 0x0000, 0x0000, 0x0000, 0x0862, 0x0082, 0x0082, 0x0041, 0x0000, 0x0000, 0x0000, 0x0000, 0x0000, 0x0000, 0x0000,   // 0x2EA0 (11936) pixels
0x0000, 0x0000, 0x0000, 0x0000, 0x0000, 0x0000, 0x0000, 0x0000, 0x0000, 0x0000, 0x0000, 0x0000, 0x0000, 0x0000, 0x0000, 0x0000,   // 0x2EB0 (11952) pixels
0x0000, 0x0000, 0x0000, 0x0000, 0x0000, 0x0000, 0x0000, 0x0000, 0x0000, 0x0000, 0x0000, 0x0000, 0x0000, 0x0000, 0x0000, 0x0000,   // 0x2EC0 (11968) pixels
0x0000, 0x0000, 0x0000, 0x0000, 0x0000, 0x0000, 0x0000, 0x0000, 0x0000, 0x0000, 0x0000, 0x0000, 0x0000, 0x0000, 0x0000, 0x0000,   // 0x2ED0 (11984) pixels
0x0000, 0x0000, 0x0000, 0x0000, 0x0000, 0x0000, 0x0000, 0x0000, 0x0000, 0x0000, 0x0000, 0x0000, 0x0000, 0x0000, 0x0000, 0x0000,   // 0x2EE0 (12000) pixels
0x0000, 0x0000, 0x0000, 0x0000, 0x0000, 0x0000, 0x0000, 0x0000, 0x0000, 0x0000, 0x0000, 0x0000, 0x0000, 0x0000, 0x0000, 0x0000,   // 0x2EF0 (12016) pixels
0x0000, 0x0000, 0x0000, 0x0000, 0x0000, 0x0000, 0x0000, 0x0000, 0x0000, 0x0000, 0x0000, 0x0000, 0x0000, 0x0000, 0x0000, 0x0000,   // 0x2F00 (12032) pixels
0x0000, 0x0000, 0x0000, 0x0000, 0x0000, 0x0000, 0x0000, 0x0000, 0x0000, 0x0000, 0x0000, 0x0000, 0x0000, 0x0000, 0x0000, 0x0000,   // 0x2F10 (12048) pixels
0x0000, 0x0000, 0x0000, 0x0000, 0x0000, 0x0000, 0x0000, 0x0000, 0x0000, 0x0000, 0x0000, 0x0000, 0x0000, 0x0000, 0x0000, 0x0000,   // 0x2F20 (12064) pixels
0x0000, 0x0000, 0x0000, 0x0000, 0x0000, 0x0000, 0x0000, 0x0000, 0x0000, 0x0000, 0x0020, 0x0061, 0x0041, 0x0041, 0x0000, 0x0000,   // 0x2F30 (12080) pixels
0x0000, 0x0000, 0x0000, 0x0000, 0x0000, 0x0000, 0x0000, 0x0000, 0x0000, 0x0000, 0x0000, 0x0022, 0x0043, 0x0001, 0x4310, 0x8DDC,   // 0x2F40 (12096) pixels
0x0885, 0x0885, 0x0004, 0x6415, 0x853A, 0x0065, 0x08A5, 0x0864, 0x0863, 0x0843, 0x0043, 0x0844, 0x0884, 0x0884, 0x0064, 0x0063,   // 0x2F50 (12112) pixels
0x0864, 0x0864, 0x0002, 0x3A8D, 0xB6FF, 0x63F3, 0x0001, 0x4310, 0x859C, 0x0064, 0x0843, 0x0043, 0x0043, 0x0043, 0x0043, 0x0043,   // 0x2F60 (12128) pixels
0x0843, 0x0063, 0x0042, 0x0022, 0x0022, 0x0022, 0x0023, 0x0063, 0x0064, 0x08A5, 0x0024, 0x4B71, 0x95FC, 0x00A6, 0x08C6, 0x0044,   // 0x2F70 (12144) pixels
0x6455, 0x6CD8, 0x0044, 0x08C6, 0x0064, 0x2A4D, 0x965E, 0x1107, 0x0022, 0x0022, 0x0001, 0x0000, 0x0000, 0x0000, 0x0000, 0x0000,   // 0x2F80 (12160) pixels
0x0000, 0x0000, 0x0000, 0x0000, 0x0000, 0x0082, 0x0082, 0x0062, 0x0041, 0x0000, 0x0000, 0x0000, 0x0000, 0x0000, 0x0000, 0x0000,   // 0x2F90 (12176) pixels
0x0000, 0x0000, 0x0000, 0x0000, 0x0000, 0x0000, 0x0000, 0x0000, 0x0000, 0x0000, 0x0000, 0x0000, 0x0000, 0x0000, 0x0000, 0x0000,   // 0x2FA0 (12192) pixels
0x0000, 0x0000, 0x0000, 0x0000, 0x0000, 0x0000, 0x0000, 0x0000, 0x0000, 0x0000, 0x0000, 0x0000, 0x0000, 0x0000, 0x0000, 0x0000,   // 0x2FB0 (12208) pixels
0x0000, 0x0000, 0x0000, 0x0000, 0x0000, 0x0000, 0x0000, 0x0000, 0x0000, 0x0000, 0x0000, 0x0000, 0x0000, 0x0000, 0x0000, 0x0000,   // 0x2FC0 (12224) pixels
0x0000, 0x0000, 0x0000, 0x0000, 0x0000, 0x0000, 0x0000, 0x0000, 0x0000, 0x0000, 0x0000, 0x0000, 0x0000, 0x0000, 0x0000, 0x0000,   // 0x2FD0 (12240) pixels
0x0000, 0x0000, 0x0000, 0x0000, 0x0000, 0x0000, 0x0000, 0x0000, 0x0000, 0x0000, 0x0000, 0x0000, 0x0000, 0x0000, 0x0000, 0x0000,   // 0x2FE0 (12256) pixels
0x0000, 0x0000, 0x0000, 0x0000, 0x0000, 0x0000, 0x0000, 0x0000, 0x0000, 0x0000, 0x0000, 0x0000, 0x0000, 0x0000, 0x0000, 0x0000,   // 0x2FF0 (12272) pixels
0x0000, 0x0000, 0x0000, 0x0000, 0x0000, 0x0000, 0x0000, 0x0000, 0x0000, 0x0000, 0x0000, 0x0000, 0x0000, 0x0000, 0x0000, 0x0000,   // 0x3000 (12288) pixels
0x0000, 0x0000, 0x0000, 0x0000, 0x0000, 0x0000, 0x0000, 0x0000, 0x0000, 0x0000, 0x0000, 0x0000, 0x0000, 0x0000, 0x0000, 0x0000,   // 0x3010 (12304) pixels
0x0000, 0x0000, 0x0000, 0x0000, 0x0000, 0x0000, 0x0000, 0x0000, 0x0000, 0x0000, 0x0020, 0x0041, 0x0041, 0x0042, 0x0000, 0x0000,   // 0x3020 (12320) pixels
0x0000, 0x0000, 0x0000, 0x0000, 0x0000, 0x0000, 0x0000, 0x0000, 0x0000, 0x0000, 0x0000, 0x0022, 0x0043, 0x0001, 0x4310, 0x8DBC,   // 0x3030 (12336) pixels
0x0865, 0x0886, 0x0024, 0x6415, 0x853A, 0x0065, 0x08A6, 0x0864, 0x0863, 0x0043, 0x0043, 0x0043, 0x0843, 0x0023, 0x0823, 0x0023,   // 0x3040 (12352) pixels
0x0023, 0x0044, 0x0885, 0x0023, 0x322D, 0xA6BF, 0x5393, 0x42D0, 0x8D7C, 0x0044, 0x0843, 0x0043, 0x0043, 0x0023, 0x0042, 0x0042,   // 0x3050 (12368) pixels
0x0022, 0x0022, 0x0022, 0x0022, 0x0022, 0x0022, 0x0043, 0x0043, 0x0064, 0x0885, 0x0023, 0x4B71, 0x95DC, 0x00A6, 0x08C6, 0x0044,   // 0x3060 (12384) pixels
0x6456, 0x74D8, 0x0044, 0x08C6, 0x0043, 0x324D, 0x9E3E, 0x1106, 0x0022, 0x0022, 0x0001, 0x0000, 0x0000, 0x0000, 0x0000, 0x0000,   // 0x3070 (12400) pixels
0x0000, 0x0000, 0x0000, 0x0000, 0x0000, 0x0041, 0x0062, 0x0061, 0x0041, 0x0000, 0x0000, 0x0000, 0x0000, 0x0000, 0x0000, 0x0000,   // 0x3080 (12416) pixels
0x0000, 0x0000, 0x0000, 0x0000, 0x0000, 0x0000, 0x0000, 0x0000, 0x0000, 0x0000, 0x0000, 0x0000, 0x0000, 0x0000, 0x0000, 0x0000,   // 0x3090 (12432) pixels
0x0000, 0x0000, 0x0000, 0x0000, 0x0000, 0x0000, 0x0000, 0x0000, 0x0000, 0x0000, 0x0000, 0x0000, 0x0000, 0x0000, 0x0000, 0x0000,   // 0x30A0 (12448) pixels
0x0000, 0x0000, 0x0000, 0x0000, 0x0000, 0x0000, 0x0000, 0x0000, 0x0000, 0x0000, 0x0000, 0x0000, 0x0000, 0x0000, 0x0000, 0x0000,   // 0x30B0 (12464) pixels
0x0000, 0x0000, 0x0000, 0x0000, 0x0000, 0x0000, 0x0000, 0x0000, 0x0000, 0x0000, 0x0000, 0x0000, 0x0000, 0x0000, 0x0000, 0x0000,   // 0x30C0 (12480) pixels
0x0000, 0x0000, 0x0000, 0x0000, 0x0000, 0x0000, 0x0000, 0x0000, 0x0000, 0x0000, 0x0000, 0x0000, 0x0000, 0x0000, 0x0000, 0x0000,   // 0x30D0 (12496) pixels
0x0000, 0x0000, 0x0000, 0x0000, 0x0000, 0x0000, 0x0000, 0x0000, 0x0000, 0x0000, 0x0000, 0x0000, 0x0000, 0x0000, 0x0000, 0x0000,   // 0x30E0 (12512) pixels
0x0000, 0x0000, 0x0000, 0x0000, 0x0000, 0x0000, 0x0000, 0x0000, 0x0000, 0x0000, 0x0000, 0x0000, 0x0000, 0x0000, 0x0000, 0x0000,   // 0x30F0 (12528) pixels
0x0000, 0x0000, 0x0000, 0x0000, 0x0000, 0x0000, 0x0000, 0x0000, 0x0000, 0x0000, 0x0000, 0x0000, 0x0000, 0x0000, 0x0000, 0x0000,   // 0x3100 (12544) pixels
0x0000, 0x0000, 0x0000, 0x0000, 0x0000, 0x0000, 0x0000, 0x0000, 0x0000, 0x0000, 0x0000, 0x0000, 0x0000, 0x0000, 0x0000, 0x0000,   // 0x3110 (12560) pixels
0x0000, 0x0000, 0x0000, 0x0000, 0x0000, 0x0000, 0x0000, 0x0000, 0x0000, 0x0000, 0x0000, 0x0022, 0x0043, 0x0001, 0x4310, 0x8DBC,   // 0x3120 (12576) pixels
0x0865, 0x0885, 0x0024, 0x6415, 0x8D5A, 0x0065, 0x08A6, 0x0864, 0x0843, 0x0043, 0x0822, 0x0022, 0x0022, 0x0022, 0x0002, 0x0022,   // 0x3130 (12592) pixels
0x0023, 0x0043, 0x0844, 0x1086, 0x0044, 0x21AA, 0x95FD, 0x961E, 0x851B, 0x0865, 0x0843, 0x0043, 0x0022, 0x0022, 0x0002, 0x0022,   // 0x3140 (12608) pixels
0x0022, 0x0022, 0x0002, 0x0002, 0x0002, 0x0022, 0x0023, 0x0043, 0x0064, 0x0885, 0x0003, 0x4B51, 0x95BC, 0x0085, 0x08C6, 0x0044,   // 0x3150 (12624) pixels
0x6C56, 0x74B8, 0x0044, 0x08A6, 0x0043, 0x2A4C, 0x9E1E, 0x10E6, 0x0022, 0x0022, 0x0001, 0x0000, 0x0000, 0x0000, 0x0000, 0x0000,   // 0x3160 (12640) pixels
0x0000, 0x0000, 0x0000, 0x0000, 0x0000, 0x0000, 0x0000, 0x0000, 0x0000, 0x0000, 0x0000, 0x0000, 0x0000, 0x0000, 0x0000, 0x0000,   // 0x3170 (12656) pixels
0x0000, 0x0000, 0x0000, 0x0000, 0x0000, 0x0000, 0x0000, 0x0000, 0x0000, 0x0000, 0x0000, 0x0000, 0x0000, 0x0000, 0x0000, 0x0000,   // 0x3180 (12672) pixels
0x0000, 0x0000, 0x0000, 0x0000, 0x0000, 0x0000, 0x0000, 0x0000, 0x0000, 0x0000, 0x0000, 0x0000, 0x0000, 0x0000, 0x0000, 0x0000,   // 0x3190 (12688) pixels
0x0000, 0x0000, 0x0000, 0x0000, 0x0000, 0x0000, 0x0000, 0x0000, 0x0000, 0x0000, 0x0000, 0x0000, 0x0000, 0x0000, 0x0000, 0x0000,   // 0x31A0 (12704) pixels
0x0000, 0x0000, 0x0000, 0x0000, 0x0000, 0x0000, 0x0000, 0x0000, 0x0000, 0x0000, 0x0000, 0x0000, 0x0000, 0x0000, 0x0000, 0x0000,   // 0x31B0 (12720) pixels
0x0000, 0x0000, 0x0000, 0x0000, 0x0000, 0x0000, 0x0000, 0x0000, 0x0000, 0x0000, 0x0000, 0x0000, 0x0000, 0x0000, 0x0000, 0x0000,   // 0x31C0 (12736) pixels
0x0000, 0x0000, 0x0000, 0x0000, 0x0000, 0x0000, 0x0000, 0x0000, 0x0000, 0x0000, 0x0000, 0x0000, 0x0000, 0x0000, 0x0000, 0x0000,   // 0x31D0 (12752) pixels
0x0000, 0x0000, 0x0000, 0x0000, 0x0000, 0x0000, 0x0000, 0x0000, 0x0000, 0x0000, 0x0000, 0x0000, 0x0000, 0x0000, 0x0000, 0x0000,   // 0x31E0 (12768) pixels
0x0000, 0x0000, 0x0000, 0x0000, 0x0000, 0x0000, 0x0000, 0x0000, 0x0000, 0x0000, 0x0000, 0x0000, 0x0000, 0x0000, 0x0000, 0x0000,   // 0x31F0 (12784) pixels
0x0000, 0x0842, 0x0862, 0x0041, 0x0000, 0x0020, 0x0041, 0x0021, 0x0000, 0x0000, 0x0000, 0x0000, 0x0000, 0x0000, 0x0000, 0x0000,   // 0x3200 (12800) pixels
0x0000, 0x0000, 0x0000, 0x0000, 0x0000, 0x0000, 0x0000, 0x0000, 0x0000, 0x0000, 0x0000, 0x0022, 0x0043, 0x0001, 0x42F0, 0x8D9C,   // 0x3210 (12816) pixels
0x0865, 0x0885, 0x0004, 0x6C14, 0x8D5A, 0x0065, 0x0886, 0x0864, 0x0043, 0x0023, 0x0822, 0x0022, 0x0002, 0x0002, 0x0002, 0x0002,   // 0x3220 (12832) pixels
0x0022, 0x0823, 0x0844, 0x0864, 0x08A5, 0x0043, 0x1928, 0x95FD, 0x9DDC, 0x0865, 0x0823, 0x0022, 0x0022, 0x0022, 0x0002, 0x0022,   // 0x3230 (12848) pixels
0x0002, 0x0002, 0x0002, 0x0002, 0x0002, 0x0002, 0x0023, 0x0043, 0x0864, 0x08A5, 0x0023, 0x4B31, 0x8DBC, 0x0085, 0x10A6, 0x0044,   // 0x3240 (12864) pixels
0x6C56, 0x7CD8, 0x0044, 0x08A6, 0x0043, 0x322C, 0x9E1E, 0x10E6, 0x0022, 0x0022, 0x0001, 0x0000, 0x0000, 0x0000, 0x0000, 0x0000,   // 0x3250 (12880) pixels
0x0000, 0x0000, 0x0000, 0x0000, 0x0000, 0x0020, 0x0041, 0x0021, 0x0021, 0x0000, 0x0000, 0x0041, 0x0041, 0x0041, 0x0000, 0x0041,   // 0x3260 (12896) pixels
0x0862, 0x0041, 0x0021, 0x0000, 0x0000, 0x0000, 0x0000, 0x0000, 0x0000, 0x0000, 0x0000, 0x0000, 0x0000, 0x0000, 0x0000, 0x0000,   // 0x3270 (12912) pixels
0x0000, 0x0000, 0x0000, 0x0000, 0x0000, 0x0000, 0x0000, 0x0000, 0x0000, 0x0000, 0x0000, 0x0000, 0x0000, 0x0000, 0x0000, 0x0000,   // 0x3280 (12928) pixels
0x0000, 0x0000, 0x0000, 0x0000, 0x0000, 0x0000, 0x0000, 0x0000, 0x0000, 0x0000, 0x0000, 0x0000, 0x0000, 0x0000, 0x0000, 0x0000,   // 0x3290 (12944) pixels
0x0000, 0x0000, 0x0000, 0x0000, 0x0000, 0x0000, 0x0000, 0x0000, 0x0000, 0x0000, 0x0000, 0x0000, 0x0000, 0x0000, 0x0000, 0x0000,   // 0x32A0 (12960) pixels
0x0000, 0x0000, 0x0000, 0x0000, 0x0000, 0x0000, 0x0000, 0x0000, 0x0000, 0x0000, 0x0000, 0x0000, 0x0000, 0x0000, 0x0000, 0x0000,   // 0x32B0 (12976) pixels
0x0000, 0x0000, 0x0000, 0x0000, 0x0000, 0x0000, 0x0000, 0x0000, 0x0000, 0x0000, 0x0000, 0x0000, 0x0000, 0x0000, 0x0000, 0x0000,   // 0x32C0 (12992) pixels
0x0000, 0x0000, 0x0000, 0x0000, 0x0000, 0x0000, 0x0000, 0x0000, 0x0000, 0x0000, 0x0000, 0x0000, 0x0000, 0x0000, 0x0000, 0x0000,   // 0x32D0 (13008) pixels
0x0000, 0x0000, 0x0000, 0x0000, 0x0000, 0x0000, 0x0000, 0x0000, 0x0000, 0x0000, 0x0000, 0x0000, 0x0000, 0x0000, 0x0000, 0x0000,   // 0x32E0 (13024) pixels
0x0020, 0x0062, 0x0062, 0x0061, 0x0000, 0x0021, 0x0042, 0x0041, 0x0000, 0x0000, 0x0000, 0x0020, 0x0021, 0x0021, 0x0000, 0x0000,   // 0x32F0 (13040) pixels
0x0000, 0x0000, 0x0000, 0x0000, 0x0000, 0x0000, 0x0000, 0x0000, 0x0000, 0x0000, 0x0000, 0x0022, 0x0043, 0x0001, 0x42F0, 0x8D9C,   // 0x3300 (13056) pixels
0x0885, 0x0885, 0x0003, 0x63F4, 0x8D5A, 0x0065, 0x0885, 0x0864, 0x0843, 0x0023, 0x0002, 0x0022, 0x0001, 0x0001, 0x0001, 0x0002,   // 0x3310 (13072) pixels
0x0022, 0x0023, 0x0044, 0x0864, 0x0064, 0x0884, 0x0003, 0x1928, 0x320C, 0x0023, 0x0823, 0x0022, 0x0022, 0x0002, 0x0001, 0x0002,   // 0x3320 (13088) pixels
0x0002, 0x0002, 0x0002, 0x0002, 0x0002, 0x0002, 0x0023, 0x0044, 0x0064, 0x0885, 0x0003, 0x4B11, 0x8D7B, 0x0085, 0x08A6, 0x0044,   // 0x3330 (13104) pixels
0x6C76, 0x7CD8, 0x0024, 0x08A6, 0x0043, 0x322D, 0x9DFE, 0x10C6, 0x0022, 0x0022, 0x0001, 0x0000, 0x0000, 0x0000, 0x0000, 0x0000,   // 0x3340 (13120) pixels
0x0000, 0x0000, 0x0000, 0x0000, 0x0000, 0x0020, 0x0041, 0x0041, 0x0041, 0x0000, 0x0000, 0x0041, 0x0042, 0x0061, 0x0000, 0x0041,   // 0x3350 (13136) pixels
0x0062, 0x0041, 0x0021, 0x0000, 0x0000, 0x0000, 0x0000, 0x0000, 0x0000, 0x0000, 0x0000, 0x0000, 0x0000, 0x0000, 0x0000, 0x0000,   // 0x3360 (13152) pixels
0x0000, 0x0000, 0x0000, 0x0000, 0x0000, 0x0000, 0x0000, 0x0000, 0x0000, 0x0000, 0x0000, 0x0000, 0x0000, 0x0000, 0x0000, 0x0000,   // 0x3370 (13168) pixels
0x0000, 0x0000, 0x0000, 0x0000, 0x0000, 0x0000, 0x0000, 0x0000, 0x0000, 0x0000, 0x0000, 0x0000, 0x0000, 0x0000, 0x0000, 0x0000,   // 0x3380 (13184) pixels
0x0000, 0x0000, 0x0000, 0x0000, 0x0000, 0x0000, 0x0000, 0x0000, 0x0000, 0x0000, 0x0000, 0x0000, 0x0000, 0x0000, 0x0000, 0x0000,   // 0x3390 (13200) pixels
0x0000, 0x0000, 0x0000, 0x0000, 0x0000, 0x0000, 0x0000, 0x0000, 0x0000, 0x0000, 0x0000, 0x0000, 0x0000, 0x0000, 0x0000, 0x0000,   // 0x33A0 (13216) pixels
0x0000, 0x0000, 0x0000, 0x0000, 0x0000, 0x0000, 0x0000, 0x0000, 0x0000, 0x0000, 0x0000, 0x0000, 0x0000, 0x0000, 0x0000, 0x0000,   // 0x33B0 (13232) pixels
0x0000, 0x0000, 0x0000, 0x0000, 0x0000, 0x0000, 0x0000, 0x0000, 0x0000, 0x0000, 0x0000, 0x0000, 0x0000, 0x0000, 0x0000, 0x0000,   // 0x33C0 (13248) pixels
0x0000, 0x0000, 0x0000, 0x0000, 0x0000, 0x0000, 0x0000, 0x0000, 0x0000, 0x0000, 0x0000, 0x0000, 0x0000, 0x0000, 0x0000, 0x0000,   // 0x33D0 (13264) pixels
0x0020, 0x0062, 0x0062, 0x0061, 0x0000, 0x0020, 0x0042, 0x0021, 0x0000, 0x0000, 0x0000, 0x0020, 0x0021, 0x0000, 0x0000, 0x0000,   // 0x33E0 (13280) pixels
0x0000, 0x0000, 0x0000, 0x0000, 0x0000, 0x0000, 0x0000, 0x0000, 0x0000, 0x0000, 0x0000, 0x0022, 0x0043, 0x0001, 0x4AF0, 0x959C,   // 0x33F0 (13296) pixels
0x0865, 0x0885, 0x0003, 0x63D4, 0x853A, 0x0065, 0x0886, 0x0865, 0x0844, 0x0023, 0x0002, 0x0001, 0x0002, 0x0001, 0x0001, 0x0002,   // 0x3400 (13312) pixels
0x0002, 0x0023, 0x0043, 0x0823, 0x0843, 0x0043, 0x0865, 0x0024, 0x0002, 0x0843, 0x0823, 0x0002, 0x0022, 0x0002, 0x0002, 0x0002,   // 0x3410 (13328) pixels
0x0022, 0x0002, 0x0002, 0x0002, 0x0002, 0x0022, 0x0043, 0x0043, 0x0064, 0x0886, 0x0024, 0x4B11, 0x8D7B, 0x0085, 0x08A6, 0x0044,   // 0x3420 (13344) pixels
0x7476, 0x84F9, 0x0024, 0x08A6, 0x0023, 0x322C, 0xA5FE, 0x10C6, 0x0022, 0x0022, 0x0001, 0x0000, 0x0000, 0x0000, 0x0000, 0x0000,   // 0x3430 (13360) pixels
0x0000, 0x0000, 0x0000, 0x0000, 0x0000, 0x0020, 0x0062, 0x0041, 0x0041, 0x0020, 0x0000, 0x0041, 0x0042, 0x0061, 0x0000, 0x0041,   // 0x3440 (13376) pixels
0x0062, 0x0062, 0x0021, 0x0000, 0x0000, 0x0000, 0x0000, 0x0000, 0x0000, 0x0000, 0x0000, 0x0000, 0x0000, 0x0000, 0x0000, 0x0000,   // 0x3450 (13392) pixels
0x0000, 0x0000, 0x0000, 0x0000, 0x0000, 0x0000, 0x0000, 0x0000, 0x0000, 0x0000, 0x0000, 0x0000, 0x0000, 0x0000, 0x0000, 0x0000,   // 0x3460 (13408) pixels
0x0000, 0x0000, 0x0000, 0x0000, 0x0000, 0x0000, 0x0000, 0x0000, 0x0000, 0x0000, 0x0000, 0x0000, 0x0000, 0x0000, 0x0000, 0x0000,   // 0x3470 (13424) pixels
0x0000, 0x0000, 0x0000, 0x0000, 0x0000, 0x0000, 0x0000, 0x0000, 0x0000, 0x0000, 0x0000, 0x0000, 0x0000, 0x0000, 0x0000, 0x0000,   // 0x3480 (13440) pixels
0x0000, 0x0000, 0x0000, 0x0000, 0x0000, 0x0000, 0x0000, 0x0000, 0x0000, 0x0000, 0x0000, 0x0000, 0x0000, 0x0000, 0x0000, 0x0000,   // 0x3490 (13456) pixels
0x0000, 0x0000, 0x0000, 0x0000, 0x0000, 0x0000, 0x0000, 0x0000, 0x0000, 0x0000, 0x0000, 0x0000, 0x0000, 0x0000, 0x0000, 0x0000,   // 0x34A0 (13472) pixels
0x0000, 0x0000, 0x0000, 0x0000, 0x0000, 0x0000, 0x0000, 0x0000, 0x0000, 0x0000, 0x0000, 0x0000, 0x0000, 0x0000, 0x0000, 0x0000,   // 0x34B0 (13488) pixels
0x0000, 0x0000, 0x0000, 0x0000, 0x0000, 0x0000, 0x0000, 0x0000, 0x0000, 0x0000, 0x0000, 0x0000, 0x0000, 0x0000, 0x0000, 0x0000,   // 0x34C0 (13504) pixels
0x0000, 0x0020, 0x0020, 0x0000, 0x0000, 0x0000, 0x0000, 0x0000, 0x0000, 0x0000, 0x0000, 0x0000, 0x0000, 0x0000, 0x0000, 0x0000,   // 0x34D0 (13520) pixels
0x0000, 0x0000, 0x0000, 0x0000, 0x0000, 0x0000, 0x0000, 0x0000, 0x0000, 0x0000, 0x0000, 0x0022, 0x0043, 0x0001, 0x4AF0, 0x8D9C,   // 0x34E0 (13536) pixels
0x0865, 0x0885, 0x0003, 0x63D4, 0x851A, 0x0045, 0x0886, 0x0865, 0x0844, 0x0023, 0x0022, 0x0002, 0x0002, 0x0022, 0x0022, 0x0002,   // 0x34F0 (13552) pixels
0x0022, 0x0022, 0x0043, 0x0043, 0x0023, 0x0023, 0x0823, 0x0843, 0x0844, 0x0043, 0x0023, 0x0022, 0x0022, 0x0022, 0x0002, 0x0002,   // 0x3500 (13568) pixels
0x0022, 0x0022, 0x0022, 0x0022, 0x0022, 0x0023, 0x0043, 0x0843, 0x0865, 0x0886, 0x0024, 0x4B11, 0x8D7B, 0x0084, 0x0886, 0x0024,   // 0x3510 (13584) pixels
0x7476, 0x84F9, 0x0024, 0x08A6, 0x0023, 0x320C, 0x9DFE, 0x10C6, 0x0022, 0x0023, 0x0001, 0x0000, 0x0000, 0x0000, 0x0000, 0x0000,   // 0x3520 (13600) pixels
0x0000, 0x0000, 0x0000, 0x0000, 0x0000, 0x0000, 0x0020, 0x0021, 0x0000, 0x0000, 0x0000, 0x0000, 0x0021, 0x0000, 0x0000, 0x0000,   // 0x3530 (13616) pixels
0x0021, 0x0020, 0x0000, 0x0000, 0x0000, 0x0000, 0x0000, 0x0000, 0x0000, 0x0000, 0x0000, 0x0000, 0x0000, 0x0000, 0x0000, 0x0000,   // 0x3540 (13632) pixels
0x0000, 0x0000, 0x0000, 0x0000, 0x0000, 0x0000, 0x0000, 0x0000, 0x0000, 0x0000, 0x0000, 0x0000, 0x0000, 0x0000, 0x0000, 0x0000,   // 0x3550 (13648) pixels
0x0000, 0x0000, 0x0000, 0x0000, 0x0000, 0x0000, 0x0000, 0x0000, 0x0000, 0x0000, 0x0000, 0x0000, 0x0000, 0x0000, 0x0000, 0x0000,   // 0x3560 (13664) pixels
0x0000, 0x0000, 0x0000, 0x0000, 0x0000, 0x0000, 0x0000, 0x0000, 0x0000, 0x0000, 0x0000, 0x0000, 0x0000, 0x0000, 0x0000, 0x0000,   // 0x3570 (13680) pixels
0x0000, 0x0000, 0x0000, 0x0000, 0x0000, 0x0000, 0x0000, 0x0000, 0x0000, 0x0000, 0x0000, 0x0000, 0x0000, 0x0000, 0x0000, 0x0000,   // 0x3580 (13696) pixels
0x0000, 0x0000, 0x0000, 0x0000, 0x0000, 0x0000, 0x0000, 0x0000, 0x0000, 0x0000, 0x0000, 0x0000, 0x0000, 0x0000, 0x0000, 0x0000,   // 0x3590 (13712) pixels
0x0000, 0x0000, 0x0000, 0x0000, 0x0000, 0x0000, 0x0000, 0x0000, 0x0000, 0x0000, 0x0000, 0x0000, 0x0000, 0x0000, 0x0000, 0x0000,   // 0x35A0 (13728) pixels
0x0000, 0x0000, 0x0000, 0x0000, 0x0000, 0x0000, 0x0000, 0x0000, 0x0000, 0x0000, 0x0000, 0x0000, 0x0000, 0x0000, 0x0000, 0x0000,   // 0x35B0 (13744) pixels
0x0000, 0x0000, 0x0000, 0x0000, 0x0000, 0x0000, 0x0000, 0x0000, 0x0000, 0x0000, 0x0020, 0x0000, 0x0000, 0x0000, 0x0000, 0x0000,   // 0x35C0 (13760) pixels
0x0000, 0x0000, 0x0000, 0x0000, 0x0000, 0x0000, 0x0000, 0x0000, 0x0000, 0x0000, 0x0001, 0x0022, 0x0043, 0x0001, 0x4AF0, 0x959D,   // 0x35D0 (13776) pixels
0x0865, 0x0865, 0x0003, 0x63B3, 0x851A, 0x0066, 0x08A6, 0x0885, 0x0844, 0x0023, 0x0023, 0x0023, 0x0022, 0x0023, 0x0023, 0x0023,   // 0x35E0 (13792) pixels
0x0023, 0x0023, 0x0043, 0x0043, 0x0043, 0x0043, 0x0043, 0x0043, 0x0843, 0x0043, 0x0043, 0x0043, 0x0043, 0x0023, 0x0043, 0x0023,   // 0x35F0 (13808) pixels
0x0023, 0x0043, 0x0043, 0x0043, 0x0023, 0x0043, 0x0044, 0x0044, 0x0865, 0x10A6, 0x0023, 0x5311, 0x8D7B, 0x0065, 0x08A5, 0x0023,   // 0x3600 (13824) pixels
0x7456, 0x84F9, 0x0024, 0x08A6, 0x0023, 0x320D, 0xA5DE, 0x10C6, 0x0022, 0x0023, 0x0001, 0x0000, 0x0000, 0x0000, 0x0000, 0x0000,   // 0x3610 (13840) pixels
0x0000, 0x0000, 0x0000, 0x0000, 0x0000, 0x0000, 0x0000, 0x0000, 0x0001, 0x0000, 0x0000, 0x0000, 0x0000, 0x0000, 0x0000, 0x0000,   // 0x3620 (13856) pixels
0x0000, 0x0000, 0x0000, 0x0000, 0x0000, 0x0000, 0x0000, 0x0000, 0x0000, 0x0000, 0x0000, 0x0000, 0x0000, 0x0000, 0x0000, 0x0000,   // 0x3630 (13872) pixels
0x0000, 0x0000, 0x0000, 0x0000, 0x0000, 0x0000, 0x0000, 0x0000, 0x0000, 0x0000, 0x0000, 0x0000, 0x0000, 0x0000, 0x0000, 0x0000,   // 0x3640 (13888) pixels
0x0000, 0x0000, 0x0000, 0x0000, 0x0000, 0x0000, 0x0000, 0x0000, 0x0000, 0x0000, 0x0000, 0x0000, 0x0000, 0x0000, 0x0000, 0x0000,   // 0x3650 (13904) pixels
0x0000, 0x0000, 0x0000, 0x0000, 0x0000, 0x0000, 0x0000, 0x0000, 0x0000, 0x0000, 0x0000, 0x0000, 0x0000, 0x0000, 0x0000, 0x0000,   // 0x3660 (13920) pixels
0x0000, 0x0000, 0x0000, 0x0000, 0x0000, 0x0000, 0x0000, 0x0000, 0x0000, 0x0000, 0x0000, 0x0000, 0x0000, 0x0000, 0x0000, 0x0000,   // 0x3670 (13936) pixels
0x0000, 0x0000, 0x0000, 0x0000, 0x0000, 0x0000, 0x0000, 0x0000, 0x0000, 0x0000, 0x0000, 0x0000, 0x0000, 0x0000, 0x0000, 0x0000,   // 0x3680 (13952) pixels
0x0000, 0x0000, 0x0000, 0x0000, 0x0000, 0x0000, 0x0000, 0x0000, 0x0000, 0x0000, 0x0000, 0x0000, 0x0000, 0x0000, 0x0000, 0x0000,   // 0x3690 (13968) pixels
0x0000, 0x0000, 0x0000, 0x0000, 0x0000, 0x0000, 0x0000, 0x0000, 0x0000, 0x0000, 0x0000, 0x0000, 0x0000, 0x0000, 0x0000, 0x0000,   // 0x36A0 (13984) pixels
0x0000, 0x0000, 0x0000, 0x0000, 0x0000, 0x0000, 0x0000, 0x0000, 0x0000, 0x0020, 0x0041, 0x0021, 0x0021, 0x0000, 0x0000, 0x0000,   // 0x36B0 (14000) pixels
0x0000, 0x0000, 0x0000, 0x0000, 0x0000, 0x0000, 0x0000, 0x0000, 0x0000, 0x0000, 0x0001, 0x0022, 0x0843, 0x0001, 0x4B11, 0x959C,   // 0x36C0 (14016) pixels
0x0865, 0x0885, 0x0002, 0x63D4, 0x851A, 0x0065, 0x08A6, 0x0885, 0x0044, 0x0043, 0x0043, 0x0043, 0x0043, 0x0043, 0x0043, 0x0043,   // 0x36D0 (14032) pixels
0x0044, 0x0044, 0x0844, 0x0044, 0x0844, 0x0043, 0x0043, 0x0043, 0x0843, 0x0043, 0x0043, 0x0043, 0x0043, 0x0043, 0x0043, 0x0043,   // 0x36E0 (14048) pixels
0x0043, 0x0043, 0x0043, 0x0843, 0x0844, 0x0844, 0x0844, 0x0865, 0x0085, 0x0886, 0x0003, 0x5311, 0x957C, 0x0064, 0x08A5, 0x0023,   // 0x36F0 (14064) pixels
0x7456, 0x84F9, 0x0024, 0x08A6, 0x0044, 0x322D, 0xA5DE, 0x10C6, 0x0023, 0x0023, 0x0001, 0x0000, 0x0000, 0x0000, 0x0000, 0x0000,   // 0x3700 (14080) pixels
0x0000, 0x0000, 0x0000, 0x0000, 0x0000, 0x0000, 0x0041, 0x0062, 0x0062, 0x0021, 0x0000, 0x0000, 0x0000, 0x0000, 0x0000, 0x0000,   // 0x3710 (14096) pixels
0x0000, 0x0000, 0x0000, 0x0000, 0x0000, 0x0000, 0x0000, 0x0000, 0x0000, 0x0000, 0x0000, 0x0000, 0x0000, 0x0000, 0x0000, 0x0000,   // 0x3720 (14112) pixels
0x0000, 0x0000, 0x0000, 0x0000, 0x0000, 0x0000, 0x0000, 0x0000, 0x0000, 0x0000, 0x0000, 0x0000, 0x0000, 0x0000, 0x0000, 0x0000,   // 0x3730 (14128) pixels
0x0000, 0x0000, 0x0000, 0x0000, 0x0000, 0x0000, 0x0000, 0x0000, 0x0000, 0x0000, 0x0000, 0x0000, 0x0000, 0x0000, 0x0000, 0x0000,   // 0x3740 (14144) pixels
0x0000, 0x0000, 0x0000, 0x0000, 0x0000, 0x0000, 0x0000, 0x0000, 0x0000, 0x0000, 0x0000, 0x0000, 0x0000, 0x0000, 0x0000, 0x0000,   // 0x3750 (14160) pixels
0x0000, 0x0000, 0x0000, 0x0000, 0x0000, 0x0000, 0x0000, 0x0000, 0x0000, 0x0000, 0x0000, 0x0000, 0x0000, 0x0000, 0x0000, 0x0000,   // 0x3760 (14176) pixels
0x0000, 0x0000, 0x0000, 0x0000, 0x0000, 0x0000, 0x0000, 0x0000, 0x0000, 0x0000, 0x0000, 0x0000, 0x0000, 0x0000, 0x0000, 0x0000,   // 0x3770 (14192) pixels
0x0000, 0x0000, 0x0000, 0x0000, 0x0000, 0x0000, 0x0000, 0x0000, 0x0000, 0x0000, 0x0000, 0x0000, 0x0000, 0x0000, 0x0000, 0x0000,   // 0x3780 (14208) pixels
0x0000, 0x0000, 0x0000, 0x0000, 0x0000, 0x0000, 0x0000, 0x0000, 0x0000, 0x0000, 0x0000, 0x0000, 0x0000, 0x0000, 0x0000, 0x0000,   // 0x3790 (14224) pixels
0x0000, 0x0000, 0x0000, 0x0000, 0x0000, 0x0000, 0x0000, 0x0000, 0x0000, 0x0000, 0x0041, 0x0041, 0x0021, 0x0000, 0x0000, 0x0000,   // 0x37A0 (14240) pixels
0x0000, 0x0000, 0x0000, 0x0000, 0x0000, 0x0000, 0x0000, 0x0000, 0x0000, 0x0000, 0x0001, 0x0022, 0x0843, 0x0001, 0x4B11, 0x9DBD,   // 0x37B0 (14256) pixels
0x0064, 0x0844, 0x0002, 0x63B3, 0x953B, 0x0065, 0x1086, 0x0885, 0x0865, 0x0844, 0x0844, 0x0844, 0x0844, 0x0844, 0x0844, 0x0844,   // 0x37C0 (14272) pixels
0x0844, 0x0844, 0x0844, 0x0844, 0x0844, 0x0844, 0x0844, 0x0844, 0x0844, 0x0864, 0x0864, 0x0844, 0x0844, 0x0844, 0x0844, 0x0864,   // 0x37D0 (14288) pixels
0x0864, 0x0864, 0x0864, 0x0864, 0x0865, 0x0865, 0x0865, 0x0865, 0x0865, 0x0865, 0x0002, 0x5B51, 0x959B, 0x0065, 0x08A5, 0x0043,   // 0x37E0 (14304) pixels
0x7436, 0x84D9, 0x0024, 0x08A6, 0x0023, 0x322C, 0xA5DE, 0x10C6, 0x0023, 0x0023, 0x0001, 0x0000, 0x0000, 0x0000, 0x0000, 0x0000,   // 0x37F0 (14320) pixels
0x0000, 0x0000, 0x0000, 0x0000, 0x0000, 0x0000, 0x0061, 0x0062, 0x0042, 0x0021, 0x0000, 0x0000, 0x0000, 0x0000, 0x0000, 0x0000,   // 0x3800 (14336) pixels
0x0000, 0x0000, 0x0000, 0x0000, 0x0000, 0x0000, 0x0000, 0x0000, 0x0000, 0x0000, 0x0000, 0x0000, 0x0000, 0x0000, 0x0000, 0x0000,   // 0x3810 (14352) pixels
0x0000, 0x0000, 0x0000, 0x0000, 0x0000, 0x0000, 0x0000, 0x0000, 0x0000, 0x0000, 0x0000, 0x0000, 0x0000, 0x0000, 0x0000, 0x0000,   // 0x3820 (14368) pixels
0x0000, 0x0000, 0x0000, 0x0000, 0x0000, 0x0000, 0x0000, 0x0000, 0x0000, 0x0000, 0x0000, 0x0000, 0x0000, 0x0000, 0x0000, 0x0000,   // 0x3830 (14384) pixels
0x0000, 0x0000, 0x0000, 0x0000, 0x0000, 0x0000, 0x0000, 0x0000, 0x0000, 0x0000, 0x0000, 0x0000, 0x0000, 0x0000, 0x0000, 0x0000,   // 0x3840 (14400) pixels
0x0000, 0x0000, 0x0000, 0x0000, 0x0000, 0x0000, 0x0000, 0x0000, 0x0000, 0x0000, 0x0000, 0x0000, 0x0000, 0x0000, 0x0000, 0x0000,   // 0x3850 (14416) pixels
0x0000, 0x0000, 0x0000, 0x0000, 0x0000, 0x0000, 0x0000, 0x0000, 0x0000, 0x0000, 0x0000, 0x0000, 0x0000, 0x0000, 0x0000, 0x0000,   // 0x3860 (14432) pixels
0x0000, 0x0000, 0x0000, 0x0000, 0x0000, 0x0000, 0x0000, 0x0000, 0x0000, 0x0000, 0x0000, 0x0000, 0x0000, 0x0000, 0x0000, 0x0000,   // 0x3870 (14448) pixels
0x0000, 0x0000, 0x0000, 0x0000, 0x0000, 0x0000, 0x0000, 0x0000, 0x0000, 0x0000, 0x0000, 0x0000, 0x0000, 0x0000, 0x0000, 0x0000,   // 0x3880 (14464) pixels
0x0000, 0x0000, 0x0000, 0x0000, 0x0000, 0x0000, 0x0000, 0x0000, 0x0000, 0x0000, 0x0021, 0x0021, 0x0021, 0x0000, 0x0000, 0x0000,   // 0x3890 (14480) pixels
0x0000, 0x0000, 0x0000, 0x0000, 0x0000, 0x0000, 0x0000, 0x0000, 0x0000, 0x0000, 0x0001, 0x0022, 0x0843, 0x0001, 0x52F0, 0x9D9D,   // 0x38A0 (14496) pixels
0x0864, 0x0864, 0x0003, 0x4AAE, 0xAE1F, 0x10E7, 0x0845, 0x0886, 0x0886, 0x0865, 0x0865, 0x0865, 0x0865, 0x0865, 0x0865, 0x0865,   // 0x38B0 (14512) pixels
0x0865, 0x0885, 0x0865, 0x0865, 0x0865, 0x0865, 0x0865, 0x0865, 0x0885, 0x0885, 0x0885, 0x0885, 0x0865, 0x0865, 0x0865, 0x0865,   // 0x38C0 (14528) pixels
0x0885, 0x0865, 0x0885, 0x0885, 0x0885, 0x0885, 0x0886, 0x08A6, 0x0886, 0x0885, 0x0001, 0x8498, 0x7C77, 0x0004, 0x10A6, 0x0024,   // 0x38D0 (14544) pixels
0x7436, 0x7C98, 0x0023, 0x08A6, 0x0023, 0x322C, 0xA5DE, 0x10C6, 0x0023, 0x0022, 0x0001, 0x0000, 0x0000, 0x0000, 0x0000, 0x0000,   // 0x38E0 (14560) pixels
0x0000, 0x0000, 0x0000, 0x0000, 0x0000, 0x0000, 0x0041, 0x0041, 0x0042, 0x0021, 0x0000, 0x0000, 0x0000, 0x0000, 0x0000, 0x0000,   // 0x38F0 (14576) pixels
0x0000, 0x0000, 0x0000, 0x0000, 0x0000, 0x0000, 0x0000, 0x0000, 0x0000, 0x0000, 0x0000, 0x0000, 0x0000, 0x0000, 0x0000, 0x0000,   // 0x3900 (14592) pixels
0x0000, 0x0000, 0x0000, 0x0000, 0x0000, 0x0000, 0x0000, 0x0000, 0x0000, 0x0000, 0x0000, 0x0000, 0x0000, 0x0000, 0x0000, 0x0000,   // 0x3910 (14608) pixels
0x0000, 0x0000, 0x0000, 0x0000, 0x0000, 0x0000, 0x0000, 0x0000, 0x0000, 0x0000, 0x0000, 0x0000, 0x0000, 0x0000, 0x0000, 0x0000,   // 0x3920 (14624) pixels
0x0000, 0x0000, 0x0000, 0x0000, 0x0000, 0x0000, 0x0000, 0x0000, 0x0000, 0x0000, 0x0000, 0x0000, 0x0000, 0x0000, 0x0000, 0x0000,   // 0x3930 (14640) pixels
0x0000, 0x0000, 0x0000, 0x0000, 0x0000, 0x0000, 0x0000, 0x0000, 0x0000, 0x0000, 0x0000, 0x0000, 0x0000, 0x0000, 0x0000, 0x0000,   // 0x3940 (14656) pixels
0x0000, 0x0000, 0x0000, 0x0000, 0x0000, 0x0000, 0x0000, 0x0000, 0x0000, 0x0000, 0x0000, 0x0000, 0x0000, 0x0000, 0x0000, 0x0000,   // 0x3950 (14672) pixels
0x0000, 0x0000, 0x0000, 0x0000, 0x0000, 0x0000, 0x0000, 0x0000, 0x0000, 0x0000, 0x0000, 0x0000, 0x0000, 0x0000, 0x0000, 0x0000,   // 0x3960 (14688) pixels
0x0000, 0x0000, 0x0000, 0x0000, 0x0000, 0x0000, 0x0000, 0x0000, 0x0000, 0x0000, 0x0000, 0x0000, 0x0000, 0x0000, 0x0000, 0x0000,   // 0x3970 (14704) pixels
0x0000, 0x0000, 0x0000, 0x0000, 0x0000, 0x0000, 0x0000, 0x0000, 0x0000, 0x0000, 0x0000, 0x0000, 0x0000, 0x0000, 0x0000, 0x0000,   // 0x3980 (14720) pixels
0x0000, 0x0000, 0x0000, 0x0000, 0x0000, 0x0000, 0x0000, 0x0000, 0x0000, 0x0000, 0x0001, 0x0022, 0x0843, 0x0001, 0x4AF0, 0x957C,   // 0x3990 (14736) pixels
0x0865, 0x0064, 0x0065, 0x10C6, 0xA5DD, 0x63B4, 0x0002, 0x0024, 0x0045, 0x0045, 0x0045, 0x0045, 0x0045, 0x0844, 0x0044, 0x0044,   // 0x39A0 (14752) pixels
0x0044, 0x0044, 0x0044, 0x0044, 0x0044, 0x0044, 0x0044, 0x0044, 0x0044, 0x0044, 0x0044, 0x0044, 0x0024, 0x0024, 0x0045, 0x0045,   // 0x39B0 (14768) pixels
0x0044, 0x0044, 0x0044, 0x0045, 0x0045, 0x0845, 0x0865, 0x0865, 0x0865, 0x0001, 0x31EB, 0xB65F, 0x29CB, 0x0022, 0x08A6, 0x0044,   // 0x39C0 (14784) pixels
0x7416, 0x7C98, 0x0003, 0x10A6, 0x0023, 0x320C, 0xA5DE, 0x10C6, 0x0023, 0x0022, 0x0001, 0x0000, 0x0000, 0x0000, 0x0000, 0x0000,   // 0x39D0 (14800) pixels
0x0000, 0x0000, 0x0000, 0x0000, 0x0000, 0x0000, 0x0000, 0x0000, 0x0000, 0x0000, 0x0000, 0x0000, 0x0000, 0x0000, 0x0000, 0x0000,   // 0x39E0 (14816) pixels
0x0000, 0x0000, 0x0000, 0x0000, 0x0000, 0x0000, 0x0000, 0x0000, 0x0000, 0x0000, 0x0000, 0x0000, 0x0000, 0x0000, 0x0000, 0x0000,   // 0x39F0 (14832) pixels
0x0000, 0x0000, 0x0000, 0x0000, 0x0000, 0x0000, 0x0000, 0x0000, 0x0000, 0x0000, 0x0000, 0x0000, 0x0000, 0x0000, 0x0000, 0x0000,   // 0x3A00 (14848) pixels
0x0000, 0x0000, 0x0000, 0x0000, 0x0000, 0x0000, 0x0000, 0x0000, 0x0000, 0x0000, 0x0000, 0x0000, 0x0000, 0x0000, 0x0000, 0x0000,   // 0x3A10 (14864) pixels
0x0000, 0x0000, 0x0000, 0x0000, 0x0000, 0x0000, 0x0000, 0x0000, 0x0000, 0x0000, 0x0000, 0x0000, 0x0000, 0x0000, 0x0000, 0x0000,   // 0x3A20 (14880) pixels
0x0000, 0x0000, 0x0000, 0x0000, 0x0000, 0x0000, 0x0000, 0x0000, 0x0000, 0x0000, 0x0000, 0x0000, 0x0000, 0x0000, 0x0000, 0x0000,   // 0x3A30 (14896) pixels
0x0000, 0x0000, 0x0000, 0x0000, 0x0000, 0x0000, 0x0000, 0x0000, 0x0000, 0x0000, 0x0000, 0x0000, 0x0000, 0x0000, 0x0000, 0x0000,   // 0x3A40 (14912) pixels
0x0000, 0x0000, 0x0000, 0x0000, 0x0000, 0x0000, 0x0000, 0x0000, 0x0000, 0x0000, 0x0000, 0x0000, 0x0000, 0x0000, 0x0000, 0x0000,   // 0x3A50 (14928) pixels
0x0000, 0x0000, 0x0000, 0x0000, 0x0000, 0x0000, 0x0000, 0x0000, 0x0000, 0x0000, 0x0000, 0x0000, 0x0000, 0x0000, 0x0000, 0x0000,   // 0x3A60 (14944) pixels
0x0000, 0x0000, 0x0000, 0x0000, 0x0000, 0x0000, 0x0000, 0x0000, 0x0000, 0x0000, 0x0000, 0x0000, 0x0000, 0x0000, 0x0000, 0x0000,   // 0x3A70 (14960) pixels
0x0000, 0x0000, 0x0000, 0x0000, 0x0000, 0x0000, 0x0000, 0x0000, 0x0000, 0x0000, 0x0001, 0x0022, 0x0843, 0x0001, 0x4ACF, 0x957C,   // 0x3A80 (14976) pixels
0x0865, 0x0865, 0x08A6, 0x0024, 0x31EC, 0xA5FF, 0x6C36, 0x29EC, 0x31AC, 0x29AB, 0x298A, 0x298A, 0x298A, 0x298A, 0x298A, 0x298A,   // 0x3A90 (14992) pixels
0x298A, 0x298A, 0x298A, 0x298A, 0x298A, 0x298A, 0x298A, 0x298A, 0x298A, 0x298A, 0x216A, 0x216A, 0x218A, 0x218A, 0x218A, 0x216A,   // 0x3AA0 (15008) pixels
0x216A, 0x216A, 0x216A, 0x216A, 0x216A, 0x216A, 0x216A, 0x218A, 0x29AB, 0x5B52, 0xB65F, 0x5B93, 0x0022, 0x0884, 0x0886, 0x0024,   // 0x3AB0 (15024) pixels
0x7436, 0x7C78, 0x0023, 0x10A6, 0x0023, 0x320C, 0xA5DE, 0x10C6, 0x0022, 0x0022, 0x0001, 0x0000, 0x0000, 0x0000, 0x0000, 0x0000,   // 0x3AC0 (15040) pixels
0x0000, 0x0000, 0x0000, 0x0000, 0x0000, 0x0000, 0x0021, 0x0021, 0x0021, 0x0000, 0x0000, 0x0000, 0x0000, 0x0000, 0x0000, 0x0000,   // 0x3AD0 (15056) pixels
0x0000, 0x0000, 0x0000, 0x0000, 0x0000, 0x0000, 0x0000, 0x0000, 0x0000, 0x0000, 0x0000, 0x0000, 0x0000, 0x0000, 0x0000, 0x0000,   // 0x3AE0 (15072) pixels
0x0000, 0x0000, 0x0000, 0x0000, 0x0000, 0x0000, 0x0000, 0x0000, 0x0000, 0x0000, 0x0000, 0x0000, 0x0000, 0x0000, 0x0000, 0x0000,   // 0x3AF0 (15088) pixels
0x0000, 0x0000, 0x0000, 0x0000, 0x0000, 0x0000, 0x0000, 0x0000, 0x0000, 0x0000, 0x0000, 0x0000, 0x0000, 0x0000, 0x0000, 0x0000,   // 0x3B00 (15104) pixels
0x0000, 0x0000, 0x0000, 0x0000, 0x0000, 0x0000, 0x0000, 0x0000, 0x0000, 0x0000, 0x0000, 0x0000, 0x0000, 0x0000, 0x0000, 0x0000,   // 0x3B10 (15120) pixels
0x0000, 0x0000, 0x0000, 0x0000, 0x0000, 0x0000, 0x0000, 0x0000, 0x0000, 0x0000, 0x0000, 0x0000, 0x0000, 0x0000, 0x0000, 0x0000,   // 0x3B20 (15136) pixels
0x0000, 0x0000, 0x0000, 0x0000, 0x0000, 0x0000, 0x0000, 0x0000, 0x0000, 0x0000, 0x0000, 0x0000, 0x0000, 0x0000, 0x0000, 0x0000,   // 0x3B30 (15152) pixels
0x0000, 0x0000, 0x0000, 0x0000, 0x0000, 0x0000, 0x0000, 0x0000, 0x0000, 0x0000, 0x0000, 0x0000, 0x0000, 0x0000, 0x0000, 0x0000,   // 0x3B40 (15168) pixels
0x0000, 0x0000, 0x0000, 0x0000, 0x0000, 0x0000, 0x0000, 0x0000, 0x0000, 0x0000, 0x0000, 0x0000, 0x0000, 0x0000, 0x0000, 0x0000,   // 0x3B50 (15184) pixels
0x0000, 0x0000, 0x0000, 0x0000, 0x0000, 0x0000, 0x0000, 0x0000, 0x0000, 0x0000, 0x0021, 0x0021, 0x0021, 0x0021, 0x0000, 0x0000,   // 0x3B60 (15200) pixels
0x0000, 0x0000, 0x0000, 0x0000, 0x0000, 0x0000, 0x0000, 0x0000, 0x0000, 0x0000, 0x0001, 0x0022, 0x0843, 0x0001, 0x4ACF, 0x9D7D,   // 0x3B70 (15216) pixels
0x0865, 0x0865, 0x0886, 0x0885, 0x0024, 0x298B, 0x8CFA, 0xA5FE, 0xA5FE, 0xA5DE, 0xA5DD, 0xA5DD, 0xA5DD, 0x9DBD, 0x9DBD, 0x9DDD,   // 0x3B80 (15232) pixels
0x9DDD, 0x9DDD, 0x9DDE, 0x9DDE, 0x9DBD, 0x9DDD, 0x9DDD, 0x9DDD, 0x9DDD, 0x9DDD, 0xA5DE, 0xA5DE, 0x9DDD, 0x9DDD, 0x9DDD, 0x9DDE,   // 0x3B90 (15248) pixels
0xA5DE, 0x9DDE, 0xA5BE, 0xA5BE, 0xA5BD, 0x9DBD, 0x9DBD, 0x9DBD, 0xAE1E, 0xA5DD, 0x4AF1, 0x0043, 0x0864, 0x0885, 0x10A6, 0x0044,   // 0x3BA0 (15264) pixels
0x7416, 0x7C78, 0x0023, 0x1086, 0x0023, 0x320C, 0xA5DE, 0x10C6, 0x0022, 0x0022, 0x0001, 0x0000, 0x0000, 0x0000, 0x0000, 0x0000,   // 0x3BB0 (15280) pixels
0x0000, 0x0000, 0x0000, 0x0000, 0x0000, 0x0000, 0x0041, 0x0041, 0x0041, 0x0000, 0x0000, 0x0000, 0x0000, 0x0000, 0x0000, 0x0000,   // 0x3BC0 (15296) pixels
0x0000, 0x0000, 0x0000, 0x0000, 0x0000, 0x0000, 0x0000, 0x0000, 0x0000, 0x0000, 0x0000, 0x0000, 0x0000, 0x0000, 0x0000, 0x0000,   // 0x3BD0 (15312) pixels
0x0000, 0x0000, 0x0000, 0x0000, 0x0000, 0x0000, 0x0000, 0x0000, 0x0000, 0x0000, 0x0000, 0x0000, 0x0000, 0x0000, 0x0000, 0x0000,   // 0x3BE0 (15328) pixels
0x0000, 0x0000, 0x0000, 0x0000, 0x0000, 0x0000, 0x0000, 0x0000, 0x0000, 0x0000, 0x0000, 0x0000, 0x0000, 0x0000, 0x0000, 0x0000,   // 0x3BF0 (15344) pixels
0x0000, 0x0000, 0x0000, 0x0000, 0x0000, 0x0000, 0x0000, 0x0000, 0x0000, 0x0000, 0x0000, 0x0000, 0x0000, 0x0000, 0x0000, 0x0000,   // 0x3C00 (15360) pixels
0x0000, 0x0000, 0x0000, 0x0000, 0x0000, 0x0000, 0x0000, 0x0000, 0x0000, 0x0000, 0x0000, 0x0000, 0x0000, 0x0000, 0x0000, 0x0000,   // 0x3C10 (15376) pixels
0x0000, 0x0000, 0x0000, 0x0000, 0x0000, 0x0000, 0x0000, 0x0000, 0x0000, 0x0000, 0x0000, 0x0000, 0x0000, 0x0000, 0x0000, 0x0000,   // 0x3C20 (15392) pixels
0x0000, 0x0000, 0x0000, 0x0000, 0x0000, 0x0000, 0x0000, 0x0000, 0x0000, 0x0000, 0x0000, 0x0000, 0x0000, 0x0000, 0x0000, 0x0000,   // 0x3C30 (15408) pixels
0x0000, 0x0000, 0x0000, 0x0000, 0x0000, 0x0000, 0x0000, 0x0000, 0x0000, 0x0000, 0x0000, 0x0000, 0x0000, 0x0000, 0x0000, 0x0000,   // 0x3C40 (15424) pixels
0x0000, 0x0000, 0x0000, 0x0000, 0x0000, 0x0000, 0x0000, 0x0000, 0x0000, 0x0000, 0x0021, 0x0021, 0x0021, 0x0021, 0x0000, 0x0000,   // 0x3C50 (15440) pixels
0x0000, 0x0000, 0x0000, 0x0000, 0x0000, 0x0000, 0x0000, 0x0000, 0x0000, 0x0000, 0x0001, 0x0022, 0x0843, 0x0001, 0x4ACF, 0x9D9D,   // 0x3C60 (15456) pixels
0x0885, 0x0864, 0x0865, 0x0865, 0x0886, 0x0844, 0x0865, 0x214A, 0x216A, 0x216A, 0x216A, 0x216A, 0x216A, 0x216A, 0x216A, 0x216A,   // 0x3C70 (15472) pixels
0x216A, 0x216A, 0x216A, 0x216A, 0x216A, 0x216A, 0x216A, 0x216A, 0x216B, 0x216B, 0x218B, 0x298B, 0x298B, 0x218A, 0x218B, 0x218A,   // 0x3C80 (15488) pixels
0x298A, 0x218A, 0x216A, 0x216A, 0x216B, 0x218A, 0x218A, 0x298A, 0x296A, 0x10A7, 0x0045, 0x08A6, 0x0885, 0x0886, 0x10A6, 0x0024,   // 0x3C90 (15504) pixels
0x7C16, 0x7C77, 0x0003, 0x1086, 0x0024, 0x320D, 0xA5BE, 0x18C6, 0x0002, 0x0022, 0x0001, 0x0000, 0x0000, 0x0000, 0x0000, 0x0000,   // 0x3CA0 (15520) pixels
0x0000, 0x0000, 0x0000, 0x0000, 0x0000, 0x0020, 0x0041, 0x0041, 0x0041, 0x0000, 0x0000, 0x0000, 0x0000, 0x0000, 0x0000, 0x0000,   // 0x3CB0 (15536) pixels
0x0000, 0x0000, 0x0000, 0x0000, 0x0000, 0x0000, 0x0000, 0x0000, 0x0000, 0x0000, 0x0000, 0x0000, 0x0000, 0x0000, 0x0000, 0x0000,   // 0x3CC0 (15552) pixels
0x0000, 0x0000, 0x0000, 0x0000, 0x0000, 0x0000, 0x0000, 0x0000, 0x0000, 0x0000, 0x0000, 0x0000, 0x0000, 0x0000, 0x0000, 0x0000,   // 0x3CD0 (15568) pixels
0x0000, 0x0000, 0x0000, 0x0000, 0x0000, 0x0000, 0x0000, 0x0000, 0x0000, 0x0000, 0x0000, 0x0000, 0x0000, 0x0000, 0x0000, 0x0000,   // 0x3CE0 (15584) pixels
0x0000, 0x0000, 0x0000, 0x0000, 0x0000, 0x0000, 0x0000, 0x0000, 0x0000, 0x0000, 0x0000, 0x0000, 0x0000, 0x0000, 0x0000, 0x0000,   // 0x3CF0 (15600) pixels
0x0000, 0x0000, 0x0000, 0x0000, 0x0000, 0x0000, 0x0000, 0x0000, 0x0000, 0x0000, 0x0000, 0x0000, 0x0000, 0x0000, 0x0000, 0x0000,   // 0x3D00 (15616) pixels
0x0000, 0x0000, 0x0000, 0x0000, 0x0000, 0x0000, 0x0000, 0x0000, 0x0000, 0x0000, 0x0000, 0x0000, 0x0000, 0x0000, 0x0000, 0x0000,   // 0x3D10 (15632) pixels
0x0000, 0x0000, 0x0000, 0x0000, 0x0000, 0x0000, 0x0000, 0x0000, 0x0000, 0x0000, 0x0000, 0x0000, 0x0000, 0x0000, 0x0000, 0x0000,   // 0x3D20 (15648) pixels
0x0000, 0x0000, 0x0000, 0x0000, 0x0000, 0x0000, 0x0000, 0x0000, 0x0000, 0x0000, 0x0000, 0x0000, 0x0000, 0x0000, 0x0000, 0x0000,   // 0x3D30 (15664) pixels
0x0000, 0x0000, 0x0000, 0x0000, 0x0000, 0x0000, 0x0000, 0x0000, 0x0000, 0x0000, 0x0020, 0x0020, 0x0020, 0x0000, 0x0000, 0x0000,   // 0x3D40 (15680) pixels
0x0000, 0x0000, 0x0000, 0x0000, 0x0000, 0x0000, 0x0000, 0x0000, 0x0000, 0x0000, 0x0001, 0x0022, 0x0843, 0x0001, 0x4ACF, 0x9D9D,   // 0x3D50 (15696) pixels
0x0885, 0x0845, 0x0865, 0x0885, 0x0886, 0x10A7, 0x10A7, 0x0886, 0x0865, 0x0865, 0x0865, 0x0866, 0x0866, 0x0866, 0x0866, 0x0885,   // 0x3D60 (15712) pixels
0x0885, 0x0865, 0x0865, 0x0865, 0x0865, 0x0865, 0x0865, 0x0865, 0x0865, 0x0865, 0x0886, 0x0865, 0x0065, 0x0865, 0x0865, 0x0065,   // 0x3D70 (15728) pixels
0x0885, 0x0865, 0x0865, 0x0865, 0x0065, 0x0865, 0x0865, 0x0864, 0x0065, 0x0885, 0x08A6, 0x0886, 0x0886, 0x0885, 0x08A6, 0x0023,   // 0x3D80 (15744) pixels
0x7416, 0x7C57, 0x0003, 0x1086, 0x0023, 0x3A0C, 0xAD9E, 0x10A6, 0x0002, 0x0822, 0x0001, 0x0000, 0x0000, 0x0000, 0x0000, 0x0000,   // 0x3D90 (15760) pixels
0x0000, 0x0000, 0x0000, 0x0000, 0x0000, 0x0000, 0x0021, 0x0021, 0x0021, 0x0000, 0x0000, 0x0000, 0x0000, 0x0000, 0x0000, 0x0000,   // 0x3DA0 (15776) pixels
0x0000, 0x0000, 0x0000, 0x0000, 0x0000, 0x0000, 0x0000, 0x0000, 0x0000, 0x0000, 0x0000, 0x0000, 0x0000, 0x0000, 0x0000, 0x0000,   // 0x3DB0 (15792) pixels
0x0000, 0x0000, 0x0000, 0x0000, 0x0000, 0x0000, 0x0000, 0x0000, 0x0000, 0x0000, 0x0000, 0x0000, 0x0000, 0x0000, 0x0000, 0x0000,   // 0x3DC0 (15808) pixels
0x0000, 0x0000, 0x0000, 0x0000, 0x0000, 0x0000, 0x0000, 0x0000, 0x0000, 0x0000, 0x0000, 0x0000, 0x0000, 0x0000, 0x0000, 0x0000,   // 0x3DD0 (15824) pixels
0x0000, 0x0000, 0x0000, 0x0000, 0x0000, 0x0000, 0x0000, 0x0000, 0x0000, 0x0000, 0x0000, 0x0000, 0x0000, 0x0000, 0x0000, 0x0000,   // 0x3DE0 (15840) pixels
0x0000, 0x0000, 0x0000, 0x0000, 0x0000, 0x0000, 0x0000, 0x0000, 0x0000, 0x0000, 0x0000, 0x0000, 0x0000, 0x0000, 0x0000, 0x0000,   // 0x3DF0 (15856) pixels
0x0000, 0x0000, 0x0000, 0x0000, 0x0000, 0x0000, 0x0000, 0x0000, 0x0000, 0x0000, 0x0000, 0x0000, 0x0000, 0x0000, 0x0000, 0x0000,   // 0x3E00 (15872) pixels
0x0000, 0x0000, 0x0000, 0x0000, 0x0000, 0x0000, 0x0000, 0x0000, 0x0000, 0x0000, 0x0000, 0x0000, 0x0000, 0x0000, 0x0000, 0x0000,   // 0x3E10 (15888) pixels
0x0000, 0x0000, 0x0000, 0x0000, 0x0000, 0x0000, 0x0000, 0x0000, 0x0000, 0x0000, 0x0000, 0x0000, 0x0000, 0x0000, 0x0000, 0x0000,   // 0x3E20 (15904) pixels
0x0000, 0x0000, 0x0000, 0x0000, 0x0000, 0x0000, 0x0000, 0x0000, 0x0000, 0x0000, 0x0000, 0x0000, 0x0000, 0x0000, 0x0000, 0x0000,   // 0x3E30 (15920) pixels
0x0000, 0x0000, 0x0000, 0x0000, 0x0000, 0x0000, 0x0000, 0x0000, 0x0000, 0x0000, 0x0001, 0x0002, 0x0843, 0x0001, 0x4AAF, 0x9D7D,   // 0x3E40 (15936) pixels
0x0885, 0x0865, 0x0865, 0x0865, 0x0885, 0x0886, 0x08A6, 0x1087, 0x10A6, 0x10A6, 0x10A7, 0x10A7, 0x10A7, 0x10A7, 0x10A7, 0x10A6,   // 0x3E50 (15952) pixels
0x10A6, 0x10A6, 0x1086, 0x08A6, 0x08A6, 0x10A6, 0x10C6, 0x10C6, 0x10C7, 0x10C6, 0x10A6, 0x10A6, 0x10A6, 0x10A6, 0x08A6, 0x10A6,   // 0x3E60 (15968) pixels
0x08A6, 0x10A6, 0x08A6, 0x08A6, 0x08A6, 0x0886, 0x0886, 0x0886, 0x0886, 0x0885, 0x0885, 0x0885, 0x0885, 0x0885, 0x10A6, 0x0024,   // 0x3E70 (15984) pixels
0x7C16, 0x7C57, 0x0003, 0x1085, 0x0023, 0x39EC, 0xAD9D, 0x10C6, 0x0002, 0x0822, 0x0001, 0x0000, 0x0000, 0x0000, 0x0000, 0x0000,   // 0x3E80 (16000) pixels
0x0000, 0x0000, 0x0000, 0x0000, 0x0000, 0x0000, 0x0000, 0x0000, 0x0000, 0x0000, 0x0000, 0x0000, 0x0000, 0x0000, 0x0000, 0x0000,   // 0x3E90 (16016) pixels
0x0000, 0x0000, 0x0000, 0x0000, 0x0000, 0x0000, 0x0000, 0x0000, 0x0000, 0x0000, 0x0000, 0x0000, 0x0000, 0x0000, 0x0000, 0x0000,   // 0x3EA0 (16032) pixels
0x0000, 0x0000, 0x0000, 0x0000, 0x0000, 0x0000, 0x0000, 0x0000, 0x0000, 0x0000, 0x0000, 0x0000, 0x0000, 0x0000, 0x0000, 0x0000,   // 0x3EB0 (16048) pixels
0x0000, 0x0000, 0x0000, 0x0000, 0x0000, 0x0000, 0x0000, 0x0000, 0x0000, 0x0000, 0x0000, 0x0000, 0x0000, 0x0000, 0x0000, 0x0000,   // 0x3EC0 (16064) pixels
0x0000, 0x0000, 0x0000, 0x0000, 0x0000, 0x0000, 0x0000, 0x0000, 0x0000, 0x0000, 0x0000, 0x0000, 0x0000, 0x0000, 0x0000, 0x0000,   // 0x3ED0 (16080) pixels
0x0000, 0x0000, 0x0000, 0x0000, 0x0000, 0x0000, 0x0000, 0x0000, 0x0000, 0x0000, 0x0000, 0x0000, 0x0000, 0x0000, 0x0000, 0x0000,   // 0x3EE0 (16096) pixels
0x0000, 0x0000, 0x0000, 0x0000, 0x0000, 0x0000, 0x0000, 0x0000, 0x0000, 0x0000, 0x0000, 0x0000, 0x0000, 0x0000, 0x0000, 0x0000,   // 0x3EF0 (16112) pixels
0x0000, 0x0000, 0x0000, 0x0000, 0x0000, 0x0000, 0x0000, 0x0000, 0x0000, 0x0000, 0x0000, 0x0000, 0x0000, 0x0000, 0x0000, 0x0000,   // 0x3F00 (16128) pixels
0x0000, 0x0000, 0x0000, 0x0000, 0x0000, 0x0000, 0x0000, 0x0000, 0x0000, 0x0000, 0x0000, 0x0000, 0x0000, 0x0000, 0x0000, 0x0000,   // 0x3F10 (16144) pixels
0x0000, 0x0000, 0x0000, 0x0000, 0x0000, 0x0000, 0x0000, 0x0000, 0x0000, 0x0000, 0x0000, 0x0000, 0x0000, 0x0000, 0x0000, 0x0000,   // 0x3F20 (16160) pixels
0x0000, 0x0000, 0x0000, 0x0000, 0x0000, 0x0000, 0x0000, 0x0000, 0x0000, 0x0000, 0x0001, 0x0002, 0x0842, 0x0001, 0x4AAF, 0x9D7D,   // 0x3F30 (16176) pixels
0x0865, 0x0864, 0x0865, 0x0865, 0x0865, 0x0885, 0x0885, 0x0866, 0x0885, 0x0886, 0x0886, 0x0886, 0x1086, 0x1086, 0x1086, 0x10A7,   // 0x3F40 (16192) pixels
0x10A7, 0x1086, 0x08A6, 0x08A6, 0x1086, 0x0865, 0x0045, 0x0024, 0x0044, 0x0025, 0x0865, 0x1086, 0x10A6, 0x08A6, 0x1087, 0x0886,   // 0x3F50 (16208) pixels
0x0886, 0x0886, 0x0886, 0x0885, 0x0885, 0x0865, 0x0865, 0x0865, 0x0865, 0x0865, 0x0865, 0x0865, 0x0885, 0x0886, 0x1086, 0x0024,   // 0x3F60 (16224) pixels
0x7BF6, 0x7C37, 0x0002, 0x1085, 0x0023, 0x39EC, 0xADBD, 0x18C6, 0x0002, 0x0822, 0x0001, 0x0000, 0x0000, 0x0000, 0x0000, 0x0000,   // 0x3F70 (16240) pixels
0x0000, 0x0000, 0x0000, 0x0000, 0x0000, 0x0020, 0x0020, 0x0000, 0x0000, 0x0000, 0x0000, 0x0000, 0x0000, 0x0000, 0x0000, 0x0000,   // 0x3F80 (16256) pixels
0x0000, 0x0000, 0x0000, 0x0000, 0x0000, 0x0000, 0x0000, 0x0000, 0x0000, 0x0000, 0x0000, 0x0000, 0x0000, 0x0000, 0x0000, 0x0000,   // 0x3F90 (16272) pixels
0x0000, 0x0000, 0x0000, 0x0000, 0x0000, 0x0000, 0x0000, 0x0000, 0x0000, 0x0000, 0x0000, 0x0000, 0x0000, 0x0000, 0x0000, 0x0000,   // 0x3FA0 (16288) pixels
0x0000, 0x0000, 0x0000, 0x0000, 0x0000, 0x0000, 0x0000, 0x0000, 0x0000, 0x0000, 0x0000, 0x0000, 0x0000, 0x0000, 0x0000, 0x0000,   // 0x3FB0 (16304) pixels
0x0000, 0x0000, 0x0000, 0x0000, 0x0000, 0x0000, 0x0000, 0x0000, 0x0000, 0x0000, 0x0000, 0x0000, 0x0000, 0x0000, 0x0000, 0x0000,   // 0x3FC0 (16320) pixels
0x0000, 0x0000, 0x0000, 0x0000, 0x0000, 0x0000, 0x0000, 0x0000, 0x0000, 0x0000, 0x0000, 0x0000, 0x0000, 0x0000, 0x0000, 0x0000,   // 0x3FD0 (16336) pixels
0x0000, 0x0000, 0x0000, 0x0000, 0x0000, 0x0000, 0x0000, 0x0000, 0x0000, 0x0000, 0x0000, 0x0000, 0x0000, 0x0000, 0x0000, 0x0000,   // 0x3FE0 (16352) pixels
0x0000, 0x0000, 0x0000, 0x0000, 0x0000, 0x0000, 0x0000, 0x0000, 0x0000, 0x0000, 0x0000, 0x0000, 0x0000, 0x0000, 0x0000, 0x0000,   // 0x3FF0 (16368) pixels
0x0000, 0x0000, 0x0000, 0x0000, 0x0000, 0x0000, 0x0000, 0x0000, 0x0000, 0x0000, 0x0000, 0x0000, 0x0000, 0x0000, 0x0000, 0x0000,   // 0x4000 (16384) pixels
0x0000, 0x0000, 0x0000, 0x0000, 0x0000, 0x0000, 0x0000, 0x0000, 0x0000, 0x0000, 0x0000, 0x0020, 0x0000, 0x0000, 0x0000, 0x0000,   // 0x4010 (16400) pixels
0x0000, 0x0000, 0x0000, 0x0000, 0x0000, 0x0000, 0x0000, 0x0000, 0x0000, 0x0000, 0x0001, 0x0002, 0x0842, 0x0000, 0x4A8F, 0x9D5D,   // 0x4020 (16416) pixels
0x0865, 0x0864, 0x0865, 0x0864, 0x0865, 0x0864, 0x0865, 0x0865, 0x0865, 0x0865, 0x0865, 0x1086, 0x0885, 0x1086, 0x1086, 0x1086,   // 0x4030 (16432) pixels
0x1086, 0x10A6, 0x1086, 0x0023, 0x0024, 0x1928, 0x3A4D, 0x52F0, 0x4ACF, 0x3A0C, 0x1907, 0x0024, 0x0024, 0x1087, 0x10A7, 0x08A6,   // 0x4040 (16448) pixels
0x08A6, 0x0886, 0x0885, 0x0865, 0x0885, 0x0864, 0x0865, 0x0864, 0x0865, 0x0864, 0x0844, 0x0865, 0x0865, 0x0865, 0x10A6, 0x0024,   // 0x4050 (16464) pixels
0x7C16, 0x8437, 0x0003, 0x1086, 0x0023, 0x39EC, 0xAD7D, 0x18C6, 0x0002, 0x0822, 0x0001, 0x0000, 0x0000, 0x0000, 0x0000, 0x0000,   // 0x4060 (16480) pixels
0x0000, 0x0000, 0x0000, 0x0000, 0x0000, 0x0020, 0x0020, 0x0020, 0x0000, 0x0000, 0x0000, 0x0000, 0x0000, 0x0000, 0x0000, 0x0000,   // 0x4070 (16496) pixels
0x0000, 0x0000, 0x0000, 0x0000, 0x0000, 0x0000, 0x0000, 0x0000, 0x0000, 0x0000, 0x0000, 0x0000, 0x0000, 0x0000, 0x0000, 0x0000,   // 0x4080 (16512) pixels
0x0000, 0x0000, 0x0000, 0x0000, 0x0000, 0x0000, 0x0000, 0x0000, 0x0000, 0x0000, 0x0000, 0x0000, 0x0000, 0x0000, 0x0000, 0x0000,   // 0x4090 (16528) pixels
0x0000, 0x0000, 0x0000, 0x0000, 0x0000, 0x0000, 0x0000, 0x0000, 0x0000, 0x0000, 0x0000, 0x0000, 0x0000, 0x0000, 0x0000, 0x0000,   // 0x40A0 (16544) pixels
0x0000, 0x0000, 0x0000, 0x0000, 0x0000, 0x0000, 0x0000, 0x0000, 0x0000, 0x0000, 0x0000, 0x0000, 0x0000, 0x0000, 0x0000, 0x0000,   // 0x40B0 (16560) pixels
0x0000, 0x0000, 0x0000, 0x0000, 0x0000, 0x0000, 0x0000, 0x0000, 0x0000, 0x0000, 0x0000, 0x0000, 0x0000, 0x0000, 0x0000, 0x0000,   // 0x40C0 (16576) pixels
0x0000, 0x0000, 0x0000, 0x0000, 0x0000, 0x0000, 0x0000, 0x0000, 0x0000, 0x0000, 0x0000, 0x0000, 0x0000, 0x0000, 0x0000, 0x0000,   // 0x40D0 (16592) pixels
0x0000, 0x0000, 0x0000, 0x0000, 0x0000, 0x0000, 0x0000, 0x0000, 0x0000, 0x0000, 0x0000, 0x0000, 0x0000, 0x0000, 0x0000, 0x0000,   // 0x40E0 (16608) pixels
0x0000, 0x0000, 0x0000, 0x0000, 0x0000, 0x0000, 0x0000, 0x0000, 0x0000, 0x0000, 0x0000, 0x0000, 0x0000, 0x0000, 0x0000, 0x0000,   // 0x40F0 (16624) pixels
0x0000, 0x0000, 0x0000, 0x0000, 0x0000, 0x0000, 0x0000, 0x0000, 0x0000, 0x0000, 0x0000, 0x0000, 0x0000, 0x0000, 0x0000, 0x0000,   // 0x4100 (16640) pixels
0x0000, 0x0000, 0x0800, 0x0000, 0x0000, 0x0821, 0x0000, 0x0000, 0x0000, 0x0000, 0x0001, 0x0022, 0x0843, 0x0001, 0x528F, 0x9D5D,   // 0x4110 (16656) pixels
0x0865, 0x0845, 0x0844, 0x1064, 0x0864, 0x0844, 0x0844, 0x0845, 0x0864, 0x0844, 0x0865, 0x0865, 0x0865, 0x1065, 0x0865, 0x0885,   // 0x4120 (16672) pixels
0x1086, 0x0866, 0x0845, 0x426E, 0x8518, 0xA61D, 0xAE3F, 0xAE1D, 0xA5DD, 0xA61E, 0xA5FE, 0x8D19, 0x4AAE, 0x0865, 0x0865, 0x1086,   // 0x4130 (16688) pixels
0x0886, 0x0885, 0x0865, 0x0865, 0x0865, 0x0864, 0x0844, 0x0844, 0x0844, 0x0844, 0x0844, 0x0844, 0x0865, 0x0865, 0x10A6, 0x0024,   // 0x4140 (16704) pixels
0x8416, 0x8458, 0x0003, 0x1085, 0x0003, 0x39EC, 0xAD9D, 0x18A6, 0x0822, 0x0822, 0x0001, 0x0000, 0x0000, 0x0000, 0x0000, 0x0000,   // 0x4150 (16720) pixels
0x0000, 0x0000, 0x0000, 0x0000, 0x0000, 0x0020, 0x0020, 0x0020, 0x0000, 0x0000, 0x0000, 0x0000, 0x0000, 0x0000, 0x0000, 0x0000,   // 0x4160 (16736) pixels
0x0000, 0x0000, 0x0000, 0x0000, 0x0000, 0x0000, 0x0000, 0x0000, 0x0000, 0x0000, 0x0000, 0x0000, 0x0000, 0x0000, 0x0000, 0x0000,   // 0x4170 (16752) pixels
0x0000, 0x0000, 0x0000, 0x0000, 0x0000, 0x0000, 0x0000, 0x0000, 0x0000, 0x0000, 0x0000, 0x0000, 0x0000, 0x0000, 0x0000, 0x0000,   // 0x4180 (16768) pixels
0x0000, 0x0000, 0x0000, 0x0000, 0x0000, 0x0000, 0x0000, 0x0000, 0x0000, 0x0000, 0x0000, 0x0000, 0x0000, 0x0000, 0x0000, 0x0000,   // 0x4190 (16784) pixels
0x0000, 0x0000, 0x0000, 0x0000, 0x0000, 0x0000, 0x0000, 0x0000, 0x0000, 0x0000, 0x0000, 0x0000, 0x0000, 0x0000, 0x0000, 0x0000,   // 0x41A0 (16800) pixels
0x0000, 0x0000, 0x0000, 0x0000, 0x0000, 0x0000, 0x0000, 0x0000, 0x0000, 0x0000, 0x0000, 0x0000, 0x0000, 0x0000, 0x0000, 0x0000,   // 0x41B0 (16816) pixels
0x0000, 0x0000, 0x0000, 0x0000, 0x0000, 0x0000, 0x0000, 0x0000, 0x0000, 0x0000, 0x0000, 0x0000, 0x0000, 0x0000, 0x0000, 0x0000,   // 0x41C0 (16832) pixels
0x0000, 0x0000, 0x0000, 0x0000, 0x0000, 0x0000, 0x0000, 0x0000, 0x0000, 0x0000, 0x0000, 0x0000, 0x0000, 0x0000, 0x0000, 0x0000,   // 0x41D0 (16848) pixels
0x0000, 0x0000, 0x0000, 0x0000, 0x0000, 0x0000, 0x0000, 0x0000, 0x0000, 0x0000, 0x0000, 0x0000, 0x0000, 0x0000, 0x0000, 0x0000,   // 0x41E0 (16864) pixels
0x0000, 0x0000, 0x0000, 0x0000, 0x0000, 0x0000, 0x0000, 0x0000, 0x0000, 0x0000, 0x0000, 0x0000, 0x0000, 0x0000, 0x0000, 0x0000,   // 0x41F0 (16880) pixels
0x8349, 0x72E7, 0x1880, 0x30E1, 0x93A9, 0x3984, 0x0000, 0x0000, 0x0000, 0x0000, 0x0001, 0x0022, 0x0843, 0x0000, 0x526F, 0xA55D,   // 0x4200 (16896) pixels
0x0865, 0x0844, 0x0844, 0x0844, 0x0844, 0x0844, 0x0844, 0x0844, 0x0844, 0x0844, 0x0844, 0x0844, 0x0844, 0x0844, 0x0864, 0x0885,   // 0x4210 (16912) pixels
0x0823, 0x2108, 0x8D18, 0xB67F, 0x7436, 0x3A0D, 0x1929, 0x10C8, 0x10C7, 0x1908, 0x322D, 0x7457, 0xB67F, 0x957A, 0x2969, 0x0824,   // 0x4220 (16928) pixels
0x1085, 0x1085, 0x0885, 0x0844, 0x0844, 0x0844, 0x0844, 0x0844, 0x0844, 0x0843, 0x0843, 0x0844, 0x0844, 0x0865, 0x1085, 0x0024,   // 0x4230 (16944) pixels
0x8416, 0x8C58, 0x0003, 0x1086, 0x0824, 0x39EC, 0xAD7D, 0x18A6, 0x0822, 0x0822, 0x0001, 0x0000, 0x0000, 0x0000, 0x0000, 0x0000,   // 0x4240 (16960) pixels
0x0000, 0x0000, 0x0000, 0x0000, 0x0000, 0x0000, 0x0000, 0x0000, 0x0000, 0x0000, 0x0000, 0x0000, 0x0000, 0x0000, 0x0000, 0x0000,   // 0x4250 (16976) pixels
0x0000, 0x0000, 0x0000, 0x0000, 0x0000, 0x0000, 0x0000, 0x0000, 0x0000, 0x0000, 0x0000, 0x0000, 0x0000, 0x0000, 0x0000, 0x0000,   // 0x4260 (16992) pixels
0x0000, 0x0000, 0x0000, 0x0000, 0x0000, 0x0000, 0x0000, 0x0000, 0x0000, 0x0000, 0x0000, 0x0000, 0x0000, 0x0000, 0x0000, 0x0000,   // 0x4270 (17008) pixels
0x0000, 0x0000, 0x0000, 0x0000, 0x0000, 0x0000, 0x0000, 0x0000, 0x0000, 0x0000, 0x0000, 0x0000, 0x0000, 0x0000, 0x0000, 0x0000,   // 0x4280 (17024) pixels
0x0000, 0x0000, 0x0000, 0x0000, 0x0000, 0x0000, 0x0000, 0x0000, 0x0000, 0x0000, 0x0000, 0x0000, 0x0000, 0x0000, 0x0000, 0x0000,   // 0x4290 (17040) pixels
0x0000, 0x0000, 0x0000, 0x0000, 0x0000, 0x0000, 0x0000, 0x0000, 0x0000, 0x0000, 0x0000, 0x0000, 0x0000, 0x0000, 0x0000, 0x0000,   // 0x42A0 (17056) pixels
0x0000, 0x0000, 0x0000, 0x0000, 0x0000, 0x0000, 0x0000, 0x0000, 0x0000, 0x0000, 0x0000, 0x0000, 0x0000, 0x0000, 0x0000, 0x0000,   // 0x42B0 (17072) pixels
0x0000, 0x0000, 0x0000, 0x0000, 0x0000, 0x0000, 0x0000, 0x0000, 0x0000, 0x0000, 0x0000, 0x0000, 0x0000, 0x0000, 0x0000, 0x0000,   // 0x42C0 (17088) pixels
0x0000, 0x0000, 0x0000, 0x0000, 0x0000, 0x0000, 0x0000, 0x0000, 0x0000, 0x0000, 0x0000, 0x0000, 0x0000, 0x0000, 0x0000, 0x0000,   // 0x42D0 (17104) pixels
0x0000, 0x0000, 0x0000, 0x0000, 0x0000, 0x0000, 0x0000, 0x0000, 0x0000, 0x0000, 0x0000, 0x0000, 0x0000, 0x0000, 0x0000, 0x0000,   // 0x42E0 (17120) pixels
0x7AE6, 0xFEED, 0xEDCA, 0xFE4C, 0xA429, 0x0800, 0x0000, 0x0000, 0x0000, 0x0000, 0x0001, 0x0022, 0x0823, 0x0001, 0x526F, 0xA53D,   // 0x42F0 (17136) pixels
0x1085, 0x0824, 0x1044, 0x0844, 0x0843, 0x0843, 0x0823, 0x0843, 0x0824, 0x0843, 0x0843, 0x0844, 0x0844, 0x1044, 0x1065, 0x0003,   // 0x4300 (17152) pixels
0x2128, 0xA5DD, 0x8CF9, 0x2149, 0x0025, 0x0845, 0x0865, 0x0886, 0x0886, 0x0865, 0x0044, 0x0024, 0x2149, 0x84D9, 0xAE3F, 0x31EB,   // 0x4310 (17168) pixels
0x0023, 0x10A6, 0x0865, 0x0844, 0x1044, 0x0844, 0x0844, 0x0843, 0x0824, 0x0824, 0x0844, 0x0843, 0x0844, 0x0865, 0x1085, 0x0024,   // 0x4320 (17184) pixels
0x8436, 0x8C57, 0x0844, 0xA4FB, 0x39EC, 0x398A, 0xB57D, 0x18A6, 0x0822, 0x0822, 0x0001, 0x0000, 0x0000, 0x0000, 0x0000, 0x0000,   // 0x4330 (17200) pixels
0x0000, 0x0000, 0x0000, 0x0000, 0x0000, 0x0000, 0x0000, 0x0000, 0x0000, 0x0000, 0x0000, 0x0000, 0x0000, 0x0000, 0x0000, 0x0000,   // 0x4340 (17216) pixels
0x0000, 0x0000, 0x0000, 0x0000, 0x0000, 0x0000, 0x0000, 0x0000, 0x0000, 0x0000, 0x0000, 0x0000, 0x0000, 0x0000, 0x0000, 0x0000,   // 0x4350 (17232) pixels
0x0000, 0x0000, 0x0000, 0x0000, 0x0000, 0x0000, 0x0000, 0x0000, 0x0000, 0x0000, 0x0000, 0x0000, 0x0000, 0x0000, 0x0000, 0x0000,   // 0x4360 (17248) pixels
0x0000, 0x0000, 0x0000, 0x0000, 0x0000, 0x0000, 0x0000, 0x0000, 0x0000, 0x0000, 0x0000, 0x0000, 0x0000, 0x0000, 0x0000, 0x0000,   // 0x4370 (17264) pixels
0x0000, 0x0000, 0x0000, 0x0000, 0x0000, 0x0000, 0x0000, 0x0000, 0x0000, 0x0000, 0x0000, 0x0000, 0x0000, 0x0000, 0x0000, 0x0000,   // 0x4380 (17280) pixels
0x0000, 0x0000, 0x0000, 0x0000, 0x0000, 0x0000, 0x0000, 0x0000, 0x0000, 0x0000, 0x0000, 0x0000, 0x0000, 0x0000, 0x0000, 0x0000,   // 0x4390 (17296) pixels
0x0000, 0x0000, 0x0000, 0x0000, 0x0000, 0x0000, 0x0000, 0x0000, 0x0000, 0x0000, 0x0000, 0x0000, 0x0000, 0x0000, 0x0000, 0x0000,   // 0x43A0 (17312) pixels
0x0000, 0x0000, 0x0000, 0x0000, 0x0000, 0x0000, 0x0000, 0x0000, 0x0000, 0x0000, 0x0000, 0x0000, 0x0000, 0x0000, 0x0000, 0x0000,   // 0x43B0 (17328) pixels
0x0000, 0x0000, 0x0000, 0x0000, 0x0000, 0x0000, 0x0000, 0x0000, 0x0000, 0x0000, 0x0000, 0x0000, 0x0000, 0x0000, 0x0000, 0x0000,   // 0x43C0 (17344) pixels
0x0000, 0x0000, 0x0000, 0x0000, 0x0000, 0x0000, 0x0000, 0x0000, 0x0000, 0x0000, 0x0000, 0x0000, 0x0000, 0x0000, 0x0020, 0x0000,   // 0x43D0 (17360) pixels
0x3963, 0xC488, 0x9B65, 0x6244, 0x0800, 0x0000, 0x0000, 0x0000, 0x0000, 0x0000, 0x0001, 0x0022, 0x0822, 0x0001, 0x526F, 0xAD3D,   // 0x43E0 (17376) pixels
0x1065, 0x0844, 0x0844, 0x0844, 0x0843, 0x0823, 0x0843, 0x0843, 0x0843, 0x0843, 0x0844, 0x0843, 0x0844, 0x1065, 0x0844, 0x18A6,   // 0x43F0 (17392) pixels
0xA59C, 0x6BF6, 0x0024, 0x0845, 0x10A7, 0x18A6, 0x10A7, 0x10A7, 0x10A6, 0x10A6, 0x10A6, 0x10C7, 0x0844, 0x0003, 0x63B4, 0xAE3F,   // 0x4400 (17408) pixels
0x298A, 0x0845, 0x1085, 0x0845, 0x0844, 0x0844, 0x0824, 0x0823, 0x0824, 0x0824, 0x0844, 0x0844, 0x0844, 0x1065, 0x1085, 0x0824,   // 0x4410 (17424) pixels
0x8416, 0x8C37, 0x1065, 0xBDDF, 0x4A4D, 0x318A, 0xB57D, 0x18A5, 0x0802, 0x0822, 0x0001, 0x0000, 0x0000, 0x0000, 0x0000, 0x0000,   // 0x4420 (17440) pixels
0x0000, 0x0000, 0x0000, 0x0000, 0x0000, 0x0000, 0x0000, 0x0000, 0x0000, 0x0000, 0x0000, 0x0000, 0x0000, 0x0000, 0x0000, 0x0000,   // 0x4430 (17456) pixels
0x0000, 0x0000, 0x0000, 0x0000, 0x0000, 0x0000, 0x0000, 0x0000, 0x0000, 0x0000, 0x0000, 0x0000, 0x0000, 0x0000, 0x0000, 0x0000,   // 0x4440 (17472) pixels
0x0000, 0x0000, 0x0000, 0x0000, 0x0000, 0x0000, 0x0000, 0x0000, 0x0000, 0x0000, 0x0000, 0x0000, 0x0000, 0x0000, 0x0000, 0x0000,   // 0x4450 (17488) pixels
0x0000, 0x0000, 0x0000, 0x0000, 0x0000, 0x0000, 0x0000, 0x0000, 0x0000, 0x0000, 0x0000, 0x0000, 0x0000, 0x0000, 0x0000, 0x0000,   // 0x4460 (17504) pixels
0x0000, 0x0000, 0x0000, 0x0000, 0x0000, 0x0000, 0x0000, 0x0000, 0x0000, 0x0000, 0x0000, 0x0000, 0x0000, 0x0000, 0x0000, 0x0000,   // 0x4470 (17520) pixels
0x0000, 0x0000, 0x0000, 0x0000, 0x0000, 0x0000, 0x0000, 0x0000, 0x0000, 0x0000, 0x0000, 0x0000, 0x0000, 0x0000, 0x0000, 0x0000,   // 0x4480 (17536) pixels
0x0000, 0x0000, 0x0000, 0x0000, 0x0000, 0x0000, 0x0000, 0x0000, 0x0000, 0x0000, 0x0000, 0x0000, 0x0000, 0x0000, 0x0000, 0x0000,   // 0x4490 (17552) pixels
0x0000, 0x0000, 0x0000, 0x0000, 0x0000, 0x0000, 0x0000, 0x0000, 0x0000, 0x0000, 0x0000, 0x0000, 0x0000, 0x0000, 0x0000, 0x0000,   // 0x44A0 (17568) pixels
0x0000, 0x0000, 0x0000, 0x0000, 0x0000, 0x0000, 0x0000, 0x0000, 0x0000, 0x0000, 0x0000, 0x0000, 0x0000, 0x0000, 0x0000, 0x0000,   // 0x44B0 (17584) pixels
0x0000, 0x0000, 0x0000, 0x0000, 0x0000, 0x0000, 0x0000, 0x0000, 0x0000, 0x0000, 0x0000, 0x0000, 0x0000, 0x0000, 0x0000, 0x0000,   // 0x44C0 (17600) pixels
0x18A1, 0x8307, 0x0000, 0x0000, 0x0800, 0x0000, 0x0000, 0x0000, 0x0000, 0x0000, 0x0001, 0x0002, 0x0822, 0x0001, 0x526F, 0xAD1C,   // 0x44D0 (17616) pixels
0x1065, 0x1044, 0x1024, 0x0823, 0x0823, 0x0823, 0x0823, 0x0823, 0x0823, 0x0823, 0x1024, 0x0823, 0x1044, 0x1065, 0x0004, 0x8C97,   // 0x44E0 (17632) pixels
0x94F9, 0x0023, 0x1064, 0x1086, 0x10A6, 0x10A6, 0x10A6, 0x10C6, 0x10A6, 0x10A6, 0x10A6, 0x10A6, 0x10A6, 0x1085, 0x0003, 0x8497,   // 0x44F0 (17648) pixels
0x9D7B, 0x0865, 0x1065, 0x0865, 0x0844, 0x0843, 0x0823, 0x0844, 0x0824, 0x0824, 0x0824, 0x0824, 0x0844, 0x1045, 0x1065, 0x0823,   // 0x4500 (17664) pixels
0x8416, 0x8C37, 0x1085, 0xB59E, 0x420D, 0x398A, 0xB57D, 0x18A6, 0x0802, 0x0822, 0x0001, 0x0000, 0x0000, 0x0000, 0x0000, 0x0000,   // 0x4510 (17680) pixels
0x0000, 0x0000, 0x0000, 0x0000, 0x0000, 0x0020, 0x0020, 0x0000, 0x0000, 0x0000, 0x0000, 0x0000, 0x0000, 0x0000, 0x0000, 0x0000,   // 0x4520 (17696) pixels
0x0000, 0x0000, 0x0000, 0x0000, 0x0000, 0x0000, 0x0000, 0x0000, 0x0000, 0x0000, 0x0000, 0x0000, 0x0000, 0x0000, 0x0000, 0x0000,   // 0x4530 (17712) pixels
0x0000, 0x0000, 0x0000, 0x0000, 0x0000, 0x0000, 0x0000, 0x0000, 0x0000, 0x0000, 0x0000, 0x0000, 0x0000, 0x0000, 0x0000, 0x0000,   // 0x4540 (17728) pixels
0x0000, 0x0000, 0x0000, 0x0000, 0x0000, 0x0000, 0x0000, 0x0000, 0x0000, 0x0000, 0x0000, 0x0000, 0x0000, 0x0000, 0x0000, 0x0000,   // 0x4550 (17744) pixels
0x0000, 0x0000, 0x0000, 0x0000, 0x0000, 0x0000, 0x0000, 0x0000, 0x0000, 0x0000, 0x0000, 0x0000, 0x0000, 0x0000, 0x0000, 0x0000,   // 0x4560 (17760) pixels
0x0000, 0x0000, 0x0000, 0x0000, 0x0000, 0x0000, 0x0000, 0x0000, 0x0000, 0x0000, 0x0000, 0x0000, 0x0000, 0x0000, 0x0000, 0x0000,   // 0x4570 (17776) pixels
0x0000, 0x0000, 0x0000, 0x0000, 0x0000, 0x0000, 0x0000, 0x0000, 0x0000, 0x0000, 0x0000, 0x0000, 0x0000, 0x0000, 0x0000, 0x0000,   // 0x4580 (17792) pixels
0x0000, 0x0000, 0x0000, 0x0000, 0x0000, 0x0000, 0x0000, 0x0000, 0x0000, 0x0000, 0x0000, 0x0000, 0x0000, 0x0000, 0x0000, 0x0000,   // 0x4590 (17808) pixels
0x0000, 0x0000, 0x0000, 0x0000, 0x0000, 0x0000, 0x0000, 0x0000, 0x0000, 0x0000, 0x0000, 0x0000, 0x0000, 0x0000, 0x0000, 0x0000,   // 0x45A0 (17824) pixels
0x0000, 0x0000, 0x0000, 0x0000, 0x0000, 0x0000, 0x0000, 0x0000, 0x0000, 0x0000, 0x0000, 0x0000, 0x0000, 0x0000, 0x0000, 0x0000,   // 0x45B0 (17840) pixels
0x0000, 0x8B27, 0x20A1, 0x0000, 0x0000, 0x0000, 0x0000, 0x0000, 0x0000, 0x0000, 0x0001, 0x0002, 0x0822, 0x0001, 0x526E, 0xAD1C,   // 0x45C0 (17856) pixels
0x1865, 0x1044, 0x1044, 0x0823, 0x0823, 0x0823, 0x0823, 0x0823, 0x0823, 0x0823, 0x1023, 0x1043, 0x1064, 0x0003, 0x422C, 0xBE3F,   // 0x45D0 (17872) pixels
0x2949, 0x0844, 0x1086, 0x1065, 0x0864, 0x18E7, 0x10A6, 0x0825, 0x10A6, 0x10A6, 0x1086, 0x1086, 0x10A6, 0x10A6, 0x0845, 0x1907,   // 0x45E0 (17888) pixels
0xB63E, 0x52D0, 0x0002, 0x1064, 0x0844, 0x0844, 0x0844, 0x0824, 0x0824, 0x0824, 0x0824, 0x0824, 0x0844, 0x1064, 0x1065, 0x0824,   // 0x45F0 (17904) pixels
0x8416, 0x8C37, 0x1064, 0xAD5D, 0x4A0D, 0x398A, 0xBD7D, 0x18A6, 0x0802, 0x0802, 0x0001, 0x0000, 0x0000, 0x0000, 0x0000, 0x0000,   // 0x4600 (17920) pixels
0x0000, 0x0000, 0x0000, 0x0000, 0x0000, 0x0000, 0x0000, 0x0000, 0x0000, 0x0000, 0x0000, 0x0000, 0x0000, 0x0000, 0x0000, 0x0000,   // 0x4610 (17936) pixels
0x0000, 0x0000, 0x0000, 0x0000, 0x0000, 0x0000, 0x0000, 0x0000, 0x0000, 0x0000, 0x0000, 0x0000, 0x0000, 0x0000, 0x0000, 0x0000,   // 0x4620 (17952) pixels
0x0000, 0x0000, 0x0000, 0x0000, 0x0000, 0x0000, 0x0000, 0x0000, 0x0000, 0x0000, 0x0000, 0x0000, 0x0000, 0x0000, 0x0000, 0x0000,   // 0x4630 (17968) pixels
0x0000, 0x0000, 0x0000, 0x0000, 0x0000, 0x0000, 0x0000, 0x0000, 0x0000, 0x0000, 0x0000, 0x0000, 0x0000, 0x0000, 0x0000, 0x0000,   // 0x4640 (17984) pixels
0x0000, 0x0000, 0x0000, 0x0000, 0x0000, 0x0000, 0x0000, 0x0000, 0x0000, 0x0000, 0x0000, 0x0000, 0x0000, 0x0000, 0x0000, 0x0000,   // 0x4650 (18000) pixels
0x0000, 0x0000, 0x0000, 0x0000, 0x0000, 0x0000, 0x0000, 0x0000, 0x0000, 0x0000, 0x0000, 0x0000, 0x0000, 0x0000, 0x0000, 0x0000,   // 0x4660 (18016) pixels
0x0000, 0x0000, 0x0000, 0x0000, 0x0000, 0x0000, 0x0000, 0x0000, 0x0000, 0x0000, 0x0000, 0x0000, 0x0000, 0x0000, 0x0000, 0x0000,   // 0x4670 (18032) pixels
0x0000, 0x0000, 0x0000, 0x0000, 0x0000, 0x0000, 0x0000, 0x0000, 0x0000, 0x0000, 0x0000, 0x0000, 0x0000, 0x0000, 0x0000, 0x0000,   // 0x4680 (18048) pixels
0x0000, 0x0000, 0x0000, 0x0000, 0x0000, 0x0000, 0x0000, 0x0000, 0x0000, 0x0000, 0x0000, 0x0000, 0x0000, 0x0000, 0x0000, 0x0000,   // 0x4690 (18064) pixels
0x0000, 0x0000, 0x0000, 0x0000, 0x0000, 0x0000, 0x0000, 0x0000, 0x0000, 0x0000, 0x0000, 0x0000, 0x0000, 0x0000, 0x0000, 0x0000,   // 0x46A0 (18080) pixels
0x0000, 0x7AA6, 0x4963, 0x0000, 0x0020, 0x0000, 0x0000, 0x0000, 0x0000, 0x0000, 0x0001, 0x0802, 0x0822, 0x0001, 0x5A4F, 0xACFC,   // 0x46B0 (18096) pixels
0x1865, 0x1044, 0x1044, 0x1023, 0x1023, 0x0823, 0x0823, 0x0823, 0x0823, 0x0823, 0x0823, 0x0844, 0x1044, 0x0003, 0x8CB8, 0x8457,   // 0x46C0 (18112) pixels
0x0824, 0x10A6, 0x1086, 0x1044, 0x2148, 0xA53C, 0x94DA, 0x3A0C, 0x0844, 0x1065, 0x1086, 0x1086, 0x1086, 0x1086, 0x18A6, 0x0004,   // 0x46D0 (18128) pixels
0x6BD4, 0x951A, 0x0003, 0x1043, 0x0844, 0x0844, 0x0823, 0x0824, 0x0824, 0x0824, 0x0824, 0x0823, 0x0844, 0x1044, 0x1065, 0x0824,   // 0x46E0 (18144) pixels
0x8C16, 0x8C17, 0x1044, 0xAD1D, 0x41ED, 0x41AA, 0xBD9E, 0x20A6, 0x0802, 0x0822, 0x0001, 0x0000, 0x0000, 0x0000, 0x0000, 0x0000,   // 0x46F0 (18160) pixels
0x0000, 0x0000, 0x0000, 0x0000, 0x0000, 0x0000, 0x0000, 0x0000, 0x0000, 0x0000, 0x0000, 0x0000, 0x0000, 0x0000, 0x0000, 0x0000,   // 0x4700 (18176) pixels
0x0000, 0x0000, 0x0000, 0x0000, 0x0000, 0x0000, 0x0000, 0x0000, 0x0000, 0x0000, 0x0000, 0x0000, 0x0000, 0x0000, 0x0000, 0x0000,   // 0x4710 (18192) pixels
0x0000, 0x0000, 0x0000, 0x0000, 0x0000, 0x0000, 0x0000, 0x0000, 0x0000, 0x0000, 0x0000, 0x0000, 0x0000, 0x0000, 0x0000, 0x0000,   // 0x4720 (18208) pixels
0x0000, 0x0000, 0x0000, 0x0000, 0x0000, 0x0000, 0x0000, 0x0000, 0x0000, 0x0000, 0x0000, 0x0000, 0x0000, 0x0000, 0x0000, 0x0000,   // 0x4730 (18224) pixels
0x0000, 0x0000, 0x0000, 0x0000, 0x0000, 0x0000, 0x0000, 0x0000, 0x0000, 0x0000, 0x0000, 0x0000, 0x0000, 0x0000, 0x0000, 0x0000,   // 0x4740 (18240) pixels
0x0000, 0x0000, 0x0000, 0x0000, 0x0000, 0x0000, 0x0000, 0x0000, 0x0000, 0x0000, 0x0000, 0x0000, 0x0000, 0x0000, 0x0000, 0x0000,   // 0x4750 (18256) pixels
0x0000, 0x0000, 0x0000, 0x0000, 0x0000, 0x0000, 0x0000, 0x0000, 0x0000, 0x0000, 0x0000, 0x0000, 0x0000, 0x0000, 0x0000, 0x0000,   // 0x4760 (18272) pixels
0x0000, 0x0000, 0x0000, 0x0000, 0x0000, 0x0000, 0x0000, 0x0000, 0x0000, 0x0000, 0x0000, 0x0000, 0x0000, 0x0000, 0x0000, 0x0000,   // 0x4770 (18288) pixels
0x0000, 0x0000, 0x0000, 0x0000, 0x0000, 0x0000, 0x0000, 0x0000, 0x0000, 0x0000, 0x0000, 0x0000, 0x0000, 0x0000, 0x0000, 0x0000,   // 0x4780 (18304) pixels
0x0000, 0x0000, 0x0000, 0x0000, 0x0000, 0x0000, 0x0000, 0x0000, 0x0000, 0x0000, 0x0000, 0x0000, 0x0000, 0x0000, 0x0000, 0x1020,   // 0x4790 (18320) pixels
0x0000, 0x51A3, 0x7A65, 0x0000, 0x0000, 0x0000, 0x0000, 0x0000, 0x0000, 0x0000, 0x0000, 0x0801, 0x0822, 0x0000, 0x5A4F, 0xB4DC,   // 0x47A0 (18336) pixels
0x1865, 0x1044, 0x1044, 0x1023, 0x0823, 0x0823, 0x0823, 0x0823, 0x0823, 0x1023, 0x1023, 0x0844, 0x1023, 0x20A6, 0xAD9D, 0x4A2D,   // 0x47B0 (18352) pixels
0x0823, 0x1886, 0x1886, 0x0823, 0x4A2E, 0xAD5E, 0x8439, 0xBE3F, 0x8457, 0x2148, 0x0023, 0x1085, 0x1085, 0x1085, 0x1086, 0x0823,   // 0x47C0 (18368) pixels
0x318A, 0xA5BD, 0x18E7, 0x0823, 0x1065, 0x1024, 0x1023, 0x0824, 0x0824, 0x0824, 0x0823, 0x1044, 0x1044, 0x1044, 0x1065, 0x0803,   // 0x47D0 (18384) pixels
0x8C16, 0x8C16, 0x1044, 0xAD1D, 0x41CD, 0x41AB, 0xBD7E, 0x20A6, 0x0802, 0x0822, 0x0001, 0x0000, 0x0000, 0x0000, 0x0000, 0x0000,   // 0x47E0 (18400) pixels
0x0000, 0x0000, 0x0000, 0x0020, 0x0000, 0x0000, 0x0000, 0x0000, 0x0000, 0x0000, 0x0000, 0x0000, 0x0000, 0x0000, 0x0000, 0x0000,   // 0x47F0 (18416) pixels
0x0000, 0x0000, 0x0000, 0x0000, 0x0000, 0x0000, 0x0000, 0x0000, 0x0000, 0x0000, 0x0000, 0x0000, 0x0000, 0x0000, 0x0000, 0x0000,   // 0x4800 (18432) pixels
0x0000, 0x0000, 0x0000, 0x0000, 0x0000, 0x0000, 0x0000, 0x0000, 0x0000, 0x0000, 0x0000, 0x0000, 0x0000, 0x0000, 0x0000, 0x0000,   // 0x4810 (18448) pixels
0x0000, 0x0000, 0x0000, 0x0000, 0x0000, 0x0000, 0x0000, 0x0000, 0x0000, 0x0000, 0x0000, 0x0000, 0x0000, 0x0000, 0x0000, 0x0000,   // 0x4820 (18464) pixels
0x0000, 0x0000, 0x0000, 0x0000, 0x0000, 0x0000, 0x0000, 0x0000, 0x0000, 0x0000, 0x0000, 0x0000, 0x0000, 0x0000, 0x0000, 0x0000,   // 0x4830 (18480) pixels
0x0000, 0x0000, 0x0000, 0x0000, 0x0000, 0x0000, 0x0000, 0x0000, 0x0000, 0x0000, 0x0000, 0x0000, 0x0000, 0x0000, 0x0000, 0x0000,   // 0x4840 (18496) pixels
0x0000, 0x0000, 0x0000, 0x0000, 0x0000, 0x0000, 0x0000, 0x0000, 0x0000, 0x0000, 0x0000, 0x0000, 0x0000, 0x0000, 0x0000, 0x0000,   // 0x4850 (18512) pixels
0x0000, 0x0000, 0x0000, 0x0000, 0x0000, 0x0000, 0x0000, 0x0000, 0x0000, 0x0000, 0x0000, 0x0000, 0x0000, 0x0000, 0x0000, 0x0000,   // 0x4860 (18528) pixels
0x0000, 0x0000, 0x0000, 0x0000, 0x0000, 0x0000, 0x0000, 0x0000, 0x0000, 0x0000, 0x0000, 0x0000, 0x0000, 0x0000, 0x0000, 0x0000,   // 0x4870 (18544) pixels
0x0000, 0x0000, 0x0000, 0x0000, 0x0000, 0x0000, 0x0000, 0x0000, 0x0000, 0x0000, 0x0000, 0x0000, 0x0000, 0x0800, 0x1000, 0x48E2,   // 0x4880 (18560) pixels
0xAB07, 0xD3E8, 0xAB88, 0x0000, 0x0000, 0x0000, 0x0000, 0x0000, 0x0000, 0x0000, 0x0001, 0x0801, 0x0822, 0x0000, 0x5A4F, 0xB4DC,   // 0x4890 (18576) pixels
0x1865, 0x1044, 0x1044, 0x1023, 0x1023, 0x1023, 0x1023, 0x1023, 0x0823, 0x1023, 0x1024, 0x1044, 0x0802, 0x398B, 0xAD7E, 0x2108,   // 0x48A0 (18592) pixels
0x1023, 0x1866, 0x1886, 0x0823, 0x4A4E, 0xAD1C, 0x1045, 0x39CC, 0x94BA, 0xB59E, 0x6374, 0x18C7, 0x1045, 0x1085, 0x1085, 0x1043,   // 0x48B0 (18608) pixels
0x10A6, 0xA55D, 0x420D, 0x0804, 0x1045, 0x1024, 0x1024, 0x0823, 0x0823, 0x0823, 0x1044, 0x1044, 0x1044, 0x1044, 0x1065, 0x0803,   // 0x48C0 (18624) pixels
0x8C16, 0x9416, 0x1044, 0xB51D, 0x49ED, 0x398A, 0xBD7E, 0x20A6, 0x0802, 0x0802, 0x0001, 0x0000, 0x0000, 0x0000, 0x0000, 0x0000,   // 0x48D0 (18640) pixels
0x0000, 0x0000, 0x0000, 0x0020, 0x0000, 0x0000, 0x0000, 0x0000, 0x0000, 0x0000, 0x0000, 0x0000, 0x0000, 0x0000, 0x0000, 0x0000,   // 0x48E0 (18656) pixels
0x0000, 0x0000, 0x0000, 0x0000, 0x0000, 0x0000, 0x0000, 0x0000, 0x0000, 0x0000, 0x0000, 0x0000, 0x0000, 0x0000, 0x0000, 0x0000,   // 0x48F0 (18672) pixels
0x0000, 0x0000, 0x0000, 0x0000, 0x0000, 0x0000, 0x0000, 0x0000, 0x0000, 0x0000, 0x0000, 0x0000, 0x0000, 0x0000, 0x0000, 0x0000,   // 0x4900 (18688) pixels
0x0000, 0x0000, 0x0000, 0x0000, 0x0000, 0x0000, 0x0000, 0x0000, 0x0000, 0x0000, 0x0000, 0x0000, 0x0000, 0x0000, 0x0000, 0x0000,   // 0x4910 (18704) pixels
0x0000, 0x0000, 0x0000, 0x0000, 0x0000, 0x0000, 0x0000, 0x0000, 0x0000, 0x0000, 0x0000, 0x0000, 0x0000, 0x0000, 0x0000, 0x0000,   // 0x4920 (18720) pixels
0x0000, 0x0000, 0x0000, 0x0000, 0x0000, 0x0000, 0x0000, 0x0000, 0x0000, 0x0000, 0x0000, 0x0000, 0x0000, 0x0000, 0x0000, 0x0000,   // 0x4930 (18736) pixels
0x0000, 0x0000, 0x0000, 0x0000, 0x0000, 0x0000, 0x0000, 0x0000, 0x0000, 0x0000, 0x0000, 0x0000, 0x0000, 0x0000, 0x0000, 0x0000,   // 0x4940 (18752) pixels
0x0000, 0x0000, 0x0000, 0x0000, 0x0000, 0x0000, 0x0000, 0x0000, 0x0000, 0x0000, 0x0000, 0x0000, 0x0000, 0x0000, 0x0000, 0x0000,   // 0x4950 (18768) pixels
0x0000, 0x0000, 0x0000, 0x0000, 0x0000, 0x0000, 0x0000, 0x0000, 0x0000, 0x0000, 0x0000, 0x0000, 0x0000, 0x0000, 0x0000, 0x0000,   // 0x4960 (18784) pixels
0x0000, 0x0000, 0x0000, 0x0000, 0x0000, 0x0000, 0x0000, 0x0000, 0x0000, 0x0000, 0x0000, 0x0000, 0x0000, 0x0800, 0x2860, 0xCBC8,   // 0x4970 (18800) pixels
0xFC89, 0xFC67, 0xDC28, 0x1061, 0x0000, 0x0000, 0x0000, 0x0000, 0x0000, 0x0000, 0x0001, 0x0001, 0x0822, 0x0000, 0x5A4F, 0xB4DC,   // 0x4980 (18816) pixels
0x1865, 0x1044, 0x1044, 0x1023, 0x1022, 0x1023, 0x1023, 0x1023, 0x0803, 0x1023, 0x1023, 0x1844, 0x0802, 0x522E, 0xAD3D, 0x18A6,   // 0x4990 (18832) pixels
0x1844, 0x1865, 0x1886, 0x1024, 0x524E, 0xAD5C, 0x18A6, 0x0802, 0x0864, 0x39EC, 0x9CFB, 0xAD7C, 0x2929, 0x1044, 0x1085, 0x1064,   // 0x49A0 (18848) pixels
0x1064, 0xA53C, 0x5AD0, 0x0803, 0x1065, 0x1023, 0x1024, 0x0823, 0x1023, 0x1024, 0x1044, 0x1044, 0x1044, 0x1044, 0x1865, 0x0803,   // 0x49B0 (18864) pixels
0x8BF6, 0x93F7, 0x1044, 0xB4FC, 0x49CD, 0x418B, 0xC57E, 0x20A6, 0x0802, 0x0802, 0x0001, 0x0000, 0x0000, 0x0000, 0x0000, 0x0000,   // 0x49C0 (18880) pixels
0x0000, 0x0000, 0x0000, 0x0000, 0x0000, 0x0000, 0x0000, 0x0000, 0x0000, 0x0000, 0x0000, 0x0000, 0x0000, 0x0000, 0x0000, 0x0000,   // 0x49D0 (18896) pixels
0x0000, 0x0000, 0x0000, 0x0000, 0x0000, 0x0000, 0x0000, 0x0000, 0x0000, 0x0000, 0x0000, 0x0000, 0x0000, 0x0000, 0x0000, 0x0000,   // 0x49E0 (18912) pixels
0x0000, 0x0000, 0x0000, 0x0000, 0x0000, 0x0000, 0x0000, 0x0000, 0x0000, 0x0000, 0x0000, 0x0000, 0x0000, 0x0000, 0x0000, 0x0000,   // 0x49F0 (18928) pixels
0x0000, 0x0000, 0x0000, 0x0000, 0x0000, 0x0000, 0x0000, 0x0000, 0x0000, 0x0000, 0x0000, 0x0000, 0x0000, 0x0000, 0x0000, 0x0000,   // 0x4A00 (18944) pixels
0x0000, 0x0000, 0x0000, 0x0000, 0x0000, 0x0000, 0x0000, 0x0000, 0x0000, 0x0000, 0x0000, 0x0000, 0x0000, 0x0000, 0x0000, 0x0000,   // 0x4A10 (18960) pixels
0x0000, 0x0000, 0x0000, 0x0000, 0x0000, 0x0000, 0x0000, 0x0000, 0x0000, 0x0000, 0x0000, 0x0000, 0x0000, 0x0000, 0x0000, 0x0000,   // 0x4A20 (18976) pixels
0x0000, 0x0000, 0x0000, 0x0000, 0x0000, 0x0000, 0x0000, 0x0000, 0x0000, 0x0000, 0x0000, 0x0000, 0x0000, 0x0000, 0x0000, 0x0000,   // 0x4A30 (18992) pixels
0x0000, 0x0000, 0x0000, 0x0000, 0x0000, 0x0000, 0x0000, 0x0000, 0x0000, 0x0000, 0x0000, 0x0000, 0x0000, 0x0000, 0x0000, 0x0000,   // 0x4A40 (19008) pixels
0x0000, 0x0000, 0x0000, 0x0000, 0x0000, 0x0000, 0x0000, 0x0000, 0x0000, 0x0000, 0x0000, 0x0000, 0x0000, 0x0000, 0x0000, 0x0000,   // 0x4A50 (19024) pixels
0x0000, 0x0000, 0x0000, 0x0000, 0x0000, 0x0000, 0x0000, 0x0000, 0x0000, 0x0000, 0x0000, 0x0000, 0x0000, 0x0000, 0x38E2, 0xF428,   // 0x4A60 (19040) pixels
0xEBA6, 0xF407, 0xC387, 0x0800, 0x0000, 0x0000, 0x0000, 0x0000, 0x0000, 0x0000, 0x0000, 0x0801, 0x0822, 0x0000, 0x5A4F, 0xB4DC,   // 0x4A70 (19056) pixels
0x1865, 0x1044, 0x1044, 0x1023, 0x1022, 0x1023, 0x1023, 0x1023, 0x1023, 0x1023, 0x1043, 0x1844, 0x0803, 0x5A4E, 0xBD5D, 0x20C7,   // 0x4A80 (19072) pixels
0x1845, 0x1865, 0x1885, 0x1023, 0x524E, 0xB55C, 0x20C7, 0x1043, 0x0822, 0x318A, 0xA51B, 0xB5BE, 0x314A, 0x1023, 0x1065, 0x1065,   // 0x4A90 (19088) pixels
0x1044, 0xAD3B, 0x62F1, 0x0803, 0x1065, 0x0823, 0x1024, 0x1023, 0x1024, 0x1044, 0x1044, 0x1044, 0x1044, 0x1044, 0x1865, 0x0803,   // 0x4AA0 (19104) pixels
0x8BD6, 0x93F7, 0x1864, 0xBD1D, 0x49CD, 0x418B, 0xBD3D, 0x20A5, 0x0802, 0x0802, 0x0001, 0x0000, 0x0000, 0x0000, 0x0000, 0x0000,   // 0x4AB0 (19120) pixels
0x0000, 0x0000, 0x0000, 0x0000, 0x0000, 0x0000, 0x0000, 0x0000, 0x0000, 0x0000, 0x0000, 0x0020, 0x0000, 0x0000, 0x0000, 0x0000,   // 0x4AC0 (19136) pixels
0x0000, 0x0000, 0x0000, 0x0000, 0x0000, 0x0000, 0x0000, 0x0000, 0x0000, 0x0000, 0x0000, 0x0000, 0x0000, 0x0000, 0x0000, 0x0000,   // 0x4AD0 (19152) pixels
0x0000, 0x0000, 0x0000, 0x0000, 0x0000, 0x0000, 0x0000, 0x0000, 0x0000, 0x0000, 0x0000, 0x0000, 0x0000, 0x0000, 0x0000, 0x0000,   // 0x4AE0 (19168) pixels
0x0000, 0x0000, 0x0000, 0x0000, 0x0000, 0x0000, 0x0000, 0x0000, 0x0000, 0x0000, 0x0000, 0x0000, 0x0000, 0x0000, 0x0000, 0x0000,   // 0x4AF0 (19184) pixels
0x0000, 0x0000, 0x0000, 0x0000, 0x0000, 0x0000, 0x0000, 0x0000, 0x0000, 0x0000, 0x0000, 0x0000, 0x0000, 0x0000, 0x0000, 0x0000,   // 0x4B00 (19200) pixels
0x0000, 0x0000, 0x0000, 0x0000, 0x0000, 0x0000, 0x0000, 0x0000, 0x0000, 0x0000, 0x0000, 0x0000, 0x0000, 0x0000, 0x0000, 0x0000,   // 0x4B10 (19216) pixels
0x0000, 0x0000, 0x0000, 0x0000, 0x0000, 0x0000, 0x0000, 0x0000, 0x0000, 0x0000, 0x0000, 0x0000, 0x0000, 0x0000, 0x0000, 0x0000,   // 0x4B20 (19232) pixels
0x0000, 0x0000, 0x0000, 0x0000, 0x0000, 0x0000, 0x0000, 0x0000, 0x0000, 0x0000, 0x0000, 0x0000, 0x0000, 0x0000, 0x0000, 0x0000,   // 0x4B30 (19248) pixels
0x0000, 0x0000, 0x0000, 0x0000, 0x0000, 0x0000, 0x0000, 0x0000, 0x0000, 0x0000, 0x0000, 0x0000, 0x0000, 0x0000, 0x0000, 0x0000,   // 0x4B40 (19264) pixels
0x0000, 0x0000, 0x0000, 0x0000, 0x0000, 0x0000, 0x0000, 0x0000, 0x0000, 0x0000, 0x0000, 0x0000, 0x0000, 0x0000, 0x1020, 0xAAC6,   // 0x4B50 (19280) pixels
0xEBE8, 0xD367, 0x4902, 0x0000, 0x0000, 0x0000, 0x0000, 0x0000, 0x0000, 0x0000, 0x0000, 0x0801, 0x0822, 0x0000, 0x5A4E, 0xBCDC,   // 0x4B60 (19296) pixels
0x1865, 0x1844, 0x1044, 0x1023, 0x1022, 0x1002, 0x1003, 0x1003, 0x1003, 0x1003, 0x1023, 0x1044, 0x0802, 0x49EC, 0xC59E, 0x312A,   // 0x4B70 (19312) pixels
0x1844, 0x2065, 0x1866, 0x1023, 0x522E, 0xB53C, 0x1064, 0x2928, 0x8C37, 0xC5FF, 0x8BF7, 0x20E8, 0x0823, 0x1064, 0x1865, 0x1045,   // 0x4B80 (19328) pixels
0x1885, 0xB57C, 0x526F, 0x0802, 0x1064, 0x0824, 0x0823, 0x1023, 0x1024, 0x1044, 0x1044, 0x1044, 0x1844, 0x1044, 0x1865, 0x0803,   // 0x4B90 (19344) pixels
0x8BB5, 0x93D7, 0x1865, 0xC57E, 0x520E, 0x416B, 0xBCFD, 0x1885, 0x0802, 0x0802, 0x0001, 0x0000, 0x0000, 0x0000, 0x0000, 0x0000,   // 0x4BA0 (19360) pixels
0x0000, 0x0000, 0x0000, 0x0000, 0x0000, 0x0000, 0x0000, 0x0000, 0x0020, 0x0000, 0x0000, 0x0000, 0x0020, 0x0861, 0x0000, 0x0000,   // 0x4BB0 (19376) pixels
0x0000, 0x0000, 0x0000, 0x0000, 0x0000, 0x0000, 0x0000, 0x0000, 0x0000, 0x0000, 0x0000, 0x0000, 0x0000, 0x0000, 0x0000, 0x0000,   // 0x4BC0 (19392) pixels
0x0000, 0x0000, 0x0000, 0x0000, 0x0000, 0x0000, 0x0000, 0x0000, 0x0000, 0x0000, 0x0000, 0x0000, 0x0000, 0x0000, 0x0000, 0x0000,   // 0x4BD0 (19408) pixels
0x0000, 0x0000, 0x0000, 0x0000, 0x0000, 0x0000, 0x0000, 0x0000, 0x0000, 0x0000, 0x0000, 0x0000, 0x0000, 0x0000, 0x0000, 0x0000,   // 0x4BE0 (19424) pixels
0x0000, 0x0000, 0x0000, 0x0000, 0x0000, 0x0000, 0x0000, 0x0000, 0x0000, 0x0000, 0x0000, 0x0000, 0x0000, 0x0000, 0x0000, 0x0000,   // 0x4BF0 (19440) pixels
0x0000, 0x0000, 0x0000, 0x0000, 0x0000, 0x0000, 0x0000, 0x0000, 0x0000, 0x0000, 0x0000, 0x0000, 0x0000, 0x0000, 0x0000, 0x0000,   // 0x4C00 (19456) pixels
0x0000, 0x0000, 0x0000, 0x0000, 0x0000, 0x0000, 0x0000, 0x0000, 0x0000, 0x0000, 0x0000, 0x0000, 0x0000, 0x0000, 0x0000, 0x0000,   // 0x4C10 (19472) pixels
0x0000, 0x0000, 0x0000, 0x0000, 0x0000, 0x0000, 0x0000, 0x0000, 0x0000, 0x0000, 0x0000, 0x0000, 0x0000, 0x0000, 0x0000, 0x0000,   // 0x4C20 (19488) pixels
0x0000, 0x0000, 0x0000, 0x0000, 0x0000, 0x0000, 0x0000, 0x0000, 0x0000, 0x0000, 0x0000, 0x0000, 0x0000, 0x0000, 0x0000, 0x0000,   // 0x4C30 (19504) pixels
0x0000, 0x0000, 0x0000, 0x0000, 0x0000, 0x0000, 0x0000, 0x0000, 0x0000, 0x0000, 0x0000, 0x0000, 0x0000, 0x0000, 0x0000, 0x1000,   // 0x4C40 (19520) pixels
0x38C1, 0x1841, 0x0000, 0x0000, 0x0000, 0x0000, 0x0000, 0x0000, 0x0000, 0x0000, 0x0000, 0x0801, 0x0822, 0x0000, 0x624F, 0xBCDC,   // 0x4C50 (19536) pixels
0x1865, 0x1844, 0x1044, 0x1023, 0x1023, 0x1023, 0x1003, 0x1023, 0x1023, 0x1023, 0x1023, 0x1043, 0x0803, 0x3129, 0xCDBF, 0x5A2E,   // 0x4C60 (19552) pixels
0x1825, 0x2085, 0x1865, 0x1003, 0x520D, 0xB51C, 0x7B94, 0xC5DE, 0x9C99, 0x39AB, 0x0823, 0x1044, 0x1864, 0x1864, 0x1865, 0x0823,   // 0x4C70 (19568) pixels
0x3149, 0xBDBE, 0x316A, 0x0803, 0x1044, 0x0823, 0x0823, 0x1023, 0x1024, 0x1023, 0x1044, 0x1044, 0x1044, 0x1845, 0x1865, 0x0803,   // 0x4C80 (19584) pixels
0x8BB5, 0x93D6, 0x1003, 0x7B12, 0x3929, 0x49AB, 0xBCFC, 0x1884, 0x0801, 0x0802, 0x0001, 0x0000, 0x0000, 0x0000, 0x0000, 0x0000,   // 0x4C90 (19600) pixels
0x0000, 0x0000, 0x0000, 0x0000, 0x0020, 0x0000, 0x0000, 0x0800, 0x1000, 0x2080, 0x41C4, 0x7B67, 0xD5CB, 0x93E8, 0x0000, 0x0000,   // 0x4CA0 (19616) pixels
0x0000, 0x0000, 0x0000, 0x0000, 0x0000, 0x0000, 0x0000, 0x0000, 0x0000, 0x0000, 0x0000, 0x0000, 0x0000, 0x0000, 0x0000, 0x0000,   // 0x4CB0 (19632) pixels
0x0000, 0x0000, 0x0000, 0x0000, 0x0000, 0x0000, 0x0000, 0x0000, 0x0000, 0x0000, 0x0000, 0x0000, 0x0000, 0x0000, 0x0000, 0x0000,   // 0x4CC0 (19648) pixels
0x0000, 0x0000, 0x0000, 0x0000, 0x0000, 0x0000, 0x0000, 0x0000, 0x0000, 0x0000, 0x0000, 0x0000, 0x0000, 0x0000, 0x0000, 0x0000,   // 0x4CD0 (19664) pixels
0x0000, 0x0000, 0x0000, 0x0000, 0x0000, 0x0000, 0x0000, 0x0000, 0x0000, 0x0000, 0x0000, 0x0000, 0x0000, 0x0000, 0x0000, 0x0000,   // 0x4CE0 (19680) pixels
0x0000, 0x0000, 0x0000, 0x0000, 0x0000, 0x0000, 0x0000, 0x0000, 0x0000, 0x0000, 0x0000, 0x0000, 0x0000, 0x0000, 0x0000, 0x0000,   // 0x4CF0 (19696) pixels
0x0000, 0x0000, 0x0000, 0x0000, 0x0000, 0x0000, 0x0000, 0x0000, 0x0000, 0x0000, 0x0000, 0x0000, 0x0000, 0x0000, 0x0000, 0x0000,   // 0x4D00 (19712) pixels
0x0000, 0x0000, 0x0000, 0x0000, 0x0000, 0x0000, 0x0000, 0x0000, 0x0000, 0x0000, 0x0000, 0x0000, 0x0000, 0x0000, 0x0000, 0x0000,   // 0x4D10 (19728) pixels
0x0000, 0x0000, 0x0000, 0x0000, 0x0000, 0x0000, 0x0000, 0x0000, 0x0000, 0x0000, 0x0000, 0x0000, 0x0000, 0x0000, 0x0000, 0x0000,   // 0x4D20 (19744) pixels
0x0000, 0x0000, 0x0000, 0x0000, 0x0000, 0x1061, 0x20A2, 0x0000, 0x0000, 0x0000, 0x0000, 0x0000, 0x0000, 0x0000, 0x0000, 0x0000,   // 0x4D30 (19760) pixels
0x0000, 0x0000, 0x0000, 0x0000, 0x0000, 0x0000, 0x0000, 0x0000, 0x0000, 0x0000, 0x0000, 0x0001, 0x0822, 0x0000, 0x5A2E, 0xBCBC,   // 0x4D40 (19776) pixels
0x1865, 0x1844, 0x1044, 0x1024, 0x1023, 0x1023, 0x1023, 0x1023, 0x1003, 0x1023, 0x1023, 0x1023, 0x1844, 0x1845, 0xB51B, 0x93F6,   // 0x4D50 (19792) pixels
0x1003, 0x2065, 0x1865, 0x1844, 0x3949, 0xB55D, 0xB53C, 0x5A4F, 0x1065, 0x1044, 0x2085, 0x1865, 0x1864, 0x1844, 0x1865, 0x0803,   // 0x4D60 (19808) pixels
0x6B33, 0xAD3C, 0x1064, 0x1023, 0x1023, 0x1023, 0x1023, 0x1023, 0x1024, 0x1024, 0x1044, 0x1024, 0x1844, 0x1845, 0x1865, 0x1003,   // 0x4D70 (19824) pixels
0x8BB5, 0x93B6, 0x1003, 0x1824, 0x0802, 0x51ED, 0xBD1D, 0x2085, 0x0801, 0x0802, 0x0001, 0x0000, 0x0000, 0x0000, 0x0000, 0x0000,   // 0x4D80 (19840) pixels
0x0000, 0x0000, 0x0000, 0x0000, 0x0000, 0x0000, 0x1880, 0x5A04, 0xA3E7, 0xDDAB, 0xFEAC, 0xFECA, 0xFEE9, 0xAC27, 0x0000, 0x0000,   // 0x4D90 (19856) pixels
0x0000, 0x0000, 0x0000, 0x0000, 0x0000, 0x0000, 0x0000, 0x0000, 0x0000, 0x0000, 0x0000, 0x0000, 0x0000, 0x0000, 0x0000, 0x0000,   // 0x4DA0 (19872) pixels
0x0000, 0x0000, 0x0000, 0x0000, 0x0000, 0x0000, 0x0000, 0x0000, 0x0000, 0x0000, 0x0000, 0x0000, 0x0000, 0x0000, 0x0000, 0x0000,   // 0x4DB0 (19888) pixels
0x0000, 0x0000, 0x0000, 0x0000, 0x0000, 0x0000, 0x0000, 0x0000, 0x0000, 0x0000, 0x0000, 0x0000, 0x0000, 0x0000, 0x0000, 0x0000,   // 0x4DC0 (19904) pixels
0x0000, 0x0000, 0x0000, 0x0000, 0x0000, 0x0000, 0x0000, 0x0000, 0x0000, 0x0000, 0x0000, 0x0000, 0x0000, 0x0000, 0x0000, 0x0000,   // 0x4DD0 (19920) pixels
0x0000, 0x0000, 0x0000, 0x0000, 0x0000, 0x0000, 0x0000, 0x0000, 0x0000, 0x0000, 0x0000, 0x0000, 0x0000, 0x0000, 0x0000, 0x0000,   // 0x4DE0 (19936) pixels
0x0000, 0x0000, 0x0000, 0x0000, 0x0000, 0x0000, 0x0000, 0x0000, 0x0000, 0x0000, 0x0000, 0x0000, 0x0000, 0x0000, 0x0000, 0x0000,   // 0x4DF0 (19952) pixels
0x0000, 0x0000, 0x0000, 0x0000, 0x0000, 0x0000, 0x0000, 0x0000, 0x0000, 0x0000, 0x0000, 0x0000, 0x0000, 0x0000, 0x0000, 0x0000,   // 0x4E00 (19968) pixels
0x0000, 0x0000, 0x0000, 0x0000, 0x0000, 0x0000, 0x0000, 0x0000, 0x0000, 0x0000, 0x0000, 0x0000, 0x0000, 0x0000, 0x0000, 0x0000,   // 0x4E10 (19984) pixels
0x0000, 0x0000, 0x0000, 0x0000, 0x0000, 0xB50B, 0xCD6C, 0x0800, 0x1040, 0x0000, 0x0000, 0x0000, 0x0000, 0x0000, 0x0000, 0x0000,   // 0x4E20 (20000) pixels
0x0000, 0x0000, 0x0000, 0x0000, 0x0000, 0x0000, 0x0000, 0x0000, 0x0000, 0x0000, 0x0000, 0x0801, 0x0822, 0x0000, 0x5A2E, 0xBCBC,   // 0x4E30 (20016) pixels
0x1865, 0x1844, 0x1844, 0x1023, 0x1023, 0x1023, 0x1023, 0x1023, 0x1023, 0x1023, 0x1023, 0x1043, 0x1864, 0x1004, 0x72D1, 0xCD7F,   // 0x4E40 (20032) pixels
0x30E8, 0x1003, 0x2065, 0x2064, 0x1845, 0x3929, 0x28A7, 0x1024, 0x2086, 0x2086, 0x1865, 0x1865, 0x1864, 0x1864, 0x1024, 0x20C7,   // 0x4E50 (20048) pixels
0xBD9D, 0x6B12, 0x0802, 0x1064, 0x1023, 0x1023, 0x1023, 0x1023, 0x1024, 0x1024, 0x1044, 0x1844, 0x1844, 0x1844, 0x1865, 0x1003,   // 0x4E60 (20064) pixels
0x8BB5, 0x93B6, 0x1003, 0x2085, 0x1023, 0x5A0D, 0xC53D, 0x2085, 0x0801, 0x0801, 0x0000, 0x0000, 0x0000, 0x0000, 0x0000, 0x0000,   // 0x4E70 (20080) pixels
0x0000, 0x0000, 0x0000, 0x1061, 0x49E4, 0x93C7, 0xDD89, 0xFE6A, 0xFE89, 0xFE48, 0xF607, 0xF5E6, 0xFE68, 0xA427, 0x0000, 0x0020,   // 0x4E80 (20096) pixels
0x0000, 0x0000, 0x0000, 0x0000, 0x0000, 0x0000, 0x0000, 0x0000, 0x0000, 0x0000, 0x0000, 0x0000, 0x0000, 0x0000, 0x0000, 0x0000,   // 0x4E90 (20112) pixels
0x0000, 0x0000, 0x0000, 0x0000, 0x0000, 0x0000, 0x0000, 0x0000, 0x0000, 0x0000, 0x0000, 0x0000, 0x0000, 0x0000, 0x0000, 0x0000,   // 0x4EA0 (20128) pixels
0x0000, 0x0000, 0x0000, 0x0000, 0x0000, 0x0000, 0x0000, 0x0000, 0x0000, 0x0000, 0x0000, 0x0000, 0x0000, 0x0000, 0x0000, 0x0000,   // 0x4EB0 (20144) pixels
0x0000, 0x0000, 0x0000, 0x0000, 0x0000, 0x0000, 0x0000, 0x0000, 0x0000, 0x0000, 0x0000, 0x0000, 0x0000, 0x0000, 0x0000, 0x0000,   // 0x4EC0 (20160) pixels
0x0000, 0x0000, 0x0000, 0x0000, 0x0000, 0x0000, 0x0000, 0x0000, 0x0000, 0x0000, 0x0000, 0x0000, 0x0000, 0x0000, 0x0000, 0x0000,   // 0x4ED0 (20176) pixels
0x0000, 0x0000, 0x0000, 0x0000, 0x0000, 0x0000, 0x0000, 0x0000, 0x0000, 0x0000, 0x0000, 0x0000, 0x0000, 0x0000, 0x0000, 0x0000,   // 0x4EE0 (20192) pixels
0x0000, 0x0000, 0x0000, 0x0000, 0x0000, 0x0000, 0x0000, 0x0000, 0x0000, 0x0000, 0x0000, 0x0000, 0x0000, 0x0000, 0x0000, 0x0000,   // 0x4EF0 (20208) pixels
0x0000, 0x0000, 0x0000, 0x0000, 0x0000, 0x0000, 0x0000, 0x0000, 0x0000, 0x0000, 0x0000, 0x0000, 0x0000, 0x0000, 0x0000, 0x0000,   // 0x4F00 (20224) pixels
0x0000, 0x0000, 0x0000, 0x0020, 0x0000, 0x9C48, 0xFF6C, 0x7306, 0x0000, 0x0000, 0x0000, 0x0020, 0x0000, 0x0000, 0x0000, 0x0000,   // 0x4F10 (20240) pixels
0x0000, 0x0000, 0x0000, 0x0000, 0x0000, 0x0000, 0x0000, 0x0000, 0x0000, 0x0000, 0x0000, 0x0801, 0x0802, 0x0000, 0x5A2E, 0xBCBD,   // 0x4F20 (20256) pixels
0x2065, 0x1844, 0x1844, 0x1023, 0x1023, 0x1023, 0x1023, 0x1023, 0x1023, 0x1023, 0x1023, 0x1823, 0x1844, 0x1044, 0x1845, 0xB4BA,   // 0x4F30 (20272) pixels
0x9BF7, 0x1004, 0x2044, 0x2065, 0x2065, 0x1844, 0x2064, 0x2065, 0x2046, 0x2065, 0x2065, 0x2065, 0x1865, 0x1864, 0x0802, 0x8BF5,   // 0x4F40 (20288) pixels
0xBD7D, 0x1886, 0x0823, 0x1044, 0x1023, 0x1023, 0x1023, 0x1023, 0x1024, 0x1023, 0x1024, 0x1844, 0x1844, 0x1865, 0x2085, 0x1003,   // 0x4F50 (20304) pixels
0x93B5, 0x93B7, 0x1003, 0x2085, 0x1003, 0x520D, 0xCD5D, 0x2085, 0x0801, 0x0801, 0x0000, 0x0000, 0x0000, 0x0000, 0x0000, 0x0000,   // 0x4F60 (20320) pixels
0x0820, 0x4163, 0xA3E8, 0xDD28, 0xFDC8, 0xFDE8, 0xFDC7, 0xF587, 0xF5A7, 0xFDE7, 0xFE28, 0xFE09, 0xFE69, 0xAC26, 0x0800, 0x0000,   // 0x4F70 (20336) pixels
0x0000, 0x0000, 0x0000, 0x0000, 0x0000, 0x0000, 0x0000, 0x0000, 0x0000, 0x0000, 0x0000, 0x0000, 0x0000, 0x0000, 0x0000, 0x0000,   // 0x4F80 (20352) pixels
0x0000, 0x0000, 0x0000, 0x0000, 0x0000, 0x0000, 0x0000, 0x0000, 0x0000, 0x0000, 0x0000, 0x0000, 0x0000, 0x0000, 0x0000, 0x0000,   // 0x4F90 (20368) pixels
0x0000, 0x0000, 0x0000, 0x0000, 0x0000, 0x0000, 0x0000, 0x0000, 0x0000, 0x0000, 0x0000, 0x0000, 0x0000, 0x0000, 0x0000, 0x0000,   // 0x4FA0 (20384) pixels
0x0000, 0x0000, 0x0000, 0x0000, 0x0000, 0x0000, 0x0000, 0x0000, 0x0000, 0x0000, 0x0000, 0x0000, 0x0000, 0x0000, 0x0000, 0x0000,   // 0x4FB0 (20400) pixels
0x0000, 0x0000, 0x0000, 0x0000, 0x0000, 0x0000, 0x0000, 0x0000, 0x0000, 0x0000, 0x0000, 0x0000, 0x0000, 0x0000, 0x0000, 0x0000,   // 0x4FC0 (20416) pixels
0x0000, 0x0000, 0x0000, 0x0000, 0x0000, 0x0000, 0x0000, 0x0000, 0x0000, 0x0000, 0x0000, 0x0000, 0x0000, 0x0000, 0x0000, 0x0000,   // 0x4FD0 (20432) pixels
0x0000, 0x0000, 0x0000, 0x0000, 0x0000, 0x0000, 0x0000, 0x0000, 0x0000, 0x0000, 0x0000, 0x0000, 0x0000, 0x0000, 0x0000, 0x0000,   // 0x4FE0 (20448) pixels
0x0000, 0x0000, 0x0000, 0x0000, 0x0000, 0x0000, 0x0000, 0x0000, 0x0000, 0x0000, 0x0000, 0x0000, 0x0000, 0x0000, 0x0000, 0x0000,   // 0x4FF0 (20464) pixels
0x0000, 0x0000, 0x0000, 0x0000, 0x0000, 0x5264, 0xFEC9, 0xF66A, 0x7AE6, 0x0020, 0x0000, 0x0000, 0x0000, 0x0020, 0x0000, 0x0000,   // 0x5000 (20480) pixels
0x0000, 0x0000, 0x0000, 0x0000, 0x0000, 0x0000, 0x0000, 0x0000, 0x0000, 0x0000, 0x0000, 0x0801, 0x1022, 0x0000, 0x622F, 0xC4BD,   // 0x5010 (20496) pixels
0x2065, 0x1864, 0x1844, 0x1024, 0x1023, 0x1023, 0x1023, 0x1023, 0x1023, 0x1023, 0x1023, 0x1043, 0x1844, 0x1844, 0x0802, 0x3949,   // 0x5020 (20512) pixels
0xCD7F, 0x8334, 0x1803, 0x2044, 0x2865, 0x2065, 0x2065, 0x2064, 0x2064, 0x2065, 0x2066, 0x2885, 0x1864, 0x0801, 0x6AD1, 0xD5DF,   // 0x5030 (20528) pixels
0x41AB, 0x0803, 0x1044, 0x1023, 0x1023, 0x1023, 0x1023, 0x1023, 0x1024, 0x1824, 0x1824, 0x1844, 0x1844, 0x1865, 0x2085, 0x1003,   // 0x5040 (20544) pixels
0x93B6, 0x93B6, 0x1003, 0x2065, 0x1002, 0x5A0D, 0xCD3D, 0x2085, 0x0801, 0x0801, 0x0000, 0x0000, 0x0000, 0x0000, 0x0000, 0x0020,   // 0x5050 (20560) pixels
0x1000, 0xB427, 0xFE49, 0xF527, 0xED06, 0xF526, 0xFD67, 0xFDA7, 0xFDA9, 0xDD48, 0xAC47, 0x5A03, 0xB488, 0xBC67, 0x0800, 0x0020,   // 0x5060 (20576) pixels
0x0000, 0x0000, 0x0000, 0x0000, 0x0000, 0x0000, 0x0000, 0x0000, 0x0000, 0x0000, 0x0000, 0x0000, 0x0000, 0x0000, 0x0000, 0x0000,   // 0x5070 (20592) pixels
0x0000, 0x0000, 0x0000, 0x0000, 0x0000, 0x0000, 0x0000, 0x0000, 0x0000, 0x0000, 0x0000, 0x0000, 0x0000, 0x0000, 0x0000, 0x0000,   // 0x5080 (20608) pixels
0x0000, 0x0000, 0x0000, 0x0000, 0x0000, 0x0000, 0x0000, 0x0000, 0x0000, 0x0000, 0x0000, 0x0000, 0x0000, 0x0000, 0x0000, 0x0000,   // 0x5090 (20624) pixels
0x0000, 0x0000, 0x0000, 0x0000, 0x0000, 0x0000, 0x0000, 0x0000, 0x0000, 0x0000, 0x0000, 0x0000, 0x0000, 0x0000, 0x0000, 0x0000,   // 0x50A0 (20640) pixels
0x0000, 0x0000, 0x0000, 0x0000, 0x0000, 0x0000, 0x0000, 0x0000, 0x0000, 0x0000, 0x0000, 0x0000, 0x0000, 0x0000, 0x0000, 0x0000,   // 0x50B0 (20656) pixels
0x0000, 0x0000, 0x0000, 0x0000, 0x0000, 0x0000, 0x0000, 0x0000, 0x0000, 0x0000, 0x0000, 0x0000, 0x0000, 0x0000, 0x0000, 0x0000,   // 0x50C0 (20672) pixels
0x0000, 0x0000, 0x0000, 0x0000, 0x0000, 0x0000, 0x0000, 0x0000, 0x0000, 0x0000, 0x0000, 0x0000, 0x0000, 0x0000, 0x0000, 0x0000,   // 0x50D0 (20688) pixels
0x0000, 0x0000, 0x0000, 0x0000, 0x0000, 0x0000, 0x0000, 0x0000, 0x0000, 0x0000, 0x0000, 0x0000, 0x0000, 0x0000, 0x0000, 0x0000,   // 0x50E0 (20704) pixels
0x0000, 0x0000, 0x0000, 0x0000, 0x0000, 0x3102, 0xEE09, 0xFE46, 0xFE69, 0xCD28, 0x7B26, 0x3983, 0x0000, 0x0000, 0x0000, 0x0000,   // 0x50F0 (20720) pixels
0x0000, 0x0000, 0x0000, 0x0000, 0x0000, 0x0000, 0x0000, 0x0000, 0x0000, 0x0000, 0x0000, 0x0801, 0x1022, 0x0000, 0x5A0D, 0xC4FD,   // 0x5100 (20736) pixels
0x2886, 0x1844, 0x1844, 0x1023, 0x1023, 0x1023, 0x1023, 0x1023, 0x1023, 0x1023, 0x1023, 0x1823, 0x1824, 0x1024, 0x1844, 0x0802,   // 0x5110 (20752) pixels
0x51CC, 0xD55F, 0x9B97, 0x28A7, 0x1003, 0x1824, 0x2044, 0x2045, 0x1844, 0x1844, 0x1824, 0x1804, 0x2086, 0x8354, 0xCD7F, 0x51EC,   // 0x5120 (20768) pixels
0x0803, 0x1864, 0x1023, 0x1023, 0x1023, 0x1023, 0x1023, 0x1023, 0x1023, 0x1024, 0x1824, 0x1844, 0x1844, 0x1844, 0x2065, 0x1824,   // 0x5130 (20784) pixels
0xA417, 0x8B95, 0x0802, 0x2065, 0x1002, 0x624F, 0xC4FC, 0x1843, 0x0801, 0x0001, 0x0000, 0x0000, 0x0000, 0x0000, 0x0000, 0x0820,   // 0x5140 (20800) pixels
0x1020, 0xABC7, 0xFDA7, 0xFD47, 0xFD69, 0xED28, 0xBC26, 0x7AC5, 0x3963, 0x1861, 0x20A0, 0x0800, 0xA427, 0xB467, 0x0800, 0x0000,   // 0x5150 (20816) pixels
0x0000, 0x0000, 0x0000, 0x0000, 0x0000, 0x0000, 0x0000, 0x0000, 0x0000, 0x0000, 0x0000, 0x0000, 0x0000, 0x0000, 0x0000, 0x0000,   // 0x5160 (20832) pixels
0x0000, 0x0000, 0x0000, 0x0000, 0x0000, 0x0000, 0x0000, 0x0000, 0x0000, 0x0000, 0x0000, 0x0000, 0x0000, 0x0000, 0x0000, 0x0000,   // 0x5170 (20848) pixels
0x0000, 0x0000, 0x0000, 0x0000, 0x0000, 0x0000, 0x0000, 0x0000, 0x0000, 0x0000, 0x0000, 0x0000, 0x0000, 0x0000, 0x0000, 0x0000,   // 0x5180 (20864) pixels
0x0000, 0x0000, 0x0000, 0x0000, 0x0000, 0x0000, 0x0000, 0x0000, 0x0000, 0x0000, 0x0000, 0x0000, 0x0000, 0x0000, 0x0000, 0x0000,   // 0x5190 (20880) pixels
0x0000, 0x0000, 0x0000, 0x0000, 0x0000, 0x0000, 0x0000, 0x0000, 0x0000, 0x0000, 0x0000, 0x0000, 0x0000, 0x0000, 0x0000, 0x0000,   // 0x51A0 (20896) pixels
0x0000, 0x0000, 0x0000, 0x0000, 0x0000, 0x0000, 0x0000, 0x0000, 0x0000, 0x0000, 0x0000, 0x0000, 0x0000, 0x0000, 0x0000, 0x0000,   // 0x51B0 (20912) pixels
0x0000, 0x0000, 0x0000, 0x0000, 0x0000, 0x0000, 0x0000, 0x0000, 0x0000, 0x0000, 0x0000, 0x0000, 0x0000, 0x0000, 0x0000, 0x0000,   // 0x51C0 (20928) pixels
0x0000, 0x0000, 0x0000, 0x0000, 0x0000, 0x0000, 0x0000, 0x0000, 0x0000, 0x0000, 0x0000, 0x0000, 0x0000, 0x0000, 0x0000, 0x0000,   // 0x51D0 (20944) pixels
0x0000, 0x0000, 0x0000, 0x0000, 0x0840, 0x1040, 0xBCE7, 0xFE67, 0xF5E7, 0xFE27, 0xFE49, 0xF64A, 0xCD4A, 0x5225, 0x0000, 0x0840,   // 0x51E0 (20960) pixels
0x0000, 0x0000, 0x0000, 0x0000, 0x0000, 0x0000, 0x0000, 0x0000, 0x0000, 0x0000, 0x0000, 0x0801, 0x1022, 0x0001, 0x418A, 0xD55E,   // 0x51F0 (20976) pixels
0x3929, 0x1003, 0x1844, 0x1823, 0x1023, 0x1003, 0x1023, 0x1023, 0x1003, 0x1003, 0x1023, 0x1023, 0x1023, 0x1824, 0x1824, 0x1844,   // 0x5200 (20992) pixels
0x0803, 0x394A, 0xB45A, 0xC4BD, 0x7AD2, 0x494A, 0x28A7, 0x2065, 0x1824, 0x2045, 0x412A, 0x7B13, 0xC53D, 0xB4DC, 0x414A, 0x0802,   // 0x5210 (21008) pixels
0x1864, 0x1043, 0x1023, 0x1003, 0x1003, 0x1023, 0x1023, 0x1023, 0x1023, 0x1024, 0x1824, 0x1844, 0x1864, 0x2065, 0x2045, 0x2045,   // 0x5220 (21024) pixels
0xBCDB, 0x7AD1, 0x0802, 0x2085, 0x1002, 0x9375, 0xAC59, 0x0000, 0x0801, 0x0000, 0x0000, 0x0000, 0x0000, 0x0000, 0x0000, 0x0020,   // 0x5230 (21040) pixels
0x0800, 0x9B86, 0xFE09, 0xDCA8, 0x9B46, 0x4183, 0x0000, 0x0000, 0x0000, 0x0000, 0x18A0, 0x1020, 0xA3E7, 0xB427, 0x0000, 0x0000,   // 0x5240 (21056) pixels
0x0000, 0x0000, 0x0000, 0x0000, 0x0000, 0x0000, 0x0000, 0x0000, 0x0000, 0x0000, 0x0000, 0x0000, 0x0000, 0x0000, 0x0000, 0x0000,   // 0x5250 (21072) pixels
0x0000, 0x0000, 0x0000, 0x0000, 0x0000, 0x0000, 0x0000, 0x0000, 0x0000, 0x0000, 0x0000, 0x0000, 0x0000, 0x0000, 0x0000, 0x0000,   // 0x5260 (21088) pixels
0x0000, 0x0000, 0x0000, 0x0000, 0x0000, 0x0000, 0x0000, 0x0000, 0x0000, 0x0000, 0x0000, 0x0000, 0x0000, 0x0000, 0x0000, 0x0000,   // 0x5270 (21104) pixels
0x0000, 0x0000, 0x0000, 0x0000, 0x0000, 0x0000, 0x0000, 0x0000, 0x0000, 0x0000, 0x0000, 0x0000, 0x0000, 0x0000, 0x0000, 0x0000,   // 0x5280 (21120) pixels
0x0000, 0x0000, 0x0000, 0x0000, 0x0000, 0x0000, 0x0000, 0x0000, 0x0000, 0x0000, 0x0000, 0x0000, 0x0000, 0x0000, 0x0000, 0x0000,   // 0x5290 (21136) pixels
0x0000, 0x0000, 0x0000, 0x0000, 0x0000, 0x0000, 0x0000, 0x0000, 0x0000, 0x0000, 0x0000, 0x0000, 0x0000, 0x0000, 0x0000, 0x0000,   // 0x52A0 (21152) pixels
0x0000, 0x0000, 0x0000, 0x0000, 0x0000, 0x0000, 0x0000, 0x0000, 0x0000, 0x0000, 0x0000, 0x0000, 0x0000, 0x0000, 0x0000, 0x0000,   // 0x52B0 (21168) pixels
0x0000, 0x0000, 0x0000, 0x0000, 0x0000, 0x0000, 0x0000, 0x0000, 0x0000, 0x0000, 0x0000, 0x0000, 0x0000, 0x0000, 0x0000, 0x0000,   // 0x52C0 (21184) pixels
0x0000, 0x0000, 0x0000, 0x0000, 0x0020, 0x0000, 0x7B25, 0xFE69, 0xF588, 0xEDA9, 0xF5E9, 0xFE49, 0xFE89, 0xFEAB, 0x7B06, 0x1020,   // 0x52D0 (21200) pixels
0x0820, 0x0000, 0x0000, 0x0000, 0x0000, 0x0000, 0x0000, 0x0000, 0x0000, 0x0000, 0x0000, 0x0801, 0x1002, 0x1002, 0x2085, 0xCD3D,   // 0x52E0 (21216) pixels
0x6A71, 0x0802, 0x1844, 0x1023, 0x1023, 0x1023, 0x1824, 0x1824, 0x1023, 0x1023, 0x1023, 0x1023, 0x1023, 0x1844, 0x1824, 0x1824,   // 0x52F0 (21232) pixels
0x2065, 0x1003, 0x1824, 0x620F, 0xAC59, 0xCD3D, 0xC4FC, 0xBCBB, 0xB47A, 0xBCBC, 0xCD3E, 0xBCDB, 0x72B1, 0x2065, 0x1003, 0x1844,   // 0x5300 (21248) pixels
0x1044, 0x1023, 0x1003, 0x1023, 0x1023, 0x1023, 0x1023, 0x1023, 0x1023, 0x1844, 0x1844, 0x1844, 0x2044, 0x2065, 0x1803, 0x3929,   // 0x5310 (21264) pixels
0xD59F, 0x51AB, 0x1003, 0x1864, 0x2065, 0xCD1D, 0x72B0, 0x0000, 0x0821, 0x0000, 0x0000, 0x0000, 0x0000, 0x0000, 0x0000, 0x0000,   // 0x5320 (21280) pixels
0x0000, 0x9B67, 0xCCA8, 0x2880, 0x2840, 0x0820, 0x0000, 0x0020, 0x0020, 0x0000, 0x0020, 0x0000, 0x9387, 0xABC6, 0x0000, 0x0000,   // 0x5330 (21296) pixels
0x0000, 0x0000, 0x0000, 0x0000, 0x0000, 0x0000, 0x0000, 0x0000, 0x0000, 0x0000, 0x0000, 0x0000, 0x0000, 0x0000, 0x0000, 0x0000,   // 0x5340 (21312) pixels
0x0000, 0x0000, 0x0000, 0x0000, 0x0000, 0x0000, 0x0000, 0x0000, 0x0000, 0x0000, 0x0000, 0x0000, 0x0000, 0x0000, 0x0000, 0x0000,   // 0x5350 (21328) pixels
0x0000, 0x0000, 0x0000, 0x0000, 0x0000, 0x0000, 0x0000, 0x0000, 0x0000, 0x0000, 0x0000, 0x0000, 0x0000, 0x0000, 0x0000, 0x0000,   // 0x5360 (21344) pixels
0x0000, 0x0000, 0x0000, 0x0000, 0x0000, 0x0000, 0x0000, 0x0000, 0x0000, 0x0000, 0x0000, 0x0000, 0x0000, 0x0000, 0x0000, 0x0000,   // 0x5370 (21360) pixels
0x0000, 0x0000, 0x0000, 0x0000, 0x0000, 0x0000, 0x0000, 0x0000, 0x0000, 0x0000, 0x0000, 0x0000, 0x0000, 0x0000, 0x0000, 0x0000,   // 0x5380 (21376) pixels
0x0000, 0x0000, 0x0000, 0x0000, 0x0000, 0x0000, 0x0000, 0x0000, 0x0000, 0x0000, 0x0000, 0x0000, 0x0000, 0x0000, 0x0000, 0x0000,   // 0x5390 (21392) pixels
0x0000, 0x0000, 0x0000, 0x0000, 0x0000, 0x0000, 0x0000, 0x0000, 0x0000, 0x0000, 0x0000, 0x0000, 0x0000, 0x0000, 0x0000, 0x0000,   // 0x53A0 (21408) pixels
0x0000, 0x0000, 0x0000, 0x0000, 0x0000, 0x0000, 0x0000, 0x0000, 0x0000, 0x0000, 0x0000, 0x0000, 0x0000, 0x0000, 0x0000, 0x0000,   // 0x53B0 (21424) pixels
0x0000, 0x0000, 0x0000, 0x0000, 0x0020, 0x0000, 0x3162, 0xFEAC, 0x82C5, 0x2060, 0x3122, 0x6265, 0xCCE8, 0xFE69, 0xFE4B, 0x3122,   // 0x53C0 (21440) pixels
0x0000, 0x0000, 0x0000, 0x0000, 0x0000, 0x0000, 0x0000, 0x0000, 0x0000, 0x0000, 0x0000, 0x0801, 0x0802, 0x1823, 0x0801, 0x8B34,   // 0x53D0 (21456) pixels
0xBC9C, 0x1023, 0x1002, 0x1844, 0x1824, 0x1824, 0x1824, 0x1824, 0x1824, 0x1023, 0x1823, 0x1823, 0x1824, 0x1844, 0x1844, 0x2045,   // 0x53E0 (21472) pixels
0x1845, 0x1844, 0x1844, 0x0802, 0x1824, 0x4129, 0x5A0E, 0x726F, 0x6A6F, 0x59ED, 0x3909, 0x1824, 0x1002, 0x1845, 0x1865, 0x1844,   // 0x53F0 (21488) pixels
0x1024, 0x1023, 0x1003, 0x1023, 0x1023, 0x1003, 0x1023, 0x1823, 0x1844, 0x1844, 0x2044, 0x2044, 0x2065, 0x2065, 0x0802, 0x93B5,   // 0x5400 (21504) pixels
0xBCBB, 0x2044, 0x2065, 0x0802, 0x7AB1, 0xD55E, 0x20A5, 0x0001, 0x0000, 0x0000, 0x0000, 0x0000, 0x0000, 0x0000, 0x0000, 0x0020,   // 0x5410 (21520) pixels
0x0000, 0x9347, 0xB3C7, 0x1000, 0x1860, 0x0000, 0x0000, 0x0000, 0x0000, 0x0000, 0x0000, 0x0000, 0x9326, 0xA386, 0x0000, 0x0000,   // 0x5420 (21536) pixels
0x0000, 0x0000, 0x0000, 0x0000, 0x0000, 0x0000, 0x0000, 0x0000, 0x0000, 0x0000, 0x0000, 0x0000, 0x0000, 0x0000, 0x0000, 0x0000,   // 0x5430 (21552) pixels
0x0000, 0x0000, 0x0000, 0x0000, 0x0000, 0x0000, 0x0000, 0x0000, 0x0000, 0x0000, 0x0000, 0x0000, 0x0000, 0x0000, 0x0000, 0x0000,   // 0x5440 (21568) pixels
0x0000, 0x0000, 0x0000, 0x0000, 0x0000, 0x0000, 0x0000, 0x0000, 0x0000, 0x0000, 0x0000, 0x0000, 0x0000, 0x0000, 0x0000, 0x0000,   // 0x5450 (21584) pixels
0x0000, 0x0000, 0x0000, 0x0000, 0x0000, 0x0000, 0x0000, 0x0000, 0x0000, 0x0000, 0x0000, 0x0000, 0x0000, 0x0000, 0x0000, 0x0000,   // 0x5460 (21600) pixels
0x0000, 0x0000, 0x0000, 0x0000, 0x0000, 0x0000, 0x0000, 0x0000, 0x0000, 0x0000, 0x0000, 0x0000, 0x0000, 0x0000, 0x0000, 0x0000,   // 0x5470 (21616) pixels
0x0000, 0x0000, 0x0000, 0x0000, 0x0000, 0x0000, 0x0000, 0x0000, 0x0000, 0x0000, 0x0000, 0x0000, 0x0000, 0x0000, 0x0000, 0x0000,   // 0x5480 (21632) pixels
0x0000, 0x0000, 0x0000, 0x0000, 0x0000, 0x0000, 0x0000, 0x0000, 0x0000, 0x0000, 0x0000, 0x0000, 0x0000, 0x0000, 0x0000, 0x0000,   // 0x5490 (21648) pixels
0x0000, 0x0000, 0x0000, 0x0000, 0x0000, 0x0000, 0x0000, 0x0000, 0x0000, 0x0000, 0x0000, 0x0000, 0x0000, 0x0000, 0x0000, 0x0000,   // 0x54A0 (21664) pixels
0x0000, 0x0000, 0x0000, 0x0000, 0x0000, 0x0000, 0x1060, 0xEE2C, 0x9BA8, 0x0000, 0x0000, 0x0000, 0x0820, 0x9BE6, 0xFF0C, 0x6AA6,   // 0x54B0 (21680) pixels
0x0000, 0x0020, 0x0000, 0x0000, 0x0000, 0x0000, 0x0000, 0x0000, 0x0000, 0x0001, 0x0801, 0x0801, 0x0802, 0x1002, 0x0000, 0x20A5,   // 0x54C0 (21696) pixels
0xCCDE, 0x82F3, 0x0800, 0x2025, 0x2045, 0x2024, 0x2045, 0x1825, 0x1824, 0x1824, 0x1823, 0x1823, 0x1824, 0x1824, 0x1844, 0x1844,   // 0x54D0 (21712) pixels
0x1844, 0x1844, 0x1844, 0x2065, 0x2065, 0x1824, 0x1803, 0x1003, 0x1003, 0x1002, 0x1003, 0x2044, 0x2065, 0x1844, 0x1844, 0x1844,   // 0x54E0 (21728) pixels
0x1823, 0x1023, 0x1023, 0x1023, 0x1023, 0x1023, 0x1823, 0x1824, 0x1844, 0x2024, 0x2045, 0x2065, 0x2085, 0x0802, 0x5A0D, 0xDD7F,   // 0x54F0 (21744) pixels
0x51CC, 0x1022, 0x1002, 0x4149, 0xDDBF, 0x72AF, 0x0000, 0x0822, 0x0021, 0x0000, 0x0000, 0x0000, 0x0000, 0x0000, 0x0000, 0x0000,   // 0x5500 (21760) pixels
0x0000, 0x8B27, 0xB3C7, 0x0000, 0x0020, 0x0000, 0x0000, 0x0000, 0x0000, 0x0000, 0x0820, 0x0000, 0x9306, 0xA346, 0x0000, 0x0000,   // 0x5510 (21776) pixels
0x0000, 0x0000, 0x0000, 0x0000, 0x0000, 0x0000, 0x0000, 0x0000, 0x0000, 0x0000, 0x0000, 0x0000, 0x0000, 0x0000, 0x0000, 0x0000,   // 0x5520 (21792) pixels
0x0000, 0x0000, 0x0000, 0x0000, 0x0000, 0x0000, 0x0000, 0x0000, 0x0000, 0x0000, 0x0000, 0x0000, 0x0000, 0x0000, 0x0000, 0x0000,   // 0x5530 (21808) pixels
0x0000, 0x0000, 0x0000, 0x0000, 0x0000, 0x0000, 0x0000, 0x0000, 0x0000, 0x0000, 0x0000, 0x0000, 0x0000, 0x0000, 0x0000, 0x0000,   // 0x5540 (21824) pixels
0x0000, 0x0000, 0x0000, 0x0000, 0x0000, 0x0000, 0x0000, 0x0000, 0x0000, 0x0000, 0x0000, 0x0000, 0x0000, 0x0000, 0x0000, 0x0000,   // 0x5550 (21840) pixels
0x0000, 0x0000, 0x0000, 0x0000, 0x0000, 0x0000, 0x0000, 0x0000, 0x0000, 0x0000, 0x0000, 0x0000, 0x0000, 0x0000, 0x0000, 0x0000,   // 0x5560 (21856) pixels
0x0000, 0x0000, 0x0000, 0x0000, 0x0000, 0x0000, 0x0000, 0x0000, 0x0000, 0x0000, 0x0000, 0x0000, 0x0000, 0x0000, 0x0000, 0x0000,   // 0x5570 (21872) pixels
0x0000, 0x0000, 0x0000, 0x0000, 0x0000, 0x0000, 0x0000, 0x0000, 0x0000, 0x0000, 0x0000, 0x0000, 0x0000, 0x0000, 0x0000, 0x0000,   // 0x5580 (21888) pixels
0x0000, 0x0000, 0x0000, 0x0000, 0x0000, 0x0000, 0x0000, 0x0000, 0x0000, 0x0000, 0x0000, 0x0000, 0x0000, 0x0000, 0x0000, 0x0000,   // 0x5590 (21904) pixels
0x0000, 0x0000, 0x0000, 0x0000, 0x0000, 0x1061, 0x1020, 0xBCC9, 0xDD8C, 0x0800, 0x1020, 0x2081, 0x1040, 0x1020, 0xE5CB, 0x8B66,   // 0x55A0 (21920) pixels
0x0000, 0x0020, 0x0000, 0x0000, 0x0000, 0x0000, 0x0000, 0x0000, 0x0000, 0x0801, 0x0821, 0x0802, 0x0801, 0x0001, 0x0020, 0x0000,   // 0x55B0 (21936) pixels
0x51CC, 0xE57F, 0x7290, 0x1803, 0x2825, 0x2866, 0x2045, 0x2045, 0x2024, 0x1824, 0x1824, 0x1824, 0x1824, 0x2024, 0x2044, 0x1844,   // 0x55C0 (21952) pixels
0x1844, 0x2044, 0x2044, 0x2045, 0x2065, 0x2065, 0x2065, 0x2065, 0x2064, 0x2065, 0x2065, 0x1845, 0x2045, 0x2044, 0x2044, 0x1844,   // 0x55D0 (21968) pixels
0x1843, 0x1823, 0x1823, 0x1823, 0x1824, 0x1824, 0x1844, 0x1824, 0x2044, 0x2065, 0x2866, 0x2065, 0x1002, 0x59EC, 0xDD9F, 0x82F3,   // 0x55E0 (21984) pixels
0x0801, 0x0801, 0x3928, 0xD55E, 0x9C16, 0x0803, 0x0822, 0x0821, 0x0021, 0x0000, 0x0000, 0x0000, 0x0000, 0x0000, 0x0000, 0x0000,   // 0x55F0 (22000) pixels
0x0000, 0x8AE7, 0xB3A7, 0x0000, 0x0000, 0x0000, 0x0000, 0x0000, 0x0820, 0x0000, 0x0000, 0x0000, 0x9AE6, 0x9B26, 0x0000, 0x0000,   // 0x5600 (22016) pixels
0x0000, 0x0000, 0x0000, 0x0000, 0x0000, 0x0000, 0x0000, 0x0000, 0x0000, 0x0000, 0x0000, 0x0000, 0x0000, 0x0000, 0x0000, 0x0000,   // 0x5610 (22032) pixels
0x0000, 0x0000, 0x0000, 0x0000, 0x0000, 0x0000, 0x0000, 0x0000, 0x0000, 0x0000, 0x0000, 0x0000, 0x0000, 0x0000, 0x0000, 0x0000,   // 0x5620 (22048) pixels
0x0000, 0x0000, 0x0000, 0x0000, 0x0000, 0x0000, 0x0000, 0x0000, 0x0000, 0x0000, 0x0000, 0x0000, 0x0000, 0x0000, 0x0000, 0x0000,   // 0x5630 (22064) pixels
0x0000, 0x0000, 0x0000, 0x0000, 0x0000, 0x0000, 0x0000, 0x0000, 0x0000, 0x0000, 0x0000, 0x0000, 0x0000, 0x0000, 0x0000, 0x0000,   // 0x5640 (22080) pixels
0x0000, 0x0000, 0x0000, 0x0000, 0x0000, 0x0000, 0x0000, 0x0000, 0x0000, 0x0000, 0x0000, 0x0000, 0x0000, 0x0000, 0x0000, 0x0000,   // 0x5650 (22096) pixels
0x0000, 0x0000, 0x0000, 0x0000, 0x0000, 0x0000, 0x0000, 0x0000, 0x0000, 0x0000, 0x0000, 0x0000, 0x0000, 0x0000, 0x0000, 0x0000,   // 0x5660 (22112) pixels
0x0000, 0x0000, 0x0000, 0x0000, 0x0000, 0x0000, 0x0000, 0x0000, 0x0000, 0x0000, 0x0000, 0x0000, 0x0000, 0x0000, 0x0000, 0x0000,   // 0x5670 (22128) pixels
0x0000, 0x0000, 0x0000, 0x0000, 0x0000, 0x0000, 0x0000, 0x0000, 0x0000, 0x0000, 0x0000, 0x0000, 0x0000, 0x0000, 0x0000, 0x0000,   // 0x5680 (22144) pixels
0x0000, 0x0000, 0x0000, 0x0020, 0x0020, 0x0820, 0x0800, 0x7B05, 0xFE8D, 0x28E2, 0x1020, 0x1000, 0x0800, 0x0000, 0x93A8, 0x7327,   // 0x5690 (22160) pixels
0x0000, 0x0000, 0x0000, 0x0000, 0x0000, 0x0000, 0x0000, 0x0000, 0x0000, 0x0001, 0x0021, 0x0801, 0x0001, 0x0000, 0x0000, 0x0000,   // 0x56A0 (22176) pixels
0x0000, 0x6A6F, 0xE5BF, 0xA397, 0x38C9, 0x2004, 0x1803, 0x1803, 0x1803, 0x1002, 0x1002, 0x1003, 0x1003, 0x1002, 0x1002, 0x1003,   // 0x56B0 (22192) pixels
0x1003, 0x1803, 0x1803, 0x1803, 0x1803, 0x1003, 0x1002, 0x1002, 0x1803, 0x1803, 0x1804, 0x1803, 0x1803, 0x1003, 0x1003, 0x1002,   // 0x56C0 (22208) pixels
0x1002, 0x0802, 0x0802, 0x1002, 0x1002, 0x1002, 0x1003, 0x1003, 0x1002, 0x1803, 0x1804, 0x2065, 0x7AB1, 0xD55F, 0x7AD1, 0x0000,   // 0x56D0 (22224) pixels
0x1844, 0x6A90, 0xDD7F, 0x9BF6, 0x1843, 0x0821, 0x0822, 0x0821, 0x0001, 0x0000, 0x0000, 0x0000, 0x0000, 0x0000, 0x0000, 0x0000,   // 0x56E0 (22240) pixels
0x0000, 0x82C6, 0xAB67, 0x0000, 0x0020, 0x0000, 0x0020, 0x0000, 0x1800, 0x38E2, 0x4183, 0x1060, 0x9AE6, 0xA306, 0x0000, 0x0000,   // 0x56F0 (22256) pixels
0x0000, 0x0000, 0x0000, 0x0000, 0x0000, 0x0000, 0x0000, 0x0000, 0x0000, 0x0000, 0x0000, 0x0000, 0x0000, 0x0000, 0x0000, 0x0000,   // 0x5700 (22272) pixels
0x0000, 0x0000, 0x0000, 0x0000, 0x0000, 0x0000, 0x0000, 0x0000, 0x0000, 0x0000, 0x0000, 0x0000, 0x0000, 0x0000, 0x0000, 0x0000,   // 0x5710 (22288) pixels
0x0000, 0x0000, 0x0000, 0x0000, 0x0000, 0x0000, 0x0000, 0x0000, 0x0000, 0x0000, 0x0000, 0x0000, 0x0000, 0x0000, 0x0000, 0x0000,   // 0x5720 (22304) pixels
0x0000, 0x0000, 0x0000, 0x0000, 0x0000, 0x0000, 0x0000, 0x0000, 0x0000, 0x0000, 0x0000, 0x0000, 0x0000, 0x0000, 0x0000, 0x0000,   // 0x5730 (22320) pixels
0x0000, 0x0000, 0x0000, 0x0000, 0x0000, 0x0000, 0x0000, 0x0000, 0x0000, 0x0000, 0x0000, 0x0000, 0x0000, 0x0000, 0x0000, 0x0000,   // 0x5740 (22336) pixels
0x0000, 0x0000, 0x0000, 0x0000, 0x0000, 0x0000, 0x0000, 0x0000, 0x0000, 0x0000, 0x0000, 0x0000, 0x0000, 0x0000, 0x0000, 0x0000,   // 0x5750 (22352) pixels
0x0000, 0x0000, 0x0000, 0x0000, 0x0000, 0x0000, 0x0000, 0x0000, 0x0000, 0x0000, 0x0000, 0x0000, 0x0000, 0x0000, 0x0000, 0x0000,   // 0x5760 (22368) pixels
0x0000, 0x0000, 0x0000, 0x0000, 0x0000, 0x0000, 0x0000, 0x0000, 0x0000, 0x0000, 0x0000, 0x0020, 0x0000, 0x0000, 0x0800, 0x0820,   // 0x5770 (22384) pixels
0x0000, 0x0020, 0x0000, 0x0000, 0x0000, 0x20E3, 0x2903, 0x3962, 0xFEAD, 0x5A24, 0x1082, 0x8C71, 0x6B4C, 0x0000, 0x7B28, 0x3143,   // 0x5780 (22400) pixels
0x0841, 0x2104, 0x0000, 0x1081, 0x1061, 0x0000, 0x0020, 0x0000, 0x0000, 0x0020, 0x0000, 0x0000, 0x0000, 0x0000, 0x0000, 0x0001,   // 0x5790 (22416) pixels
0x0822, 0x0802, 0x51AC, 0xC4BB, 0xD4FE, 0x9355, 0x620E, 0x518B, 0x496B, 0x494A, 0x414A, 0x414A, 0x414A, 0x494A, 0x494A, 0x414A,   // 0x57A0 (22432) pixels
0x496B, 0x498B, 0x518B, 0x518B, 0x496B, 0x496B, 0x414A, 0x496A, 0x496B, 0x496B, 0x494C, 0x496A, 0x496B, 0x496C, 0x498B, 0x496B,   // 0x57B0 (22448) pixels
0x496A, 0x414A, 0x494A, 0x496B, 0x496B, 0x496B, 0x498B, 0x498B, 0x51AC, 0x59CC, 0x7AD2, 0xBC5A, 0xDD7F, 0x9BD7, 0x624F, 0x9BB6,   // 0x57C0 (22464) pixels
0xCD1D, 0xCD1D, 0x626F, 0x0802, 0x1022, 0x1022, 0x0000, 0x0000, 0x0000, 0x0000, 0x0000, 0x0000, 0x0000, 0x0000, 0x0000, 0x0000,   // 0x57D0 (22480) pixels
0x0000, 0x7A66, 0xA327, 0x0000, 0x0000, 0x0000, 0x0000, 0x1820, 0x9B68, 0xED4A, 0xF588, 0xDCC8, 0xE4A8, 0x9B05, 0x0000, 0x0000,   // 0x57E0 (22496) pixels
0x0000, 0x0000, 0x0000, 0x0000, 0x0000, 0x0000, 0x1081, 0x0861, 0x0000, 0x0000, 0x0000, 0x0000, 0x0000, 0x0000, 0x0000, 0x0000,   // 0x57F0 (22512) pixels
0x0000, 0x0000, 0x0000, 0x0000, 0x0000, 0x0000, 0x0000, 0x0000, 0x0000, 0x0000, 0x0000, 0x0000, 0x0000, 0x0000, 0x0000, 0x0000,   // 0x5800 (22528) pixels
0x0000, 0x0000, 0x0000, 0x0000, 0x0000, 0x0000, 0x0000, 0x0000, 0x0000, 0x0000, 0x0000, 0x0000, 0x0000, 0x0000, 0x0000, 0x0000,   // 0x5810 (22544) pixels
0x0000, 0x0000, 0x0000, 0x0000, 0x0000, 0x0000, 0x0000, 0x0000, 0x0000, 0x0000, 0x0000, 0x0000, 0x0000, 0x0000, 0x0000, 0x0000,   // 0x5820 (22560) pixels
0x0000, 0x0000, 0x0000, 0x0000, 0x0000, 0x0000, 0x0000, 0x0000, 0x0000, 0x0000, 0x0000, 0x0000, 0x0000, 0x0000, 0x0000, 0x0000,   // 0x5830 (22576) pixels
0x0000, 0x0000, 0x0000, 0x0000, 0x0000, 0x0000, 0x0000, 0x0000, 0x0000, 0x0000, 0x0000, 0x0000, 0x0000, 0x0000, 0x0000, 0x0000,   // 0x5840 (22592) pixels
0x0000, 0x0000, 0x0000, 0x0000, 0x0000, 0x0000, 0x0000, 0x0000, 0x0000, 0x0000, 0x0000, 0x0000, 0x0000, 0x0000, 0x0000, 0x0000,   // 0x5850 (22608) pixels
0x0000, 0x0000, 0x0000, 0x0000, 0x0000, 0x0000, 0x0000, 0x0000, 0x0000, 0x0000, 0x0000, 0x0000, 0x3102, 0x6245, 0x38E1, 0x1840,   // 0x5860 (22624) pixels
0x0820, 0x0000, 0x18C2, 0x5B0C, 0x9492, 0xA534, 0x5AEB, 0x1040, 0xE56B, 0xA408, 0x0000, 0x39E7, 0x3186, 0x0000, 0x2923, 0x0000,   // 0x5870 (22640) pixels
0x39E8, 0x9492, 0x0882, 0x6286, 0x8BAA, 0x0000, 0x0000, 0x0000, 0x0000, 0x0020, 0x0020, 0x0000, 0x0000, 0x0000, 0x0021, 0x0801,   // 0x5880 (22656) pixels
0x1022, 0x1844, 0x1002, 0x2044, 0x59EE, 0x9B96, 0xBC5A, 0xC49C, 0xC49C, 0xC49C, 0xBC7C, 0xBC7B, 0xBC5B, 0xBC5B, 0xBC7B, 0xC47C,   // 0x5890 (22672) pixels
0xC4BC, 0xCCDD, 0xCCFD, 0xCCDC, 0xCCBC, 0xC45C, 0xC45B, 0xC47C, 0xCCBC, 0xCCBC, 0xC47C, 0xC47C, 0xC49C, 0xC4BC, 0xC4BB, 0xC4DC,   // 0x58A0 (22688) pixels
0xC4BB, 0xC47C, 0xC47C, 0xBC7C, 0xBC7B, 0xC49C, 0xBCBB, 0xC4BC, 0xC4BC, 0xCCBC, 0xCCDD, 0xBC9B, 0xB47A, 0xC4BB, 0xC4FC, 0xAC38,   // 0x58B0 (22704) pixels
0x6A8F, 0x2084, 0x0000, 0x0822, 0x1022, 0x0821, 0x0000, 0x0000, 0x0000, 0x0000, 0x0000, 0x0000, 0x0000, 0x0000, 0x0020, 0x1020,   // 0x58C0 (22720) pixels
0x0000, 0x7A65, 0xAB26, 0x0000, 0x0000, 0x0000, 0x0000, 0x8B07, 0xFD49, 0xECC7, 0xECC7, 0xECC7, 0xFD07, 0x9AE5, 0x0000, 0x0000,   // 0x58D0 (22736) pixels
0x0000, 0x0000, 0x0000, 0x0000, 0x0020, 0x0000, 0x6AE7, 0x8BA8, 0x0000, 0x0000, 0x0820, 0x0000, 0x0000, 0x0000, 0x0000, 0x0000,   // 0x58E0 (22752) pixels
0x0000, 0x0000, 0x0000, 0x0000, 0x0000, 0x0000, 0x0000, 0x0000, 0x0000, 0x0000, 0x0000, 0x0000, 0x0000, 0x0000, 0x0000, 0x0000,   // 0x58F0 (22768) pixels
0x0000, 0x0000, 0x0000, 0x0000, 0x0000, 0x0000, 0x0000, 0x0000, 0x0000, 0x0000, 0x0000, 0x0000, 0x0000, 0x0000, 0x0000, 0x0000,   // 0x5900 (22784) pixels
0x0000, 0x0000, 0x0000, 0x0000, 0x0000, 0x0000, 0x0000, 0x0000, 0x0000, 0x0000, 0x0000, 0x0000, 0x0000, 0x0000, 0x0000, 0x0000,   // 0x5910 (22800) pixels
0x0000, 0x0000, 0x0000, 0x0000, 0x0000, 0x0000, 0x0000, 0x0000, 0x0000, 0x0000, 0x0000, 0x0000, 0x0000, 0x0000, 0x0000, 0x0000,   // 0x5920 (22816) pixels
0x0000, 0x0000, 0x0000, 0x0000, 0x0000, 0x0000, 0x0000, 0x0000, 0x0000, 0x0000, 0x0000, 0x0000, 0x0000, 0x0000, 0x0000, 0x0000,   // 0x5930 (22832) pixels
0x0000, 0x0000, 0x0000, 0x0000, 0x0000, 0x0000, 0x0000, 0x0000, 0x0000, 0x0000, 0x0000, 0x0000, 0x0000, 0x0000, 0x0000, 0x0000,   // 0x5940 (22848) pixels
0x0000, 0x0000, 0x0000, 0x0000, 0x0000, 0x0000, 0x0000, 0x0000, 0x0000, 0x0000, 0x0000, 0x49A3, 0xF5CA, 0xFE6B, 0xDD6B, 0x38E1,   // 0x5950 (22864) pixels
0x30C2, 0x7BEF, 0x9CD3, 0x632C, 0x2945, 0x0020, 0x0020, 0x0820, 0xA3C6, 0xE58B, 0x1020, 0x0000, 0x0000, 0x0001, 0x0000, 0x0020,   // 0x5960 (22880) pixels
0x0000, 0x0000, 0x0000, 0x5A25, 0xB46B, 0x7BAD, 0x9CF2, 0x5ACB, 0x1082, 0x0000, 0x0000, 0x0000, 0x0000, 0x0000, 0x0000, 0x0801,   // 0x5970 (22896) pixels
0x1023, 0x1824, 0x1843, 0x1022, 0x0001, 0x0801, 0x1823, 0x2065, 0x2085, 0x2085, 0x2065, 0x2085, 0x2886, 0x2886, 0x2886, 0x30A6,   // 0x5980 (22912) pixels
0x30A7, 0x30C6, 0x30C7, 0x28A6, 0x2025, 0x2045, 0x2886, 0x2886, 0x30A7, 0x28A6, 0x2885, 0x2065, 0x2045, 0x2886, 0x28A7, 0x30A7,   // 0x5990 (22928) pixels
0x28A6, 0x28A6, 0x2886, 0x2065, 0x2065, 0x2085, 0x2085, 0x2085, 0x2885, 0x2885, 0x2065, 0x2085, 0x2085, 0x2064, 0x1844, 0x1022,   // 0x59A0 (22944) pixels
0x1002, 0x1021, 0x0821, 0x0821, 0x0801, 0x0821, 0x0000, 0x0000, 0x0000, 0x0000, 0x0000, 0x0000, 0x0000, 0x0000, 0x0800, 0x1800,   // 0x59B0 (22960) pixels
0x0000, 0x7224, 0xAB26, 0x0000, 0x0000, 0x0000, 0x1881, 0xDC48, 0xEC47, 0xEC67, 0xEC87, 0xEC47, 0xFC87, 0x9AC5, 0x0000, 0x0000,   // 0x59C0 (22976) pixels
0x0000, 0x0000, 0x0000, 0x0000, 0x0000, 0x0000, 0x6264, 0xFE8B, 0x5A24, 0x0000, 0x0800, 0x28A1, 0x4A05, 0x0020, 0x0000, 0x0000,   // 0x59D0 (22992) pixels
0x0000, 0x0000, 0x0000, 0x0000, 0x0000, 0x0000, 0x0000, 0x0000, 0x0000, 0x0000, 0x0000, 0x0000, 0x0000, 0x0000, 0x0000, 0x0000,   // 0x59E0 (23008) pixels
0x0000, 0x0000, 0x0000, 0x0000, 0x0000, 0x0000, 0x0000, 0x0000, 0x0000, 0x0000, 0x0000, 0x0000, 0x0000, 0x0000, 0x0000, 0x0000,   // 0x59F0 (23024) pixels
0x0000, 0x0000, 0x0000, 0x0000, 0x0000, 0x0000, 0x0000, 0x0000, 0x0000, 0x0000, 0x0000, 0x0000, 0x0000, 0x0000, 0x0000, 0x0000,   // 0x5A00 (23040) pixels
0x0000, 0x0000, 0x0000, 0x0000, 0x0000, 0x0000, 0x0000, 0x0000, 0x0000, 0x0000, 0x0000, 0x0000, 0x0000, 0x0000, 0x0000, 0x0000,   // 0x5A10 (23056) pixels
0x0000, 0x0000, 0x0000, 0x0000, 0x0000, 0x0000, 0x0000, 0x0000, 0x0000, 0x0000, 0x0000, 0x0000, 0x0000, 0x0000, 0x0000, 0x0000,   // 0x5A20 (23072) pixels
0x0000, 0x0000, 0x0000, 0x0000, 0x0000, 0x0000, 0x0000, 0x0000, 0x0000, 0x0000, 0x0000, 0x0000, 0x0000, 0x0000, 0x0000, 0x0000,   // 0x5A30 (23088) pixels
0x0000, 0x0000, 0x0000, 0x0000, 0x0000, 0x0000, 0x0000, 0x0000, 0x0000, 0x0000, 0x0000, 0xBC88, 0xFDE8, 0xED46, 0xFE4A, 0x6A64,   // 0x5A40 (23104) pixels
0x39A6, 0x52A9, 0x0000, 0x0000, 0x0000, 0x0000, 0x0000, 0x0000, 0x6A64, 0xFE2B, 0x3922, 0x0000, 0x0000, 0x0000, 0x0000, 0x0000,   // 0x5A50 (23120) pixels
0x0000, 0x0020, 0x0000, 0x4184, 0xBC4A, 0x1060, 0x4A68, 0x94B2, 0xB5B6, 0x8C51, 0x2965, 0x0000, 0x0000, 0x0000, 0x0021, 0x0801,   // 0x5A60 (23136) pixels
0x0822, 0x1022, 0x1022, 0x1022, 0x1023, 0x1022, 0x1002, 0x1002, 0x1002, 0x1002, 0x1002, 0x1002, 0x1022, 0x1022, 0x1803, 0x1804,   // 0x5A70 (23152) pixels
0x1804, 0x1823, 0x1824, 0x1002, 0x61ED, 0x3908, 0x1003, 0x2024, 0x2024, 0x2025, 0x1022, 0x2084, 0x6A4F, 0x2045, 0x1043, 0x1824,   // 0x5A80 (23168) pixels
0x1824, 0x1823, 0x1023, 0x1002, 0x0802, 0x1022, 0x1022, 0x1022, 0x1023, 0x1023, 0x1002, 0x1002, 0x1002, 0x1002, 0x1022, 0x1043,   // 0x5A90 (23184) pixels
0x1043, 0x1022, 0x0801, 0x0000, 0x0001, 0x0000, 0x0000, 0x0000, 0x0000, 0x0000, 0x0000, 0x0000, 0x0000, 0x1840, 0x8265, 0xABC8,   // 0x5AA0 (23200) pixels
0x9307, 0xAB46, 0xAB06, 0x0000, 0x0020, 0x0000, 0x30E2, 0xEC48, 0xE3E7, 0xEBE7, 0xEBE6, 0xEBE6, 0xFC68, 0x69E4, 0x0000, 0x0000,   // 0x5AB0 (23216) pixels
0x0000, 0x0000, 0x0000, 0x0000, 0x0000, 0x0000, 0x7AC5, 0xFDEA, 0xFE0A, 0xDD89, 0xCD29, 0xD58B, 0x5A86, 0x0000, 0x0020, 0x0000,   // 0x5AC0 (23232) pixels
0x0000, 0x0000, 0x0000, 0x0000, 0x0000, 0x0000, 0x0000, 0x0000, 0x0000, 0x0000, 0x0000, 0x0000, 0x0000, 0x0000, 0x0000, 0x0000,   // 0x5AD0 (23248) pixels
0x0000, 0x0000, 0x0000, 0x0000, 0x0000, 0x0000, 0x0000, 0x0000, 0x0000, 0x0000, 0x0000, 0x0000, 0x0000, 0x0000, 0x0000, 0x0000,   // 0x5AE0 (23264) pixels
0x0000, 0x0000, 0x0000, 0x0000, 0x0000, 0x0000, 0x0000, 0x0000, 0x0000, 0x0000, 0x0000, 0x0000, 0x0000, 0x0000, 0x0000, 0x0000,   // 0x5AF0 (23280) pixels
0x0000, 0x0000, 0x0000, 0x0000, 0x0000, 0x0000, 0x0000, 0x0000, 0x0000, 0x0000, 0x0000, 0x0000, 0x0000, 0x0000, 0x0000, 0x0000,   // 0x5B00 (23296) pixels
0x0000, 0x0000, 0x0000, 0x0000, 0x0000, 0x0000, 0x0000, 0x0000, 0x0000, 0x0000, 0x0000, 0x0000, 0x0000, 0x0000, 0x0000, 0x0000,   // 0x5B10 (23312) pixels
0x0000, 0x0000, 0x0000, 0x0000, 0x0000, 0x0000, 0x0000, 0x0000, 0x0000, 0x0000, 0x0000, 0x0000, 0x0000, 0x0000, 0x0000, 0x0000,   // 0x5B20 (23328) pixels
0x0000, 0x0000, 0x0000, 0x0000, 0x0000, 0x0000, 0x0000, 0x0000, 0x0000, 0x0000, 0x0840, 0xCD08, 0xFDC7, 0xFDA6, 0xF589, 0x2902,   // 0x5B30 (23344) pixels
0x0000, 0x0000, 0x0000, 0x0000, 0x0000, 0x1082, 0x39E7, 0x2944, 0x30E1, 0xFDEB, 0x7AA5, 0x0000, 0x6B6D, 0x8C51, 0x6B6E, 0x528A,   // 0x5B40 (23360) pixels
0x2985, 0x0861, 0x0000, 0x2902, 0xC4AA, 0x1840, 0x0000, 0x0000, 0x1082, 0x630C, 0xAD75, 0xAD75, 0x4A69, 0x0000, 0x0000, 0x0801,   // 0x5B50 (23376) pixels
0x1022, 0x0801, 0x0821, 0x0821, 0x0822, 0x1022, 0x1022, 0x1022, 0x1022, 0x1022, 0x1022, 0x1022, 0x1023, 0x1023, 0x1023, 0x1823,   // 0x5B60 (23392) pixels
0x1823, 0x1843, 0x1843, 0x1002, 0xBC3A, 0x6A0E, 0x1002, 0x2064, 0x2064, 0x2045, 0x1022, 0x4129, 0xCCFD, 0x20A6, 0x1022, 0x1843,   // 0x5B70 (23408) pixels
0x1823, 0x1843, 0x1023, 0x1022, 0x0821, 0x0821, 0x1022, 0x1022, 0x1023, 0x1023, 0x1022, 0x0821, 0x0821, 0x0821, 0x0801, 0x0822,   // 0x5B80 (23424) pixels
0x0821, 0x0821, 0x0000, 0x0000, 0x0000, 0x0000, 0x0000, 0x0000, 0x0000, 0x0000, 0x0000, 0x0000, 0x1060, 0xBBC8, 0xF4C9, 0xF4C8,   // 0x5B90 (23440) pixels
0xF4E7, 0xFCE9, 0xAB06, 0x0000, 0x0020, 0x0000, 0x0800, 0xBB28, 0xFBE8, 0xF387, 0xF386, 0xFBE8, 0xB327, 0x1020, 0x0000, 0x1061,   // 0x5BA0 (23456) pixels
0x18C3, 0x0000, 0x0000, 0x0000, 0x0000, 0x0000, 0x9B67, 0x7AA5, 0x3941, 0x8B46, 0x8B66, 0x3122, 0x0000, 0x0000, 0x0000, 0x0000,   // 0x5BB0 (23472) pixels
0x0000, 0x0000, 0x0000, 0x0000, 0x0000, 0x0000, 0x0000, 0x0000, 0x0000, 0x0000, 0x0000, 0x0000, 0x0000, 0x0000, 0x0000, 0x0000,   // 0x5BC0 (23488) pixels
0x0000, 0x0000, 0x0000, 0x0000, 0x0000, 0x0000, 0x0000, 0x0000, 0x0000, 0x0000, 0x0000, 0x0000, 0x0000, 0x0000, 0x0000, 0x0000,   // 0x5BD0 (23504) pixels
0x0000, 0x0000, 0x0000, 0x0000, 0x0000, 0x0000, 0x0000, 0x0000, 0x0000, 0x0000, 0x0000, 0x0000, 0x0000, 0x0000, 0x0000, 0x0000,   // 0x5BE0 (23520) pixels
0x0000, 0x0000, 0x0000, 0x0000, 0x0000, 0x0000, 0x0000, 0x0000, 0x0000, 0x0000, 0x0000, 0x0000, 0x0000, 0x0000, 0x0000, 0x0000,   // 0x5BF0 (23536) pixels
0x0000, 0x0000, 0x0000, 0x0000, 0x0000, 0x0000, 0x0000, 0x0000, 0x0000, 0x0000, 0x0000, 0x0000, 0x0000, 0x0000, 0x0000, 0x0000,   // 0x5C00 (23552) pixels
0x0000, 0x0000, 0x0000, 0x0000, 0x0000, 0x0000, 0x0000, 0x0000, 0x0000, 0x0000, 0x0000, 0x0000, 0x0000, 0x0000, 0x0000, 0x0000,   // 0x5C10 (23568) pixels
0x0000, 0x0000, 0x0000, 0x0000, 0x0000, 0x0000, 0x0000, 0x0000, 0x0000, 0x0020, 0x0000, 0x6224, 0xDD07, 0xC486, 0x51C3, 0x0000,   // 0x5C20 (23584) pixels
0x0000, 0x0000, 0x2964, 0x6B2D, 0x8C72, 0x94B2, 0x8451, 0x39C7, 0x0000, 0xDD2A, 0xC428, 0x0000, 0x2124, 0x4A49, 0x630B, 0x7BEF,   // 0x5C30 (23600) pixels
0x94D3, 0xA514, 0x73AF, 0x20C2, 0xCCAA, 0x28A1, 0x0000, 0x0000, 0x0000, 0x0000, 0x0000, 0x4228, 0xAD54, 0xBDD7, 0x5AAB, 0x0000,   // 0x5C40 (23616) pixels
0x0000, 0x0001, 0x0021, 0x0021, 0x0801, 0x0822, 0x0802, 0x0801, 0x0821, 0x0801, 0x0801, 0x1002, 0x1002, 0x1022, 0x0802, 0x1002,   // 0x5C50 (23632) pixels
0x1002, 0x1022, 0x1023, 0x0801, 0xABD7, 0x82B2, 0x0000, 0x0802, 0x0801, 0x0801, 0x0000, 0x498B, 0xBC9B, 0x1843, 0x0801, 0x1022,   // 0x5C60 (23648) pixels
0x1022, 0x1002, 0x1002, 0x0802, 0x0801, 0x0801, 0x0801, 0x0801, 0x0821, 0x1022, 0x0801, 0x0801, 0x0801, 0x0801, 0x0000, 0x0021,   // 0x5C70 (23664) pixels
0x0021, 0x0020, 0x0000, 0x0000, 0x0000, 0x0000, 0x0000, 0x0000, 0x0000, 0x0000, 0x0000, 0x0000, 0x8266, 0xF427, 0xDBA7, 0xE3E7,   // 0x5C80 (23680) pixels
0xE3E7, 0xF448, 0xAB06, 0x0000, 0x0000, 0x0000, 0x0000, 0x2061, 0x9205, 0xB266, 0xB245, 0x71A4, 0x0821, 0x0001, 0x0000, 0x52AA,   // 0x5C90 (23696) pixels
0x2124, 0x0000, 0x0000, 0x0000, 0x0020, 0x0000, 0xA367, 0x6A44, 0x0000, 0x0000, 0x0000, 0x0000, 0x0000, 0x0000, 0x0000, 0x0000,   // 0x5CA0 (23712) pixels
0x0000, 0x0000, 0x0000, 0x0000, 0x0000, 0x0000, 0x0000, 0x0000, 0x0000, 0x0000, 0x0000, 0x0000, 0x0000, 0x0000, 0x0000, 0x0000,   // 0x5CB0 (23728) pixels
0x0000, 0x0000, 0x0000, 0x0000, 0x0000, 0x0000, 0x0000, 0x0000, 0x0000, 0x0000, 0x0000, 0x0000, 0x0000, 0x0000, 0x0000, 0x0000,   // 0x5CC0 (23744) pixels
0x0000, 0x0000, 0x0000, 0x0000, 0x0000, 0x0000, 0x0000, 0x0000, 0x0000, 0x0000, 0x0000, 0x0000, 0x0000, 0x0000, 0x0000, 0x0000,   // 0x5CD0 (23760) pixels
0x0000, 0x0000, 0x0000, 0x0000, 0x0000, 0x0000, 0x0000, 0x0000, 0x0000, 0x0000, 0x0000, 0x0000, 0x0000, 0x0000, 0x0000, 0x0000,   // 0x5CE0 (23776) pixels
0x0000, 0x0000, 0x0000, 0x0000, 0x0000, 0x0000, 0x0000, 0x0000, 0x0000, 0x0000, 0x0000, 0x0000, 0x0000, 0x0000, 0x0000, 0x0000,   // 0x5CF0 (23792) pixels
0x0000, 0x0000, 0x0000, 0x0000, 0x0000, 0x0000, 0x0000, 0x0000, 0x0000, 0x0000, 0x0000, 0x0000, 0x0000, 0x0000, 0x0000, 0x0000,   // 0x5D00 (23808) pixels
0x0000, 0x0000, 0x0000, 0x0000, 0x0000, 0x0000, 0x0000, 0x0000, 0x0020, 0x0000, 0x2944, 0x2123, 0x0840, 0x1040, 0x0000, 0x0000,   // 0x5D10 (23824) pixels
0x4A28, 0x9CF3, 0xA514, 0x62EB, 0x2104, 0x0000, 0x0000, 0x0000, 0x0800, 0x9367, 0xF58B, 0x1861, 0x0000, 0x0000, 0x0000, 0x0000,   // 0x5D20 (23840) pixels
0x0000, 0x0861, 0x2145, 0x0840, 0xBC49, 0x30E1, 0x2125, 0x18E3, 0x0000, 0x0000, 0x0000, 0x0000, 0x0000, 0x39C7, 0xA534, 0xB5D7,   // 0x5D30 (23856) pixels
0x5ACB, 0x0000, 0x0000, 0x0000, 0x0821, 0x0001, 0x0001, 0x0821, 0x0821, 0x0821, 0x0801, 0x0801, 0x0801, 0x0801, 0x0801, 0x0001,   // 0x5D40 (23872) pixels
0x0801, 0x0801, 0x0821, 0x0000, 0x622E, 0xD4DD, 0x8B34, 0x8B34, 0x8B34, 0x8B35, 0x9314, 0xC49C, 0x9BD6, 0x0000, 0x0021, 0x0001,   // 0x5D50 (23888) pixels
0x0801, 0x0801, 0x0821, 0x0801, 0x0001, 0x0001, 0x0000, 0x0000, 0x0000, 0x0000, 0x0801, 0x0801, 0x0821, 0x0021, 0x0000, 0x0000,   // 0x5D60 (23904) pixels
0x0020, 0x0000, 0x0000, 0x0000, 0x0000, 0x0000, 0x0000, 0x0000, 0x0000, 0x0000, 0x0000, 0x0020, 0xBB08, 0xEB47, 0xE367, 0xE387,   // 0x5D70 (23920) pixels
0xE387, 0xF408, 0xA285, 0x0000, 0x0020, 0x0000, 0x0000, 0x0000, 0x0000, 0x0000, 0x0000, 0x0000, 0x0000, 0x0000, 0x2924, 0x5AAB,   // 0x5D80 (23936) pixels
0x0000, 0x0820, 0x0000, 0x0000, 0x0020, 0x0000, 0xAB66, 0x6A03, 0x1040, 0x0820, 0x0020, 0x0000, 0x0000, 0x0000, 0x0000, 0x0000,   // 0x5D90 (23952) pixels
0x0000, 0x0000, 0x0000, 0x0000, 0x0000, 0x0000, 0x0000, 0x0000, 0x0000, 0x0000, 0x0000, 0x0000, 0x0000, 0x0000, 0x0000, 0x0000,   // 0x5DA0 (23968) pixels
0x0000, 0x0000, 0x0000, 0x0000, 0x0000, 0x0000, 0x0000, 0x0000, 0x0000, 0x0000, 0x0000, 0x0000, 0x0000, 0x0000, 0x0000, 0x0000,   // 0x5DB0 (23984) pixels
0x0000, 0x0000, 0x0000, 0x0000, 0x0000, 0x0000, 0x0000, 0x0000, 0x0000, 0x0000, 0x0000, 0x0000, 0x0000, 0x0000, 0x0000, 0x0000,   // 0x5DC0 (24000) pixels
0x0000, 0x0000, 0x0000, 0x0000, 0x0000, 0x0000, 0x0000, 0x0000, 0x0000, 0x0000, 0x0000, 0x0000, 0x0000, 0x0000, 0x0000, 0x0000,   // 0x5DD0 (24016) pixels
0x0000, 0x0000, 0x0000, 0x0000, 0x0000, 0x0000, 0x0000, 0x0000, 0x0000, 0x0000, 0x0000, 0x0000, 0x0000, 0x0000, 0x0000, 0x0000,   // 0x5DE0 (24032) pixels
0x0000, 0x0000, 0x0000, 0x0000, 0x0000, 0x0000, 0x0000, 0x0000, 0x0000, 0x0000, 0x0000, 0x0000, 0x0000, 0x0000, 0x0000, 0x0000,   // 0x5DF0 (24048) pixels
0x0000, 0x0000, 0x0000, 0x0000, 0x0000, 0x0000, 0x0000, 0x0020, 0x0000, 0x2944, 0x9491, 0x18E3, 0x0000, 0x0000, 0x2165, 0x94B2,   // 0x5E00 (24064) pixels
0x9491, 0x41E7, 0x0820, 0x0000, 0x0000, 0x41A3, 0xA3C7, 0xCC87, 0xCC87, 0xCC87, 0xFDCA, 0x59A3, 0x0000, 0x0020, 0x0000, 0x0000,   // 0x5E10 (24080) pixels
0x0020, 0x0000, 0x0000, 0x1840, 0xABA8, 0x30E1, 0x4208, 0xB596, 0x94B2, 0x4A49, 0x0000, 0x0000, 0x0020, 0x0000, 0x0000, 0x3186,   // 0x5E20 (24096) pixels
0x9CF3, 0xB596, 0x52AB, 0x0000, 0x0000, 0x0000, 0x0000, 0x0000, 0x0821, 0x0842, 0x0821, 0x0801, 0x0001, 0x0000, 0x0000, 0x0000,   // 0x5E30 (24112) pixels
0x0000, 0x0000, 0x0000, 0x0000, 0x0000, 0x51AC, 0x7AB2, 0x72B1, 0x7AB1, 0x7AB2, 0x7AD3, 0x72B1, 0x20A5, 0x0000, 0x0000, 0x0000,   // 0x5E40 (24128) pixels
0x0000, 0x0000, 0x0000, 0x0000, 0x0001, 0x0000, 0x0000, 0x0001, 0x0000, 0x0000, 0x0000, 0x0821, 0x0021, 0x0020, 0x0000, 0x0000,   // 0x5E50 (24144) pixels
0x0000, 0x0000, 0x0000, 0x0000, 0x0000, 0x0000, 0x0000, 0x0000, 0x0000, 0x0000, 0x0000, 0x0000, 0x9A87, 0xF368, 0xE307, 0xE307,   // 0x5E60 (24160) pixels
0xEB07, 0xEB68, 0x4102, 0x0000, 0x0000, 0x0000, 0x0000, 0x0000, 0x0020, 0x0000, 0x0000, 0x0000, 0x0000, 0x0000, 0x5AEA, 0x18C3,   // 0x5E70 (24176) pixels
0x0020, 0x0000, 0x0000, 0x0000, 0x0020, 0x0800, 0xB367, 0x5163, 0x0000, 0x0000, 0x0000, 0x0000, 0x0000, 0x0000, 0x0000, 0x0000,   // 0x5E80 (24192) pixels
0x0000, 0x0000, 0x0000, 0x0000, 0x0000, 0x0000, 0x0000, 0x0000, 0x0000, 0x0000, 0x0000, 0x0000, 0x0000, 0x0000, 0x0000, 0x0000,   // 0x5E90 (24208) pixels
0x0000, 0x0000, 0x0000, 0x0000, 0x0000, 0x0000, 0x0000, 0x0000, 0x0000, 0x0000, 0x0000, 0x0000, 0x0000, 0x0000, 0x0000, 0x0000,   // 0x5EA0 (24224) pixels
0x0000, 0x0000, 0x0000, 0x0000, 0x0000, 0x0000, 0x0000, 0x0000, 0x0000, 0x0000, 0x0000, 0x0000, 0x0000, 0x0000, 0x0000, 0x0000,   // 0x5EB0 (24240) pixels
0x0000, 0x0000, 0x0000, 0x0000, 0x0000, 0x0000, 0x0000, 0x0000, 0x0000, 0x0000, 0x0000, 0x0000, 0x0000, 0x0000, 0x0000, 0x0000,   // 0x5EC0 (24256) pixels
0x0000, 0x0000, 0x0000, 0x0000, 0x0000, 0x0000, 0x0000, 0x0000, 0x0000, 0x0000, 0x0000, 0x0000, 0x0000, 0x0000, 0x0000, 0x0000,   // 0x5ED0 (24272) pixels
0x0000, 0x0000, 0x0000, 0x0000, 0x0000, 0x0000, 0x0000, 0x0000, 0x0000, 0x0000, 0x0000, 0x0000, 0x0000, 0x0000, 0x0000, 0x0000,   // 0x5EE0 (24288) pixels
0x0000, 0x0000, 0x0000, 0x0000, 0x0000, 0x0000, 0x0020, 0x0000, 0x2124, 0x8430, 0x0861, 0x0000, 0x0000, 0x5AEB, 0x9492, 0x39A6,   // 0x5EF0 (24304) pixels
0x0000, 0x0800, 0x0840, 0x18A1, 0xABC8, 0xF569, 0xF527, 0xF4E6, 0xED06, 0xED06, 0xFD28, 0x9306, 0x0000, 0x73CE, 0xA513, 0x52AA,   // 0x5F00 (24320) pixels
0x0000, 0x28A1, 0xB368, 0xDBE9, 0xE408, 0x3901, 0x0000, 0x0020, 0x4A69, 0xA535, 0xB5B6, 0x630C, 0x0020, 0x0000, 0x0020, 0x0000,   // 0x5F10 (24336) pixels
0x0000, 0x2965, 0x9CD3, 0xB596, 0x4A8A, 0x0000, 0x0000, 0x0021, 0x0821, 0x0821, 0x0001, 0x0000, 0x0000, 0x0000, 0x0000, 0x0000,   // 0x5F20 (24352) pixels
0x0000, 0x0000, 0x0000, 0x0000, 0x0000, 0x0000, 0x0000, 0x0000, 0x0822, 0x0000, 0x0000, 0x0000, 0x0000, 0x0000, 0x0000, 0x0000,   // 0x5F30 (24368) pixels
0x0000, 0x0000, 0x0000, 0x0000, 0x0001, 0x0001, 0x0001, 0x0001, 0x0021, 0x0001, 0x0000, 0x0021, 0x0021, 0x0000, 0x0000, 0x0000,   // 0x5F40 (24384) pixels
0x0000, 0x0000, 0x0000, 0x0000, 0x0000, 0x0000, 0x0000, 0x0000, 0x0000, 0x0000, 0x0000, 0x0000, 0x2081, 0xA246, 0xCAA7, 0xCA87,   // 0x5F50 (24400) pixels
0xAA45, 0x4902, 0x0000, 0x0000, 0x0000, 0x0000, 0x0000, 0x0000, 0x0000, 0x0000, 0x0000, 0x0000, 0x0000, 0x4207, 0x39C7, 0x0000,   // 0x5F60 (24416) pixels
0x0841, 0x0820, 0x0000, 0x0000, 0x0800, 0x0800, 0xB388, 0x30C2, 0x0000, 0x0000, 0x0000, 0x0000, 0x0000, 0x0000, 0x0000, 0x0000,   // 0x5F70 (24432) pixels
0x0000, 0x0000, 0x0000, 0x0000, 0x0000, 0x0000, 0x0000, 0x0000, 0x0000, 0x0000, 0x0000, 0x0000, 0x0000, 0x0000, 0x0000, 0x0000,   // 0x5F80 (24448) pixels
0x0000, 0x0000, 0x0000, 0x0000, 0x0000, 0x0000, 0x0000, 0x0000, 0x0000, 0x0000, 0x0000, 0x0000, 0x0000, 0x0000, 0x0000, 0x0000,   // 0x5F90 (24464) pixels
0x0000, 0x0000, 0x0000, 0x0000, 0x0000, 0x0000, 0x0000, 0x0000, 0x0000, 0x0000, 0x0000, 0x0000, 0x0000, 0x0000, 0x0000, 0x0000,   // 0x5FA0 (24480) pixels
0x0000, 0x0000, 0x0000, 0x0000, 0x0000, 0x0000, 0x0000, 0x0000, 0x0000, 0x0000, 0x0000, 0x0000, 0x0000, 0x0000, 0x0000, 0x0000,   // 0x5FB0 (24496) pixels
0x0000, 0x0000, 0x0000, 0x0000, 0x0000, 0x0000, 0x0000, 0x0000, 0x0000, 0x0000, 0x0000, 0x0000, 0x0000, 0x0000, 0x0000, 0x0000,   // 0x5FC0 (24512) pixels
0x0000, 0x0000, 0x0000, 0x0000, 0x0000, 0x0000, 0x0000, 0x0000, 0x0000, 0x0000, 0x0000, 0x0000, 0x0000, 0x0000, 0x0000, 0x0000,   // 0x5FD0 (24528) pixels
0x0000, 0x0000, 0x0000, 0x0000, 0x0000, 0x0000, 0x0000, 0x18C3, 0x8410, 0x0861, 0x0000, 0x0021, 0x7BF0, 0x634C, 0x0000, 0x0000,   // 0x5FE0 (24544) pixels
0x0000, 0x0820, 0x1020, 0xBC09, 0xFD8A, 0xE4E7, 0xECC7, 0xE4A6, 0xE4A6, 0xE486, 0xF4A6, 0xB3A7, 0x0000, 0x18E3, 0x5ACB, 0x5ACA,   // 0x5FF0 (24560) pixels
0x0820, 0xB348, 0xFC48, 0xE365, 0xEBC7, 0x5163, 0x0000, 0x0000, 0x0000, 0x0000, 0x2965, 0x9492, 0xB5B6, 0x632C, 0x0020, 0x0000,   // 0x6000 (24576) pixels
0x0840, 0x0000, 0x0000, 0x2945, 0x9CF4, 0x9D14, 0x18E4, 0x0822, 0x0842, 0x0841, 0x0020, 0x0000, 0x0000, 0x0000, 0x0000, 0x0000,   // 0x6010 (24592) pixels
0x0000, 0x0000, 0x0000, 0x0000, 0x0000, 0x0041, 0x0842, 0x2988, 0xA5BB, 0x1926, 0x0061, 0x0841, 0x0000, 0x0000, 0x0001, 0x0000,   // 0x6020 (24608) pixels
0x0000, 0x0000, 0x0000, 0x0000, 0x0001, 0x0001, 0x0000, 0x0021, 0x0821, 0x0021, 0x0000, 0x0000, 0x0000, 0x0000, 0x0000, 0x0000,   // 0x6030 (24624) pixels
0x0000, 0x0000, 0x0000, 0x0000, 0x0000, 0x0000, 0x0000, 0x0000, 0x0000, 0x0000, 0x0000, 0x0020, 0x0000, 0x0000, 0x1841, 0x1841,   // 0x6040 (24640) pixels
0x0000, 0x0000, 0x0000, 0x0000, 0x0000, 0x0000, 0x0000, 0x0000, 0x0000, 0x0000, 0x0000, 0x0000, 0x10C3, 0x52AA, 0x0000, 0x0882,   // 0x6050 (24656) pixels
0x4207, 0x0000, 0x2881, 0x92E6, 0xBBA8, 0x9AC6, 0xC3A8, 0x2081, 0x0000, 0x0000, 0x0000, 0x0000, 0x0000, 0x0000, 0x0000, 0x0000,   // 0x6060 (24672) pixels
0x0000, 0x0000, 0x0000, 0x0000, 0x0000, 0x0000, 0x0000, 0x0000, 0x0000, 0x0000, 0x0000, 0x0000, 0x0000, 0x0000, 0x0000, 0x0000,   // 0x6070 (24688) pixels
0x0000, 0x0000, 0x0000, 0x0000, 0x0000, 0x0000, 0x0000, 0x0000, 0x0000, 0x0000, 0x0000, 0x0000, 0x0000, 0x0000, 0x0000, 0x0000,   // 0x6080 (24704) pixels
0x0000, 0x0000, 0x0000, 0x0000, 0x0000, 0x0000, 0x0000, 0x0000, 0x0000, 0x0000, 0x0000, 0x0000, 0x0000, 0x0000, 0x0000, 0x0000,   // 0x6090 (24720) pixels
0x0000, 0x0000, 0x0000, 0x0000, 0x0000, 0x0000, 0x0000, 0x0000, 0x0000, 0x0000, 0x0000, 0x0000, 0x0000, 0x0000, 0x0000, 0x0000,   // 0x60A0 (24736) pixels
0x0000, 0x0000, 0x0000, 0x0000, 0x0000, 0x0000, 0x0000, 0x0000, 0x0000, 0x0000, 0x0000, 0x0000, 0x0000, 0x0000, 0x0000, 0x0000,   // 0x60B0 (24752) pixels
0x0000, 0x0000, 0x0000, 0x0000, 0x0000, 0x0000, 0x0000, 0x0000, 0x0000, 0x0000, 0x0000, 0x0000, 0x0000, 0x0000, 0x0000, 0x0000,   // 0x60C0 (24768) pixels
0x0000, 0x0000, 0x0000, 0x0000, 0x0000, 0x0000, 0x0841, 0x8430, 0x1903, 0x0000, 0x10A2, 0x8C71, 0x39C7, 0x0000, 0x0000, 0x0000,   // 0x60D0 (24784) pixels
0x52AA, 0x0021, 0x6A25, 0xFD2A, 0xECA7, 0xECC7, 0xECC6, 0xECA6, 0xE486, 0xEC46, 0xEC46, 0xC3A7, 0x0820, 0x0000, 0x0000, 0x0000,   // 0x60E0 (24800) pixels
0x30C1, 0xE3A7, 0xE325, 0xE2E6, 0xE368, 0x30C2, 0x1082, 0x0041, 0x0000, 0x0000, 0x0000, 0x0000, 0x2104, 0x8C51, 0xB596, 0x632C,   // 0x60F0 (24816) pixels
0x0020, 0x0000, 0x0841, 0x0000, 0x0000, 0x10A3, 0x0862, 0x0842, 0x0021, 0x0000, 0x0000, 0x0000, 0x0021, 0x0000, 0x0000, 0x0000,   // 0x6100 (24832) pixels
0x0000, 0x0000, 0x0000, 0x0000, 0x0000, 0x0021, 0x0000, 0x3A2B, 0xAE3D, 0x10C5, 0x0061, 0x0021, 0x0000, 0x0000, 0x0000, 0x0021,   // 0x6110 (24848) pixels
0x0000, 0x0000, 0x0000, 0x10A4, 0x10C5, 0x10A4, 0x0000, 0x0000, 0x0000, 0x0021, 0x0020, 0x0000, 0x0000, 0x0000, 0x0000, 0x0000,   // 0x6120 (24864) pixels
0x0000, 0x0000, 0x0000, 0x0000, 0x0000, 0x0000, 0x0000, 0x0000, 0x0000, 0x0000, 0x0000, 0x0000, 0x0000, 0x0000, 0x0000, 0x0000,   // 0x6130 (24880) pixels
0x0000, 0x0000, 0x0000, 0x0000, 0x0000, 0x0000, 0x0000, 0x0000, 0x0000, 0x0000, 0x0000, 0x0000, 0x5B0B, 0x0861, 0x0000, 0x4208,   // 0x6140 (24896) pixels
0x2124, 0x0800, 0xC348, 0xFC49, 0xF408, 0xFC49, 0xD3C8, 0x1840, 0x0000, 0x0000, 0x0000, 0x0000, 0x0000, 0x0000, 0x0000, 0x0000,   // 0x6150 (24912) pixels
0x0000, 0x0000, 0x0000, 0x0000, 0x0000, 0x0000, 0x0000, 0x0000, 0x0000, 0x0000, 0x0000, 0x0000, 0x0000, 0x0000, 0x0000, 0x0000,   // 0x6160 (24928) pixels
0x0000, 0x0000, 0x0000, 0x0000, 0x0000, 0x0000, 0x0000, 0x0000, 0x0000, 0x0000, 0x0000, 0x0000, 0x0000, 0x0000, 0x0000, 0x0000,   // 0x6170 (24944) pixels
0x0000, 0x0000, 0x0000, 0x0000, 0x0000, 0x0000, 0x0000, 0x0000, 0x0000, 0x0000, 0x0000, 0x0000, 0x0000, 0x0000, 0x0000, 0x0000,   // 0x6180 (24960) pixels
0x0000, 0x0000, 0x0000, 0x0000, 0x0000, 0x0000, 0x0000, 0x0000, 0x0000, 0x0000, 0x0000, 0x0000, 0x0000, 0x0000, 0x0000, 0x0000,   // 0x6190 (24976) pixels
0x0000, 0x0000, 0x0000, 0x0000, 0x0000, 0x0000, 0x0000, 0x0000, 0x0000, 0x0000, 0x0000, 0x0000, 0x0000, 0x0000, 0x0000, 0x0000,   // 0x61A0 (24992) pixels
0x0000, 0x0000, 0x0000, 0x0000, 0x0000, 0x0000, 0x0000, 0x0000, 0x0000, 0x0000, 0x0000, 0x0000, 0x0000, 0x0000, 0x0000, 0x0000,   // 0x61B0 (25008) pixels
0x0000, 0x0000, 0x0000, 0x0000, 0x0000, 0x0000, 0x738E, 0x31A6, 0x0000, 0x2104, 0x8C51, 0x2104, 0x0000, 0x0000, 0x31A6, 0x9CF3,   // 0x61C0 (25024) pixels
0x73AE, 0x0000, 0xB347, 0xFC67, 0xEC67, 0xEC67, 0xEC67, 0xEC67, 0xEC47, 0xE407, 0xF407, 0xB347, 0x0000, 0x0000, 0x0020, 0x0020,   // 0x61D0 (25040) pixels
0x0800, 0x9225, 0xE2E6, 0xD2C7, 0x71A4, 0x0000, 0x6B6D, 0xC659, 0x6B4D, 0x0861, 0x0000, 0x0020, 0x0000, 0x0000, 0x2104, 0x8C51,   // 0x61E0 (25056) pixels
0xAD75, 0x2124, 0x0000, 0x0041, 0x3A2B, 0x63D3, 0x8D19, 0x9DBB, 0x9DBB, 0x7C76, 0x426C, 0x0842, 0x0000, 0x0020, 0x0000, 0x0000,   // 0x61F0 (25072) pixels
0x0000, 0x0000, 0x0000, 0x0000, 0x0000, 0x0021, 0x0000, 0x4AAE, 0x9D9B, 0x0063, 0x0061, 0x0041, 0x0000, 0x0000, 0x0021, 0x0000,   // 0x6200 (25088) pixels
0x1906, 0x63B2, 0x8D7B, 0x9E1E, 0xA61F, 0xA5FE, 0x9D7B, 0x7455, 0x3A2B, 0x0002, 0x0020, 0x0000, 0x0000, 0x0000, 0x0000, 0x0000,   // 0x6210 (25104) pixels
0x0000, 0x0000, 0x0000, 0x0000, 0x0000, 0x0000, 0x0000, 0x0000, 0x0000, 0x0020, 0x0000, 0x0000, 0x0000, 0x0000, 0x0000, 0x0000,   // 0x6220 (25120) pixels
0x0000, 0x0000, 0x0000, 0x0000, 0x0000, 0x0000, 0x0000, 0x0000, 0x0000, 0x0000, 0x0000, 0x630C, 0x3186, 0x0000, 0x18E3, 0x4A49,   // 0x6230 (25136) pixels
0x0000, 0x4923, 0xF369, 0xDB06, 0xDB27, 0xEB67, 0xC307, 0x0820, 0x0000, 0x0000, 0x0000, 0x0000, 0x0000, 0x0000, 0x0000, 0x0000,   // 0x6240 (25152) pixels
0x0000, 0x0000, 0x0000, 0x0000, 0x0000, 0x0000, 0x0000, 0x0000, 0x0000, 0x0000, 0x0000, 0x0000, 0x0000, 0x0000, 0x0000, 0x0000,   // 0x6250 (25168) pixels
0x0000, 0x0000, 0x0000, 0x0000, 0x0000, 0x0000, 0x0000, 0x0000, 0x0000, 0x0000, 0x0000, 0x0000, 0x0000, 0x0000, 0x0000, 0x0000,   // 0x6260 (25184) pixels
0x0000, 0x0000, 0x0000, 0x0000, 0x0000, 0x0000, 0x0000, 0x0000, 0x0000, 0x0000, 0x0000, 0x0000, 0x0000, 0x0000, 0x0000, 0x0000,   // 0x6270 (25200) pixels
0x0000, 0x0000, 0x0000, 0x0000, 0x0000, 0x0000, 0x0000, 0x0000, 0x0000, 0x0000, 0x0000, 0x0000, 0x0000, 0x0000, 0x0000, 0x0000,   // 0x6280 (25216) pixels
0x0000, 0x0000, 0x0000, 0x0000, 0x0000, 0x0000, 0x0000, 0x0000, 0x0000, 0x0000, 0x0000, 0x0000, 0x0000, 0x0000, 0x0000, 0x0000,   // 0x6290 (25232) pixels
0x0000, 0x0000, 0x0000, 0x0000, 0x0000, 0x0000, 0x0000, 0x0000, 0x0000, 0x0000, 0x0000, 0x0000, 0x0000, 0x0000, 0x0000, 0x0000,   // 0x62A0 (25248) pixels
0x0000, 0x0000, 0x0000, 0x0020, 0x0000, 0x4A49, 0x4A49, 0x0000, 0x2124, 0x8C51, 0x18C3, 0x0000, 0x0000, 0x73AE, 0x94B2, 0x2104,   // 0x62B0 (25264) pixels
0x0000, 0x0020, 0xC347, 0xF3A7, 0xEBE7, 0xEC07, 0xEC27, 0xEC07, 0xEBC6, 0xE366, 0xFBE7, 0x71E4, 0x0000, 0x0020, 0x0000, 0x0000,   // 0x62C0 (25280) pixels
0x0000, 0x0000, 0x2881, 0x1840, 0x0000, 0x0020, 0x0820, 0x31A6, 0x94B2, 0xBDF7, 0x73CF, 0x1082, 0x0000, 0x0020, 0x0000, 0x0000,   // 0x62D0 (25296) pixels
0x2104, 0x10A2, 0x10C5, 0x8D5A, 0xA63E, 0x8D5B, 0x7456, 0x63B2, 0x6392, 0x7C98, 0xA61E, 0x9DFD, 0x3A0A, 0x0000, 0x0000, 0x0000,   // 0x62E0 (25312) pixels
0x0000, 0x0000, 0x0000, 0x0000, 0x0000, 0x0021, 0x0000, 0x5B91, 0x84B8, 0x0000, 0x0841, 0x0020, 0x0000, 0x0021, 0x0000, 0x4AEE,   // 0x62F0 (25328) pixels
0xB6BF, 0x95BC, 0x63D4, 0x42AF, 0x322C, 0x3A6D, 0x5B72, 0x84F9, 0xB67F, 0x4AEF, 0x0000, 0x0021, 0x0000, 0x0000, 0x0000, 0x0000,   // 0x6300 (25344) pixels
0x0000, 0x0000, 0x0000, 0x0000, 0x0000, 0x0000, 0x0000, 0x0000, 0x1020, 0x1020, 0x0820, 0x0000, 0x0000, 0x0000, 0x0000, 0x0000,   // 0x6310 (25360) pixels
0x0000, 0x0000, 0x0000, 0x0000, 0x0000, 0x0000, 0x0000, 0x0000, 0x0020, 0x0000, 0x5AEB, 0x528A, 0x0000, 0x0000, 0x52AA, 0x1062,   // 0x6320 (25376) pixels
0x0820, 0x2881, 0xC2A8, 0xEB08, 0xE2C7, 0xDB07, 0x5122, 0x0000, 0x0000, 0x0000, 0x0000, 0x0000, 0x0000, 0x0000, 0x0000, 0x0000,   // 0x6330 (25392) pixels
0x0000, 0x0000, 0x0000, 0x0000, 0x0000, 0x0000, 0x0000, 0x0000, 0x0000, 0x0000, 0x0000, 0x0000, 0x0000, 0x0000, 0x0000, 0x0000,   // 0x6340 (25408) pixels
0x0000, 0x0000, 0x0000, 0x0000, 0x0000, 0x0000, 0x0000, 0x0000, 0x0000, 0x0000, 0x0000, 0x0000, 0x0000, 0x0000, 0x0000, 0x0000,   // 0x6350 (25424) pixels
0x0000, 0x0000, 0x0000, 0x0000, 0x0000, 0x0000, 0x0000, 0x0000, 0x0000, 0x0000, 0x0000, 0x0000, 0x0000, 0x0000, 0x0000, 0x0000,   // 0x6360 (25440) pixels
0x0000, 0x0000, 0x0000, 0x0000, 0x0000, 0x0000, 0x0000, 0x0000, 0x0000, 0x0000, 0x0000, 0x0000, 0x0000, 0x0000, 0x0000, 0x0000,   // 0x6370 (25456) pixels
0x0000, 0x0000, 0x0000, 0x0000, 0x0000, 0x0000, 0x0000, 0x0000, 0x0000, 0x0000, 0x0000, 0x0000, 0x0000, 0x0000, 0x0000, 0x0000,   // 0x6380 (25472) pixels
0x0000, 0x0000, 0x0000, 0x0000, 0x0000, 0x0000, 0x0000, 0x0000, 0x0000, 0x0000, 0x0000, 0x0000, 0x0000, 0x0000, 0x0000, 0x0000,   // 0x6390 (25488) pixels
0x0000, 0x0000, 0x0000, 0x0000, 0x18E3, 0x5AEB, 0x0000, 0x10A2, 0x8410, 0x18E3, 0x0000, 0x18C3, 0xA514, 0x6B4D, 0x0000, 0x0000,   // 0x63A0 (25504) pixels
0x0020, 0x0000, 0xAA85, 0xFB46, 0xE326, 0xEBA6, 0xE387, 0xEB86, 0xEB66, 0xFBA7, 0xC327, 0x0820, 0x0000, 0x0000, 0x0000, 0x0000,   // 0x63B0 (25520) pixels
0x0000, 0x0000, 0x0000, 0x0000, 0x0000, 0x0000, 0x0000, 0x0000, 0x0000, 0x10C2, 0x7BEF, 0xC638, 0x7BCF, 0x0820, 0x0000, 0x0020,   // 0x63C0 (25536) pixels
0x0000, 0x0000, 0x5391, 0x95BC, 0x1928, 0x18E7, 0x10A6, 0x0865, 0x0002, 0x0001, 0x1085, 0x6C16, 0xB6DF, 0x31EA, 0x0000, 0x0000,   // 0x63D0 (25552) pixels
0x0000, 0x0000, 0x0000, 0x0000, 0x0000, 0x0000, 0x0000, 0x7CB8, 0x5B51, 0x0000, 0x0020, 0x0000, 0x0021, 0x0000, 0x426D, 0xB6BF,   // 0x63E0 (25568) pixels
0x42CE, 0x0064, 0x0023, 0x0002, 0x0001, 0x0001, 0x0000, 0x0022, 0x9DBC, 0x5B51, 0x0000, 0x0000, 0x0021, 0x0000, 0x0000, 0x0000,   // 0x63F0 (25584) pixels
0x0000, 0x0000, 0x0000, 0x0000, 0x0000, 0x0000, 0x0000, 0x0800, 0x4141, 0xB4CA, 0x1880, 0x0000, 0x0000, 0x0000, 0x0000, 0x0000,   // 0x6400 (25600) pixels
0x0000, 0x0000, 0x0000, 0x0000, 0x0000, 0x0000, 0x0000, 0x0020, 0x0000, 0x632C, 0x738E, 0x0000, 0x0000, 0x4228, 0x3186, 0x0000,   // 0x6410 (25616) pixels
0x1081, 0x0841, 0x2041, 0x5903, 0x5903, 0x2861, 0x0000, 0x0000, 0x0000, 0x0000, 0x0000, 0x0000, 0x0000, 0x0000, 0x0000, 0x0000,   // 0x6420 (25632) pixels
0x0000, 0x0000, 0x0000, 0x0000, 0x0000, 0x0000, 0x0000, 0x0000, 0x0000, 0x0000, 0x0000, 0x0000, 0x0000, 0x0000, 0x0000, 0x0000,   // 0x6430 (25648) pixels
0x0000, 0x0000, 0x0000, 0x0000, 0x0000, 0x0000, 0x0000, 0x0000, 0x0000, 0x0000, 0x0000, 0x0000, 0x0000, 0x0000, 0x0000, 0x0000,   // 0x6440 (25664) pixels
0x0000, 0x0000, 0x0000, 0x0000, 0x0000, 0x0000, 0x0000, 0x0000, 0x0000, 0x0000, 0x0000, 0x0000, 0x0000, 0x0000, 0x0000, 0x0000,   // 0x6450 (25680) pixels
0x0000, 0x0000, 0x0000, 0x0000, 0x0000, 0x0000, 0x0000, 0x0000, 0x0000, 0x0000, 0x0000, 0x0000, 0x0000, 0x0000, 0x0000, 0x0000,   // 0x6460 (25696) pixels
0x0000, 0x0000, 0x0000, 0x0000, 0x0000, 0x0000, 0x0000, 0x0000, 0x0000, 0x0000, 0x0000, 0x0000, 0x0000, 0x0000, 0x0000, 0x0000,   // 0x6470 (25712) pixels
0x0000, 0x0000, 0x0000, 0x0000, 0x0000, 0x0000, 0x0000, 0x0000, 0x0000, 0x0000, 0x0000, 0x0000, 0x0000, 0x0000, 0x0000, 0x0000,   // 0x6480 (25728) pixels
0x0000, 0x0000, 0x0000, 0x0000, 0x5AEB, 0x0841, 0x0000, 0x6B6D, 0x18E3, 0x0000, 0x3186, 0xAD55, 0x4208, 0x0000, 0x0000, 0x0000,   // 0x6490 (25744) pixels
0x0000, 0x0000, 0x40E2, 0xE2E7, 0xEAC6, 0xEAE5, 0xEB26, 0xF327, 0xFB87, 0xCB08, 0x2881, 0x0000, 0x0000, 0x0000, 0x0000, 0x0000,   // 0x64A0 (25760) pixels
0x0000, 0x0000, 0x0000, 0x0000, 0x0000, 0x0000, 0x0000, 0x0000, 0x0020, 0x0000, 0x0000, 0x10C2, 0x9491, 0xC618, 0x4A6A, 0x0000,   // 0x64B0 (25776) pixels
0x0862, 0x2147, 0x29EB, 0x95DC, 0x2168, 0x10C6, 0x10C6, 0x1085, 0x0864, 0x0843, 0x0023, 0x0002, 0x7C97, 0x9D9C, 0x0000, 0x2945,   // 0x64C0 (25792) pixels
0x39E8, 0x0000, 0x0000, 0x0021, 0x0000, 0x0000, 0x0863, 0x955C, 0x2168, 0x0000, 0x0001, 0x0000, 0x0021, 0x08C4, 0xAE3E, 0x6371,   // 0x64D0 (25808) pixels
0x0000, 0x0864, 0x0864, 0x0843, 0x0863, 0x1085, 0x0023, 0x3A4D, 0xA5DE, 0x08A4, 0x1947, 0x2127, 0x0000, 0x0020, 0x0000, 0x0000,   // 0x64E0 (25824) pixels
0x0000, 0x0000, 0x0000, 0x0000, 0x0000, 0x0000, 0x0000, 0x0000, 0x4142, 0xFF0E, 0x6264, 0x0000, 0x0000, 0x0020, 0x0000, 0x0000,   // 0x64F0 (25840) pixels
0x0000, 0x0000, 0x0000, 0x0000, 0x0000, 0x0000, 0x0000, 0x0000, 0x6B6D, 0x8430, 0x0000, 0x0000, 0x3186, 0x52AA, 0x0000, 0x0020,   // 0x6500 (25856) pixels
0x5289, 0x0841, 0x0000, 0x0000, 0x0000, 0x0000, 0x0000, 0x0000, 0x0000, 0x0000, 0x0000, 0x0000, 0x0000, 0x0000, 0x0000, 0x0000,   // 0x6510 (25872) pixels
0x0000, 0x0000, 0x0000, 0x0000, 0x0000, 0x0000, 0x0000, 0x0000, 0x0000, 0x0000, 0x0000, 0x0000, 0x0000, 0x0000, 0x0000, 0x0000,   // 0x6520 (25888) pixels
0x0000, 0x0000, 0x0000, 0x0000, 0x0000, 0x0000, 0x0000, 0x0000, 0x0000, 0x0000, 0x0000, 0x0000, 0x0000, 0x0000, 0x0000, 0x0000,   // 0x6530 (25904) pixels
0x0000, 0x0000, 0x0000, 0x0000, 0x0000, 0x0000, 0x0000, 0x0000, 0x0000, 0x0000, 0x0000, 0x0000, 0x0000, 0x0000, 0x0000, 0x0000,   // 0x6540 (25920) pixels
0x0000, 0x0000, 0x0000, 0x0000, 0x0000, 0x0000, 0x0000, 0x0000, 0x0000, 0x0000, 0x0000, 0x0000, 0x0000, 0x0000, 0x0000, 0x0000,   // 0x6550 (25936) pixels
0x0000, 0x0000, 0x0000, 0x0000, 0x0000, 0x0000, 0x0000, 0x0000, 0x0000, 0x0000, 0x0000, 0x0000, 0x0000, 0x0000, 0x0000, 0x0000,   // 0x6560 (25952) pixels
0x0000, 0x0000, 0x0000, 0x0000, 0x0000, 0x0000, 0x0000, 0x0000, 0x0000, 0x0000, 0x0000, 0x0000, 0x0000, 0x0000, 0x0000, 0x0000,   // 0x6570 (25968) pixels
0x0000, 0x0020, 0x0000, 0x39C7, 0x31A6, 0x0000, 0x5ACB, 0x2945, 0x0000, 0x31A6, 0x9CF3, 0x2124, 0x0000, 0x0020, 0x0000, 0x0000,   // 0x6580 (25984) pixels
0x0000, 0x0000, 0x0000, 0x38A2, 0x99C5, 0xBA26, 0xBA46, 0xAA25, 0x79A4, 0x2061, 0x0000, 0x0000, 0x0000, 0x0000, 0x0000, 0x0000,   // 0x6590 (26000) pixels
0x0000, 0x0000, 0x0000, 0x0000, 0x0000, 0x0000, 0x0000, 0x0000, 0x0000, 0x0000, 0x0020, 0x0000, 0x0000, 0x2965, 0x4A4A, 0x3A2C,   // 0x65A0 (26016) pixels
0x9E1D, 0x8DBB, 0x0885, 0x84F9, 0x6C35, 0x0023, 0x0864, 0x0002, 0x0022, 0x0823, 0x1064, 0x0043, 0x1907, 0xA63F, 0x29C9, 0x0840,   // 0x65B0 (26032) pixels
0x9CF4, 0xAD76, 0x4228, 0x0000, 0x0000, 0x0000, 0x424D, 0x8CFA, 0x0000, 0x0000, 0x0000, 0x0020, 0x0000, 0x5330, 0xAE5E, 0x0884,   // 0x65C0 (26048) pixels
0x0822, 0x0843, 0x0022, 0x0022, 0x0022, 0x0884, 0x0044, 0x8D1A, 0x63D4, 0x0000, 0x63B4, 0xAE7F, 0x5350, 0x0001, 0x0001, 0x0001,   // 0x65D0 (26064) pixels
0x0000, 0x0000, 0x0000, 0x0000, 0x0000, 0x0000, 0x0000, 0x0000, 0x1040, 0xD569, 0xF62A, 0x6265, 0x18A0, 0x0800, 0x0000, 0x0000,   // 0x65E0 (26080) pixels
0x0000, 0x0000, 0x0000, 0x0000, 0x0020, 0x0000, 0x0000, 0x8430, 0x8C51, 0x0000, 0x0000, 0x18E3, 0x6B6D, 0x0000, 0x0000, 0x4248,   // 0x65F0 (26096) pixels
0x39E7, 0x0000, 0x0000, 0x0000, 0x0000, 0x0000, 0x0000, 0x0000, 0x0000, 0x0000, 0x0000, 0x0000, 0x0000, 0x0000, 0x0000, 0x0000,   // 0x6600 (26112) pixels
0x0000, 0x0000, 0x0000, 0x0000, 0x0000, 0x0000, 0x0000, 0x0000, 0x0000, 0x0000, 0x0000, 0x0000, 0x0000, 0x0000, 0x0000, 0x0000,   // 0x6610 (26128) pixels
0x0000, 0x0000, 0x0000, 0x0000, 0x0000, 0x0000, 0x0000, 0x0000, 0x0000, 0x0000, 0x0000, 0x0000, 0x0000, 0x0000, 0x0000, 0x0000,   // 0x6620 (26144) pixels
0x0000, 0x0000, 0x0000, 0x0000, 0x0000, 0x0000, 0x0000, 0x0000, 0x0000, 0x0000, 0x0000, 0x0000, 0x0000, 0x0000, 0x0000, 0x0000,   // 0x6630 (26160) pixels
0x0000, 0x0000, 0x0000, 0x0000, 0x0000, 0x0000, 0x0000, 0x0000, 0x0000, 0x0000, 0x0000, 0x0000, 0x0000, 0x0000, 0x0000, 0x0000,   // 0x6640 (26176) pixels
0x0000, 0x0000, 0x0000, 0x0000, 0x0000, 0x0000, 0x0000, 0x0000, 0x0000, 0x0000, 0x0000, 0x0000, 0x0000, 0x0000, 0x0000, 0x0000,   // 0x6650 (26192) pixels
0x0000, 0x0000, 0x0000, 0x0000, 0x0000, 0x0000, 0x0000, 0x0000, 0x0000, 0x0000, 0x0000, 0x0000, 0x0000, 0x0000, 0x0000, 0x0000,   // 0x6660 (26208) pixels
0x0000, 0x0000, 0x1082, 0x528A, 0x0000, 0x4208, 0x4208, 0x0000, 0x2965, 0x7BEF, 0x0841, 0x0000, 0x0020, 0x0000, 0x0000, 0x0000,   // 0x6670 (26224) pixels
0x0000, 0x0000, 0x0000, 0x0000, 0x0000, 0x0800, 0x0800, 0x0000, 0x0000, 0x0020, 0x0000, 0x0000, 0x0000, 0x0000, 0x0000, 0x0000,   // 0x6680 (26240) pixels
0x0000, 0x0000, 0x0000, 0x0000, 0x0000, 0x0000, 0x0000, 0x0000, 0x0000, 0x0000, 0x0000, 0x0000, 0x0840, 0x0000, 0x4AEF, 0xB6BF,   // 0x6690 (26256) pixels
0x63F5, 0x214A, 0x0844, 0x3A4D, 0xA61E, 0x18C6, 0x0001, 0x0802, 0x0002, 0x0022, 0x0822, 0x0843, 0x0001, 0x84B8, 0x6BD4, 0x0000,   // 0x66A0 (26272) pixels
0x0000, 0x4228, 0xBDD6, 0xB596, 0x2125, 0x0000, 0x84D9, 0x4ACF, 0x0000, 0x0020, 0x0000, 0x0000, 0x0000, 0x955A, 0x7C76, 0x0002,   // 0x66B0 (26288) pixels
0x0843, 0x0022, 0x0001, 0x0021, 0x0042, 0x0002, 0x29CB, 0x9DDF, 0x1906, 0x0000, 0x0023, 0x428F, 0xB67F, 0x7C55, 0x0000, 0x0000,   // 0x66C0 (26304) pixels
0x0000, 0x0000, 0x0000, 0x0000, 0x0000, 0x0000, 0x0000, 0x0020, 0x0000, 0x9C07, 0xFE8A, 0xFEAB, 0xDDAB, 0x8326, 0x0800, 0x0000,   // 0x66D0 (26320) pixels
0x0000, 0x0000, 0x0000, 0x0020, 0x0000, 0x0861, 0xAD55, 0x7BEF, 0x0000, 0x0000, 0x1082, 0x8410, 0x10A2, 0x0000, 0x18E3, 0x630C,   // 0x66E0 (26336) pixels
0x0000, 0x0000, 0x0000, 0x0000, 0x0000, 0x0000, 0x0000, 0x0000, 0x0000, 0x0000, 0x0000, 0x0000, 0x0000, 0x0000, 0x0000, 0x0000,   // 0x66F0 (26352) pixels
0x0000, 0x0000, 0x0000, 0x0000, 0x0000, 0x0000, 0x0000, 0x0000, 0x0000, 0x0000, 0x0000, 0x0000, 0x0000, 0x0000, 0x0000, 0x0000,   // 0x6700 (26368) pixels
0x0000, 0x0000, 0x0000, 0x0000, 0x0000, 0x0000, 0x0000, 0x0000, 0x0000, 0x0000, 0x0000, 0x0000, 0x0000, 0x0000, 0x0000, 0x0000,   // 0x6710 (26384) pixels
0x0000, 0x0000, 0x0000, 0x0000, 0x0000, 0x0000, 0x0000, 0x0000, 0x0000, 0x0000, 0x0000, 0x0000, 0x0000, 0x0000, 0x0000, 0x0000,   // 0x6720 (26400) pixels
0x0000, 0x0000, 0x0000, 0x0000, 0x0000, 0x0000, 0x0000, 0x0000, 0x0000, 0x0000, 0x0000, 0x0000, 0x0000, 0x0000, 0x0000, 0x0000,   // 0x6730 (26416) pixels
0x0000, 0x0000, 0x0000, 0x0000, 0x0000, 0x0000, 0x0000, 0x0000, 0x0000, 0x0000, 0x0000, 0x0000, 0x0000, 0x0000, 0x0000, 0x0000,   // 0x6740 (26432) pixels
0x0000, 0x0000, 0x0000, 0x0000, 0x0000, 0x0000, 0x0000, 0x0000, 0x0000, 0x0000, 0x0000, 0x0000, 0x0000, 0x0000, 0x0000, 0x0000,   // 0x6750 (26448) pixels
0x0000, 0x0000, 0x31A6, 0x18E3, 0x10A2, 0x5AEB, 0x0000, 0x18E3, 0x738E, 0x0000, 0x0000, 0x0000, 0x0000, 0x0000, 0x0000, 0x0000,   // 0x6760 (26464) pixels
0x0000, 0x0000, 0x0000, 0x0000, 0x0000, 0x0000, 0x0000, 0x0000, 0x0000, 0x0000, 0x0000, 0x0000, 0x0000, 0x0000, 0x0000, 0x0000,   // 0x6770 (26480) pixels
0x0000, 0x0000, 0x0000, 0x0000, 0x0000, 0x0000, 0x0000, 0x0000, 0x0000, 0x0000, 0x0000, 0x0020, 0x0000, 0x4B0F, 0xAE7F, 0x29EB,   // 0x6780 (26496) pixels
0x0024, 0x1086, 0x1085, 0x0023, 0x8D3A, 0x5B92, 0x0000, 0x0822, 0x0002, 0x0001, 0x0001, 0x0822, 0x0001, 0x52CF, 0xA5BC, 0x0862,   // 0x6790 (26512) pixels
0x0020, 0x0000, 0x0000, 0x528A, 0x18E3, 0x29A9, 0x953B, 0x0042, 0x0000, 0x0000, 0x0020, 0x0000, 0x10A4, 0xAE5E, 0x3A4C, 0x0802,   // 0x67A0 (26528) pixels
0x0843, 0x0002, 0x0001, 0x0001, 0x0842, 0x0001, 0x6C36, 0x6C16, 0x0001, 0x0863, 0x0864, 0x0002, 0x1948, 0xAE1F, 0x6BF4, 0x0000,   // 0x67B0 (26544) pixels
0x0000, 0x0000, 0x0000, 0x0000, 0x0000, 0x0000, 0x0000, 0x0000, 0x0000, 0x7B06, 0xF60A, 0xB447, 0xD529, 0xFE8B, 0xB468, 0x0000,   // 0x67C0 (26560) pixels
0x0000, 0x0020, 0x0000, 0x0000, 0x4A49, 0xBDF7, 0x528A, 0x0000, 0x0000, 0x0841, 0x8C71, 0x2124, 0x0000, 0x0020, 0x6B6D, 0x1082,   // 0x67D0 (26576) pixels
0x0000, 0x0000, 0x0000, 0x0000, 0x0000, 0x0000, 0x0000, 0x0000, 0x0000, 0x0000, 0x0000, 0x0000, 0x0000, 0x0000, 0x0000, 0x0000,   // 0x67E0 (26592) pixels
0x0000, 0x0000, 0x0000, 0x0000, 0x0000, 0x0000, 0x0000, 0x0000, 0x0000, 0x0000, 0x0000, 0x0000, 0x0000, 0x0000, 0x0000, 0x0000,   // 0x67F0 (26608) pixels
0x0000, 0x0000, 0x0000, 0x0000, 0x0000, 0x0000, 0x0000, 0x0000, 0x0000, 0x0000, 0x0000, 0x0000, 0x0000, 0x0000, 0x0000, 0x0000,   // 0x6800 (26624) pixels
0x0000, 0x0000, 0x0000, 0x0000, 0x0000, 0x0000, 0x0000, 0x0000, 0x0000, 0x0000, 0x0000, 0x0000, 0x0000, 0x0000, 0x0000, 0x0000,   // 0x6810 (26640) pixels
0x0000, 0x0000, 0x0000, 0x0000, 0x0000, 0x0000, 0x0000, 0x0000, 0x0000, 0x0000, 0x0000, 0x0000, 0x0000, 0x0000, 0x0000, 0x0000,   // 0x6820 (26656) pixels
0x0000, 0x0000, 0x0000, 0x0000, 0x0000, 0x0000, 0x0000, 0x0000, 0x0000, 0x0000, 0x0000, 0x0000, 0x0000, 0x0000, 0x0000, 0x0000,   // 0x6830 (26672) pixels
0x0000, 0x0000, 0x0000, 0x0000, 0x0000, 0x0000, 0x0000, 0x0000, 0x0000, 0x0000, 0x0000, 0x0000, 0x0000, 0x0000, 0x0000, 0x0000,   // 0x6840 (26688) pixels
0x0000, 0x0000, 0x0020, 0x0000, 0x5AEB, 0x1082, 0x0861, 0x738E, 0x0841, 0x0000, 0x0000, 0x0000, 0x0000, 0x0000, 0x0000, 0x0000,   // 0x6850 (26704) pixels
0x0000, 0x0000, 0x0000, 0x0000, 0x0000, 0x0000, 0x0000, 0x0000, 0x0000, 0x0000, 0x0000, 0x0000, 0x0000, 0x0020, 0x0000, 0x0000,   // 0x6860 (26720) pixels
0x0000, 0x0000, 0x0000, 0x0000, 0x0000, 0x0000, 0x0000, 0x0000, 0x0000, 0x0000, 0x0000, 0x0000, 0x1927, 0xA63E, 0x29CA, 0x0003,   // 0x6870 (26736) pixels
0x1086, 0x0864, 0x0864, 0x0002, 0x42AE, 0xA5DD, 0x0864, 0x0001, 0x0021, 0x0002, 0x0001, 0x0822, 0x0802, 0x3189, 0xCF1F, 0x31EA,   // 0x6880 (26752) pixels
0x0000, 0x0000, 0x0020, 0x0000, 0x0000, 0x84DA, 0x3A4C, 0x1062, 0x632D, 0x1082, 0x0000, 0x0000, 0x31E9, 0xA5DD, 0x18E7, 0x0823,   // 0x6890 (26768) pixels
0x0822, 0x0022, 0x0001, 0x0021, 0x0002, 0x1906, 0x9DBD, 0x2969, 0x0001, 0x0843, 0x0864, 0x0884, 0x0000, 0x29A9, 0xBE9F, 0x3A0A,   // 0x68A0 (26784) pixels
0x0000, 0x0020, 0x0000, 0x0000, 0x0000, 0x0000, 0x0000, 0x0000, 0x0000, 0x6265, 0xC4CA, 0x0000, 0x0820, 0x49A3, 0xFE0A, 0x6A65,   // 0x68B0 (26800) pixels
0x0000, 0x0000, 0x0841, 0x8C71, 0xA534, 0x18E3, 0x0000, 0x0000, 0x0861, 0x9CD3, 0x31A6, 0x0000, 0x0000, 0x6B4D, 0x31A6, 0x0000,   // 0x68C0 (26816) pixels
0x0020, 0x0000, 0x0000, 0x0000, 0x0000, 0x0000, 0x0000, 0x0000, 0x0000, 0x0000, 0x0000, 0x0000, 0x0000, 0x0000, 0x0000, 0x0000,   // 0x68D0 (26832) pixels
0x0000, 0x0000, 0x0000, 0x0000, 0x0000, 0x0000, 0x0000, 0x0000, 0x0000, 0x0000, 0x0000, 0x0000, 0x0000, 0x0000, 0x0000, 0x0000,   // 0x68E0 (26848) pixels
0x0000, 0x0000, 0x0000, 0x0000, 0x0000, 0x0000, 0x0000, 0x0000, 0x0000, 0x0000, 0x0000, 0x0000, 0x0000, 0x0000, 0x0000, 0x0000,   // 0x68F0 (26864) pixels
0x0000, 0x0000, 0x0000, 0x0000, 0x0000, 0x0000, 0x0000, 0x0000, 0x0000, 0x0000, 0x0000, 0x0000, 0x0000, 0x0000, 0x0000, 0x0000,   // 0x6900 (26880) pixels
0x0000, 0x0000, 0x0000, 0x0000, 0x0000, 0x0000, 0x0000, 0x0000, 0x0000, 0x0000, 0x0000, 0x0000, 0x0000, 0x0000, 0x0000, 0x0000,   // 0x6910 (26896) pixels
0x0000, 0x0000, 0x0000, 0x0000, 0x0000, 0x0000, 0x0000, 0x0000, 0x0000, 0x0000, 0x0000, 0x0000, 0x0000, 0x0000, 0x0000, 0x0000,   // 0x6920 (26912) pixels
0x0000, 0x0000, 0x0000, 0x0000, 0x0000, 0x0000, 0x0000, 0x0000, 0x0000, 0x0000, 0x0000, 0x0000, 0x0000, 0x0000, 0x0000, 0x0000,   // 0x6930 (26928) pixels
0x0000, 0x0000, 0x0000, 0x39C7, 0x31A6, 0x0000, 0x6B4D, 0x2104, 0x0000, 0x0000, 0x0000, 0x0000, 0x0000, 0x0000, 0x0000, 0x0000,   // 0x6940 (26944) pixels
0x0000, 0x0000, 0x0000, 0x0000, 0x0000, 0x0000, 0x0000, 0x0000, 0x0000, 0x0000, 0x0000, 0x0000, 0x0000, 0x0000, 0x0000, 0x0020,   // 0x6950 (26960) pixels
0x0000, 0x0000, 0x0000, 0x0000, 0x0000, 0x0000, 0x0000, 0x0000, 0x0000, 0x0000, 0x0000, 0x0000, 0x7CD7, 0x6C14, 0x0001, 0x1065,   // 0x6960 (26976) pixels
0x0844, 0x0843, 0x0823, 0x0823, 0x1064, 0x9D7C, 0x426E, 0x0000, 0x0022, 0x0001, 0x0801, 0x0843, 0x0802, 0x39A9, 0xC6BF, 0x2988,   // 0x6970 (26992) pixels
0x1904, 0x2104, 0x0000, 0x0000, 0x5B52, 0x7416, 0x0000, 0x1082, 0x7BEF, 0xAD75, 0x6B4D, 0x0000, 0x31EA, 0xA5BD, 0x10A5, 0x0822,   // 0x6980 (27008) pixels
0x0822, 0x0002, 0x0802, 0x0842, 0x0000, 0x5B52, 0x84D9, 0x0000, 0x0022, 0x0022, 0x0823, 0x0023, 0x0842, 0x0000, 0x7C77, 0x953A,   // 0x6990 (27024) pixels
0x0000, 0x0020, 0x0000, 0x0000, 0x0000, 0x0000, 0x0000, 0x0000, 0x0000, 0x41A3, 0xD52B, 0x1040, 0x0820, 0x0000, 0x8B46, 0xB448,   // 0x69A0 (27040) pixels
0x0000, 0x4A69, 0xB596, 0x630C, 0x0000, 0x0000, 0x0000, 0x18C3, 0xA534, 0x31A6, 0x0000, 0x0000, 0x5ACB, 0x5AEB, 0x0000, 0x0000,   // 0x69B0 (27056) pixels
0x0000, 0x0000, 0x0000, 0x0000, 0x0000, 0x0000, 0x0000, 0x0000, 0x0000, 0x0000, 0x0000, 0x0000, 0x0000, 0x0000, 0x0000, 0x0000,   // 0x69C0 (27072) pixels
0x0000, 0x0000, 0x0000, 0x0000, 0x0000, 0x0000, 0x0000, 0x0000, 0x0000, 0x0000, 0x0000, 0x0000, 0x0000, 0x0000, 0x0000, 0x0000,   // 0x69D0 (27088) pixels
0x0000, 0x0000, 0x0000, 0x0000, 0x0000, 0x0000, 0x0000, 0x0000, 0x0000, 0x0000, 0x0000, 0x0000, 0x0000, 0x0000, 0x0000, 0x0000,   // 0x69E0 (27104) pixels
0x0000, 0x0000, 0x0000, 0x0000, 0x0000, 0x0000, 0x0000, 0x0000, 0x0000, 0x0000, 0x0000, 0x0000, 0x0000, 0x0000, 0x0000, 0x0000,   // 0x69F0 (27120) pixels
0x0000, 0x0000, 0x0000, 0x0000, 0x0000, 0x0000, 0x0000, 0x0000, 0x0000, 0x0000, 0x0000, 0x0000, 0x0000, 0x0000, 0x0000, 0x0000,   // 0x6A00 (27136) pixels
0x0000, 0x0000, 0x0000, 0x0000, 0x0000, 0x0000, 0x0000, 0x0000, 0x0000, 0x0000, 0x0000, 0x0000, 0x0000, 0x0000, 0x0000, 0x0000,   // 0x6A10 (27152) pixels
0x0000, 0x0000, 0x0000, 0x0000, 0x0000, 0x0000, 0x0000, 0x0000, 0x0000, 0x0000, 0x0000, 0x0000, 0x0000, 0x0000, 0x0000, 0x0000,   // 0x6A20 (27168) pixels
0x0000, 0x0000, 0x0020, 0x39C7, 0x0000, 0x4A69, 0x4208, 0x0000, 0x0000, 0x0000, 0x0000, 0x0000, 0x0000, 0x0000, 0x0000, 0x0000,   // 0x6A30 (27184) pixels
0x0000, 0x0000, 0x0000, 0x0000, 0x0000, 0x0000, 0x0001, 0x2148, 0x3A0D, 0x6374, 0x8499, 0x8CFA, 0x7C57, 0x4A8D, 0x0883, 0x0000,   // 0x6A40 (27200) pixels
0x0000, 0x0000, 0x0000, 0x0000, 0x0000, 0x0000, 0x0000, 0x0000, 0x0000, 0x0000, 0x0000, 0x08A3, 0xB6BE, 0x31CA, 0x0803, 0x1064,   // 0x6A50 (27216) pixels
0x0823, 0x0802, 0x0802, 0x1043, 0x0001, 0x5B32, 0x8498, 0x0000, 0x0001, 0x0821, 0x0823, 0x1864, 0x0001, 0x6B93, 0x955A, 0x0000,   // 0x6A60 (27232) pixels
0x4208, 0x94B3, 0x0000, 0x424D, 0x951B, 0x1083, 0x0000, 0x0000, 0x0000, 0x0861, 0x630C, 0x2124, 0x0842, 0xA5DD, 0x52CF, 0x0000,   // 0x6A70 (27248) pixels
0x1044, 0x0823, 0x0822, 0x0823, 0x0863, 0xA57C, 0x426D, 0x0000, 0x0022, 0x0802, 0x0823, 0x0822, 0x0843, 0x0001, 0x424D, 0xBE5E,   // 0x6A80 (27264) pixels
0x18E5, 0x0000, 0x0000, 0x0000, 0x0000, 0x0000, 0x0000, 0x0000, 0x0000, 0x20C1, 0xD56C, 0x30E2, 0x0000, 0x0000, 0x5A24, 0x9B87,   // 0x6A90 (27280) pixels
0x31A6, 0x94B1, 0x10A2, 0x0000, 0x0020, 0x0000, 0x39C7, 0xAD75, 0x2965, 0x0000, 0x0000, 0x528A, 0x7BCF, 0x0000, 0x0000, 0x0000,   // 0x6AA0 (27296) pixels
0x0000, 0x0000, 0x0000, 0x0000, 0x0000, 0x0000, 0x0000, 0x0000, 0x0000, 0x0000, 0x0000, 0x0000, 0x0000, 0x0000, 0x0000, 0x0000,   // 0x6AB0 (27312) pixels
0x0000, 0x0000, 0x0000, 0x0000, 0x0000, 0x0000, 0x0000, 0x0000, 0x0000, 0x0000, 0x0000, 0x0000, 0x0000, 0x0000, 0x0000, 0x0000,   // 0x6AC0 (27328) pixels
0x0000, 0x0000, 0x0000, 0x0000, 0x0000, 0x0000, 0x0000, 0x0000, 0x0000, 0x0000, 0x0000, 0x0000, 0x0000, 0x0000, 0x0000, 0x0000,   // 0x6AD0 (27344) pixels
0x0000, 0x0000, 0x0000, 0x0000, 0x0000, 0x0000, 0x0000, 0x0000, 0x0000, 0x0000, 0x0000, 0x0000, 0x0000, 0x0000, 0x0000, 0x0000,   // 0x6AE0 (27360) pixels
0x0000, 0x0000, 0x0000, 0x0000, 0x0000, 0x0000, 0x0000, 0x0000, 0x0000, 0x0000, 0x0000, 0x0000, 0x0000, 0x0000, 0x0000, 0x0000,   // 0x6AF0 (27376) pixels
0x0000, 0x0000, 0x0000, 0x0000, 0x0000, 0x0000, 0x0000, 0x0000, 0x0000, 0x0000, 0x0000, 0x0000, 0x0000, 0x0000, 0x0000, 0x0000,   // 0x6B00 (27392) pixels
0x0000, 0x0000, 0x0000, 0x0000, 0x0000, 0x0000, 0x0000, 0x0000, 0x0000, 0x0000, 0x0000, 0x0000, 0x0000, 0x0000, 0x0000, 0x0000,   // 0x6B10 (27408) pixels
0x0000, 0x0000, 0x0000, 0x0000, 0x2124, 0x52AA, 0x0000, 0x0020, 0x0000, 0x0000, 0x0000, 0x0000, 0x0000, 0x0000, 0x0000, 0x0000,   // 0x6B20 (27424) pixels
0x0000, 0x0000, 0x0000, 0x0000, 0x0000, 0x1083, 0x7BF6, 0x949B, 0x949C, 0x5B34, 0x29AA, 0x424D, 0x6393, 0x953C, 0x9D7D, 0x4AF0,   // 0x6B30 (27440) pixels
0x0021, 0x0000, 0x0000, 0x0000, 0x0000, 0x0000, 0x0000, 0x0000, 0x0000, 0x0000, 0x0000, 0x31C9, 0xC6FF, 0x2128, 0x1043, 0x1044,   // 0x6B40 (27456) pixels
0x0822, 0x0022, 0x0002, 0x0821, 0x0000, 0x18C6, 0x955D, 0x1906, 0x0000, 0x1044, 0x1865, 0x0802, 0x2928, 0xADDE, 0x31C9, 0x0000,   // 0x6B50 (27472) pixels
0x0020, 0x0000, 0x424B, 0xADBE, 0x2968, 0x0000, 0x0000, 0x0000, 0x0821, 0x0000, 0x0000, 0x0020, 0x0000, 0x4ACF, 0xB61F, 0x2927,   // 0x6B60 (27488) pixels
0x0802, 0x1885, 0x1064, 0x0803, 0x422C, 0xADDD, 0x0863, 0x0000, 0x0001, 0x0022, 0x0823, 0x0823, 0x0844, 0x0003, 0x31AA, 0xB65E,   // 0x6B70 (27504) pixels
0x2146, 0x0000, 0x0020, 0x0000, 0x0020, 0x0020, 0x0020, 0x0000, 0x0000, 0x0000, 0xCCEA, 0x5163, 0x0862, 0x2985, 0x49C4, 0x5225,   // 0x6B80 (27520) pixels
0x0842, 0x0000, 0x0000, 0x0000, 0x0000, 0x6B6D, 0xA514, 0x10A2, 0x0000, 0x0000, 0x4A69, 0x9492, 0x0000, 0x0000, 0x0000, 0x0000,   // 0x6B90 (27536) pixels
0x0000, 0x0000, 0x0000, 0x0000, 0x0000, 0x0000, 0x0000, 0x0000, 0x0000, 0x0000, 0x0000, 0x0000, 0x0000, 0x0000, 0x0000, 0x0000,   // 0x6BA0 (27552) pixels
0x0000, 0x0000, 0x0000, 0x0000, 0x0000, 0x0000, 0x0000, 0x0000, 0x0000, 0x0000, 0x0000, 0x0000, 0x0000, 0x0000, 0x0000, 0x0000,   // 0x6BB0 (27568) pixels
0x0000, 0x0000, 0x0000, 0x0000, 0x0000, 0x0000, 0x0000, 0x0000, 0x0000, 0x0000, 0x0000, 0x0000, 0x0000, 0x0000, 0x0000, 0x0000,   // 0x6BC0 (27584) pixels
0x0000, 0x0000, 0x0000, 0x0000, 0x0000, 0x0000, 0x0000, 0x0000, 0x0000, 0x0000, 0x0000, 0x0000, 0x0000, 0x0000, 0x0000, 0x0000,   // 0x6BD0 (27600) pixels
0x0000, 0x0000, 0x0000, 0x0000, 0x0000, 0x0000, 0x0000, 0x0000, 0x0000, 0x0000, 0x0000, 0x0000, 0x0000, 0x0000, 0x0000, 0x0000,   // 0x6BE0 (27616) pixels
0x0000, 0x0000, 0x0000, 0x0000, 0x0000, 0x0000, 0x0000, 0x0000, 0x0000, 0x0000, 0x0000, 0x0000, 0x0000, 0x0000, 0x0000, 0x0000,   // 0x6BF0 (27632) pixels
0x0000, 0x0000, 0x0000, 0x0000, 0x0000, 0x0000, 0x0000, 0x0000, 0x0000, 0x0000, 0x0000, 0x0000, 0x0000, 0x0000, 0x0000, 0x0000,   // 0x6C00 (27648) pixels
0x0000, 0x0000, 0x0000, 0x0000, 0x52AA, 0x0841, 0x0000, 0x0000, 0x0000, 0x0000, 0x0000, 0x0000, 0x0000, 0x0000, 0x0000, 0x0000,   // 0x6C10 (27664) pixels
0x0000, 0x0000, 0x0000, 0x0000, 0x0000, 0x6310, 0xB53D, 0x9C39, 0x943A, 0x62D1, 0x0000, 0x0000, 0x0000, 0x0021, 0x3A0B, 0x8CDA,   // 0x6C20 (27680) pixels
0x8CFA, 0x2147, 0x0000, 0x0000, 0x0000, 0x0000, 0x0000, 0x0000, 0x0000, 0x0020, 0x0000, 0x428C, 0xCF3F, 0x2948, 0x1024, 0x0844,   // 0x6C30 (27696) pixels
0x0822, 0x0802, 0x0000, 0x0000, 0x2127, 0x0001, 0x7C78, 0x52D0, 0x0801, 0x2065, 0x1003, 0x318A, 0xADDD, 0x6352, 0x0000, 0x0020,   // 0x6C40 (27712) pixels
0x0000, 0x3A0B, 0xAD9D, 0x31CA, 0x0000, 0x632D, 0x4A69, 0x0000, 0x0000, 0x0000, 0x0020, 0x0000, 0x0000, 0x0000, 0x7C56, 0xADDE,   // 0x6C50 (27728) pixels
0x2969, 0x0002, 0x1865, 0x1024, 0x8C57, 0x8476, 0x0000, 0x31AA, 0x0042, 0x0001, 0x0822, 0x1023, 0x1044, 0x0804, 0x39AA, 0xB65E,   // 0x6C60 (27744) pixels
0x2126, 0x0000, 0x0000, 0x0000, 0x0000, 0x0000, 0x0000, 0x0000, 0x0862, 0x0000, 0xABC8, 0x7265, 0x0041, 0x39C6, 0x1061, 0x0841,   // 0x6C70 (27760) pixels
0x0000, 0x0000, 0x0000, 0x2966, 0xAD55, 0x7BCF, 0x0000, 0x0000, 0x0000, 0x4A49, 0x9CD3, 0x0000, 0x0000, 0x0000, 0x0000, 0x0000,   // 0x6C80 (27776) pixels
0x0000, 0x0000, 0x0000, 0x0000, 0x0000, 0x0000, 0x0000, 0x0000, 0x0000, 0x0000, 0x0000, 0x0000, 0x0000, 0x0000, 0x0000, 0x0000,   // 0x6C90 (27792) pixels
0x0000, 0x0000, 0x0000, 0x0000, 0x0000, 0x0000, 0x0000, 0x0000, 0x0000, 0x0000, 0x0000, 0x0000, 0x0000, 0x0000, 0x0000, 0x0000,   // 0x6CA0 (27808) pixels
0x0000, 0x0000, 0x0000, 0x0000, 0x0000, 0x0000, 0x0000, 0x0000, 0x0000, 0x0000, 0x0000, 0x0000, 0x0000, 0x0000, 0x0000, 0x0000,   // 0x6CB0 (27824) pixels
0x0000, 0x0000, 0x0000, 0x0000, 0x0000, 0x0000, 0x0000, 0x0000, 0x0000, 0x0000, 0x0000, 0x0000, 0x0000, 0x0000, 0x0000, 0x0000,   // 0x6CC0 (27840) pixels
0x0000, 0x0000, 0x0000, 0x0000, 0x0000, 0x0000, 0x0000, 0x0000, 0x0000, 0x0000, 0x0000, 0x0000, 0x0000, 0x0000, 0x0000, 0x0000,   // 0x6CD0 (27856) pixels
0x0000, 0x0000, 0x0000, 0x0000, 0x0000, 0x0000, 0x0000, 0x0000, 0x0000, 0x0000, 0x0000, 0x0000, 0x0000, 0x0000, 0x0000, 0x0000,   // 0x6CE0 (27872) pixels
0x0000, 0x0000, 0x0000, 0x0000, 0x0000, 0x0000, 0x0000, 0x0000, 0x0000, 0x0000, 0x0000, 0x0000, 0x0000, 0x0000, 0x0000, 0x0000,   // 0x6CF0 (27888) pixels
0x0000, 0x0000, 0x0000, 0x2965, 0x2104, 0x0000, 0x0000, 0x0000, 0x0000, 0x0000, 0x0000, 0x0000, 0x0000, 0x0000, 0x0000, 0x0000,   // 0x6D00 (27904) pixels
0x0000, 0x0000, 0x0000, 0x0000, 0x0000, 0x83F3, 0xB4FB, 0x9C5A, 0x9C5A, 0x7BB5, 0x0021, 0x0000, 0x0020, 0x0000, 0x0000, 0x0001,   // 0x6D10 (27920) pixels
0x5B32, 0x9DBE, 0x4ACF, 0x0000, 0x0000, 0x0020, 0x0000, 0x0000, 0x0000, 0x0000, 0x0000, 0x3A4B, 0xDF7F, 0x4A4D, 0x0824, 0x1044,   // 0x6D20 (27936) pixels
0x0802, 0x0821, 0x0000, 0x6B93, 0xA5BF, 0x10A4, 0x52CF, 0x8458, 0x0001, 0x28C6, 0x6B52, 0xBE1F, 0x6B93, 0x0001, 0x0841, 0x0000,   // 0x6D30 (27952) pixels
0x426F, 0x9D3D, 0x31C9, 0x0000, 0x0020, 0x39C7, 0x9CD3, 0xAD75, 0x6B6D, 0x18C2, 0x0000, 0x0000, 0x0000, 0x0000, 0x0000, 0x73F5,   // 0x6D40 (27968) pixels
0xADDE, 0x6331, 0x20C7, 0x1865, 0xB5BD, 0x5ACF, 0x0001, 0x94FC, 0x6BD6, 0x0001, 0x0822, 0x1023, 0x1064, 0x0802, 0x4A8E, 0xA5FD,   // 0x6D50 (27984) pixels
0x0021, 0x18E3, 0x4248, 0x4A49, 0x52AB, 0x632D, 0x7C10, 0x9CF4, 0x7BEF, 0x0000, 0x82A6, 0xA388, 0x0000, 0x0000, 0x0020, 0x0000,   // 0x6D60 (28000) pixels
0x0000, 0x10A2, 0x9492, 0xBDD7, 0x39C7, 0x0000, 0x0020, 0x0000, 0x4A69, 0x9CF3, 0x0000, 0x0000, 0x0000, 0x0000, 0x0000, 0x0000,   // 0x6D70 (28016) pixels
0x0000, 0x0000, 0x0000, 0x0000, 0x0000, 0x0000, 0x0000, 0x0000, 0x0000, 0x0000, 0x0000, 0x0000, 0x0000, 0x0000, 0x0000, 0x0000,   // 0x6D80 (28032) pixels
0x0000, 0x0000, 0x0000, 0x0000, 0x0000, 0x0000, 0x0000, 0x0000, 0x0000, 0x0000, 0x0000, 0x0000, 0x0000, 0x0000, 0x0000, 0x0000,   // 0x6D90 (28048) pixels
0x0000, 0x0000, 0x0000, 0x0000, 0x0000, 0x0000, 0x0000, 0x0000, 0x0000, 0x0000, 0x0000, 0x0000, 0x0000, 0x0000, 0x0000, 0x0000,   // 0x6DA0 (28064) pixels
0x0000, 0x0000, 0x0000, 0x0000, 0x0000, 0x0000, 0x0000, 0x0000, 0x0000, 0x0000, 0x0000, 0x0000, 0x0000, 0x0000, 0x0000, 0x0000,   // 0x6DB0 (28080) pixels
0x0000, 0x0000, 0x0000, 0x0000, 0x0000, 0x0000, 0x0000, 0x0000, 0x0000, 0x0000, 0x0000, 0x0000, 0x0000, 0x0000, 0x0000, 0x0000,   // 0x6DC0 (28096) pixels
0x0000, 0x0000, 0x0000, 0x0000, 0x0000, 0x0000, 0x0000, 0x0000, 0x0000, 0x0000, 0x0000, 0x0000, 0x0000, 0x0000, 0x0000, 0x0000,   // 0x6DD0 (28112) pixels
0x0000, 0x0000, 0x0000, 0x0000, 0x0000, 0x0000, 0x0000, 0x0000, 0x0000, 0x0000, 0x0000, 0x0000, 0x0000, 0x0000, 0x0000, 0x0000,   // 0x6DE0 (28128) pixels
0x0000, 0x0000, 0x0000, 0x0841, 0x0000, 0x0000, 0x0000, 0x0000, 0x0000, 0x0000, 0x0000, 0x0000, 0x0000, 0x0000, 0x0000, 0x0000,   // 0x6DF0 (28144) pixels
0x0000, 0x0000, 0x0000, 0x0000, 0x0000, 0x41E9, 0xB53C, 0xACDB, 0xACDB, 0x4A4C, 0x0000, 0x0000, 0x0000, 0x0000, 0x0020, 0x0000,   // 0x6E00 (28160) pixels
0x0000, 0x31CA, 0x9D7D, 0x7436, 0x0842, 0x0000, 0x0020, 0x0000, 0x0000, 0x0000, 0x0821, 0x08A4, 0xAE3B, 0x8476, 0x0802, 0x1064,   // 0x6E10 (28176) pixels
0x0823, 0x0000, 0x3188, 0x955D, 0x1948, 0x0000, 0x39EA, 0xB5FE, 0x8C97, 0xB5BD, 0x9D1B, 0x3A0C, 0x0000, 0x0000, 0x0883, 0x73D5,   // 0x6E20 (28192) pixels
0x84BB, 0x10E6, 0x0000, 0x0000, 0x0020, 0x0000, 0x0000, 0x2124, 0x8410, 0xBDF7, 0x840F, 0x0000, 0x18C4, 0x6A8E, 0x3927, 0x0000,   // 0x6E30 (28208) pixels
0x39EB, 0x94DA, 0xA55C, 0x94D9, 0xBE1F, 0x2968, 0x0000, 0x1906, 0x9D3E, 0x1906, 0x0000, 0x0823, 0x0843, 0x0001, 0x7C77, 0x7415,   // 0x6E40 (28224) pixels
0x0000, 0x73AE, 0xAD75, 0x8451, 0x738E, 0x5ACB, 0x3A08, 0x10A3, 0x0000, 0x0000, 0x4143, 0xC429, 0x0000, 0x0000, 0x0000, 0x1082,   // 0x6E50 (28240) pixels
0x7BEF, 0xC638, 0x73AE, 0x0000, 0x0000, 0x0020, 0x0000, 0x6B4D, 0x9CF3, 0x0000, 0x0000, 0x0000, 0x0000, 0x0000, 0x0000, 0x0000,   // 0x6E60 (28256) pixels
0x0000, 0x0000, 0x0000, 0x0000, 0x0000, 0x0000, 0x0000, 0x0000, 0x0000, 0x0000, 0x0000, 0x0000, 0x0000, 0x0000, 0x0000, 0x0000,   // 0x6E70 (28272) pixels
0x0000, 0x0000, 0x0000, 0x0000, 0x0000, 0x0000, 0x0000, 0x0000, 0x0000, 0x0000, 0x0000, 0x0000, 0x0000, 0x0000, 0x0000, 0x0000,   // 0x6E80 (28288) pixels
0x0000, 0x0000, 0x0000, 0x0000, 0x0000, 0x0000, 0x0000, 0x0000, 0x0000, 0x0000, 0x0000, 0x0000, 0x0000, 0x0000, 0x0000, 0x0000,   // 0x6E90 (28304) pixels
0x0000, 0x0000, 0x0000, 0x0000, 0x0000, 0x0000, 0x0000, 0x0000, 0x0000, 0x0000, 0x0000, 0x0000, 0x0000, 0x0000, 0x0000, 0x0000,   // 0x6EA0 (28320) pixels
0x0000, 0x0000, 0x0000, 0x0000, 0x0000, 0x0000, 0x0000, 0x0000, 0x0000, 0x0000, 0x0000, 0x0000, 0x0000, 0x0000, 0x0000, 0x0000,   // 0x6EB0 (28336) pixels
0x0000, 0x0000, 0x0000, 0x0000, 0x0000, 0x0000, 0x0000, 0x0000, 0x0000, 0x0000, 0x0000, 0x0000, 0x0000, 0x0000, 0x0000, 0x0000,   // 0x6EC0 (28352) pixels
0x0000, 0x0000, 0x0000, 0x0000, 0x0000, 0x0000, 0x0000, 0x0000, 0x0000, 0x0000, 0x0000, 0x0000, 0x0000, 0x0000, 0x0000, 0x0000,   // 0x6ED0 (28368) pixels
0x0000, 0x0000, 0x0000, 0x0000, 0x0000, 0x0000, 0x0000, 0x0000, 0x0000, 0x0000, 0x0000, 0x0000, 0x0000, 0x0000, 0x0000, 0x0000,   // 0x6EE0 (28384) pixels
0x0000, 0x0000, 0x0000, 0x0000, 0x0000, 0x0000, 0x3167, 0x524D, 0x3168, 0x0000, 0x0000, 0x0000, 0x0000, 0x0000, 0x0000, 0x0000,   // 0x6EF0 (28400) pixels
0x0020, 0x0000, 0x10A4, 0x7499, 0x851B, 0x1947, 0x0000, 0x0000, 0x0020, 0x0000, 0x0020, 0x0000, 0x4ACE, 0xB67F, 0x18C5, 0x0822,   // 0x6F00 (28416) pixels
0x0822, 0x0000, 0x2168, 0x9D5C, 0x0863, 0x0000, 0x0862, 0x6B51, 0x8455, 0x4A6C, 0x0000, 0x0000, 0x0000, 0x422D, 0x9D3C, 0x73F6,   // 0x6F10 (28432) pixels
0x0021, 0x10A2, 0x7BF0, 0x20E3, 0x0000, 0x0000, 0x0020, 0x0000, 0x0000, 0x1082, 0x4208, 0x10A3, 0xA3F5, 0xC4BA, 0xB417, 0x20C4,   // 0x6F20 (28448) pixels
0x0000, 0x0000, 0x2969, 0x6B52, 0x426C, 0x0021, 0x0000, 0x2947, 0xAD9E, 0x18E5, 0x0000, 0x0841, 0x0000, 0x2106, 0xADFE, 0x2988,   // 0x6F30 (28464) pixels
0x0000, 0x0000, 0x0000, 0x0000, 0x0000, 0x0000, 0x0000, 0x20C2, 0x7265, 0x8B26, 0x9B25, 0xDC69, 0x1061, 0x0862, 0x73AE, 0xB5B6,   // 0x6F40 (28480) pixels
0x8410, 0x10A2, 0x0000, 0x0841, 0x0000, 0x0000, 0x9492, 0x94B2, 0x0000, 0x0000, 0x0000, 0x0000, 0x0000, 0x0000, 0x0000, 0x0000,   // 0x6F50 (28496) pixels
0x0000, 0x0000, 0x0000, 0x0000, 0x0000, 0x0000, 0x0000, 0x0000, 0x0000, 0x0000, 0x0000, 0x0000, 0x0000, 0x0000, 0x0000, 0x0000,   // 0x6F60 (28512) pixels
0x0000, 0x0000, 0x0000, 0x0000, 0x0000, 0x0000, 0x0000, 0x0000, 0x0000, 0x0000, 0x0000, 0x0000, 0x0000, 0x0000, 0x0000, 0x0000,   // 0x6F70 (28528) pixels
0x0000, 0x0000, 0x0000, 0x0000, 0x0000, 0x0000, 0x0000, 0x0000, 0x0000, 0x0000, 0x0000, 0x0000, 0x0000, 0x0000, 0x0000, 0x0000,   // 0x6F80 (28544) pixels
0x0000, 0x0000, 0x0000, 0x0000, 0x0000, 0x0000, 0x0000, 0x0000, 0x0000, 0x0000, 0x0000, 0x0000, 0x0000, 0x0000, 0x0000, 0x0000,   // 0x6F90 (28560) pixels
0x0000, 0x0000, 0x0000, 0x0000, 0x0000, 0x0000, 0x0000, 0x0000, 0x0000, 0x0000, 0x0000, 0x0000, 0x0000, 0x0000, 0x0000, 0x0000,   // 0x6FA0 (28576) pixels
0x0000, 0x0000, 0x0000, 0x0000, 0x0000, 0x0000, 0x0000, 0x0000, 0x0000, 0x0000, 0x0000, 0x0000, 0x0000, 0x0000, 0x0000, 0x0000,   // 0x6FB0 (28592) pixels
0x0000, 0x0000, 0x0000, 0x0000, 0x0000, 0x0000, 0x0000, 0x0000, 0x0000, 0x0000, 0x0000, 0x0000, 0x0000, 0x0000, 0x0000, 0x0000,   // 0x6FC0 (28608) pixels
0x0000, 0x0000, 0x0000, 0x0000, 0x0000, 0x0000, 0x0000, 0x0000, 0x0000, 0x0000, 0x0000, 0x0000, 0x0000, 0x0000, 0x0000, 0x0000,   // 0x6FD0 (28624) pixels
0x0000, 0x0000, 0x0000, 0x0000, 0x0000, 0x0000, 0x0000, 0x0000, 0x0000, 0x0000, 0x0000, 0x0000, 0x0000, 0x0000, 0x0000, 0x0000,   // 0x6FE0 (28640) pixels
0x0000, 0x0020, 0x0000, 0x0000, 0x5B53, 0x9D9F, 0x5310, 0x0021, 0x0000, 0x0000, 0x0020, 0x0000, 0x0022, 0x955A, 0x6392, 0x0000,   // 0x6FF0 (28656) pixels
0x0841, 0x0000, 0x0000, 0x8CB9, 0x6351, 0x0000, 0x0841, 0x0000, 0x0000, 0x0000, 0x0020, 0x31EB, 0x849A, 0x951C, 0x3A2C, 0x0000,   // 0x7000 (28672) pixels
0x0000, 0x0841, 0x630C, 0xAD95, 0x8C51, 0x2124, 0x0000, 0x0000, 0x0840, 0x0000, 0x0000, 0x20C4, 0xBC98, 0xBC3A, 0xC459, 0x2906,   // 0x7010 (28688) pixels
0x0841, 0x3145, 0x0000, 0x0000, 0x0000, 0x0862, 0x0000, 0x8C77, 0x8CB9, 0x0001, 0x0822, 0x1043, 0x0000, 0x7C15, 0x84B8, 0x0000,   // 0x7020 (28704) pixels
0x0020, 0x0020, 0x0021, 0x0841, 0x0041, 0x0000, 0x7245, 0xE4AA, 0xF4A9, 0xF4C9, 0xF4C7, 0xF4A9, 0x38E2, 0x2986, 0x6B4D, 0x0841,   // 0x7030 (28720) pixels
0x0000, 0x0000, 0x0020, 0x0000, 0x3186, 0xBDF7, 0x73AE, 0x0000, 0x0000, 0x0000, 0x0000, 0x0000, 0x0000, 0x0000, 0x0000, 0x0000,   // 0x7040 (28736) pixels
0x0000, 0x0000, 0x0000, 0x0000, 0x0000, 0x0000, 0x0000, 0x0000, 0x0000, 0x0000, 0x0000, 0x0000, 0x0000, 0x0000, 0x0000, 0x0000,   // 0x7050 (28752) pixels
0x0000, 0x0000, 0x0000, 0x0000, 0x0000, 0x0000, 0x0000, 0x0000, 0x0000, 0x0000, 0x0000, 0x0000, 0x0000, 0x0000, 0x0000, 0x0000,   // 0x7060 (28768) pixels
0x0000, 0x0000, 0x0000, 0x0000, 0x0000, 0x0000, 0x0000, 0x0000, 0x0000, 0x0000, 0x0000, 0x0000, 0x0000, 0x0000, 0x0000, 0x0000,   // 0x7070 (28784) pixels
0x0000, 0x0000, 0x0000, 0x0000, 0x0000, 0x0000, 0x0000, 0x0000, 0x0000, 0x0000, 0x0000, 0x0000, 0x0000, 0x0000, 0x0000, 0x0000,   // 0x7080 (28800) pixels
0x0000, 0x0000, 0x0000, 0x0000, 0x0000, 0x0000, 0x0000, 0x0000, 0x0000, 0x0000, 0x0000, 0x0000, 0x0000, 0x0000, 0x0000, 0x0000,   // 0x7090 (28816) pixels
0x0000, 0x0000, 0x0000, 0x0000, 0x0000, 0x0000, 0x0000, 0x0000, 0x0000, 0x0000, 0x0000, 0x0000, 0x0000, 0x0000, 0x0000, 0x0000,   // 0x70A0 (28832) pixels
0x0000, 0x0000, 0x0000, 0x0000, 0x0000, 0x0000, 0x0000, 0x0000, 0x0000, 0x0000, 0x0000, 0x0000, 0x0000, 0x0000, 0x0000, 0x0000,   // 0x70B0 (28848) pixels
0x0000, 0x0000, 0x0000, 0x0000, 0x0000, 0x0000, 0x0000, 0x0000, 0x0000, 0x0000, 0x0000, 0x0000, 0x0000, 0x0000, 0x0000, 0x0000,   // 0x70C0 (28864) pixels
0x0000, 0x0000, 0x0000, 0x0000, 0x0000, 0x0000, 0x0000, 0x0020, 0x0000, 0x0000, 0x0000, 0x0000, 0x0000, 0x0000, 0x0000, 0x0000,   // 0x70D0 (28880) pixels
0x0000, 0x0000, 0x0020, 0x0000, 0x0000, 0x322B, 0xA5BE, 0x8D1B, 0x31EA, 0x0000, 0x0000, 0x0000, 0x0000, 0x3A0B, 0xA5BD, 0x10A4,   // 0x70E0 (28896) pixels
0x0000, 0x0821, 0x0000, 0x3A0B, 0xB5DD, 0x2907, 0x0822, 0x0862, 0x18C5, 0x52AE, 0x8CBA, 0x9D1C, 0x5B11, 0x0862, 0x0000, 0x0000,   // 0x70F0 (28912) pixels
0x0020, 0x0000, 0x0000, 0x0020, 0x5ACB, 0xAD75, 0x94B2, 0x31A6, 0x0000, 0x0000, 0x0020, 0x0000, 0x624D, 0xB437, 0x6A8E, 0x0000,   // 0x7100 (28928) pixels
0x10A3, 0x7C10, 0x9493, 0x7BD0, 0x2945, 0x0000, 0x31A8, 0xC63F, 0x39AA, 0x0802, 0x1064, 0x1002, 0x2948, 0xB61F, 0x29A9, 0x0000,   // 0x7110 (28944) pixels
0x0000, 0x0000, 0x0000, 0x0000, 0x0000, 0x4143, 0xEC69, 0xE3C7, 0xE3A7, 0xE3C8, 0xDBE6, 0xF429, 0x5984, 0x0000, 0x0000, 0x0000,   // 0x7120 (28960) pixels
0x0020, 0x0000, 0x0000, 0x8410, 0xC618, 0x39E7, 0x0000, 0x0020, 0x0000, 0x0000, 0x0000, 0x0000, 0x0000, 0x0000, 0x0000, 0x0000,   // 0x7130 (28976) pixels
0x0000, 0x0000, 0x0000, 0x0000, 0x0000, 0x0000, 0x0000, 0x0000, 0x0000, 0x0000, 0x0000, 0x0000, 0x0000, 0x0000, 0x0000, 0x0000,   // 0x7140 (28992) pixels
0x0000, 0x0000, 0x0000, 0x0000, 0x0000, 0x0000, 0x0000, 0x0000, 0x0000, 0x0000, 0x0000, 0x0000, 0x0000, 0x0000, 0x0000, 0x0000,   // 0x7150 (29008) pixels
0x0000, 0x0000, 0x0000, 0x0000, 0x0000, 0x0000, 0x0000, 0x0000, 0x0000, 0x0000, 0x0000, 0x0000, 0x0000, 0x0000, 0x0000, 0x0000,   // 0x7160 (29024) pixels
0x0000, 0x0000, 0x0000, 0x0000, 0x0000, 0x0000, 0x0000, 0x0000, 0x0000, 0x0000, 0x0000, 0x0000, 0x0000, 0x0000, 0x0000, 0x0000,   // 0x7170 (29040) pixels
0x0000, 0x0000, 0x0000, 0x0000, 0x0000, 0x0000, 0x0000, 0x0000, 0x0000, 0x0000, 0x0000, 0x0000, 0x0000, 0x0000, 0x0000, 0x0000,   // 0x7180 (29056) pixels
0x0000, 0x0000, 0x0000, 0x0000, 0x0000, 0x0000, 0x0000, 0x0000, 0x0000, 0x0000, 0x0000, 0x0000, 0x0000, 0x0000, 0x0000, 0x0000,   // 0x7190 (29072) pixels
0x0000, 0x0000, 0x0000, 0x0000, 0x0000, 0x0000, 0x0000, 0x0000, 0x0000, 0x0000, 0x0000, 0x0000, 0x0000, 0x0000, 0x0000, 0x0000,   // 0x71A0 (29088) pixels
0x0000, 0x0000, 0x0000, 0x0000, 0x0000, 0x0000, 0x0000, 0x0000, 0x0000, 0x0000, 0x0000, 0x0000, 0x0000, 0x0000, 0x0000, 0x0000,   // 0x71B0 (29104) pixels
0x0000, 0x0000, 0x0000, 0x0000, 0x0000, 0x0000, 0x0000, 0x0000, 0x0000, 0x0000, 0x0000, 0x0000, 0x0000, 0x0000, 0x0000, 0x0000,   // 0x71C0 (29120) pixels
0x0000, 0x0000, 0x0000, 0x0000, 0x0000, 0x0000, 0x08A3, 0x6BB4, 0x9D9E, 0x7C79, 0x426E, 0x1906, 0x0000, 0x0000, 0x8CB9, 0x6B73,   // 0x71D0 (29136) pixels
0x0000, 0x0842, 0x1043, 0x1043, 0xA51A, 0x8C55, 0x0000, 0x3188, 0xA57C, 0x94FB, 0x52CF, 0x1063, 0x0000, 0x0000, 0x0000, 0x0000,   // 0x71E0 (29152) pixels
0x0000, 0x0000, 0x0020, 0x0000, 0x0000, 0x0000, 0x4A69, 0xA514, 0xA554, 0x52CB, 0x0841, 0x0000, 0x0000, 0x0841, 0x0000, 0x0000,   // 0x71F0 (29168) pixels
0x0000, 0x0000, 0x0861, 0x31A7, 0x20E4, 0x0000, 0x9CF9, 0x8C56, 0x0802, 0x1885, 0x1885, 0x1023, 0x9478, 0x8497, 0x0000, 0x3186,   // 0x7200 (29184) pixels
0x4A6A, 0x52CB, 0x6B6D, 0x73AE, 0x0020, 0x7A66, 0xEBE9, 0xE327, 0xEB47, 0xE367, 0xE367, 0xEBA8, 0x38E2, 0x0000, 0x0820, 0x0000,   // 0x7210 (29200) pixels
0x0000, 0x52AA, 0xBDD7, 0x8410, 0x0020, 0x0000, 0x0020, 0x0000, 0x0000, 0x0000, 0x0000, 0x0000, 0x0000, 0x0000, 0x0000, 0x0000,   // 0x7220 (29216) pixels
0x0000, 0x0000, 0x0000, 0x0000, 0x0000, 0x0000, 0x0000, 0x0000, 0x0000, 0x0000, 0x0000, 0x0000, 0x0000, 0x0000, 0x0000, 0x0000,   // 0x7230 (29232) pixels
0x0000, 0x0000, 0x0000, 0x0000, 0x0000, 0x0000, 0x0000, 0x0000, 0x0000, 0x0000, 0x0000, 0x0000, 0x0000, 0x0000, 0x0000, 0x0000,   // 0x7240 (29248) pixels
0x0000, 0x0000, 0x0000, 0x0000, 0x0000, 0x0000, 0x0000, 0x0000, 0x0000, 0x0000, 0x0000, 0x0000, 0x0000, 0x0000, 0x0000, 0x0000,   // 0x7250 (29264) pixels
0x0000, 0x0000, 0x0000, 0x0000, 0x0000, 0x0000, 0x0000, 0x0000, 0x0000, 0x0000, 0x0000, 0x0000, 0x0000, 0x0000, 0x0000, 0x0000,   // 0x7260 (29280) pixels
0x0000, 0x0000, 0x0000, 0x0000, 0x0000, 0x0000, 0x0000, 0x0000, 0x0000, 0x0000, 0x0000, 0x0000, 0x0000, 0x0000, 0x0000, 0x0000,   // 0x7270 (29296) pixels
0x0000, 0x0000, 0x0000, 0x0000, 0x0000, 0x0000, 0x0000, 0x0000, 0x0000, 0x0000, 0x0000, 0x0000, 0x0000, 0x0000, 0x0000, 0x0000,   // 0x7280 (29312) pixels
0x0000, 0x0000, 0x0000, 0x0000, 0x0000, 0x0000, 0x0000, 0x0000, 0x0000, 0x0000, 0x0000, 0x0000, 0x0000, 0x0000, 0x0000, 0x0000,   // 0x7290 (29328) pixels
0x0000, 0x0000, 0x0000, 0x0000, 0x0000, 0x0000, 0x0000, 0x0000, 0x0000, 0x0000, 0x0000, 0x0000, 0x0000, 0x0000, 0x0000, 0x0000,   // 0x72A0 (29344) pixels
0x0000, 0x0000, 0x0000, 0x0000, 0x0000, 0x0000, 0x0000, 0x0000, 0x0000, 0x0000, 0x0000, 0x0000, 0x0000, 0x0000, 0x0000, 0x0000,   // 0x72B0 (29360) pixels
0x0000, 0x0000, 0x0000, 0x0000, 0x0000, 0x0000, 0x0000, 0x0000, 0x18C5, 0x5311, 0x7C7A, 0x84FC, 0x7C79, 0x0883, 0x3189, 0xAD7E,   // 0x72C0 (29376) pixels
0x2106, 0x0822, 0x20A5, 0x1864, 0x5A6E, 0xD65F, 0x3167, 0x0021, 0x31A9, 0x0021, 0x0000, 0x0000, 0x0000, 0x0000, 0x0000, 0x0000,   // 0x72D0 (29392) pixels
0x0000, 0x0000, 0x0000, 0x0000, 0x0000, 0x0000, 0x0000, 0x0000, 0x31A6, 0x94B2, 0xB5B6, 0x7BEF, 0x2965, 0x0000, 0x0000, 0x0000,   // 0x72E0 (29408) pixels
0x0000, 0x0820, 0x0000, 0x0000, 0x0000, 0x420B, 0xBDBF, 0x2106, 0x0802, 0x1865, 0x1043, 0x49EB, 0xBE3F, 0x2968, 0x0021, 0x632C,   // 0x72F0 (29424) pixels
0x6B6E, 0x5B0C, 0x5AEB, 0x4249, 0x0000, 0x79E6, 0xF369, 0xDAC7, 0xE2E7, 0xDAE7, 0xEB27, 0xAA86, 0x0000, 0x0000, 0x0020, 0x52AA,   // 0x7300 (29440) pixels
0xAD75, 0x94B2, 0x2104, 0x0000, 0x0000, 0x0020, 0x0000, 0x0000, 0x0000, 0x0000, 0x0000, 0x0000, 0x0000, 0x0000, 0x0000, 0x0000,   // 0x7310 (29456) pixels
0x0000, 0x0000, 0x0000, 0x0000, 0x0000, 0x0000, 0x0000, 0x0000, 0x0000, 0x0000, 0x0000, 0x0000, 0x0000, 0x0000, 0x0000, 0x0000,   // 0x7320 (29472) pixels
0x0000, 0x0000, 0x0000, 0x0000, 0x0000, 0x0000, 0x0000, 0x0000, 0x0000, 0x0000, 0x0000, 0x0000, 0x0000, 0x0000, 0x0000, 0x0000,   // 0x7330 (29488) pixels
0x0000, 0x0000, 0x0000, 0x0000, 0x0000, 0x0000, 0x0000, 0x0000, 0x0000, 0x0000, 0x0000, 0x0000, 0x0000, 0x0000, 0x0000, 0x0000,   // 0x7340 (29504) pixels
0x0000, 0x0000, 0x0000, 0x0000, 0x0000, 0x0000, 0x0000, 0x0000, 0x0000, 0x0000, 0x0000, 0x0000, 0x0000, 0x0000, 0x0000, 0x0000,   // 0x7350 (29520) pixels
0x0000, 0x0000, 0x0000, 0x0000, 0x0000, 0x0000, 0x0000, 0x0000, 0x0000, 0x0000, 0x0000, 0x0000, 0x0000, 0x0000, 0x0000, 0x0000,   // 0x7360 (29536) pixels
0x0000, 0x0000, 0x0000, 0x0000, 0x0000, 0x0000, 0x0000, 0x0000, 0x0000, 0x0000, 0x0000, 0x0000, 0x0000, 0x0000, 0x0000, 0x0000,   // 0x7370 (29552) pixels
0x0000, 0x0000, 0x0000, 0x0000, 0x0000, 0x0000, 0x0000, 0x0000, 0x0000, 0x0000, 0x0000, 0x0000, 0x0000, 0x0000, 0x0000, 0x0000,   // 0x7380 (29568) pixels
0x0000, 0x0000, 0x0000, 0x0000, 0x0000, 0x0000, 0x0000, 0x0000, 0x0000, 0x0000, 0x0000, 0x0000, 0x0000, 0x0000, 0x0000, 0x0000,   // 0x7390 (29584) pixels
0x0000, 0x0000, 0x0000, 0x0000, 0x0000, 0x0000, 0x0000, 0x0000, 0x0000, 0x0000, 0x0000, 0x0000, 0x0000, 0x0000, 0x0000, 0x0000,   // 0x73A0 (29600) pixels
0x0000, 0x0000, 0x0000, 0x0000, 0x0000, 0x0000, 0x0000, 0x0000, 0x0000, 0x0000, 0x0000, 0x18C5, 0x31EB, 0x18E5, 0x0000, 0x9477,   // 0x73B0 (29616) pixels
0x9417, 0x1824, 0x28C6, 0x30C7, 0x28A6, 0xA4B9, 0x9C57, 0x0000, 0x0000, 0x0000, 0x0021, 0x0000, 0x0000, 0x0000, 0x0000, 0x0000,   // 0x73C0 (29632) pixels
0x0000, 0x0000, 0x0000, 0x0000, 0x0000, 0x0000, 0x0020, 0x0020, 0x0000, 0x0000, 0x18C3, 0x6B4D, 0xAD55, 0xA514, 0x6B4C, 0x2104,   // 0x73D0 (29648) pixels
0x0000, 0x0000, 0x0000, 0x0020, 0x0021, 0x9CDB, 0x5AD0, 0x0000, 0x1043, 0x1043, 0x1024, 0xA4FA, 0x7C16, 0x0000, 0x0000, 0x0000,   // 0x73E0 (29664) pixels
0x0000, 0x0000, 0x0000, 0x0000, 0x0000, 0x2882, 0xD2E9, 0xEAC8, 0xEAA8, 0xEAC8, 0xBA87, 0x2040, 0x0041, 0x738E, 0xBDD7, 0x94B2,   // 0x73F0 (29680) pixels
0x2945, 0x0000, 0x0000, 0x0020, 0x0000, 0x0000, 0x0000, 0x0000, 0x0000, 0x0000, 0x0000, 0x0000, 0x0000, 0x0000, 0x0000, 0x0000,   // 0x7400 (29696) pixels
0x0000, 0x0000, 0x0000, 0x0000, 0x0000, 0x0000, 0x0000, 0x0000, 0x0000, 0x0000, 0x0000, 0x0000, 0x0000, 0x0000, 0x0000, 0x0000,   // 0x7410 (29712) pixels
0x0000, 0x0000, 0x0000, 0x0000, 0x0000, 0x0000, 0x0000, 0x0000, 0x0000, 0x0000, 0x0000, 0x0000, 0x0000, 0x0000, 0x0000, 0x0000,   // 0x7420 (29728) pixels
0x0000, 0x0000, 0x0000, 0x0000, 0x0000, 0x0000, 0x0000, 0x0000, 0x0000, 0x0000, 0x0000, 0x0000, 0x0000, 0x0000, 0x0000, 0x0000,   // 0x7430 (29744) pixels
0x0000, 0x0000, 0x0000, 0x0000, 0x0000, 0x0000, 0x0000, 0x0000, 0x0000, 0x0000, 0x0000, 0x0000, 0x0000, 0x0000, 0x0000, 0x0000,   // 0x7440 (29760) pixels
0x0000, 0x0000, 0x0000, 0x0000, 0x0000, 0x0000, 0x0000, 0x0000, 0x0000, 0x0000, 0x0000, 0x0000, 0x0000, 0x0000, 0x0000, 0x0000,   // 0x7450 (29776) pixels
0x0000, 0x0000, 0x0000, 0x0000, 0x0000, 0x0000, 0x0000, 0x0000, 0x0000, 0x0000, 0x0000, 0x0000, 0x0000, 0x0000, 0x0000, 0x0000,   // 0x7460 (29792) pixels
0x0000, 0x0000, 0x0000, 0x0000, 0x0000, 0x0000, 0x0000, 0x0000, 0x0000, 0x0000, 0x0000, 0x0000, 0x0000, 0x0000, 0x0000, 0x0000,   // 0x7470 (29808) pixels
0x0000, 0x0000, 0x0000, 0x0000, 0x0000, 0x0000, 0x0000, 0x0000, 0x0000, 0x0000, 0x0000, 0x0000, 0x0000, 0x0000, 0x0000, 0x0000,   // 0x7480 (29824) pixels
0x0000, 0x0000, 0x0000, 0x0000, 0x0000, 0x0000, 0x0000, 0x0000, 0x0000, 0x0000, 0x0000, 0x0000, 0x0000, 0x0000, 0x0000, 0x0000,   // 0x7490 (29840) pixels
0x0000, 0x0000, 0x0000, 0x0000, 0x0000, 0x0000, 0x0000, 0x0000, 0x0000, 0x0020, 0x0000, 0x0000, 0x0000, 0x0000, 0x0000, 0x3168,   // 0x74A0 (29856) pixels
0xCE1F, 0x49EC, 0x2065, 0x30C7, 0x2886, 0x416A, 0xCD5F, 0x41AA, 0x0000, 0x0000, 0x0000, 0x0000, 0x0000, 0x0000, 0x0000, 0x0000,   // 0x74B0 (29872) pixels
0x0000, 0x0000, 0x0000, 0x0000, 0x0000, 0x0000, 0x0000, 0x0000, 0x0000, 0x0000, 0x0000, 0x0000, 0x0000, 0x2986, 0x73CF, 0xA534,   // 0x74C0 (29888) pixels
0xA534, 0x7BCF, 0x18E4, 0x0000, 0x5AAF, 0xA4FB, 0x0821, 0x0800, 0x1022, 0x0001, 0x520C, 0xBDFF, 0x1906, 0x0000, 0x0001, 0x0020,   // 0x74D0 (29904) pixels
0x0020, 0x0021, 0x0020, 0x0000, 0x0000, 0x0000, 0x2020, 0x7944, 0x8164, 0x5903, 0x1020, 0x10C3, 0x8451, 0x7C0F, 0x2104, 0x0000,   // 0x74E0 (29920) pixels
0x0000, 0x0020, 0x0000, 0x0000, 0x0000, 0x0000, 0x0000, 0x0000, 0x0000, 0x0000, 0x0000, 0x0000, 0x0000, 0x0000, 0x0000, 0x0000,   // 0x74F0 (29936) pixels
0x0000, 0x0000, 0x0000, 0x0000, 0x0000, 0x0000, 0x0000, 0x0000, 0x0000, 0x0000, 0x0000, 0x0000, 0x0000, 0x0000, 0x0000, 0x0000,   // 0x7500 (29952) pixels
0x0000, 0x0000, 0x0000, 0x0000, 0x0000, 0x0000, 0x0000, 0x0000, 0x0000, 0x0000, 0x0000, 0x0000, 0x0000, 0x0000, 0x0000, 0x0000,   // 0x7510 (29968) pixels
0x0000, 0x0000, 0x0000, 0x0000, 0x0000, 0x0000, 0x0000, 0x0000, 0x0000, 0x0000, 0x0000, 0x0000, 0x0000, 0x0000, 0x0000, 0x0000,   // 0x7520 (29984) pixels
0x0000, 0x0000, 0x0000, 0x0000, 0x0000, 0x0000, 0x0000, 0x0000, 0x0000, 0x0000, 0x0000, 0x0000, 0x0000, 0x0000, 0x0000, 0x0000,   // 0x7530 (30000) pixels
0x0000, 0x0000, 0x0000, 0x0000, 0x0000, 0x0000, 0x0000, 0x0000, 0x0000, 0x0000, 0x0000, 0x0000, 0x0000, 0x0000, 0x0000, 0x0000,   // 0x7540 (30016) pixels
0x0000, 0x0000, 0x0000, 0x0000, 0x0000, 0x0000, 0x0000, 0x0000, 0x0000, 0x0000, 0x0000, 0x0000, 0x0000, 0x0000, 0x0000, 0x0000,   // 0x7550 (30032) pixels
0x0000, 0x0000, 0x0000, 0x0000, 0x0000, 0x0000, 0x0000, 0x0000, 0x0000, 0x0000, 0x0000, 0x0000, 0x0000, 0x0000, 0x0000, 0x0000,   // 0x7560 (30048) pixels
0x0000, 0x0000, 0x0000, 0x0000, 0x0000, 0x0000, 0x0000, 0x0000, 0x0000, 0x0000, 0x0000, 0x0000, 0x0000, 0x0000, 0x0000, 0x0000,   // 0x7570 (30064) pixels
0x0000, 0x0000, 0x0000, 0x0000, 0x0000, 0x0000, 0x0000, 0x0000, 0x0000, 0x0000, 0x0000, 0x0000, 0x0000, 0x0000, 0x0000, 0x0000,   // 0x7580 (30080) pixels
0x0000, 0x0000, 0x0000, 0x0000, 0x0000, 0x0000, 0x0000, 0x0000, 0x0000, 0x0000, 0x0000, 0x0000, 0x0020, 0x0000, 0x0000, 0x0000,   // 0x7590 (30096) pixels
0x9C77, 0xB4DA, 0x2885, 0x28A6, 0x2886, 0x1002, 0x8B54, 0xAC79, 0x0000, 0x0000, 0x0000, 0x0000, 0x0000, 0x0000, 0x0000, 0x0000,   // 0x75A0 (30112) pixels
0x0000, 0x0000, 0x0000, 0x0000, 0x0000, 0x0000, 0x0000, 0x0000, 0x0000, 0x0000, 0x0000, 0x0020, 0x0000, 0x0000, 0x0000, 0x0000,   // 0x75B0 (30128) pixels
0x2945, 0x6B6E, 0x18E3, 0x1082, 0xBD9E, 0x4A0D, 0x0000, 0x0841, 0x0801, 0x0802, 0xACFA, 0x6B72, 0x0000, 0x0000, 0x0000, 0x0000,   // 0x75C0 (30144) pixels
0x0000, 0x0000, 0x0000, 0x0862, 0x18C3, 0x3186, 0x39E6, 0x1904, 0x0020, 0x0000, 0x0020, 0x18C2, 0x0041, 0x0000, 0x0000, 0x0020,   // 0x75D0 (30160) pixels
0x0000, 0x0000, 0x0000, 0x0000, 0x0000, 0x0000, 0x0000, 0x0000, 0x0000, 0x0000, 0x0000, 0x0000, 0x0000, 0x0000, 0x0000, 0x0000,   // 0x75E0 (30176) pixels
0x0000, 0x0000, 0x0000, 0x0000, 0x0000, 0x0000, 0x0000, 0x0000, 0x0000, 0x0000, 0x0000, 0x0000, 0x0000, 0x0000, 0x0000, 0x0000,   // 0x75F0 (30192) pixels
0x0000, 0x0000, 0x0000, 0x0000, 0x0000, 0x0000, 0x0000, 0x0000, 0x0000, 0x0000, 0x0000, 0x0000, 0x0000, 0x0000, 0x0000, 0x0000,   // 0x7600 (30208) pixels
0x0000, 0x0000, 0x0000, 0x0000, 0x0000, 0x0000, 0x0000, 0x0000, 0x0000, 0x0000, 0x0000, 0x0000, 0x0000, 0x0000, 0x0000, 0x0000,   // 0x7610 (30224) pixels
0x0000, 0x0000, 0x0000, 0x0000, 0x0000, 0x0000, 0x0000, 0x0000, 0x0000, 0x0000, 0x0000, 0x0000, 0x0000, 0x0000, 0x0000, 0x0000,   // 0x7620 (30240) pixels
0x0000, 0x0000, 0x0000, 0x0000, 0x0000, 0x0000, 0x0000, 0x0000, 0x0000, 0x0000, 0x0000, 0x0000, 0x0000, 0x0000, 0x0000, 0x0000,   // 0x7630 (30256) pixels
0x0000, 0x0000, 0x0000, 0x0000, 0x0000, 0x0000, 0x0000, 0x0000, 0x0000, 0x0000, 0x0000, 0x0000, 0x0000, 0x0000, 0x0000, 0x0000,   // 0x7640 (30272) pixels
0x0000, 0x0000, 0x0000, 0x0000, 0x0000, 0x0000, 0x0000, 0x0000, 0x0000, 0x0000, 0x0000, 0x0000, 0x0000, 0x0000, 0x0000, 0x0000,   // 0x7650 (30288) pixels
0x0000, 0x0000, 0x0000, 0x0000, 0x0000, 0x0000, 0x0000, 0x0000, 0x0000, 0x0000, 0x0000, 0x0000, 0x0000, 0x0000, 0x0000, 0x0000,   // 0x7660 (30304) pixels
0x0000, 0x0000, 0x0000, 0x0000, 0x0000, 0x0000, 0x0000, 0x0000, 0x0000, 0x0000, 0x0000, 0x0000, 0x0000, 0x0000, 0x0000, 0x0000,   // 0x7670 (30320) pixels
0x0000, 0x0000, 0x0000, 0x0000, 0x0000, 0x0000, 0x0000, 0x0000, 0x0000, 0x0000, 0x0000, 0x0000, 0x0000, 0x0000, 0x0000, 0x0000,   // 0x7680 (30336) pixels
0x3168, 0xD5FF, 0x624D, 0x1824, 0x2065, 0x1023, 0x28A6, 0xC51D, 0x5A6E, 0x0000, 0x0020, 0x0000, 0x0000, 0x0000, 0x0000, 0x0000,   // 0x7690 (30352) pixels
0x0000, 0x0000, 0x0000, 0x0000, 0x0000, 0x0000, 0x0000, 0x0000, 0x0000, 0x0000, 0x0000, 0x0000, 0x0000, 0x0000, 0x0020, 0x0000,   // 0x76A0 (30368) pixels
0x0000, 0x0000, 0x0000, 0x8C15, 0xACDB, 0x1803, 0x1043, 0x1042, 0x0000, 0x5A4E, 0xBD5E, 0x0022, 0x2966, 0xAD75, 0xA535, 0xA535,   // 0x76B0 (30384) pixels
0xAD75, 0xAD75, 0xA535, 0xA554, 0xA554, 0x9492, 0x634C, 0x31A6, 0x0841, 0x0000, 0x0000, 0x0000, 0x0000, 0x0020, 0x0000, 0x0000,   // 0x76C0 (30400) pixels
0x0000, 0x0000, 0x0000, 0x0000, 0x0000, 0x0000, 0x0000, 0x0000, 0x0000, 0x0000, 0x0000, 0x0000, 0x0000, 0x0000, 0x0000, 0x0000,   // 0x76D0 (30416) pixels
0x0000, 0x0000, 0x0000, 0x0000, 0x0000, 0x0000, 0x0000, 0x0000, 0x0000, 0x0000, 0x0000, 0x0000, 0x0000, 0x0000, 0x0000, 0x0000,   // 0x76E0 (30432) pixels
0x0000, 0x0000, 0x0000, 0x0000, 0x0000, 0x0000, 0x0000, 0x0000, 0x0000, 0x0000, 0x0000, 0x0000, 0x0000, 0x0000, 0x0000, 0x0000,   // 0x76F0 (30448) pixels
0x0000, 0x0000, 0x0000, 0x0000, 0x0000, 0x0000, 0x0000, 0x0000, 0x0000, 0x0000, 0x0000, 0x0000, 0x0000, 0x0000, 0x0000, 0x0000,   // 0x7700 (30464) pixels
0x0000, 0x0000, 0x0000, 0x0000, 0x0000, 0x0000, 0x0000, 0x0000, 0x0000, 0x0000, 0x0000, 0x0000, 0x0000, 0x0000, 0x0000, 0x0000,   // 0x7710 (30480) pixels
0x0000, 0x0000, 0x0000, 0x0000, 0x0000, 0x0000, 0x0000, 0x0000, 0x0000, 0x0000, 0x0000, 0x0000, 0x0000, 0x0000, 0x0000, 0x0000,   // 0x7720 (30496) pixels
0x0000, 0x0000, 0x0000, 0x0000, 0x0000, 0x0000, 0x0000, 0x0000, 0x0000, 0x0000, 0x0000, 0x0000, 0x0000, 0x0000, 0x0000, 0x0000,   // 0x7730 (30512) pixels
0x0000, 0x0000, 0x0000, 0x0000, 0x0000, 0x0000, 0x0000, 0x0000, 0x0000, 0x0000, 0x0000, 0x0000, 0x0000, 0x0000, 0x0000, 0x0000,   // 0x7740 (30528) pixels
0x0000, 0x0000, 0x0000, 0x0000, 0x0000, 0x0000, 0x0000, 0x0000, 0x0000, 0x0000, 0x0000, 0x0000, 0x0000, 0x0000, 0x0000, 0x0000,   // 0x7750 (30544) pixels
0x0000, 0x0000, 0x0000, 0x0000, 0x0000, 0x0000, 0x0000, 0x0000, 0x0000, 0x0000, 0x0000, 0x0000, 0x0000, 0x0000, 0x0000, 0x0000,   // 0x7760 (30560) pixels
0x0000, 0x0000, 0x0000, 0x0000, 0x0000, 0x0000, 0x0000, 0x0000, 0x0000, 0x0000, 0x0000, 0x0000, 0x0000, 0x0000, 0x0000, 0x0020,   // 0x7770 (30576) pixels
0x0000, 0x9415, 0xBCFA, 0x1824, 0x2044, 0x1844, 0x0801, 0x7291, 0xC4FD, 0x0862, 0x0000, 0x0000, 0x0000, 0x0000, 0x0000, 0x0000,   // 0x7780 (30592) pixels
0x0000, 0x0000, 0x0000, 0x0000, 0x0000, 0x0000, 0x0000, 0x0000, 0x0000, 0x0000, 0x0000, 0x0000, 0x0000, 0x0000, 0x0000, 0x0000,   // 0x7790 (30608) pixels
0x0000, 0x0000, 0x2948, 0xD5BF, 0x51EC, 0x1824, 0x2065, 0x1022, 0x1043, 0xB4DB, 0x526E, 0x0000, 0x18C3, 0x31A6, 0x31A7, 0x39A6,   // 0x77A0 (30624) pixels
0x31A6, 0x2945, 0x18C3, 0x0861, 0x0000, 0x0000, 0x0000, 0x0000, 0x0000, 0x0000, 0x0000, 0x0000, 0x0000, 0x0000, 0x0000, 0x0000,   // 0x77B0 (30640) pixels
0x0000, 0x0000, 0x0000, 0x0000, 0x0000, 0x0000, 0x0000, 0x0000, 0x0000, 0x0000, 0x0000, 0x0000, 0x0000, 0x0000, 0x0000, 0x0000,   // 0x77C0 (30656) pixels
0x0000, 0x0000, 0x0000, 0x0000, 0x0000, 0x0000, 0x0000, 0x0000, 0x0000, 0x0000, 0x0000, 0x0000, 0x0000, 0x0000, 0x0000, 0x0000,   // 0x77D0 (30672) pixels
0x0000, 0x0000, 0x0000, 0x0000, 0x0000, 0x0000, 0x0000, 0x0000, 0x0000, 0x0000, 0x0000, 0x0000, 0x0000, 0x0000, 0x0000, 0x0000,   // 0x77E0 (30688) pixels
0x0000, 0x0000, 0x0000, 0x0000, 0x0000, 0x0000, 0x0000, 0x0000, 0x0000, 0x0000, 0x0000, 0x0000, 0x0000, 0x0000, 0x0000, 0x0000,   // 0x77F0 (30704) pixels
0x0000, 0x0000, 0x0000, 0x0000, 0x0000, 0x0000, 0x0000, 0x0000, 0x0000, 0x0000, 0x0000, 0x0000, 0x0000, 0x0000, 0x0000, 0x0000,   // 0x7800 (30720) pixels
0x0000, 0x0000, 0x0000, 0x0000, 0x0000, 0x0000, 0x0000, 0x0000, 0x0000, 0x0000, 0x0000, 0x0000, 0x0000, 0x0000, 0x0000, 0x0000,   // 0x7810 (30736) pixels
0x0000, 0x0000, 0x0000, 0x0000, 0x0000, 0x0000, 0x0000, 0x0000, 0x0000, 0x0000, 0x0000, 0x0000, 0x0000, 0x0000, 0x0000, 0x0000,   // 0x7820 (30752) pixels
0x0000, 0x0000, 0x0000, 0x0000, 0x0000, 0x0000, 0x0000, 0x0000, 0x0000, 0x0000, 0x0000, 0x0000, 0x0000, 0x0000, 0x0000, 0x0000,   // 0x7830 (30768) pixels
0x0000, 0x0000, 0x0000, 0x0000, 0x0000, 0x0000, 0x0000, 0x0000, 0x0000, 0x0000, 0x0000, 0x0000, 0x0000, 0x0000, 0x0000, 0x0000,   // 0x7840 (30784) pixels
0x0000, 0x0000, 0x0000, 0x0000, 0x0000, 0x0000, 0x0000, 0x0000, 0x0000, 0x0000, 0x0000, 0x0000, 0x0000, 0x0000, 0x0000, 0x0000,   // 0x7850 (30800) pixels
0x0000, 0x0000, 0x0000, 0x0000, 0x0000, 0x0000, 0x0000, 0x0000, 0x0000, 0x0000, 0x0000, 0x0000, 0x0000, 0x0000, 0x0000, 0x0000,   // 0x7860 (30816) pixels
0x0000, 0x20E5, 0xD59E, 0x59EC, 0x1002, 0x2044, 0x1824, 0x2044, 0xBCBC, 0x7331, 0x0000, 0x0000, 0x0000, 0x0000, 0x0000, 0x0000,   // 0x7870 (30832) pixels
0x0000, 0x0000, 0x0000, 0x0000, 0x0000, 0x0000, 0x0000, 0x0000, 0x0000, 0x0000, 0x0000, 0x0000, 0x0000, 0x0000, 0x0000, 0x0000,   // 0x7880 (30848) pixels
0x0000, 0x0000, 0x9C38, 0xA3F7, 0x1824, 0x2885, 0x2065, 0x1002, 0x72B1, 0xAC7B, 0x0001, 0x0000, 0x0000, 0x0000, 0x0000, 0x0000,   // 0x7890 (30864) pixels
0x0000, 0x0000, 0x0000, 0x0000, 0x0000, 0x0000, 0x0020, 0x0000, 0x0000, 0x0000, 0x0000, 0x0000, 0x0000, 0x0000, 0x0000, 0x0000,   // 0x78A0 (30880) pixels
0x0000, 0x0000, 0x0000, 0x0000, 0x0000, 0x0000, 0x0000, 0x0000, 0x0000, 0x0000, 0x0000, 0x0000, 0x0000, 0x0000, 0x0000, 0x0000,   // 0x78B0 (30896) pixels
0x0000, 0x0000, 0x0000, 0x0000, 0x0000, 0x0000, 0x0000, 0x0000, 0x0000, 0x0000, 0x0000, 0x0000, 0x0000, 0x0000, 0x0000, 0x0000,   // 0x78C0 (30912) pixels
0x0000, 0x0000, 0x0000, 0x0000, 0x0000, 0x0000, 0x0000, 0x0000, 0x0000, 0x0000, 0x0000, 0x0000, 0x0000, 0x0000, 0x0000, 0x0000,   // 0x78D0 (30928) pixels
0x0000, 0x0000, 0x0000, 0x0000, 0x0000, 0x0000, 0x0000, 0x0000, 0x0000, 0x0000, 0x0000, 0x0000, 0x0000, 0x0000, 0x0000, 0x0000,   // 0x78E0 (30944) pixels
0x0000, 0x0000, 0x0000, 0x0000, 0x0000, 0x0000, 0x0000, 0x0000, 0x0000, 0x0000, 0x0000, 0x0000, 0x0000, 0x0000, 0x0000, 0x0000,   // 0x78F0 (30960) pixels
0x0000, 0x0000, 0x0000, 0x0000, 0x0000, 0x0000, 0x0000, 0x0000, 0x0000, 0x0000, 0x0000, 0x0000, 0x0000, 0x0000, 0x0000, 0x0000,   // 0x7900 (30976) pixels
0x0000, 0x0000, 0x0000, 0x0000, 0x0000, 0x0000, 0x0000, 0x0000, 0x0000, 0x0000, 0x0000, 0x0000, 0x0000, 0x0000, 0x0000, 0x0000,   // 0x7910 (30992) pixels
0x0000, 0x0000, 0x0000, 0x0000, 0x0000, 0x0000, 0x0000, 0x0000, 0x0000, 0x0000, 0x0000, 0x0000, 0x0000, 0x0000, 0x0000, 0x0000,   // 0x7920 (31008) pixels
0x0000, 0x0000, 0x0000, 0x0000, 0x0000, 0x0000, 0x0000, 0x0000, 0x0000, 0x0000, 0x0000, 0x0000, 0x0000, 0x0000, 0x0000, 0x0000,   // 0x7930 (31024) pixels
0x0000, 0x0000, 0x0000, 0x0000, 0x0000, 0x0000, 0x0000, 0x0000, 0x0000, 0x0000, 0x0000, 0x0000, 0x0000, 0x0000, 0x0000, 0x0000,   // 0x7940 (31040) pixels
0x0000, 0x0000, 0x0000, 0x0000, 0x0000, 0x0000, 0x0000, 0x0000, 0x0000, 0x0000, 0x0000, 0x0000, 0x0000, 0x0000, 0x0000, 0x0000,   // 0x7950 (31056) pixels
0x0020, 0x0000, 0x7B52, 0xB47A, 0x1003, 0x1843, 0x2064, 0x1002, 0x6A2F, 0xC4FC, 0x0862, 0x0000, 0x0000, 0x0000, 0x0000, 0x0000,   // 0x7960 (31072) pixels
0x0000, 0x0000, 0x0000, 0x0000, 0x0000, 0x0000, 0x0000, 0x0000, 0x0000, 0x0000, 0x0000, 0x0000, 0x0000, 0x0000, 0x0000, 0x0000,   // 0x7970 (31088) pixels
0x0000, 0x20E5, 0xCD1D, 0x4129, 0x2024, 0x2065, 0x2044, 0x30A7, 0xCCFE, 0x4A0C, 0x0000, 0x0000, 0x0000, 0x0000, 0x0000, 0x0000,   // 0x7980 (31104) pixels
0x0000, 0x0000, 0x0000, 0x0000, 0x0000, 0x0000, 0x0000, 0x0000, 0x0000, 0x0000, 0x0000, 0x0000, 0x0000, 0x0000, 0x0000, 0x0000,   // 0x7990 (31120) pixels
0x0000, 0x0000, 0x0000, 0x0000, 0x0000, 0x0000, 0x0000, 0x0000, 0x0000, 0x0000, 0x0000, 0x0000, 0x0000, 0x0000, 0x0000, 0x0000,   // 0x79A0 (31136) pixels
0x0000, 0x0000, 0x0000, 0x0000, 0x0000, 0x0000, 0x0000, 0x0000, 0x0000, 0x0000, 0x0000, 0x0000, 0x0000, 0x0000, 0x0000, 0x0000,   // 0x79B0 (31152) pixels
0x0000, 0x0000, 0x0000, 0x0000, 0x0000, 0x0000, 0x0000, 0x0000, 0x0000, 0x0000, 0x0000, 0x0000, 0x0000, 0x0000, 0x0000, 0x0000,   // 0x79C0 (31168) pixels
0x0000, 0x0000, 0x0000, 0x0000, 0x0000, 0x0000, 0x0000, 0x0000, 0x0000, 0x0000, 0x0000, 0x0000, 0x0000, 0x0000, 0x0000, 0x0000,   // 0x79D0 (31184) pixels
0x0000, 0x0000, 0x0000, 0x0000, 0x0000, 0x0000, 0x0000, 0x0000, 0x0000, 0x0000, 0x0000, 0x0000, 0x0000, 0x0000, 0x0000, 0x0000,   // 0x79E0 (31200) pixels
0x0000, 0x0000, 0x0000, 0x0000, 0x0000, 0x0000, 0x0000, 0x0000, 0x0000, 0x0000, 0x0000, 0x0000, 0x0000, 0x0000, 0x0000, 0x0000,   // 0x79F0 (31216) pixels
0x0000, 0x0000, 0x0000, 0x0000, 0x0000, 0x0000, 0x0000, 0x0000, 0x0000, 0x0000, 0x0000, 0x0000, 0x0000, 0x0000, 0x0000, 0x0000,   // 0x7A00 (31232) pixels
0x0000, 0x0000, 0x0000, 0x0000, 0x0000, 0x0000, 0x0000, 0x0000, 0x0000, 0x0000, 0x0000, 0x0000, 0x0000, 0x0000, 0x0000, 0x0000,   // 0x7A10 (31248) pixels
0x0000, 0x0000, 0x0000, 0x0000, 0x0000, 0x0000, 0x0000, 0x0000, 0x0000, 0x0000, 0x0000, 0x0000, 0x0000, 0x0000, 0x0000, 0x0000,   // 0x7A20 (31264) pixels
0x0000, 0x0000, 0x0000, 0x0000, 0x0000, 0x0000, 0x0000, 0x0000, 0x0000, 0x0000, 0x0000, 0x0000, 0x0000, 0x0000, 0x0000, 0x0000,   // 0x7A30 (31280) pixels
0x0000, 0x0000, 0x0000, 0x0000, 0x0000, 0x0000, 0x0000, 0x0000, 0x0000, 0x0000, 0x0000, 0x0000, 0x0000, 0x0000, 0x0000, 0x0000,   // 0x7A40 (31296) pixels
0x0000, 0x0000, 0x1883, 0xCCFD, 0x59ED, 0x0802, 0x2885, 0x1823, 0x38C8, 0xD53D, 0x2905, 0x0000, 0x0000, 0x0000, 0x0000, 0x0000,   // 0x7A50 (31312) pixels
0x0000, 0x0000, 0x0000, 0x0000, 0x0000, 0x0000, 0x0000, 0x0000, 0x0000, 0x0000, 0x0000, 0x0000, 0x0000, 0x0000, 0x0000, 0x0000,   // 0x7A60 (31328) pixels
0x0000, 0x2926, 0xCCDD, 0x3086, 0x1002, 0x2865, 0x1802, 0x9355, 0xBC9A, 0x0000, 0x0000, 0x0000, 0x0000, 0x0000, 0x0000, 0x0000,   // 0x7A70 (31344) pixels
0x0000, 0x0000, 0x0000, 0x0000, 0x0000, 0x0000, 0x0000, 0x0000, 0x0000, 0x0000, 0x0000, 0x0000, 0x0000, 0x0000, 0x0000, 0x0000,   // 0x7A80 (31360) pixels
0x0000, 0x0000, 0x0000, 0x0000, 0x0000, 0x0000, 0x0000, 0x0000, 0x0000, 0x0000, 0x0000, 0x0000, 0x0000, 0x0000, 0x0000, 0x0000,   // 0x7A90 (31376) pixels
0x0000, 0x0000, 0x0000, 0x0000, 0x0000, 0x0000, 0x0000, 0x0000, 0x0000, 0x0000, 0x0000, 0x0000, 0x0000, 0x0000, 0x0000, 0x0000,   // 0x7AA0 (31392) pixels
0x0000, 0x0000, 0x0000, 0x0000, 0x0000, 0x0000, 0x0000, 0x0000, 0x0000, 0x0000, 0x0000, 0x0000, 0x0000, 0x0000, 0x0000, 0x0000,   // 0x7AB0 (31408) pixels
0x0000, 0x0000, 0x0000, 0x0000, 0x0000, 0x0000, 0x0000, 0x0000, 0x0000, 0x0000, 0x0000, 0x0000, 0x0000, 0x0000, 0x0000, 0x0000,   // 0x7AC0 (31424) pixels
0x0000, 0x0000, 0x0000, 0x0000, 0x0000, 0x0000, 0x0000, 0x0000, 0x0000, 0x0000, 0x0000, 0x0000, 0x0000, 0x0000, 0x0000, 0x0000,   // 0x7AD0 (31440) pixels
0x0000, 0x0000, 0x0000, 0x0000, 0x0000, 0x0000, 0x0000, 0x0000, 0x0000, 0x0000, 0x0000, 0x0000, 0x0000, 0x0000, 0x0000, 0x0000,   // 0x7AE0 (31456) pixels
0x0000, 0x0000, 0x0000, 0x0000, 0x0000, 0x0000, 0x0000, 0x0000, 0x0000, 0x0000, 0x0000, 0x0000, 0x0000, 0x0000, 0x0000, 0x0000,   // 0x7AF0 (31472) pixels
0x0000, 0x0000, 0x0000, 0x0000, 0x0000, 0x0000, 0x0000, 0x0000, 0x0000, 0x0000, 0x0000, 0x0000, 0x0000, 0x0000, 0x0000, 0x0000,   // 0x7B00 (31488) pixels
0x0000, 0x0000, 0x0000, 0x0000, 0x0000, 0x0000, 0x0000, 0x0000, 0x0000, 0x0000, 0x0000, 0x0000, 0x0000, 0x0000, 0x0000, 0x0000,   // 0x7B10 (31504) pixels
0x0000, 0x0000, 0x0000, 0x0000, 0x0000, 0x0000, 0x0000, 0x0000, 0x0000, 0x0000, 0x0000, 0x0000, 0x0000, 0x0000, 0x0000, 0x0000,   // 0x7B20 (31520) pixels
0x0000, 0x0000, 0x0000, 0x0000, 0x0000, 0x0000, 0x0000, 0x0000, 0x0000, 0x0000, 0x0000, 0x0000, 0x0000, 0x0000, 0x0000, 0x0000,   // 0x7B30 (31536) pixels
0x0000, 0x0000, 0x0000, 0x6ACF, 0xCCBC, 0x3086, 0x1803, 0x1824, 0x9B96, 0xBCBA, 0x0821, 0x0000, 0x0000, 0x0000, 0x0000, 0x0000,   // 0x7B40 (31552) pixels
0x0000, 0x0000, 0x0000, 0x0000, 0x0000, 0x0000, 0x0000, 0x0000, 0x0000, 0x0000, 0x0000, 0x0000, 0x0000, 0x0000, 0x0000, 0x0000,   // 0x7B50 (31568) pixels
0x0000, 0x0000, 0xA438, 0xAB98, 0x2865, 0x1002, 0x516B, 0xDD7F, 0x51CB, 0x0000, 0x0000, 0x0000, 0x0000, 0x0000, 0x0000, 0x0000,   // 0x7B60 (31584) pixels
0x0000, 0x0000, 0x0000, 0x0000, 0x0000, 0x0000, 0x0000, 0x0000, 0x0000, 0x0000, 0x0000, 0x0000, 0x0000, 0x0000, 0x0000, 0x0000,   // 0x7B70 (31600) pixels
0x0000, 0x0000, 0x0000, 0x0000, 0x0000, 0x0000, 0x0000, 0x0000, 0x0000, 0x0000, 0x0000, 0x0000, 0x0000, 0x0000, 0x0000, 0x0000,   // 0x7B80 (31616) pixels
0x0000, 0x0000, 0x0000, 0x0000, 0x0000, 0x0000, 0x0000, 0x0000, 0x0000, 0x0000, 0x0000, 0x0000, 0x0000, 0x0000, 0x0000, 0x0000,   // 0x7B90 (31632) pixels
0x0000, 0x0000, 0x0000, 0x0000, 0x0000, 0x0000, 0x0000, 0x0000, 0x0000, 0x0000, 0x0000, 0x0000, 0x0000, 0x0000, 0x0000, 0x0000,   // 0x7BA0 (31648) pixels
0x0000, 0x0000, 0x0000, 0x0000, 0x0000, 0x0000, 0x0000, 0x0000, 0x0000, 0x0000, 0x0000, 0x0000, 0x0000, 0x0000, 0x0000, 0x0000,   // 0x7BB0 (31664) pixels
0x0000, 0x0000, 0x0000, 0x0000, 0x0000, 0x0000, 0x0000, 0x0000, 0x0000, 0x0000, 0x0000, 0x0000, 0x0000, 0x0000, 0x0000, 0x0000,   // 0x7BC0 (31680) pixels
0x0000, 0x0000, 0x0000, 0x0000, 0x0000, 0x0000, 0x0000, 0x0000, 0x0000, 0x0000, 0x0000, 0x0000, 0x0000, 0x0000, 0x0000, 0x0000,   // 0x7BD0 (31696) pixels
0x0000, 0x0000, 0x0000, 0x0000, 0x0000, 0x0000, 0x0000, 0x0000, 0x0000, 0x0000, 0x0000, 0x0000, 0x0000, 0x0000, 0x0000, 0x0000,   // 0x7BE0 (31712) pixels
0x0000, 0x0000, 0x0000, 0x0000, 0x0000, 0x0000, 0x0000, 0x0000, 0x0000, 0x0000, 0x0000, 0x0000, 0x0000, 0x0000, 0x0000, 0x0000,   // 0x7BF0 (31728) pixels
0x0000, 0x0000, 0x0000, 0x0000, 0x0000, 0x0000, 0x0000, 0x0000, 0x0000, 0x0000, 0x0000, 0x0000, 0x0000, 0x0000, 0x0000, 0x0000,   // 0x7C00 (31744) pixels
0x0000, 0x0000, 0x0000, 0x0000, 0x0000, 0x0000, 0x0000, 0x0000, 0x0000, 0x0000, 0x0000, 0x0000, 0x0000, 0x0000, 0x0000, 0x0000,   // 0x7C10 (31760) pixels
0x0000, 0x0000, 0x0000, 0x0000, 0x0000, 0x0000, 0x0000, 0x0000, 0x0000, 0x0000, 0x0000, 0x0000, 0x0000, 0x0000, 0x0000, 0x0000,   // 0x7C20 (31776) pixels
0x0000, 0x0000, 0x0000, 0x0841, 0xAC79, 0xCCBD, 0x9355, 0xBC3A, 0xD55E, 0x39A8, 0x0000, 0x0000, 0x0000, 0x0000, 0x0000, 0x0000,   // 0x7C30 (31792) pixels
0x0000, 0x0000, 0x0000, 0x0000, 0x0000, 0x0000, 0x0000, 0x0000, 0x0000, 0x0000, 0x0000, 0x0000, 0x0000, 0x0000, 0x0000, 0x0000,   // 0x7C40 (31808) pixels
0x0000, 0x0000, 0x20C4, 0xB45A, 0xCC7D, 0xAB98, 0xD4DE, 0x8353, 0x0821, 0x0020, 0x0000, 0x0000, 0x0000, 0x0000, 0x0000, 0x0000,   // 0x7C50 (31824) pixels
0x0000, 0x0000, 0x0000, 0x0000, 0x0000, 0x0000, 0x0000, 0x0000, 0x0000, 0x0000, 0x0000, 0x0000, 0x0000, 0x0000, 0x0000, 0x0000,   // 0x7C60 (31840) pixels
0x0000, 0x0000, 0x0000, 0x0000, 0x0000, 0x0000, 0x0000, 0x0000, 0x0000, 0x0000, 0x0000, 0x0000, 0x0000, 0x0000, 0x0000, 0x0000,   // 0x7C70 (31856) pixels
0x0000, 0x0000, 0x0000, 0x0000, 0x0000, 0x0000, 0x0000, 0x0000, 0x0000, 0x0000, 0x0000, 0x0000, 0x0000, 0x0000, 0x0000, 0x0000,   // 0x7C80 (31872) pixels
0x0000, 0x0000, 0x0000, 0x0000, 0x0000, 0x0000, 0x0000, 0x0000, 0x0000, 0x0000, 0x0000, 0x0000, 0x0000, 0x0000, 0x0000, 0x0000,   // 0x7C90 (31888) pixels
0x0000, 0x0000, 0x0000, 0x0000, 0x0000, 0x0000, 0x0000, 0x0000, 0x0000, 0x0000, 0x0000, 0x0000, 0x0000, 0x0000, 0x0000, 0x0000,   // 0x7CA0 (31904) pixels
0x0000, 0x0000, 0x0000, 0x0000, 0x0000, 0x0000, 0x0000, 0x0000, 0x0000, 0x0000, 0x0000, 0x0000, 0x0000, 0x0000, 0x0000, 0x0000,   // 0x7CB0 (31920) pixels
0x0000, 0x0000, 0x0000, 0x0000, 0x0000, 0x0000, 0x0000, 0x0000, 0x0000, 0x0000, 0x0000, 0x0000, 0x0000, 0x0000, 0x0000, 0x0000,   // 0x7CC0 (31936) pixels
0x0000, 0x0000, 0x0000, 0x0000, 0x0000, 0x0000, 0x0000, 0x0000, 0x0000, 0x0000, 0x0000, 0x0000, 0x0000, 0x0000, 0x0000, 0x0000,   // 0x7CD0 (31952) pixels
0x0000, 0x0000, 0x0000, 0x0000, 0x0000, 0x0000, 0x0000, 0x0000, 0x0000, 0x0000, 0x0000, 0x0000, 0x0000, 0x0000, 0x0000, 0x0000,   // 0x7CE0 (31968) pixels
0x0000, 0x0000, 0x0000, 0x0000, 0x0000, 0x0000, 0x0000, 0x0000, 0x0000, 0x0000, 0x0000, 0x0000, 0x0000, 0x0000, 0x0000, 0x0000,   // 0x7CF0 (31984) pixels
0x0000, 0x0000, 0x0000, 0x0000, 0x0000, 0x0000, 0x0000, 0x0000, 0x0000, 0x0000, 0x0000, 0x0000, 0x0000, 0x0000, 0x0000, 0x0000,   // 0x7D00 (32000) pixels
0x0000, 0x0000, 0x0000, 0x0000, 0x0000, 0x0000, 0x0000, 0x0000, 0x0000, 0x0000, 0x0000, 0x0000, 0x0000, 0x0000, 0x0000, 0x0000,   // 0x7D10 (32016) pixels
0x0000, 0x0000, 0x0000, 0x0000, 0x1863, 0x72D0, 0x9375, 0x72B0, 0x20C5, 0x0000, 0x0020, 0x0000, 0x0000, 0x0000, 0x0000, 0x0000,   // 0x7D20 (32032) pixels
0x0000, 0x0000, 0x0000, 0x0000, 0x0000, 0x0000, 0x0000, 0x0000, 0x0000, 0x0000, 0x0000, 0x0000, 0x0000, 0x0000, 0x0000, 0x0000,   // 0x7D30 (32048) pixels
0x0000, 0x0000, 0x0000, 0x0021, 0x49AB, 0x7290, 0x498A, 0x0000, 0x0000, 0x0000, 0x0000, 0x0000, 0x0000, 0x0000, 0x0000, 0x0000,   // 0x7D40 (32064) pixels
0x0000, 0x0000, 0x0000, 0x0000, 0x0000, 0x0000, 0x0000, 0x0000, 0x0000, 0x0000, 0x0000, 0x0000, 0x0000, 0x0000, 0x0000, 0x0000,   // 0x7D50 (32080) pixels
0x0000, 0x0000, 0x0000, 0x0000, 0x0000, 0x0000, 0x0000, 0x0000, 0x0000, 0x0000, 0x0000, 0x0000, 0x0000, 0x0000, 0x0000, 0x0000,   // 0x7D60 (32096) pixels
0x0000, 0x0000, 0x0000, 0x0000, 0x0000, 0x0000, 0x0000, 0x0000, 0x0000, 0x0000, 0x0000, 0x0000, 0x0000, 0x0000, 0x0000, 0x0000,   // 0x7D70 (32112) pixels
0x0000, 0x0000, 0x0000, 0x0000, 0x0000, 0x0000, 0x0000, 0x0000, 0x0000, 0x0000, 0x0000, 0x0000, 0x0000, 0x0000, 0x0000, 0x0000,   // 0x7D80 (32128) pixels
0x0000, 0x0000, 0x0000, 0x0000, 0x0000, 0x0000, 0x0000, 0x0000, 0x0000, 0x0000, 0x0000, 0x0000, 0x0000, 0x0000, 0x0000, 0x0000,   // 0x7D90 (32144) pixels
0x0000, 0x0000, 0x0000, 0x0000, 0x0000, 0x0000, 0x0000, 0x0000, 0x0000, 0x0000, 0x0000, 0x0000, 0x0000, 0x0000, 0x0000, 0x0000,   // 0x7DA0 (32160) pixels
0x0000, 0x0000, 0x0000, 0x0000, 0x0000, 0x0000, 0x0000, 0x0000, 0x0000, 0x0000, 0x0000, 0x0000, 0x0000, 0x0000, 0x0000, 0x0000,   // 0x7DB0 (32176) pixels
0x0000, 0x0000, 0x0000, 0x0000, 0x0000, 0x0000, 0x0000, 0x0000, 0x0000, 0x0000, 0x0000, 0x0000, 0x0000, 0x0000, 0x0000, 0x0000,   // 0x7DC0 (32192) pixels
0x0000, 0x0000, 0x0000, 0x0000, 0x0000, 0x0000, 0x0000, 0x0000, 0x0000, 0x0000, 0x0000, 0x0000, 0x0000, 0x0000, 0x0000, 0x0000,   // 0x7DD0 (32208) pixels
0x0000, 0x0000, 0x0000, 0x0000, 0x0000, 0x0000, 0x0000, 0x0000, 0x0000, 0x0000, 0x0000, 0x0000, 0x0000, 0x0000, 0x0000, 0x0000,   // 0x7DE0 (32224) pixels
0x0000, 0x0000, 0x0000, 0x0000, 0x0000, 0x0000, 0x0000, 0x0000, 0x0000, 0x0000, 0x0000, 0x0000, 0x0000, 0x0000, 0x0000, 0x0000,   // 0x7DF0 (32240) pixels
0x0000, 0x0000, 0x0000, 0x0000, 0x0000, 0x0000, 0x0000, 0x0000, 0x0000, 0x0000, 0x0000, 0x0000, 0x0000, 0x0000, 0x0000, 0x0000,   // 0x7E00 (32256) pixels
0x0000, 0x0000, 0x0000, 0x0000, 0x0000, 0x0000, 0x0000, 0x0000, 0x0000, 0x0020, 0x0000, 0x0000, 0x0000, 0x0000, 0x0000, 0x0000,   // 0x7E10 (32272) pixels
0x0000, 0x0000, 0x0000, 0x0000, 0x0000, 0x0000, 0x0000, 0x0000, 0x0000, 0x0000, 0x0000, 0x0000, 0x0000, 0x0000, 0x0000, 0x0000,   // 0x7E20 (32288) pixels
0x0000, 0x0000, 0x0000, 0x0000, 0x0000, 0x0000, 0x0000, 0x0000, 0x0000, 0x0000, 0x0000, 0x0000, 0x0000, 0x0000, 0x0000, 0x0000,   // 0x7E30 (32304) pixels
0x0000, 0x0000, 0x0000, 0x0000, 0x0000, 0x0000, 0x0000, 0x0000, 0x0000, 0x0000, 0x0000, 0x0000, 0x0000, 0x0000, 0x0000, 0x0000,   // 0x7E40 (32320) pixels
0x0000, 0x0000, 0x0000, 0x0000, 0x0000, 0x0000, 0x0000, 0x0000, 0x0000, 0x0000, 0x0000, 0x0000, 0x0000, 0x0000, 0x0000, 0x0000,   // 0x7E50 (32336) pixels
0x0000, 0x0000, 0x0000, 0x0000, 0x0000, 0x0000, 0x0000, 0x0000, 0x0000, 0x0000, 0x0000, 0x0000, 0x0000, 0x0000, 0x0000, 0x0000,   // 0x7E60 (32352) pixels
0x0000, 0x0000, 0x0000, 0x0000, 0x0000, 0x0000, 0x0000, 0x0000, 0x0000, 0x0000, 0x0000, 0x0000, 0x0000, 0x0000, 0x0000, 0x0000,   // 0x7E70 (32368) pixels
0x0000, 0x0000, 0x0000, 0x0000, 0x0000, 0x0000, 0x0000, 0x0000, 0x0000, 0x0000, 0x0000, 0x0000, 0x0000, 0x0000, 0x0000, 0x0000,   // 0x7E80 (32384) pixels
0x0000, 0x0000, 0x0000, 0x0000, 0x0000, 0x0000, 0x0000, 0x0000, 0x0000, 0x0000, 0x0000, 0x0000, 0x0000, 0x0000, 0x0000, 0x0000,   // 0x7E90 (32400) pixels
};
