#ifndef BUTTONS_H
#define BUTTONS_H

#include <Arduino.h>
#include <pgmspace.h>

// Standard Button Dimensions (UPDATED)
const int btnW = 54;
const int btnH = 35; // New Height

// =========================================================
// STATIC BUTTONS (Always the same)
// =========================================================

// 1. PREV BUTTON (54x35)
const unsigned short btnPrev[btnW * btnH] PROGMEM = {
0x2124, 0x2144, 0x2944, 0x2144, 0x2144, 0x2124, 0x2923, 0x2103, 0x2903, 0x2103, 0x2103, 0x2123, 0x2103, 0x2103, 0x2103, 0x2103,   // 0x0010 (16) pixels
0x2103, 0x2903, 0x2103, 0x2103, 0x2103, 0x2123, 0x2123, 0x2924, 0x2903, 0x2103, 0x2123, 0x2123, 0x2123, 0x2123, 0x2123, 0x2943,   // 0x0020 (32) pixels
0x2123, 0x2123, 0x2123, 0x2123, 0x2123, 0x2123, 0x2943, 0x2123, 0x2123, 0x2143, 0x2143, 0x2124, 0x2103, 0x2123, 0x2123, 0x2123,   // 0x0030 (48) pixels
0x2123, 0x2964, 0x2964, 0x2944, 0x2964, 0x2124, 0x2124, 0x2124, 0x2144, 0x2944, 0x2103, 0x2185, 0x2208, 0x2207, 0x2208, 0x21E7,   // 0x0040 (64) pixels
0x2208, 0x21E8, 0x21E7, 0x2208, 0x21E8, 0x21E7, 0x21E7, 0x29E8, 0x21E8, 0x29E8, 0x29E8, 0x29E8, 0x29E8, 0x29C8, 0x29E8, 0x29C8,   // 0x0050 (80) pixels
0x29C8, 0x31C8, 0x29C8, 0x29C7, 0x29C7, 0x29A7, 0x29A7, 0x29A7, 0x31C8, 0x29A7, 0x31A8, 0x31A8, 0x31A8, 0x3187, 0x3187, 0x3187,   // 0x0060 (96) pixels
0x3187, 0x3187, 0x3187, 0x3187, 0x3187, 0x31A7, 0x3187, 0x2144, 0x2944, 0x2964, 0x2944, 0x2944, 0x2124, 0x2144, 0x2123, 0x1944,   // 0x0070 (112) pixels
0x23CF, 0x2619, 0x269C, 0x2EBC, 0x2E9B, 0x2E9B, 0x367B, 0x365B, 0x363B, 0x3E3B, 0x3E1B, 0x3DFB, 0x45DA, 0x45DB, 0x45DA, 0x4D9A,   // 0x0080 (128) pixels
0x4D9A, 0x557A, 0x555A, 0x553A, 0x5D3A, 0x5D19, 0x5CF9, 0x5CF9, 0x64D9, 0x64B9, 0x64B9, 0x6499, 0x6C79, 0x6C59, 0x6C39, 0x7439,   // 0x0090 (144) pixels
0x7419, 0x73F9, 0x73F9, 0x73D9, 0x7BB8, 0x7B98, 0x7B98, 0x7B98, 0x8379, 0x8379, 0x8B79, 0x8B7A, 0x8B58, 0x6AB2, 0x3187, 0x1944,   // 0x00A0 (160) pixels
0x2944, 0x2944, 0x2144, 0x2124, 0x1924, 0x1CD3, 0x1F1D, 0x1D97, 0x2431, 0x2410, 0x2410, 0x2BF0, 0x23F0, 0x23D0, 0x2BB0, 0x2BAF,   // 0x00B0 (176) pixels
0x2B8F, 0x2B8F, 0x2B6F, 0x336F, 0x336F, 0x336F, 0x334F, 0x334F, 0x332F, 0x3B2F, 0x3B2F, 0x3B0F, 0x3B0F, 0x430F, 0x430F, 0x42EF,   // 0x00C0 (192) pixels
0x42CF, 0x42CE, 0x42CF, 0x42AF, 0x42AE, 0x4A8F, 0x4A8F, 0x4A8E, 0x4A6F, 0x526E, 0x4A6E, 0x526F, 0x526F, 0x5A6F, 0x5A70, 0x5A6F,   // 0x00D0 (208) pixels
0x5A70, 0x5A6F, 0x6271, 0x8318, 0x7AD6, 0x3168, 0x2124, 0x2944, 0x2144, 0x20E3, 0x1B4D, 0x1F1D, 0x1C10, 0x2123, 0x2103, 0x2123,   // 0x00E0 (224) pixels
0x2924, 0x2944, 0x2123, 0x2123, 0x2123, 0x2103, 0x2123, 0x2103, 0x2103, 0x2103, 0x2103, 0x20E3, 0x20E3, 0x2103, 0x2103, 0x2123,   // 0x00F0 (240) pixels
0x2923, 0x2923, 0x2123, 0x2124, 0x2123, 0x2923, 0x2123, 0x2123, 0x2123, 0x2123, 0x2103, 0x2103, 0x1903, 0x2103, 0x2103, 0x2123,   // 0x0100 (256) pixels
0x2123, 0x2944, 0x2944, 0x2144, 0x2144, 0x2144, 0x2143, 0x2143, 0x1903, 0x3168, 0x82F7, 0x6A93, 0x2124, 0x2944, 0x2144, 0x2124,   // 0x0110 (272) pixels
0x1DB7, 0x1DD8, 0x2144, 0x2923, 0x2965, 0x2965, 0x2985, 0x3185, 0x3185, 0x2985, 0x2965, 0x2965, 0x2985, 0x2964, 0x2964, 0x2964,   // 0x0120 (288) pixels
0x2964, 0x2964, 0x2944, 0x2944, 0x2964, 0x2964, 0x2985, 0x2965, 0x2965, 0x2965, 0x2964, 0x2965, 0x2985, 0x2985, 0x2965, 0x2945,   // 0x0130 (304) pixels
0x2945, 0x2944, 0x2944, 0x2944, 0x2944, 0x2965, 0x2985, 0x2985, 0x3185, 0x3185, 0x3185, 0x2985, 0x2965, 0x2964, 0x2965, 0x1902,   // 0x0140 (320) pixels
0x522E, 0x8B39, 0x3187, 0x2143, 0x2924, 0x21C6, 0x1E5A, 0x1C72, 0x2903, 0x3164, 0x2964, 0x2965, 0x2985, 0x2985, 0x3185, 0x2985,   // 0x0150 (336) pixels
0x2964, 0x2944, 0x2944, 0x2964, 0x2965, 0x2964, 0x2123, 0x2103, 0x2123, 0x2964, 0x2964, 0x2964, 0x2965, 0x2965, 0x2964, 0x2965,   // 0x0160 (352) pixels
0x2964, 0x2964, 0x2965, 0x2964, 0x2945, 0x2944, 0x2965, 0x2944, 0x2944, 0x2144, 0x2964, 0x2965, 0x2985, 0x2985, 0x2985, 0x3185,   // 0x0170 (368) pixels
0x3185, 0x2985, 0x2985, 0x2965, 0x2965, 0x2943, 0x41CB, 0x8B39, 0x41AA, 0x2123, 0x2924, 0x21C6, 0x1E7A, 0x1C31, 0x2903, 0x3164,   // 0x0180 (384) pixels
0x2965, 0x2965, 0x2965, 0x2985, 0x2985, 0x2965, 0x2964, 0x2964, 0x2944, 0x2964, 0x2964, 0x21E7, 0x2B4D, 0x2B2D, 0x2A29, 0x2124,   // 0x0190 (400) pixels
0x2944, 0x2144, 0x2944, 0x2964, 0x2964, 0x2964, 0x2965, 0x2964, 0x2965, 0x2964, 0x2944, 0x2964, 0x2123, 0x2965, 0x2945, 0x2944,   // 0x01A0 (416) pixels
0x2964, 0x2964, 0x2965, 0x2965, 0x2965, 0x2965, 0x2985, 0x2985, 0x2985, 0x3185, 0x2985, 0x2963, 0x41CB, 0x8B3A, 0x41AA, 0x2123,   // 0x01B0 (432) pixels
0x2944, 0x21C6, 0x167B, 0x1431, 0x2903, 0x3164, 0x2965, 0x2965, 0x2965, 0x2965, 0x2965, 0x2965, 0x2964, 0x2944, 0x2944, 0x2964,   // 0x01C0 (448) pixels
0x2903, 0x23D0, 0x36BC, 0x3E5C, 0x3CF6, 0x2944, 0x2944, 0x2944, 0x2944, 0x2944, 0x2944, 0x2965, 0x2944, 0x2965, 0x2965, 0x2965,   // 0x01D0 (464) pixels
0x2964, 0x2943, 0x39C9, 0x7B36, 0x526F, 0x2123, 0x2964, 0x2945, 0x2965, 0x2965, 0x2964, 0x2964, 0x2965, 0x2964, 0x2965, 0x2965,   // 0x01E0 (480) pixels
0x3165, 0x2964, 0x49EB, 0x931A, 0x41CA, 0x2143, 0x2924, 0x21C6, 0x169A, 0x1451, 0x3103, 0x3185, 0x2985, 0x2964, 0x2985, 0x2985,   // 0x01F0 (496) pixels
0x2985, 0x2964, 0x2964, 0x2965, 0x2944, 0x2964, 0x2903, 0x23F0, 0x2E7B, 0x361A, 0x3D17, 0x2985, 0x3164, 0x2944, 0x2944, 0x2944,   // 0x0200 (512) pixels
0x2944, 0x2944, 0x2944, 0x2964, 0x2985, 0x2964, 0x2184, 0x52AF, 0x8399, 0x8B7B, 0x6273, 0x2123, 0x2964, 0x2964, 0x2964, 0x2965,   // 0x0210 (528) pixels
0x2965, 0x2965, 0x2965, 0x2964, 0x2965, 0x2965, 0x2985, 0x2984, 0x49EB, 0x8B3A, 0x41CB, 0x2143, 0x2923, 0x21E7, 0x169B, 0x1431,   // 0x0220 (544) pixels
0x2903, 0x3184, 0x2965, 0x2965, 0x2965, 0x2965, 0x2965, 0x2964, 0x2964, 0x2965, 0x2964, 0x2944, 0x2903, 0x23F0, 0x2E7B, 0x3DFA,   // 0x0230 (560) pixels
0x3D16, 0x2965, 0x2964, 0x2944, 0x2944, 0x2944, 0x2144, 0x2944, 0x2944, 0x2144, 0x1902, 0x29C8, 0x6395, 0x841A, 0x7B78, 0x8B7A,   // 0x0240 (576) pixels
0x6293, 0x2123, 0x2964, 0x2964, 0x2964, 0x2965, 0x2965, 0x2965, 0x2985, 0x2964, 0x2965, 0x2965, 0x2985, 0x2184, 0x41EB, 0x8B3A,   // 0x0250 (592) pixels
0x41CB, 0x2143, 0x2123, 0x21C6, 0x169B, 0x1451, 0x2903, 0x3165, 0x2965, 0x2964, 0x2965, 0x2985, 0x2965, 0x2964, 0x2965, 0x2965,   // 0x0260 (608) pixels
0x2964, 0x2944, 0x2903, 0x1BF0, 0x2E7B, 0x361A, 0x3CF7, 0x2985, 0x3164, 0x2964, 0x2964, 0x2944, 0x2944, 0x2944, 0x2123, 0x18E3,   // 0x0270 (624) pixels
0x3A4C, 0x6BD8, 0x73FA, 0x7398, 0x8379, 0x8B7A, 0x6AB3, 0x2123, 0x2964, 0x2965, 0x2964, 0x2965, 0x2965, 0x2965, 0x2985, 0x2965,   // 0x0280 (640) pixels
0x2965, 0x2965, 0x3165, 0x2984, 0x41EC, 0x8B3A, 0x41CA, 0x2944, 0x2924, 0x21C6, 0x169B, 0x1451, 0x2903, 0x3165, 0x2985, 0x2965,   // 0x0290 (656) pixels
0x3185, 0x2985, 0x2965, 0x2965, 0x2965, 0x2965, 0x2944, 0x2964, 0x2903, 0x23D0, 0x2E7B, 0x361A, 0x3D17, 0x2965, 0x3164, 0x2964,   // 0x02A0 (672) pixels
0x2964, 0x2964, 0x2965, 0x2123, 0x2987, 0x4B12, 0x6C1A, 0x6BDA, 0x73B9, 0x7399, 0x7B79, 0x8B5A, 0x6A93, 0x2123, 0x2984, 0x2965,   // 0x02B0 (688) pixels
0x2944, 0x2964, 0x2965, 0x2985, 0x2985, 0x2965, 0x2965, 0x2985, 0x3165, 0x2964, 0x41EB, 0x8B19, 0x41CA, 0x2143, 0x2924, 0x21C6,   // 0x02C0 (704) pixels
0x169A, 0x1431, 0x2903, 0x3185, 0x2985, 0x2985, 0x2985, 0x2985, 0x2965, 0x2965, 0x2964, 0x2965, 0x2964, 0x2964, 0x2903, 0x23F0,   // 0x02D0 (720) pixels
0x2E7B, 0x3DFB, 0x3CF6, 0x2164, 0x2943, 0x2944, 0x2944, 0x2944, 0x2144, 0x3AAD, 0x6479, 0x6C7B, 0x6C1A, 0x6BF9, 0x73B9, 0x7B99,   // 0x02E0 (736) pixels
0x7B59, 0x8B5A, 0x6273, 0x2103, 0x2964, 0x2944, 0x2964, 0x2964, 0x2985, 0x2985, 0x2985, 0x2985, 0x2985, 0x3185, 0x3185, 0x2184,   // 0x02F0 (752) pixels
0x41EB, 0x8B19, 0x41CA, 0x2143, 0x2924, 0x21C6, 0x169B, 0x1451, 0x2903, 0x3185, 0x2985, 0x2985, 0x2985, 0x2985, 0x2965, 0x2965,   // 0x0300 (768) pixels
0x2964, 0x2965, 0x2965, 0x2964, 0x2903, 0x1BF0, 0x267B, 0x3DFA, 0x3CF6, 0x2164, 0x2944, 0x2964, 0x2123, 0x2165, 0x4371, 0x64FB,   // 0x0310 (784) pixels
0x649A, 0x6459, 0x741A, 0x73DA, 0x73B9, 0x7399, 0x8339, 0x8B5A, 0x6272, 0x2103, 0x2964, 0x2964, 0x2964, 0x2964, 0x3185, 0x2985,   // 0x0320 (800) pixels
0x2985, 0x2985, 0x2985, 0x3185, 0x2985, 0x2963, 0x41EB, 0x8B1A, 0x41CB, 0x2144, 0x2944, 0x21E7, 0x169B, 0x1431, 0x2903, 0x3165,   // 0x0330 (816) pixels
0x2965, 0x3165, 0x2985, 0x2965, 0x2965, 0x2965, 0x2964, 0x2985, 0x2964, 0x2965, 0x2903, 0x23F0, 0x267B, 0x361A, 0x34D6, 0x2164,   // 0x0340 (832) pixels
0x2944, 0x2103, 0x2208, 0x4C76, 0x551B, 0x5C9A, 0x647A, 0x645A, 0x6C1A, 0x73FA, 0x7BB9, 0x7B99, 0x8359, 0x8B3B, 0x6272, 0x2103,   // 0x0350 (848) pixels
0x2944, 0x2944, 0x2965, 0x2965, 0x3185, 0x3185, 0x2985, 0x2985, 0x2985, 0x3185, 0x3185, 0x2963, 0x41EB, 0x8B19, 0x41CB, 0x2143,   // 0x0360 (864) pixels
0x2944, 0x21C7, 0x169A, 0x1431, 0x2903, 0x3165, 0x2965, 0x2965, 0x2985, 0x2985, 0x3185, 0x2985, 0x2965, 0x2985, 0x2965, 0x2965,   // 0x0370 (880) pixels
0x2903, 0x23F0, 0x267B, 0x35FA, 0x34F6, 0x2164, 0x2144, 0x2B2E, 0x4D39, 0x4D3A, 0x54D9, 0x5CBA, 0x647A, 0x6C5A, 0x6C1A, 0x73DA,   // 0x0380 (896) pixels
0x7BBA, 0x7B99, 0x8359, 0x8B5A, 0x6273, 0x2123, 0x2964, 0x2964, 0x3165, 0x2965, 0x3185, 0x3185, 0x3185, 0x3185, 0x3185, 0x3185,   // 0x0390 (912) pixels
0x3185, 0x2963, 0x41EB, 0x8B1A, 0x41CA, 0x2143, 0x2944, 0x21C7, 0x169A, 0x1431, 0x2903, 0x3165, 0x2985, 0x2965, 0x3185, 0x2985,   // 0x03A0 (928) pixels
0x2985, 0x3185, 0x2985, 0x2965, 0x2964, 0x2964, 0x2903, 0x23F0, 0x2E7B, 0x35FA, 0x34F6, 0x2144, 0x2185, 0x4558, 0x4D9B, 0x4CF8,   // 0x03B0 (944) pixels
0x54FA, 0x5CBA, 0x5C7A, 0x645A, 0x6C1A, 0x73DA, 0x73B9, 0x7B99, 0x8359, 0x8B5A, 0x6273, 0x2143, 0x2984, 0x2965, 0x2964, 0x3185,   // 0x03C0 (960) pixels
0x3185, 0x2985, 0x2985, 0x3185, 0x2985, 0x2985, 0x3185, 0x2963, 0x41EB, 0x8B1A, 0x41CB, 0x2964, 0x2944, 0x21E7, 0x169A, 0x1431,   // 0x03D0 (976) pixels
0x2903, 0x3185, 0x2965, 0x2965, 0x3185, 0x2985, 0x3185, 0x2985, 0x2965, 0x2965, 0x2964, 0x2964, 0x2923, 0x23F0, 0x267A, 0x361A,   // 0x03E0 (992) pixels
0x3CF6, 0x2164, 0x2123, 0x2208, 0x4475, 0x555B, 0x54D9, 0x5C99, 0x647A, 0x645A, 0x6C1A, 0x73FA, 0x73B9, 0x7B9A, 0x8359, 0x8B5B,   // 0x03F0 (1008) pixels
0x6273, 0x2123, 0x2984, 0x2964, 0x2964, 0x2985, 0x2985, 0x2985, 0x2985, 0x2985, 0x2965, 0x2965, 0x3185, 0x2963, 0x41EB, 0x8B1A,   // 0x0400 (1024) pixels
0x41CB, 0x2944, 0x2944, 0x21E7, 0x1E9A, 0x1431, 0x2903, 0x3185, 0x2965, 0x2985, 0x3185, 0x3185, 0x3185, 0x2985, 0x2965, 0x2965,   // 0x0410 (1040) pixels
0x2965, 0x2964, 0x2923, 0x23F0, 0x267B, 0x35FA, 0x34F6, 0x2164, 0x2964, 0x2923, 0x2965, 0x4370, 0x5D1A, 0x5CDA, 0x5C7A, 0x6C5A,   // 0x0420 (1056) pixels
0x6C1A, 0x73DA, 0x73B9, 0x7B99, 0x8359, 0x8B5B, 0x6A93, 0x2144, 0x2964, 0x2965, 0x2964, 0x2985, 0x2985, 0x2985, 0x2965, 0x2965,   // 0x0430 (1072) pixels
0x2985, 0x2965, 0x3185, 0x2964, 0x41EB, 0x8B1A, 0x41EB, 0x2964, 0x2944, 0x21E7, 0x1E9A, 0x1431, 0x3103, 0x3185, 0x2965, 0x2985,   // 0x0440 (1088) pixels
0x3185, 0x3185, 0x3185, 0x2985, 0x2965, 0x2965, 0x2965, 0x2964, 0x2923, 0x1C10, 0x267B, 0x35FA, 0x3CF6, 0x2965, 0x2964, 0x2965,   // 0x0450 (1104) pixels
0x2964, 0x2924, 0x324B, 0x5C77, 0x64BB, 0x643A, 0x6C19, 0x73DA, 0x73B9, 0x7B99, 0x8359, 0x8B5B, 0x6A93, 0x2144, 0x2984, 0x2964,   // 0x0460 (1120) pixels
0x2965, 0x2965, 0x2965, 0x2965, 0x2965, 0x2965, 0x2985, 0x2965, 0x2985, 0x2963, 0x41EB, 0x8B1A, 0x41EB, 0x2964, 0x2944, 0x21C7,   // 0x0470 (1136) pixels
0x1E9A, 0x1431, 0x2903, 0x3165, 0x2965, 0x2985, 0x3185, 0x3185, 0x3185, 0x2985, 0x2965, 0x2965, 0x2964, 0x2964, 0x2923, 0x1BF0,   // 0x0480 (1152) pixels
0x2E5B, 0x35FA, 0x3CF6, 0x2965, 0x2964, 0x2964, 0x2964, 0x2964, 0x2123, 0x2986, 0x4B53, 0x645A, 0x6C1A, 0x6BD9, 0x73B9, 0x7B9A,   // 0x0490 (1168) pixels
0x8359, 0x8B5B, 0x6A93, 0x2143, 0x2984, 0x2965, 0x2965, 0x2964, 0x2965, 0x2985, 0x2965, 0x2965, 0x2965, 0x2965, 0x3185, 0x2963,   // 0x04A0 (1184) pixels
0x41EB, 0x8B1A, 0x41CA, 0x2944, 0x2944, 0x21C7, 0x1E9A, 0x1451, 0x2903, 0x3185, 0x3185, 0x3185, 0x3185, 0x3185, 0x3185, 0x2964,   // 0x04B0 (1200) pixels
0x2965, 0x2985, 0x2965, 0x2964, 0x2923, 0x23F1, 0x265B, 0x35DA, 0x3CF6, 0x2985, 0x3165, 0x2964, 0x2965, 0x2964, 0x2965, 0x2124,   // 0x04C0 (1216) pixels
0x2123, 0x3A6D, 0x63F9, 0x741A, 0x7BD9, 0x7BB9, 0x8379, 0x8B5A, 0x6A93, 0x2123, 0x2964, 0x2945, 0x2964, 0x2965, 0x2965, 0x2965,   // 0x04D0 (1232) pixels
0x2985, 0x3185, 0x2985, 0x2965, 0x3185, 0x2964, 0x41EB, 0x8B1A, 0x41CA, 0x2964, 0x2944, 0x21C7, 0x1E7A, 0x1451, 0x2903, 0x3185,   // 0x04E0 (1248) pixels
0x2985, 0x3185, 0x3185, 0x3185, 0x3185, 0x2985, 0x2965, 0x2985, 0x2965, 0x2965, 0x2924, 0x1BF0, 0x2E5B, 0x3DFA, 0x34F6, 0x2965,   // 0x04F0 (1264) pixels
0x2964, 0x2965, 0x2964, 0x2944, 0x2944, 0x2964, 0x2964, 0x2122, 0x31C8, 0x6B95, 0x841B, 0x7BB9, 0x8358, 0x8B3A, 0x6272, 0x2123,   // 0x0500 (1280) pixels
0x2964, 0x2944, 0x2964, 0x2964, 0x2985, 0x2985, 0x2965, 0x2965, 0x3185, 0x2985, 0x3185, 0x2963, 0x41EB, 0x8B19, 0x41EA, 0x2964,   // 0x0510 (1296) pixels
0x2964, 0x29E7, 0x1E7A, 0x1431, 0x2903, 0x3185, 0x2985, 0x3185, 0x3185, 0x3185, 0x2985, 0x2985, 0x2985, 0x2985, 0x2965, 0x2965,   // 0x0520 (1312) pixels
0x2923, 0x23F0, 0x2E3A, 0x35DA, 0x34D6, 0x2944, 0x2964, 0x2164, 0x2944, 0x2944, 0x2944, 0x2944, 0x2964, 0x2965, 0x2144, 0x2965,   // 0x0530 (1328) pixels
0x52B0, 0x7B99, 0x7B59, 0x8B1A, 0x6252, 0x2123, 0x2964, 0x2944, 0x2964, 0x2965, 0x2965, 0x2985, 0x2985, 0x3185, 0x2965, 0x2985,   // 0x0540 (1344) pixels
0x3185, 0x2963, 0x41EB, 0x8B19, 0x41EB, 0x2963, 0x3164, 0x29C7, 0x1E7A, 0x1431, 0x2903, 0x3185, 0x2985, 0x3185, 0x3185, 0x3185,   // 0x0550 (1360) pixels
0x3185, 0x2985, 0x2985, 0x2965, 0x2965, 0x3185, 0x2903, 0x23F0, 0x2E5B, 0x35D9, 0x34F6, 0x2144, 0x2944, 0x2945, 0x2964, 0x2964,   // 0x0560 (1376) pixels
0x2964, 0x2964, 0x2965, 0x2965, 0x2964, 0x2944, 0x2103, 0x31C9, 0x6AF5, 0x935C, 0x6A93, 0x2123, 0x2964, 0x2944, 0x2964, 0x2964,   // 0x0570 (1392) pixels
0x2965, 0x2965, 0x2985, 0x3185, 0x3185, 0x2985, 0x2965, 0x2963, 0x41EA, 0x8B19, 0x41CA, 0x2164, 0x3144, 0x29C6, 0x1E7A, 0x1431,   // 0x0580 (1408) pixels
0x2903, 0x3184, 0x2985, 0x3185, 0x3185, 0x3185, 0x2985, 0x3185, 0x3185, 0x2965, 0x2965, 0x3165, 0x3123, 0x22CB, 0x35B8, 0x3DB8,   // 0x0590 (1424) pixels
0x3411, 0x2924, 0x2964, 0x2984, 0x2984, 0x2985, 0x3185, 0x2964, 0x2985, 0x2964, 0x2964, 0x2964, 0x2945, 0x2143, 0x3166, 0x6251,   // 0x05A0 (1440) pixels
0x41CB, 0x2143, 0x2944, 0x2965, 0x2964, 0x2965, 0x2965, 0x3185, 0x2965, 0x3185, 0x3185, 0x2985, 0x3185, 0x2964, 0x41EB, 0x8B19,   // 0x05B0 (1456) pixels
0x41CA, 0x2143, 0x2964, 0x29C6, 0x1E7A, 0x1C31, 0x2903, 0x3185, 0x2985, 0x3185, 0x31A5, 0x3185, 0x3185, 0x3185, 0x3185, 0x2985,   // 0x05C0 (1472) pixels
0x2985, 0x2964, 0x2964, 0x2124, 0x2186, 0x21A6, 0x2964, 0x3164, 0x2964, 0x2985, 0x2985, 0x3185, 0x2965, 0x2965, 0x2164, 0x2985,   // 0x05D0 (1488) pixels
0x2964, 0x2964, 0x2964, 0x2965, 0x2944, 0x2123, 0x2144, 0x2965, 0x2965, 0x2964, 0x2965, 0x2965, 0x3185, 0x3185, 0x3185, 0x3185,   // 0x05E0 (1504) pixels
0x3185, 0x3185, 0x3185, 0x2964, 0x41EB, 0x8B19, 0x41CA, 0x2943, 0x2964, 0x29C6, 0x265A, 0x1C72, 0x2903, 0x3185, 0x3185, 0x3185,   // 0x05F0 (1520) pixels
0x31A5, 0x3185, 0x3185, 0x3185, 0x3185, 0x3185, 0x2985, 0x2964, 0x2965, 0x2965, 0x2944, 0x2943, 0x2964, 0x2985, 0x2964, 0x2985,   // 0x0600 (1536) pixels
0x2985, 0x2985, 0x2965, 0x2965, 0x2965, 0x2965, 0x2985, 0x2965, 0x2964, 0x2965, 0x2964, 0x2965, 0x2965, 0x2965, 0x2965, 0x2985,   // 0x0610 (1552) pixels
0x3185, 0x3185, 0x3185, 0x3185, 0x3185, 0x2985, 0x3185, 0x3165, 0x2985, 0x2983, 0x49EB, 0x8B19, 0x41CB, 0x2163, 0x2965, 0x2965,   // 0x0620 (1568) pixels
0x25B7, 0x25D7, 0x2964, 0x3165, 0x31A6, 0x31A5, 0x31A6, 0x31A6, 0x31A5, 0x31A5, 0x31A5, 0x31A5, 0x3185, 0x2985, 0x2985, 0x2985,   // 0x0630 (1584) pixels
0x2985, 0x2985, 0x31A5, 0x3185, 0x3185, 0x3185, 0x29A5, 0x31A5, 0x3185, 0x3185, 0x2965, 0x2985, 0x2965, 0x2985, 0x2965, 0x2965,   // 0x0640 (1600) pixels
0x2965, 0x2965, 0x2965, 0x3185, 0x3185, 0x3185, 0x31C6, 0x31C6, 0x39C6, 0x39C6, 0x31A6, 0x3185, 0x2985, 0x2965, 0x3185, 0x2163,   // 0x0650 (1616) pixels
0x5A2F, 0x8B3A, 0x39A9, 0x2964, 0x31A5, 0x2944, 0x23CF, 0x273D, 0x2C0F, 0x2944, 0x3144, 0x3144, 0x3144, 0x2944, 0x3144, 0x2943,   // 0x0660 (1632) pixels
0x2923, 0x2924, 0x2923, 0x2903, 0x2923, 0x2124, 0x2924, 0x2944, 0x2944, 0x2944, 0x2944, 0x2944, 0x2944, 0x2944, 0x2944, 0x2944,   // 0x0670 (1648) pixels
0x2944, 0x2964, 0x2944, 0x2943, 0x2943, 0x2924, 0x2943, 0x2143, 0x2943, 0x2144, 0x2944, 0x2964, 0x2984, 0x2984, 0x31A4, 0x2984,   // 0x0680 (1664) pixels
0x2984, 0x2964, 0x2964, 0x2144, 0x2143, 0x3167, 0x82F7, 0x7294, 0x2945, 0x2965, 0x2985, 0x3185, 0x29A6, 0x2576, 0x275E, 0x2555,   // 0x0690 (1680) pixels
0x23F0, 0x23CF, 0x2BCF, 0x23AF, 0x2BAF, 0x2B8E, 0x2B6E, 0x2B8E, 0x2B6E, 0x2B6E, 0x2B4E, 0x334E, 0x334E, 0x334F, 0x334F, 0x3B2E,   // 0x06A0 (1696) pixels
0x332E, 0x3B2E, 0x3B0F, 0x3AEE, 0x3AEE, 0x42EE, 0x3ACE, 0x3AAE, 0x3ACD, 0x42AE, 0x42AD, 0x428D, 0x42AE, 0x4A8E, 0x4A8D, 0x4A8D,   // 0x06B0 (1712) pixels
0x426E, 0x4A6E, 0x4A6E, 0x4A6E, 0x4A6E, 0x528E, 0x526E, 0x5A6F, 0x5A6F, 0x5A6F, 0x6290, 0x82F8, 0x7AB6, 0x3988, 0x2944, 0x2985,   // 0x06C0 (1728) pixels
0x2985, 0x31A6, 0x2964, 0x21A6, 0x2451, 0x265A, 0x26BB, 0x269B, 0x267A, 0x2E5A, 0x2E5A, 0x2E3A, 0x361A, 0x361A, 0x3E1A, 0x3DFA,   // 0x06D0 (1744) pixels
0x45FA, 0x45DA, 0x4DBA, 0x4DBA, 0x4D9A, 0x4D9A, 0x4D7A, 0x555A, 0x553A, 0x5CFA, 0x5CFA, 0x5CDA, 0x5CB9, 0x6499, 0x6479, 0x6479,   // 0x06E0 (1760) pixels
0x6C79, 0x6C59, 0x6C59, 0x7439, 0x7419, 0x7419, 0x73F9, 0x73D9, 0x7BD9, 0x7398, 0x7B98, 0x8378, 0x8359, 0x8359, 0x8B7A, 0x8B7A,   // 0x06F0 (1776) pixels
0x8338, 0x6A72, 0x3988, 0x2944, 0x2965, 0x2984, 0x2985, 0x3185, 0x3185, 0x3164, 0x3123, 0x29A6, 0x2A07, 0x2207, 0x2207, 0x2207,   // 0x0700 (1792) pixels
0x2207, 0x2207, 0x2A07, 0x2A08, 0x2A08, 0x2A08, 0x2A08, 0x2A08, 0x2A08, 0x2A08, 0x3208, 0x3208, 0x2A08, 0x3208, 0x31E8, 0x31E7,   // 0x0710 (1808) pixels
0x31E8, 0x31E7, 0x31E7, 0x31E7, 0x31C7, 0x31E7, 0x31E8, 0x31E7, 0x31C7, 0x31C7, 0x31C8, 0x31C8, 0x31C8, 0x31C8, 0x31C8, 0x31A7,   // 0x0720 (1824) pixels
0x31A7, 0x31A7, 0x3187, 0x3187, 0x31A7, 0x31A7, 0x3186, 0x2964, 0x2964, 0x2965, 0x2965, 0x3185, 0x2985, 0x2965, 0x2985, 0x2985,   // 0x0730 (1840) pixels
0x2965, 0x2944, 0x2924, 0x2923, 0x2944, 0x2943, 0x2944, 0x2943, 0x3144, 0x2944, 0x2944, 0x2944, 0x2944, 0x2944, 0x2944, 0x2944,   // 0x0740 (1856) pixels
0x2944, 0x3144, 0x2943, 0x2964, 0x2944, 0x2944, 0x2944, 0x2944, 0x2943, 0x2964, 0x2943, 0x2964, 0x2964, 0x2943, 0x2944, 0x2943,   // 0x0750 (1872) pixels
0x2944, 0x2964, 0x2964, 0x2964, 0x2944, 0x2964, 0x2964, 0x2944, 0x2144, 0x2144, 0x2943, 0x2943, 0x2964, 0x2985, 0x2965, 0x2985,   // 0x0760 (1888) pixels
0x2985, 0x2985
};

// 2. NEXT BUTTON (54x35)
const unsigned short btnNext[btnW * btnH] PROGMEM = {
0x2123, 0x2123, 0x2124, 0x2124, 0x2144, 0x2124, 0x2103, 0x2123, 0x2103, 0x2123, 0x2103, 0x2103, 0x2123, 0x2123, 0x2124, 0x2123,   // 0x0010 (16) pixels
0x2123, 0x2124, 0x2124, 0x2123, 0x2123, 0x2123, 0x2123, 0x2123, 0x2123, 0x2123, 0x2123, 0x2123, 0x2123, 0x2123, 0x2944, 0x2144,   // 0x0020 (32) pixels
0x2143, 0x2123, 0x2944, 0x2123, 0x2124, 0x2124, 0x2103, 0x2123, 0x2144, 0x2144, 0x2144, 0x2124, 0x2123, 0x2124, 0x2144, 0x2124,   // 0x0030 (48) pixels
0x2944, 0x2944, 0x2124, 0x2144, 0x2124, 0x2124, 0x2123, 0x2123, 0x2123, 0x2924, 0x20E2, 0x2144, 0x2165, 0x2165, 0x2165, 0x2145,   // 0x0040 (64) pixels
0x1945, 0x1944, 0x2165, 0x2165, 0x2165, 0x2145, 0x2165, 0x2165, 0x2145, 0x2145, 0x2145, 0x2165, 0x2145, 0x2165, 0x2966, 0x2145,   // 0x0050 (80) pixels
0x2145, 0x2965, 0x2945, 0x2145, 0x2965, 0x2965, 0x2945, 0x2945, 0x2145, 0x2945, 0x2144, 0x2945, 0x2945, 0x2944, 0x2965, 0x2965,   // 0x0060 (96) pixels
0x2965, 0x2965, 0x2145, 0x2945, 0x2945, 0x2945, 0x2144, 0x2143, 0x2944, 0x2144, 0x2144, 0x2144, 0x2103, 0x2144, 0x18E2, 0x1945,   // 0x0070 (112) pixels
0x23CF, 0x2DB7, 0x2E1A, 0x3619, 0x3619, 0x35F9, 0x35D9, 0x3DB9, 0x3D99, 0x3D78, 0x3D78, 0x4578, 0x4558, 0x4D38, 0x4D38, 0x4D18,   // 0x0080 (128) pixels
0x4CF8, 0x54F8, 0x54F8, 0x54B8, 0x54B7, 0x54B7, 0x5C97, 0x5C97, 0x5C77, 0x5C57, 0x6437, 0x6417, 0x6417, 0x63F7, 0x6BD7, 0x6BD7,   // 0x0090 (144) pixels
0x6BB7, 0x6B97, 0x7397, 0x7396, 0x7376, 0x7356, 0x7356, 0x7B56, 0x7B37, 0x7B37, 0x7B16, 0x7B16, 0x72D3, 0x41EB, 0x2124, 0x2124,   // 0x00A0 (160) pixels
0x2124, 0x2944, 0x2144, 0x2103, 0x19A6, 0x2556, 0x269B, 0x2535, 0x24D4, 0x24F4, 0x2CD4, 0x2CD4, 0x34B4, 0x3493, 0x3473, 0x3453,   // 0x00B0 (176) pixels
0x3453, 0x3432, 0x3412, 0x3C13, 0x3C13, 0x4413, 0x43F3, 0x43F3, 0x43F3, 0x4BD3, 0x4BD2, 0x4BB2, 0x4B92, 0x4B92, 0x4B92, 0x4B72,   // 0x00C0 (192) pixels
0x5352, 0x5352, 0x5332, 0x5332, 0x5312, 0x52F1, 0x5AF2, 0x5AF2, 0x5AF2, 0x62D2, 0x62F2, 0x62D2, 0x62D2, 0x62D2, 0x62B2, 0x62B2,   // 0x00D0 (208) pixels
0x62B2, 0x6292, 0x7B16, 0x8B59, 0x522E, 0x2124, 0x2144, 0x2124, 0x2944, 0x2124, 0x1CF5, 0x26DC, 0x1ACB, 0x18E3, 0x2103, 0x2103,   // 0x00E0 (224) pixels
0x2103, 0x2124, 0x2124, 0x2124, 0x2123, 0x2103, 0x2103, 0x2103, 0x18E3, 0x1903, 0x2103, 0x2103, 0x2123, 0x2123, 0x2124, 0x2124,   // 0x00F0 (240) pixels
0x2124, 0x2103, 0x2124, 0x2103, 0x2103, 0x2103, 0x2123, 0x2103, 0x1903, 0x2103, 0x1903, 0x2103, 0x2103, 0x2103, 0x2123, 0x2144,   // 0x0100 (256) pixels
0x2944, 0x2944, 0x2944, 0x2944, 0x2944, 0x2144, 0x2123, 0x1923, 0x2145, 0x6251, 0x8B39, 0x39CA, 0x2123, 0x2944, 0x2103, 0x2228,   // 0x0110 (272) pixels
0x2EFD, 0x2431, 0x18C2, 0x2944, 0x2144, 0x2964, 0x2964, 0x2964, 0x2985, 0x2985, 0x3185, 0x2965, 0x2985, 0x2965, 0x2964, 0x2964,   // 0x0120 (288) pixels
0x2964, 0x2965, 0x2965, 0x2964, 0x2965, 0x2964, 0x2964, 0x2985, 0x2985, 0x2964, 0x2964, 0x2944, 0x2944, 0x2964, 0x2964, 0x2964,   // 0x0130 (304) pixels
0x2944, 0x2944, 0x2964, 0x2964, 0x2964, 0x2964, 0x3185, 0x3185, 0x3185, 0x3185, 0x2985, 0x2965, 0x2964, 0x2964, 0x2123, 0x2945,   // 0x0140 (320) pixels
0x7AD6, 0x6A92, 0x2123, 0x2144, 0x20E3, 0x1ACB, 0x2EFC, 0x1AAA, 0x2903, 0x2985, 0x2965, 0x2965, 0x2965, 0x2965, 0x2965, 0x2964,   // 0x0150 (336) pixels
0x2964, 0x2965, 0x2965, 0x2964, 0x2164, 0x2965, 0x2965, 0x2985, 0x2944, 0x2964, 0x2944, 0x2965, 0x2965, 0x2944, 0x2944, 0x2944,   // 0x0160 (352) pixels
0x2944, 0x2944, 0x2944, 0x2144, 0x2944, 0x2944, 0x2143, 0x2963, 0x2985, 0x2964, 0x2964, 0x2964, 0x2984, 0x2985, 0x2985, 0x2985,   // 0x0170 (368) pixels
0x2985, 0x2964, 0x2985, 0x2985, 0x2965, 0x2123, 0x6251, 0x7AF6, 0x2945, 0x2143, 0x2903, 0x1AEB, 0x2EDC, 0x22AA, 0x2123, 0x2985,   // 0x0180 (384) pixels
0x2985, 0x2964, 0x2964, 0x2985, 0x2964, 0x2964, 0x2964, 0x2964, 0x2964, 0x2964, 0x2965, 0x2985, 0x2964, 0x2924, 0x2985, 0x2965,   // 0x0190 (400) pixels
0x2965, 0x2944, 0x2944, 0x2964, 0x2944, 0x2964, 0x2944, 0x2944, 0x2144, 0x2944, 0x2944, 0x39C8, 0x422B, 0x3A0A, 0x2965, 0x2965,   // 0x01A0 (416) pixels
0x2964, 0x2964, 0x2964, 0x2965, 0x2965, 0x2965, 0x2985, 0x2965, 0x2965, 0x2965, 0x2985, 0x2943, 0x5A51, 0x82F7, 0x2966, 0x2943,   // 0x01B0 (432) pixels
0x28E3, 0x1AEC, 0x2EDC, 0x22AA, 0x2903, 0x2985, 0x2965, 0x2964, 0x2964, 0x2965, 0x2964, 0x2964, 0x2944, 0x2964, 0x2964, 0x2985,   // 0x01C0 (448) pixels
0x2124, 0x2B8E, 0x3D36, 0x2A08, 0x2103, 0x2965, 0x2965, 0x2964, 0x2964, 0x2965, 0x2964, 0x2964, 0x2944, 0x2944, 0x2944, 0x2944,   // 0x01D0 (464) pixels
0x2965, 0x7376, 0x83DA, 0x8BBA, 0x4A2C, 0x2143, 0x2965, 0x2944, 0x2964, 0x2964, 0x2964, 0x2965, 0x2965, 0x2965, 0x2965, 0x2965,   // 0x01E0 (480) pixels
0x2985, 0x2164, 0x6251, 0x82F7, 0x2966, 0x2944, 0x2903, 0x1AEC, 0x2EFC, 0x22AA, 0x2923, 0x2985, 0x2965, 0x2964, 0x2965, 0x2965,   // 0x01F0 (496) pixels
0x2965, 0x2965, 0x2965, 0x2985, 0x2965, 0x2985, 0x2103, 0x2431, 0x3E9D, 0x4599, 0x32ED, 0x2104, 0x2944, 0x2965, 0x2945, 0x2944,   // 0x0200 (512) pixels
0x2964, 0x2944, 0x2944, 0x2944, 0x2965, 0x2964, 0x31A6, 0x7378, 0x7B59, 0x8B7A, 0x522E, 0x2143, 0x2965, 0x2964, 0x2944, 0x2944,   // 0x0210 (528) pixels
0x2964, 0x2965, 0x2965, 0x2965, 0x2965, 0x2965, 0x2985, 0x2164, 0x6250, 0x8B17, 0x2966, 0x2964, 0x2903, 0x1AEC, 0x2EFC, 0x22AA,   // 0x0220 (544) pixels
0x2924, 0x2985, 0x2965, 0x2985, 0x2985, 0x2985, 0x2985, 0x2985, 0x2965, 0x2964, 0x2965, 0x2965, 0x20E2, 0x23F0, 0x363B, 0x3DDA,   // 0x0230 (560) pixels
0x4DDB, 0x4413, 0x2186, 0x2103, 0x2964, 0x2944, 0x2944, 0x2944, 0x2964, 0x2985, 0x2965, 0x2965, 0x31A7, 0x7357, 0x7B79, 0x8B5A,   // 0x0240 (576) pixels
0x4A0E, 0x2122, 0x2944, 0x2965, 0x2964, 0x2964, 0x2964, 0x2964, 0x2965, 0x2965, 0x2965, 0x2965, 0x2965, 0x2944, 0x6250, 0x8AF7,   // 0x0250 (592) pixels
0x2966, 0x2964, 0x28E3, 0x1AEC, 0x2EFC, 0x22AA, 0x2924, 0x2985, 0x2965, 0x3185, 0x2985, 0x2985, 0x2985, 0x2985, 0x2965, 0x2964,   // 0x0260 (608) pixels
0x2944, 0x2944, 0x20E3, 0x23F1, 0x365B, 0x3DBA, 0x457A, 0x4D9B, 0x54B7, 0x2A4B, 0x1903, 0x2964, 0x2965, 0x2965, 0x2965, 0x3185,   // 0x0270 (624) pixels
0x3184, 0x2964, 0x2987, 0x7356, 0x8379, 0x8B5B, 0x520D, 0x2142, 0x2945, 0x2964, 0x2944, 0x2944, 0x2964, 0x2965, 0x2965, 0x2965,   // 0x0280 (640) pixels
0x2985, 0x2965, 0x3185, 0x2944, 0x6251, 0x8AF8, 0x3166, 0x2944, 0x2903, 0x1AEC, 0x2EFC, 0x22AA, 0x2923, 0x2985, 0x2965, 0x3185,   // 0x0290 (656) pixels
0x2985, 0x3185, 0x2965, 0x2985, 0x2965, 0x2964, 0x2944, 0x2944, 0x20E3, 0x2411, 0x365B, 0x3DB9, 0x457A, 0x4D39, 0x553A, 0x5D1A,   // 0x02A0 (672) pixels
0x4B71, 0x2166, 0x2143, 0x2965, 0x2965, 0x2985, 0x2985, 0x2964, 0x2966, 0x7357, 0x7B59, 0x8B3A, 0x520E, 0x2143, 0x2965, 0x2964,   // 0x02B0 (688) pixels
0x2964, 0x2944, 0x2964, 0x2965, 0x2965, 0x2985, 0x2985, 0x2985, 0x3185, 0x2943, 0x6250, 0x8AF8, 0x2966, 0x2944, 0x2923, 0x1AEC,   // 0x02C0 (704) pixels
0x2EFC, 0x22AA, 0x2923, 0x2985, 0x2985, 0x3185, 0x3185, 0x2985, 0x2965, 0x2965, 0x2965, 0x2964, 0x2964, 0x2965, 0x20E3, 0x23F0,   // 0x02D0 (720) pixels
0x365B, 0x3DBA, 0x459A, 0x4D5A, 0x4D1A, 0x54FA, 0x651B, 0x6457, 0x3A4B, 0x2144, 0x2964, 0x2965, 0x2964, 0x2143, 0x2946, 0x7337,   // 0x02E0 (736) pixels
0x8359, 0x8B5A, 0x520E, 0x2143, 0x2965, 0x2965, 0x2965, 0x2964, 0x2985, 0x2985, 0x2985, 0x2985, 0x2985, 0x2965, 0x3185, 0x2963,   // 0x02F0 (752) pixels
0x6250, 0x8AF8, 0x2966, 0x2944, 0x2903, 0x1AEC, 0x2EFC, 0x22AA, 0x2924, 0x2985, 0x2985, 0x2985, 0x2965, 0x2985, 0x2985, 0x2965,   // 0x0300 (768) pixels
0x2965, 0x2965, 0x2965, 0x2965, 0x20E3, 0x2411, 0x365B, 0x3DBA, 0x459A, 0x4D7A, 0x553A, 0x5CFA, 0x5CBA, 0x649B, 0x6C7A, 0x4AD0,   // 0x0310 (784) pixels
0x2124, 0x2103, 0x2965, 0x2144, 0x2946, 0x7337, 0x8359, 0x8B5A, 0x520E, 0x2143, 0x2965, 0x2964, 0x2965, 0x2965, 0x3185, 0x3185,   // 0x0320 (800) pixels
0x3185, 0x2965, 0x2985, 0x2965, 0x3185, 0x2963, 0x6250, 0x8AF8, 0x2966, 0x2944, 0x2903, 0x230C, 0x2EFC, 0x22AA, 0x2924, 0x2985,   // 0x0330 (816) pixels
0x2985, 0x3185, 0x2985, 0x2985, 0x2985, 0x2965, 0x2985, 0x2965, 0x2965, 0x2965, 0x2103, 0x2411, 0x365B, 0x35BA, 0x459A, 0x4D7A,   // 0x0340 (832) pixels
0x553A, 0x54FA, 0x5CDA, 0x5C79, 0x6439, 0x741A, 0x5B34, 0x2988, 0x2123, 0x2944, 0x2966, 0x7357, 0x8359, 0x8B5B, 0x520E, 0x2143,   // 0x0350 (848) pixels
0x2965, 0x2965, 0x2965, 0x2985, 0x2985, 0x31A5, 0x3185, 0x2985, 0x2985, 0x2985, 0x3185, 0x2963, 0x6251, 0x8AF8, 0x3166, 0x2944,   // 0x0360 (864) pixels
0x2924, 0x1B0C, 0x2EDC, 0x22AA, 0x2944, 0x2985, 0x2965, 0x2964, 0x2985, 0x3185, 0x3185, 0x2985, 0x2965, 0x2964, 0x2965, 0x2965,   // 0x0370 (880) pixels
0x2103, 0x2411, 0x365B, 0x35BA, 0x459A, 0x4D5A, 0x4D3A, 0x54FA, 0x5CBA, 0x5C7A, 0x6439, 0x6BD9, 0x73D9, 0x73B8, 0x424D, 0x2144,   // 0x0380 (896) pixels
0x2986, 0x7358, 0x8359, 0x8B3A, 0x520E, 0x2122, 0x2985, 0x2965, 0x2985, 0x2985, 0x2985, 0x3185, 0x31A5, 0x3185, 0x3185, 0x2985,   // 0x0390 (912) pixels
0x2985, 0x2944, 0x6251, 0x8AF8, 0x3166, 0x2944, 0x2924, 0x1B0C, 0x2EDC, 0x228A, 0x2923, 0x2985, 0x2965, 0x2965, 0x2985, 0x3185,   // 0x03A0 (928) pixels
0x3185, 0x2985, 0x2965, 0x2964, 0x2965, 0x2985, 0x2123, 0x2411, 0x367B, 0x3DBA, 0x459A, 0x457A, 0x4D3A, 0x54FA, 0x5CBA, 0x649A,   // 0x03B0 (944) pixels
0x6439, 0x6BFA, 0x73B9, 0x83FA, 0x73B6, 0x2965, 0x29A7, 0x7358, 0x8359, 0x8B5B, 0x520E, 0x2142, 0x2965, 0x2965, 0x2944, 0x2985,   // 0x03C0 (960) pixels
0x2965, 0x2985, 0x2985, 0x3185, 0x3185, 0x2965, 0x2985, 0x2143, 0x6250, 0x8AF8, 0x3166, 0x2964, 0x2923, 0x230C, 0x2EDC, 0x22AA,   // 0x03D0 (976) pixels
0x2903, 0x2985, 0x2965, 0x2965, 0x2985, 0x3185, 0x3185, 0x3185, 0x2985, 0x2965, 0x2965, 0x2985, 0x2924, 0x2411, 0x2E7B, 0x3DB9,   // 0x03E0 (992) pixels
0x459A, 0x4559, 0x4D3A, 0x54FA, 0x5CBA, 0x647A, 0x6C5A, 0x6BF9, 0x7C1A, 0x6375, 0x31C9, 0x2964, 0x31A7, 0x7B58, 0x835A, 0x8B5B,   // 0x03F0 (1008) pixels
0x520E, 0x2142, 0x2965, 0x2965, 0x2964, 0x2964, 0x2985, 0x2985, 0x2985, 0x2985, 0x2985, 0x2985, 0x2985, 0x2143, 0x6250, 0x8AF8,   // 0x0400 (1024) pixels
0x3166, 0x2964, 0x2923, 0x1B0C, 0x2EDC, 0x228A, 0x2923, 0x2985, 0x2985, 0x2965, 0x2985, 0x3185, 0x3185, 0x3185, 0x2985, 0x2985,   // 0x0410 (1040) pixels
0x2985, 0x2985, 0x2123, 0x2411, 0x365B, 0x3DBA, 0x3D9A, 0x4579, 0x4D3A, 0x54FA, 0x5CBA, 0x647A, 0x6C5A, 0x745A, 0x4ACF, 0x2965,   // 0x0420 (1056) pixels
0x2963, 0x2964, 0x31A7, 0x7B58, 0x8379, 0x8B5B, 0x520E, 0x2143, 0x2965, 0x2964, 0x2964, 0x2964, 0x2985, 0x2985, 0x2965, 0x2965,   // 0x0430 (1072) pixels
0x3185, 0x2985, 0x3185, 0x2943, 0x6250, 0x8AF8, 0x3166, 0x2964, 0x2903, 0x230C, 0x2EDC, 0x228A, 0x2923, 0x2985, 0x2985, 0x2985,   // 0x0440 (1088) pixels
0x3185, 0x3185, 0x31A5, 0x31A5, 0x2985, 0x2965, 0x2965, 0x2964, 0x2102, 0x2C10, 0x365B, 0x3DB9, 0x459A, 0x4D5A, 0x4D1A, 0x54FA,   // 0x0450 (1104) pixels
0x5CBA, 0x64BB, 0x6417, 0x3A2B, 0x2124, 0x2964, 0x2965, 0x2964, 0x31A7, 0x7B77, 0x8379, 0x8B5B, 0x520E, 0x2143, 0x2985, 0x2944,   // 0x0460 (1120) pixels
0x2965, 0x2985, 0x2985, 0x3185, 0x3185, 0x2985, 0x2985, 0x2985, 0x3185, 0x2943, 0x6250, 0x8AF8, 0x3186, 0x2964, 0x2923, 0x230C,   // 0x0470 (1136) pixels
0x2EDC, 0x228A, 0x2923, 0x3185, 0x2985, 0x31A5, 0x3185, 0x3185, 0x31A5, 0x3185, 0x2985, 0x2964, 0x2964, 0x2964, 0x20E3, 0x2411,   // 0x0480 (1152) pixels
0x2E5B, 0x35BA, 0x459A, 0x4D5A, 0x4D19, 0x54FA, 0x5CDA, 0x4B52, 0x2966, 0x2124, 0x3185, 0x2964, 0x2964, 0x2984, 0x31A7, 0x7357,   // 0x0490 (1168) pixels
0x8359, 0x8B5A, 0x520E, 0x2143, 0x2985, 0x2965, 0x2965, 0x2965, 0x2965, 0x3185, 0x3185, 0x2965, 0x2965, 0x2985, 0x2985, 0x2143,   // 0x04A0 (1184) pixels
0x6251, 0x8AF8, 0x3186, 0x2964, 0x2923, 0x230C, 0x2EDC, 0x228A, 0x2924, 0x2985, 0x2985, 0x3185, 0x31A5, 0x31A5, 0x31A5, 0x3185,   // 0x04B0 (1200) pixels
0x2985, 0x2964, 0x2964, 0x2965, 0x2103, 0x2410, 0x2E5B, 0x3DBA, 0x459A, 0x455A, 0x555B, 0x54B8, 0x324C, 0x18E3, 0x2124, 0x2965,   // 0x04C0 (1216) pixels
0x2965, 0x2964, 0x2985, 0x2964, 0x3187, 0x7357, 0x8359, 0x8B5A, 0x522E, 0x2163, 0x2985, 0x2965, 0x2965, 0x2965, 0x3185, 0x3185,   // 0x04D0 (1232) pixels
0x3185, 0x2965, 0x2965, 0x2965, 0x2985, 0x2944, 0x6250, 0x8B18, 0x3166, 0x2964, 0x2923, 0x230C, 0x2EDC, 0x22AA, 0x2924, 0x31A5,   // 0x04E0 (1248) pixels
0x3185, 0x3185, 0x2985, 0x3185, 0x31A5, 0x2985, 0x2965, 0x2965, 0x2965, 0x2965, 0x2103, 0x2411, 0x363B, 0x3DB9, 0x459A, 0x55BB,   // 0x04F0 (1264) pixels
0x4C35, 0x29C7, 0x2923, 0x2964, 0x2964, 0x2944, 0x2964, 0x2964, 0x2965, 0x2964, 0x3187, 0x7B78, 0x8359, 0x8B5A, 0x520D, 0x2143,   // 0x0500 (1280) pixels
0x2985, 0x2965, 0x2965, 0x2965, 0x2965, 0x2985, 0x2985, 0x2965, 0x2965, 0x2965, 0x2985, 0x2944, 0x6250, 0x8AF8, 0x3187, 0x2964,   // 0x0510 (1296) pixels
0x2903, 0x22EC, 0x2EFC, 0x22AA, 0x2923, 0x2985, 0x3185, 0x2985, 0x2985, 0x3185, 0x3185, 0x2985, 0x2965, 0x2965, 0x2965, 0x2965,   // 0x0520 (1312) pixels
0x20E3, 0x23F0, 0x2E3A, 0x3DDA, 0x4D79, 0x3B2F, 0x2145, 0x2944, 0x2965, 0x2965, 0x2964, 0x2964, 0x2944, 0x2944, 0x2944, 0x2964,   // 0x0530 (1328) pixels
0x3187, 0x7357, 0x8359, 0x8B3A, 0x522E, 0x2143, 0x2965, 0x2965, 0x2965, 0x2965, 0x2965, 0x2965, 0x2985, 0x2964, 0x2964, 0x2965,   // 0x0540 (1344) pixels
0x2965, 0x2944, 0x6250, 0x8B18, 0x3187, 0x2964, 0x2923, 0x230C, 0x2EDD, 0x22AA, 0x2923, 0x2985, 0x2986, 0x2985, 0x2985, 0x3185,   // 0x0550 (1360) pixels
0x2985, 0x2985, 0x2964, 0x2965, 0x2965, 0x2965, 0x20E3, 0x2C11, 0x367C, 0x3C94, 0x29E9, 0x20E3, 0x2145, 0x2945, 0x2945, 0x2964,   // 0x0560 (1376) pixels
0x2964, 0x2945, 0x2944, 0x2964, 0x2964, 0x2144, 0x2966, 0x7358, 0x8359, 0x8B5B, 0x522E, 0x2143, 0x2985, 0x2965, 0x2965, 0x2965,   // 0x0570 (1392) pixels
0x2965, 0x2965, 0x2965, 0x2965, 0x2985, 0x2965, 0x2985, 0x2944, 0x6250, 0x8AF8, 0x3187, 0x2984, 0x2923, 0x1B0C, 0x2EDC, 0x228A,   // 0x0580 (1408) pixels
0x2923, 0x31A5, 0x2985, 0x2985, 0x2985, 0x2985, 0x2985, 0x2985, 0x2965, 0x2985, 0x2985, 0x2965, 0x2943, 0x2A69, 0x338F, 0x2965,   // 0x0590 (1424) pixels
0x2943, 0x2965, 0x2964, 0x2965, 0x2965, 0x2965, 0x2964, 0x2965, 0x2985, 0x2985, 0x2965, 0x2964, 0x2964, 0x62B2, 0x7B17, 0x7AF6,   // 0x05A0 (1440) pixels
0x41C9, 0x2163, 0x2985, 0x2965, 0x2965, 0x2965, 0x2965, 0x2985, 0x2985, 0x2985, 0x3185, 0x2985, 0x3184, 0x2963, 0x6230, 0x8AF7,   // 0x05B0 (1456) pixels
0x3187, 0x2964, 0x2923, 0x1AEB, 0x2EBC, 0x228A, 0x2924, 0x2985, 0x3185, 0x3185, 0x3185, 0x3165, 0x2985, 0x3185, 0x3185, 0x2985,   // 0x05C0 (1472) pixels
0x3185, 0x2965, 0x2945, 0x2944, 0x2103, 0x2964, 0x2964, 0x2964, 0x2964, 0x2964, 0x2965, 0x2965, 0x2965, 0x2985, 0x2985, 0x2985,   // 0x05D0 (1488) pixels
0x2985, 0x2964, 0x2944, 0x2145, 0x2945, 0x2945, 0x2964, 0x2964, 0x2964, 0x2985, 0x2965, 0x3185, 0x3185, 0x2984, 0x3185, 0x2985,   // 0x05E0 (1504) pixels
0x2985, 0x2985, 0x2985, 0x2143, 0x6250, 0x8AF8, 0x3187, 0x2984, 0x2103, 0x22CA, 0x2EFC, 0x1AEB, 0x2923, 0x31A5, 0x3184, 0x3185,   // 0x05F0 (1520) pixels
0x3165, 0x3185, 0x3185, 0x3185, 0x31A5, 0x31A5, 0x3185, 0x2965, 0x2944, 0x2164, 0x2964, 0x2964, 0x2964, 0x2965, 0x2964, 0x2965,   // 0x0600 (1536) pixels
0x2965, 0x2985, 0x2985, 0x2965, 0x3185, 0x2965, 0x2965, 0x2965, 0x2965, 0x2964, 0x2944, 0x2965, 0x2964, 0x2944, 0x2965, 0x2984,   // 0x0610 (1552) pixels
0x2965, 0x3185, 0x3185, 0x3185, 0x3185, 0x3185, 0x3185, 0x2985, 0x2985, 0x2143, 0x6250, 0x8AF7, 0x3166, 0x2964, 0x2924, 0x2248,   // 0x0620 (1568) pixels
0x26FC, 0x2431, 0x20E2, 0x2965, 0x2985, 0x3185, 0x3185, 0x31A5, 0x29A5, 0x3185, 0x31A5, 0x31A6, 0x31A6, 0x31A5, 0x2965, 0x2164,   // 0x0630 (1584) pixels
0x2164, 0x2164, 0x2984, 0x2965, 0x2965, 0x2985, 0x3185, 0x2985, 0x2985, 0x2985, 0x3185, 0x2965, 0x2965, 0x2985, 0x2965, 0x2965,   // 0x0640 (1600) pixels
0x2965, 0x2965, 0x2965, 0x2985, 0x2985, 0x2985, 0x3185, 0x3185, 0x31A6, 0x31A6, 0x31C5, 0x31A5, 0x31A6, 0x31A6, 0x2984, 0x2965,   // 0x0650 (1616) pixels
0x7AB6, 0x7A94, 0x2944, 0x2965, 0x3185, 0x2944, 0x2535, 0x26BB, 0x22AA, 0x20E3, 0x2103, 0x2943, 0x2924, 0x2944, 0x2944, 0x2964,   // 0x0660 (1632) pixels
0x2944, 0x2944, 0x2944, 0x2123, 0x2123, 0x2124, 0x2123, 0x2123, 0x2923, 0x2123, 0x2924, 0x2123, 0x2923, 0x2924, 0x2924, 0x2923,   // 0x0670 (1648) pixels
0x2123, 0x2143, 0x2123, 0x2123, 0x2123, 0x2123, 0x2144, 0x2124, 0x2123, 0x2944, 0x2943, 0x2144, 0x2144, 0x2944, 0x2964, 0x2964,   // 0x0680 (1664) pixels
0x2964, 0x2944, 0x2164, 0x2164, 0x2985, 0x6250, 0x931A, 0x49EC, 0x2143, 0x2985, 0x2965, 0x2944, 0x21C7, 0x2577, 0x267B, 0x24F4,   // 0x0690 (1680) pixels
0x2473, 0x24B3, 0x2493, 0x2C93, 0x2C93, 0x2C73, 0x2C72, 0x2C32, 0x3412, 0x3412, 0x3412, 0x3C12, 0x3C12, 0x3BF2, 0x3BF2, 0x3BD2,   // 0x06A0 (1696) pixels
0x3BB2, 0x3BB2, 0x43B2, 0x4392, 0x4392, 0x4B72, 0x4B71, 0x4B51, 0x4B31, 0x4B31, 0x5311, 0x5311, 0x5311, 0x5311, 0x5311, 0x5311,   // 0x06B0 (1712) pixels
0x52F1, 0x52F1, 0x5AF1, 0x5AD1, 0x5AD1, 0x62D1, 0x62D2, 0x62B2, 0x6292, 0x6AB2, 0x8316, 0x937A, 0x6250, 0x2984, 0x3165, 0x2985,   // 0x06C0 (1728) pixels
0x2985, 0x2965, 0x2103, 0x21A6, 0x23F0, 0x25B8, 0x2619, 0x25F9, 0x2DD9, 0x2DB8, 0x2D98, 0x2D98, 0x3577, 0x3578, 0x3D78, 0x3D58,   // 0x06D0 (1744) pixels
0x3D78, 0x4558, 0x4558, 0x4538, 0x4D18, 0x4CF8, 0x4CD8, 0x4CB8, 0x4CB7, 0x4C97, 0x5497, 0x5478, 0x5C57, 0x5C57, 0x6437, 0x6417,   // 0x06E0 (1760) pixels
0x63F7, 0x6BF7, 0x6BF7, 0x6BF7, 0x6BD7, 0x6BD7, 0x6BB7, 0x6BB7, 0x7397, 0x7377, 0x7377, 0x7357, 0x7337, 0x7317, 0x7B17, 0x7B17,   // 0x06F0 (1776) pixels
0x72B4, 0x4A0C, 0x2944, 0x2984, 0x2985, 0x2965, 0x2965, 0x2984, 0x2985, 0x2944, 0x2903, 0x2965, 0x2985, 0x2985, 0x2965, 0x2965,   // 0x0700 (1792) pixels
0x2965, 0x2985, 0x2985, 0x29A5, 0x2985, 0x29A5, 0x2986, 0x29A6, 0x2985, 0x2985, 0x2965, 0x2985, 0x2965, 0x2965, 0x2985, 0x2965,   // 0x0710 (1808) pixels
0x2965, 0x2985, 0x2985, 0x2985, 0x2985, 0x2985, 0x2985, 0x2985, 0x2985, 0x2985, 0x2985, 0x2985, 0x2985, 0x2986, 0x2965, 0x2965,   // 0x0720 (1824) pixels
0x2965, 0x2965, 0x2944, 0x2964, 0x2965, 0x2965, 0x2964, 0x2944, 0x2985, 0x2965, 0x2985, 0x2985, 0x2944, 0x2964, 0x2965, 0x3185,   // 0x0730 (1840) pixels
0x2985, 0x2964, 0x2943, 0x2943, 0x2944, 0x2944, 0x2944, 0x2944, 0x2944, 0x2964, 0x2944, 0x2944, 0x2944, 0x2944, 0x2964, 0x2944,   // 0x0740 (1856) pixels
0x2944, 0x2944, 0x2944, 0x2944, 0x2944, 0x2944, 0x2944, 0x2944, 0x2944, 0x2943, 0x2964, 0x2964, 0x2964, 0x2964, 0x2964, 0x2964,   // 0x0750 (1872) pixels
0x2964, 0x2964, 0x2964, 0x2964, 0x2964, 0x2944, 0x2944, 0x2944, 0x2944, 0x2964, 0x2964, 0x2964, 0x2964, 0x2965, 0x2965, 0x2965,   // 0x0760 (1888) pixels
0x2985, 0x2985
};

// =========================================================
// DYNAMIC BUTTONS (OFF STATE)
// =========================================================

// 3. PLAY OFF (54x35)
const unsigned short btnPlayOff[btnW * btnH] PROGMEM = {
0x2144, 0x2144, 0x2944, 0x2144, 0x2964, 0x2944, 0x2124, 0x2924, 0x2123, 0x2103, 0x2124, 0x2924, 0x2944, 0x2944, 0x2924, 0x2144,   // 0x0010 (16) pixels
0x2944, 0x2144, 0x2924, 0x2943, 0x2123, 0x2124, 0x2923, 0x2123, 0x2124, 0x2124, 0x2144, 0x2944, 0x2944, 0x2144, 0x2144, 0x2144,   // 0x0020 (32) pixels
0x2944, 0x2944, 0x2944, 0x2144, 0x2123, 0x2144, 0x2144, 0x2123, 0x2144, 0x2124, 0x2124, 0x2944, 0x2123, 0x2944, 0x2944, 0x2944,   // 0x0030 (48) pixels
0x2944, 0x2965, 0x2944, 0x2144, 0x2944, 0x2944, 0x2124, 0x2944, 0x2944, 0x2944, 0x2923, 0x2945, 0x2185, 0x2166, 0x2165, 0x2165,   // 0x0040 (64) pixels
0x2165, 0x2165, 0x2165, 0x2165, 0x2165, 0x2165, 0x2185, 0x2165, 0x2145, 0x2165, 0x2165, 0x2145, 0x2165, 0x2165, 0x2965, 0x2165,   // 0x0050 (80) pixels
0x2145, 0x2965, 0x2965, 0x2145, 0x2145, 0x2945, 0x2965, 0x2965, 0x2145, 0x2945, 0x2145, 0x2945, 0x2945, 0x2124, 0x2945, 0x2944,   // 0x0060 (96) pixels
0x2945, 0x2965, 0x2945, 0x2965, 0x2965, 0x2965, 0x2145, 0x2123, 0x2944, 0x2944, 0x2944, 0x2964, 0x2124, 0x2144, 0x20E3, 0x1986,   // 0x0070 (112) pixels
0x2410, 0x2DD8, 0x2E3A, 0x2E19, 0x3619, 0x35F9, 0x35D8, 0x35B8, 0x35B8, 0x3D98, 0x3D98, 0x3D78, 0x3D78, 0x4558, 0x4558, 0x4D38,   // 0x0080 (128) pixels
0x4D18, 0x5518, 0x54F8, 0x54D7, 0x54B7, 0x54B7, 0x5C77, 0x5C57, 0x5C57, 0x5C37, 0x6437, 0x6417, 0x6417, 0x63F6, 0x63D7, 0x63D7,   // 0x0090 (144) pixels
0x6BB7, 0x6BB6, 0x6B96, 0x6B76, 0x7376, 0x7376, 0x7356, 0x7B56, 0x7B36, 0x7B37, 0x8337, 0x7B16, 0x72F4, 0x4A2D, 0x2165, 0x2944,   // 0x00A0 (160) pixels
0x2944, 0x2944, 0x2144, 0x2103, 0x1986, 0x2556, 0x267B, 0x2535, 0x24F4, 0x2515, 0x2CF4, 0x2CD4, 0x2CB4, 0x2C93, 0x2C94, 0x3473,   // 0x00B0 (176) pixels
0x3453, 0x3453, 0x3433, 0x3C33, 0x3C33, 0x3C13, 0x3BF3, 0x43F3, 0x43F3, 0x43D2, 0x43D2, 0x43B2, 0x4392, 0x4B92, 0x4B92, 0x5372,   // 0x00C0 (192) pixels
0x5372, 0x5352, 0x5332, 0x5332, 0x5332, 0x5312, 0x5B12, 0x5AF2, 0x5AF2, 0x5AF2, 0x62D2, 0x62D3, 0x62D2, 0x62D3, 0x6AD3, 0x6AD3,   // 0x00D0 (208) pixels
0x6AB2, 0x6AB2, 0x7B15, 0x9379, 0x6291, 0x2144, 0x2164, 0x2144, 0x2965, 0x2944, 0x24F4, 0x269B, 0x1A8A, 0x18E2, 0x2103, 0x2124,   // 0x00E0 (224) pixels
0x2124, 0x2944, 0x2144, 0x2124, 0x2124, 0x2124, 0x2103, 0x2103, 0x2103, 0x2103, 0x2103, 0x1903, 0x2124, 0x2103, 0x2103, 0x2104,   // 0x00F0 (240) pixels
0x2103, 0x2103, 0x2123, 0x2124, 0x2123, 0x2123, 0x2123, 0x2123, 0x2124, 0x2124, 0x2124, 0x2124, 0x2124, 0x2124, 0x2124, 0x2124,   // 0x0100 (256) pixels
0x2124, 0x2124, 0x2944, 0x2965, 0x2964, 0x2944, 0x2944, 0x2144, 0x2144, 0x522F, 0x8B18, 0x41CB, 0x1923, 0x2945, 0x2924, 0x2249,   // 0x0110 (272) pixels
0x2EFD, 0x1BD0, 0x18C2, 0x2964, 0x2965, 0x2944, 0x2965, 0x2985, 0x2985, 0x2985, 0x2985, 0x2965, 0x2965, 0x2965, 0x2965, 0x2965,   // 0x0120 (288) pixels
0x2964, 0x2944, 0x2144, 0x2944, 0x2944, 0x2964, 0x2964, 0x2964, 0x2965, 0x2964, 0x2964, 0x2964, 0x2964, 0x2965, 0x2985, 0x2985,   // 0x0130 (304) pixels
0x2964, 0x2965, 0x2964, 0x2964, 0x2965, 0x2964, 0x3185, 0x2985, 0x2985, 0x3185, 0x2985, 0x2965, 0x2985, 0x2985, 0x2964, 0x2123,   // 0x0140 (320) pixels
0x72B4, 0x6A93, 0x2124, 0x2964, 0x2903, 0x230C, 0x26FD, 0x1AAB, 0x2924, 0x2985, 0x2964, 0x2965, 0x2964, 0x2965, 0x2985, 0x2985,   // 0x0150 (336) pixels
0x2965, 0x2964, 0x2965, 0x2965, 0x2965, 0x2964, 0x2964, 0x2123, 0x2144, 0x2144, 0x2165, 0x2965, 0x2985, 0x2965, 0x2964, 0x2964,   // 0x0160 (352) pixels
0x2965, 0x2965, 0x2964, 0x2965, 0x2965, 0x2965, 0x2965, 0x2964, 0x2964, 0x2964, 0x2964, 0x2964, 0x3165, 0x3185, 0x2985, 0x2985,   // 0x0170 (368) pixels
0x2965, 0x2965, 0x2985, 0x2985, 0x2965, 0x2123, 0x5A30, 0x82F7, 0x3166, 0x2964, 0x2103, 0x1B0C, 0x2EFC, 0x1A8A, 0x2924, 0x2985,   // 0x0180 (384) pixels
0x2965, 0x2985, 0x2965, 0x2965, 0x2965, 0x2964, 0x2964, 0x2964, 0x2964, 0x2965, 0x2965, 0x2944, 0x2144, 0x2A08, 0x2185, 0x2103,   // 0x0190 (400) pixels
0x2965, 0x2965, 0x2965, 0x2964, 0x2964, 0x2964, 0x2964, 0x2965, 0x2965, 0x2965, 0x2965, 0x2985, 0x2964, 0x2964, 0x2965, 0x2964,   // 0x01A0 (416) pixels
0x2964, 0x2965, 0x2965, 0x2985, 0x2985, 0x2965, 0x2965, 0x2965, 0x2965, 0x2965, 0x2985, 0x2143, 0x5A30, 0x8AF8, 0x3167, 0x2964,   // 0x01B0 (432) pixels
0x2903, 0x1B0B, 0x2EFC, 0x1A8A, 0x2923, 0x2985, 0x3185, 0x2965, 0x2964, 0x2965, 0x2985, 0x2965, 0x2964, 0x2964, 0x2964, 0x2944,   // 0x01C0 (448) pixels
0x2964, 0x2923, 0x21C7, 0x3DD9, 0x3D57, 0x2A8A, 0x2103, 0x2964, 0x2965, 0x2965, 0x2964, 0x2944, 0x2964, 0x2965, 0x2985, 0x2965,   // 0x01D0 (464) pixels
0x2965, 0x2965, 0x2965, 0x2965, 0x2964, 0x2964, 0x2965, 0x2965, 0x2985, 0x2965, 0x2965, 0x2964, 0x2985, 0x2965, 0x2985, 0x2965,   // 0x01E0 (480) pixels
0x3185, 0x2143, 0x5A2F, 0x8B18, 0x3166, 0x2964, 0x2903, 0x1B0C, 0x2EDC, 0x1A8A, 0x2923, 0x3185, 0x2965, 0x2965, 0x2985, 0x2965,   // 0x01F0 (496) pixels
0x2985, 0x2985, 0x2965, 0x2965, 0x2964, 0x2964, 0x2965, 0x2923, 0x2A69, 0x365A, 0x365B, 0x45FA, 0x3BD1, 0x2186, 0x2103, 0x2944,   // 0x0200 (512) pixels
0x2945, 0x2964, 0x2944, 0x2964, 0x2965, 0x2964, 0x2965, 0x2964, 0x2964, 0x2965, 0x2944, 0x2944, 0x2965, 0x2964, 0x2965, 0x2985,   // 0x0210 (528) pixels
0x2985, 0x2965, 0x3185, 0x2965, 0x2965, 0x2985, 0x3185, 0x2143, 0x5A50, 0x8B19, 0x3166, 0x2964, 0x20E2, 0x1AEC, 0x2EDC, 0x1A8A,   // 0x0220 (544) pixels
0x2923, 0x2985, 0x2965, 0x2965, 0x2985, 0x3185, 0x2985, 0x2965, 0x2964, 0x2964, 0x2964, 0x2964, 0x2964, 0x2923, 0x2249, 0x363A,   // 0x0230 (560) pixels
0x35FA, 0x3DBA, 0x45DC, 0x44D8, 0x2A8C, 0x1903, 0x2123, 0x2964, 0x2964, 0x2964, 0x2964, 0x2965, 0x2965, 0x2964, 0x2964, 0x2965,   // 0x0240 (576) pixels
0x2964, 0x2964, 0x2944, 0x2964, 0x2985, 0x2965, 0x2965, 0x2985, 0x2965, 0x2965, 0x2985, 0x2985, 0x3185, 0x2163, 0x5A50, 0x8B19,   // 0x0250 (592) pixels
0x3166, 0x2944, 0x28E3, 0x230C, 0x2EDC, 0x1A8A, 0x2923, 0x2965, 0x2965, 0x2965, 0x3185, 0x3185, 0x3165, 0x2965, 0x2965, 0x2965,   // 0x0260 (608) pixels
0x2964, 0x2944, 0x2964, 0x2923, 0x2229, 0x2E3A, 0x35FA, 0x3D9A, 0x457A, 0x4D5A, 0x553A, 0x4BD3, 0x29A7, 0x2103, 0x2964, 0x3185,   // 0x0270 (624) pixels
0x2965, 0x2964, 0x2965, 0x2964, 0x2964, 0x2944, 0x2964, 0x2965, 0x2964, 0x2965, 0x2965, 0x2985, 0x2964, 0x2985, 0x2965, 0x2965,   // 0x0280 (640) pixels
0x2964, 0x2985, 0x3185, 0x2964, 0x5A30, 0x8B18, 0x3167, 0x2943, 0x28E3, 0x230C, 0x26DC, 0x1A8A, 0x2923, 0x2985, 0x2985, 0x2985,   // 0x0290 (656) pixels
0x3185, 0x3185, 0x3185, 0x2964, 0x2985, 0x2985, 0x2965, 0x2944, 0x2944, 0x2923, 0x2A48, 0x363A, 0x35FA, 0x3DBA, 0x457A, 0x4D3A,   // 0x02A0 (672) pixels
0x54FA, 0x5D1B, 0x6499, 0x4AF0, 0x2966, 0x2944, 0x2964, 0x2964, 0x2964, 0x2945, 0x2965, 0x2964, 0x2964, 0x2965, 0x2964, 0x2964,   // 0x02B0 (688) pixels
0x2965, 0x2965, 0x2985, 0x2985, 0x2965, 0x2964, 0x2965, 0x2985, 0x2985, 0x2143, 0x5A2F, 0x8AF9, 0x3186, 0x2964, 0x2903, 0x1B0C,   // 0x02C0 (704) pixels
0x26DC, 0x1A6A, 0x2923, 0x2985, 0x2985, 0x2965, 0x2965, 0x3185, 0x2985, 0x2985, 0x2964, 0x2964, 0x2964, 0x2944, 0x2144, 0x2103,   // 0x02D0 (720) pixels
0x2229, 0x2E3A, 0x361A, 0x3DBA, 0x457A, 0x4D5A, 0x551A, 0x5CDA, 0x649A, 0x74BB, 0x63D6, 0x39EB, 0x2124, 0x2944, 0x2944, 0x2944,   // 0x02E0 (736) pixels
0x2964, 0x2964, 0x2965, 0x2964, 0x2965, 0x2964, 0x2965, 0x2965, 0x2965, 0x2985, 0x2965, 0x2964, 0x2964, 0x2965, 0x3165, 0x2143,   // 0x02F0 (752) pixels
0x5A2F, 0x8B19, 0x3187, 0x2964, 0x2903, 0x1B0C, 0x2EDC, 0x226A, 0x2924, 0x2985, 0x2965, 0x2965, 0x2965, 0x2965, 0x2985, 0x2985,   // 0x0300 (768) pixels
0x2985, 0x2965, 0x2964, 0x2944, 0x2964, 0x2903, 0x2229, 0x2E3A, 0x35FA, 0x459A, 0x459A, 0x4D5A, 0x551A, 0x5CDA, 0x649A, 0x645A,   // 0x0310 (784) pixels
0x6C3A, 0x7419, 0x52D1, 0x2966, 0x2103, 0x2965, 0x2965, 0x2965, 0x2965, 0x2965, 0x2964, 0x2964, 0x2965, 0x2965, 0x2964, 0x2965,   // 0x0320 (800) pixels
0x2965, 0x2965, 0x2964, 0x2965, 0x2985, 0x2143, 0x5A2F, 0x8B19, 0x3187, 0x2964, 0x2903, 0x1B2C, 0x26DC, 0x228A, 0x2924, 0x2985,   // 0x0330 (816) pixels
0x2965, 0x2965, 0x2965, 0x2985, 0x2985, 0x2985, 0x2964, 0x2964, 0x2964, 0x2944, 0x2965, 0x2903, 0x2229, 0x2E3A, 0x35FA, 0x3DBA,   // 0x0340 (832) pixels
0x4599, 0x4D5A, 0x551A, 0x5CDA, 0x5C9A, 0x647A, 0x6C39, 0x6BF9, 0x73DA, 0x7397, 0x4A4E, 0x2965, 0x2964, 0x2965, 0x2964, 0x2965,   // 0x0350 (848) pixels
0x2944, 0x2964, 0x2965, 0x2965, 0x2965, 0x2965, 0x2985, 0x2965, 0x2965, 0x2965, 0x3185, 0x2143, 0x5A50, 0x8AF9, 0x3187, 0x2984,   // 0x0360 (864) pixels
0x2903, 0x1B0C, 0x2EDC, 0x1A89, 0x2924, 0x2985, 0x2965, 0x2965, 0x2964, 0x2965, 0x3185, 0x2985, 0x2964, 0x2964, 0x2964, 0x2944,   // 0x0370 (880) pixels
0x2964, 0x2903, 0x2229, 0x2E3A, 0x35FA, 0x3DBA, 0x459A, 0x4D5A, 0x4D1A, 0x54D9, 0x5CBA, 0x647A, 0x6C39, 0x6BF9, 0x73D9, 0x7BB9,   // 0x0380 (896) pixels
0x839A, 0x6AD4, 0x3187, 0x2944, 0x2944, 0x2965, 0x2944, 0x2965, 0x2965, 0x2964, 0x2965, 0x2985, 0x2985, 0x2985, 0x2965, 0x2985,   // 0x0390 (912) pixels
0x3185, 0x2143, 0x5A50, 0x8AF9, 0x3187, 0x2984, 0x2923, 0x232C, 0x2EFC, 0x228A, 0x2943, 0x2985, 0x2985, 0x2964, 0x2985, 0x3185,   // 0x03A0 (928) pixels
0x3185, 0x2965, 0x2985, 0x2965, 0x2964, 0x2944, 0x2964, 0x2903, 0x2249, 0x2E3A, 0x35FA, 0x3DBA, 0x459A, 0x4D5A, 0x551A, 0x5CD9,   // 0x03B0 (944) pixels
0x5C9A, 0x645A, 0x6C3A, 0x741A, 0x73F9, 0x7B98, 0x8379, 0x8B7B, 0x41EC, 0x2123, 0x2944, 0x2944, 0x2945, 0x2944, 0x2964, 0x2964,   // 0x03C0 (960) pixels
0x2965, 0x3185, 0x3185, 0x3185, 0x2965, 0x3185, 0x3185, 0x2944, 0x5A50, 0x8AF9, 0x3187, 0x2984, 0x2923, 0x232C, 0x2EFC, 0x228A,   // 0x03D0 (976) pixels
0x2943, 0x2985, 0x2985, 0x2985, 0x2985, 0x3185, 0x2964, 0x2985, 0x2965, 0x2964, 0x2964, 0x2944, 0x2964, 0x2903, 0x2229, 0x363A,   // 0x03E0 (992) pixels
0x35FA, 0x3DBA, 0x459A, 0x4D5A, 0x551A, 0x54FA, 0x5C9A, 0x647A, 0x6C19, 0x73F9, 0x73D9, 0x7BDA, 0x8378, 0x4A2E, 0x2944, 0x2964,   // 0x03F0 (1008) pixels
0x2945, 0x2944, 0x2964, 0x2965, 0x2964, 0x2964, 0x2985, 0x3185, 0x2985, 0x2985, 0x2985, 0x2985, 0x3185, 0x2143, 0x5A2F, 0x8AF9,   // 0x0400 (1024) pixels
0x3187, 0x2964, 0x2903, 0x232C, 0x2EFC, 0x228A, 0x2924, 0x2985, 0x2965, 0x2985, 0x3185, 0x3185, 0x2985, 0x3185, 0x2965, 0x2965,   // 0x0410 (1040) pixels
0x2964, 0x2944, 0x2965, 0x2923, 0x2229, 0x363A, 0x35FA, 0x45BA, 0x457A, 0x4D5A, 0x551A, 0x54FA, 0x5CBA, 0x647A, 0x6439, 0x6C1A,   // 0x0420 (1056) pixels
0x73FA, 0x5AD2, 0x31A8, 0x2964, 0x2964, 0x2965, 0x2964, 0x2964, 0x2965, 0x2964, 0x2964, 0x2965, 0x2985, 0x2985, 0x3185, 0x3185,   // 0x0430 (1072) pixels
0x2985, 0x2985, 0x3185, 0x2143, 0x5A30, 0x8B19, 0x3167, 0x2964, 0x2903, 0x232C, 0x2EFC, 0x1A8A, 0x2924, 0x2985, 0x2985, 0x3185,   // 0x0440 (1088) pixels
0x2985, 0x2985, 0x2985, 0x2985, 0x2965, 0x2964, 0x2964, 0x2944, 0x2964, 0x2903, 0x2229, 0x363A, 0x35FA, 0x3DBA, 0x459A, 0x4D5A,   // 0x0450 (1104) pixels
0x551A, 0x5CFA, 0x649A, 0x645A, 0x6C5A, 0x63B6, 0x39EB, 0x2123, 0x2943, 0x2965, 0x2964, 0x2964, 0x2965, 0x2964, 0x2964, 0x2965,   // 0x0460 (1120) pixels
0x2964, 0x2985, 0x2985, 0x2985, 0x2985, 0x2985, 0x2985, 0x3185, 0x3185, 0x2143, 0x5A2F, 0x8AF9, 0x3167, 0x2964, 0x2903, 0x232C,   // 0x0470 (1136) pixels
0x2EDC, 0x1A8A, 0x2923, 0x2985, 0x2985, 0x3185, 0x2985, 0x2965, 0x3185, 0x2985, 0x2965, 0x2964, 0x2964, 0x2944, 0x2964, 0x2903,   // 0x0480 (1152) pixels
0x2A29, 0x361A, 0x35FA, 0x3DBA, 0x457A, 0x4D5A, 0x551A, 0x5CDA, 0x64DB, 0x6C9A, 0x4B31, 0x2166, 0x2123, 0x2964, 0x2964, 0x2964,   // 0x0490 (1168) pixels
0x2965, 0x2964, 0x2965, 0x2985, 0x2965, 0x2964, 0x2985, 0x2985, 0x2965, 0x2985, 0x2965, 0x2965, 0x2965, 0x2985, 0x3185, 0x2143,   // 0x04A0 (1184) pixels
0x5A2F, 0x8AF8, 0x3167, 0x2964, 0x2903, 0x232C, 0x2EFD, 0x1A8A, 0x2923, 0x2985, 0x2965, 0x2985, 0x2985, 0x2985, 0x2985, 0x3185,   // 0x04B0 (1200) pixels
0x2964, 0x2964, 0x2965, 0x2964, 0x2965, 0x2924, 0x2A49, 0x361A, 0x35DA, 0x3D9A, 0x4579, 0x453A, 0x551A, 0x5D1B, 0x5C35, 0x322A,   // 0x04C0 (1216) pixels
0x2144, 0x2145, 0x2965, 0x2944, 0x2965, 0x2965, 0x2964, 0x2965, 0x2964, 0x2985, 0x2965, 0x2964, 0x2964, 0x2985, 0x2965, 0x2965,   // 0x04D0 (1232) pixels
0x2985, 0x2965, 0x2964, 0x2985, 0x3185, 0x2143, 0x5A30, 0x8AF9, 0x3187, 0x2984, 0x2903, 0x232C, 0x2EFD, 0x1A8A, 0x2924, 0x3185,   // 0x04E0 (1248) pixels
0x2985, 0x3185, 0x3185, 0x3185, 0x2985, 0x2985, 0x2965, 0x2964, 0x2965, 0x2964, 0x2965, 0x2923, 0x2249, 0x361A, 0x35DA, 0x3D9A,   // 0x04F0 (1264) pixels
0x4559, 0x4D5B, 0x4CD8, 0x3ACD, 0x2945, 0x2943, 0x2965, 0x2965, 0x2964, 0x2964, 0x2964, 0x2965, 0x2965, 0x2965, 0x2965, 0x2964,   // 0x0500 (1280) pixels
0x2964, 0x2964, 0x2964, 0x2985, 0x2965, 0x2965, 0x2965, 0x2985, 0x2965, 0x2965, 0x3185, 0x2143, 0x5A2F, 0x8AF8, 0x3187, 0x2984,   // 0x0510 (1296) pixels
0x2903, 0x232C, 0x2EDC, 0x228A, 0x2924, 0x2985, 0x2985, 0x2985, 0x2985, 0x2985, 0x2965, 0x2965, 0x2964, 0x2965, 0x2945, 0x2965,   // 0x0520 (1312) pixels
0x2965, 0x2924, 0x2A49, 0x363A, 0x35D9, 0x3DDA, 0x45BA, 0x3BD3, 0x21A7, 0x20E2, 0x2944, 0x2965, 0x2964, 0x2964, 0x2965, 0x2965,   // 0x0530 (1328) pixels
0x2965, 0x2985, 0x2965, 0x2964, 0x2965, 0x2964, 0x2964, 0x2964, 0x2965, 0x2965, 0x2964, 0x2965, 0x2965, 0x2985, 0x2985, 0x2965,   // 0x0540 (1344) pixels
0x3184, 0x2143, 0x5A30, 0x8AF8, 0x3186, 0x2964, 0x2902, 0x232C, 0x2EFC, 0x228A, 0x2924, 0x31A6, 0x3165, 0x3185, 0x2985, 0x2965,   // 0x0550 (1360) pixels
0x2985, 0x2985, 0x2985, 0x2965, 0x2164, 0x2164, 0x2965, 0x2943, 0x2A69, 0x365B, 0x3E5B, 0x4558, 0x32ED, 0x1903, 0x2123, 0x2944,   // 0x0560 (1376) pixels
0x2944, 0x2944, 0x2964, 0x2964, 0x2965, 0x2984, 0x2985, 0x2985, 0x2985, 0x2964, 0x2964, 0x2965, 0x2965, 0x2964, 0x2965, 0x2985,   // 0x0570 (1392) pixels
0x2965, 0x2965, 0x2965, 0x2964, 0x2965, 0x2965, 0x3185, 0x2143, 0x5A2F, 0x8B18, 0x3187, 0x2964, 0x2903, 0x232C, 0x26FC, 0x1A8A,   // 0x0580 (1408) pixels
0x2944, 0x31A6, 0x2985, 0x2985, 0x2965, 0x2965, 0x2985, 0x2985, 0x2965, 0x2964, 0x2964, 0x2964, 0x2944, 0x2944, 0x29A6, 0x3CB4,   // 0x0590 (1424) pixels
0x3432, 0x29C7, 0x2923, 0x2964, 0x2944, 0x2944, 0x2144, 0x2964, 0x2965, 0x2965, 0x2965, 0x2965, 0x3185, 0x2965, 0x2965, 0x2965,   // 0x05A0 (1440) pixels
0x2964, 0x2964, 0x2964, 0x2944, 0x2964, 0x3185, 0x3165, 0x2985, 0x2965, 0x2985, 0x3185, 0x2985, 0x3184, 0x2143, 0x5A2F, 0x8AF8,   // 0x05B0 (1456) pixels
0x3186, 0x2984, 0x2923, 0x232C, 0x2EFD, 0x1A8A, 0x2944, 0x3185, 0x2985, 0x2985, 0x2985, 0x2985, 0x3185, 0x2985, 0x2985, 0x2964,   // 0x05C0 (1472) pixels
0x2964, 0x2964, 0x2944, 0x2964, 0x2944, 0x2124, 0x2103, 0x2944, 0x2985, 0x2965, 0x2965, 0x2965, 0x2964, 0x2965, 0x2964, 0x2984,   // 0x05D0 (1488) pixels
0x2985, 0x2964, 0x2964, 0x2965, 0x2965, 0x2965, 0x2965, 0x2965, 0x2965, 0x2965, 0x2985, 0x3185, 0x2985, 0x2985, 0x2985, 0x3185,   // 0x05E0 (1504) pixels
0x3185, 0x3185, 0x2985, 0x2143, 0x5A2F, 0x8AF8, 0x3186, 0x2984, 0x2923, 0x230C, 0x2EFD, 0x22CA, 0x2923, 0x3185, 0x3185, 0x2985,   // 0x05F0 (1520) pixels
0x3185, 0x3185, 0x3185, 0x2985, 0x2985, 0x2985, 0x2965, 0x2965, 0x2965, 0x2964, 0x2944, 0x2944, 0x2944, 0x2964, 0x2964, 0x2965,   // 0x0600 (1536) pixels
0x2985, 0x2985, 0x2985, 0x2985, 0x2985, 0x2985, 0x2985, 0x2965, 0x2965, 0x2965, 0x2965, 0x2985, 0x2965, 0x2965, 0x2965, 0x2985,   // 0x0610 (1552) pixels
0x3185, 0x3185, 0x3185, 0x2985, 0x3185, 0x3185, 0x2985, 0x3185, 0x31A5, 0x2143, 0x5A2F, 0x82D8, 0x3166, 0x2984, 0x2944, 0x2228,   // 0x0620 (1568) pixels
0x26DC, 0x2430, 0x20E2, 0x2965, 0x3185, 0x2985, 0x31A5, 0x31A5, 0x31A5, 0x31A6, 0x3186, 0x31A6, 0x3185, 0x2965, 0x2965, 0x2965,   // 0x0630 (1584) pixels
0x2964, 0x2965, 0x3184, 0x2965, 0x2965, 0x2985, 0x3185, 0x2985, 0x31A5, 0x3185, 0x31A5, 0x31A5, 0x2984, 0x2985, 0x2985, 0x2985,   // 0x0640 (1600) pixels
0x2965, 0x2985, 0x3185, 0x2965, 0x2965, 0x3185, 0x3185, 0x3185, 0x3185, 0x31A5, 0x31A5, 0x31A5, 0x3185, 0x31A6, 0x3184, 0x2144,   // 0x0650 (1616) pixels
0x7274, 0x7275, 0x2944, 0x3185, 0x31A5, 0x2965, 0x24F4, 0x269A, 0x22AA, 0x18E3, 0x2124, 0x2924, 0x3144, 0x3144, 0x2944, 0x2944,   // 0x0660 (1632) pixels
0x2923, 0x2924, 0x2924, 0x2904, 0x2104, 0x2123, 0x2124, 0x2944, 0x2943, 0x2944, 0x2944, 0x2943, 0x2144, 0x2144, 0x2123, 0x2944,   // 0x0670 (1648) pixels
0x2944, 0x2944, 0x2124, 0x2123, 0x2123, 0x2123, 0x2123, 0x2943, 0x2944, 0x2124, 0x2144, 0x2944, 0x2144, 0x2164, 0x2964, 0x2964,   // 0x0680 (1664) pixels
0x2964, 0x2964, 0x2964, 0x2964, 0x2965, 0x5A2E, 0x8B1A, 0x49EC, 0x2143, 0x2985, 0x31A6, 0x2964, 0x21E7, 0x2577, 0x26BB, 0x1D35,   // 0x0690 (1680) pixels
0x1CD3, 0x2CD4, 0x24B3, 0x2C72, 0x2C72, 0x2C52, 0x2C32, 0x2C32, 0x3432, 0x3432, 0x3C12, 0x3C12, 0x3C12, 0x3BF2, 0x3BF2, 0x3BD2,   // 0x06A0 (1696) pixels
0x43D2, 0x3BD2, 0x43B1, 0x4391, 0x4392, 0x4371, 0x4B71, 0x4B51, 0x4B31, 0x4B31, 0x4B31, 0x4B11, 0x5311, 0x52F1, 0x5311, 0x52F1,   // 0x06B0 (1712) pixels
0x52F1, 0x5AF1, 0x5AF1, 0x5AF1, 0x62F1, 0x5AD1, 0x62D1, 0x62B1, 0x62B1, 0x62B1, 0x7B35, 0x937A, 0x6291, 0x2965, 0x3165, 0x2965,   // 0x06C0 (1728) pixels
0x3185, 0x3185, 0x2944, 0x19C7, 0x2451, 0x2619, 0x263A, 0x2E19, 0x2DD9, 0x2DB8, 0x3578, 0x3578, 0x3578, 0x3578, 0x3D78, 0x3D58,   // 0x06D0 (1744) pixels
0x4558, 0x4538, 0x4538, 0x4518, 0x44F8, 0x4CF8, 0x4CF8, 0x4CD8, 0x54B8, 0x54B7, 0x5497, 0x5C77, 0x5C57, 0x5C37, 0x6437, 0x6437,   // 0x06E0 (1760) pixels
0x6417, 0x63F7, 0x63D7, 0x63D7, 0x63D7, 0x6BB7, 0x6BB7, 0x6BB7, 0x7397, 0x7397, 0x7397, 0x7377, 0x7B77, 0x7B57, 0x7B57, 0x7B57,   // 0x06F0 (1776) pixels
0x72D4, 0x522D, 0x2965, 0x3185, 0x2985, 0x2965, 0x3185, 0x3185, 0x3185, 0x3185, 0x2944, 0x2965, 0x3186, 0x2965, 0x2965, 0x2965,   // 0x0700 (1792) pixels
0x2965, 0x2985, 0x2985, 0x2985, 0x2985, 0x2985, 0x2985, 0x2985, 0x2985, 0x2985, 0x2985, 0x2985, 0x2985, 0x2965, 0x2985, 0x2985,   // 0x0710 (1808) pixels
0x2965, 0x2985, 0x2985, 0x2985, 0x2985, 0x2985, 0x3185, 0x3186, 0x31A6, 0x31A6, 0x29A6, 0x2985, 0x2986, 0x2986, 0x31A6, 0x3186,   // 0x0720 (1824) pixels
0x31A6, 0x31A6, 0x3186, 0x3185, 0x3185, 0x3185, 0x2964, 0x2964, 0x31A5, 0x2985, 0x2985, 0x2965, 0x3165, 0x2985, 0x3165, 0x3185,   // 0x0730 (1840) pixels
0x2984, 0x2964, 0x2944, 0x2944, 0x2944, 0x2964, 0x2964, 0x2964, 0x2964, 0x3164, 0x2964, 0x2964, 0x2964, 0x2964, 0x2964, 0x2944,   // 0x0740 (1856) pixels
0x2964, 0x2964, 0x2964, 0x2944, 0x2944, 0x2964, 0x2944, 0x2964, 0x2964, 0x2964, 0x2964, 0x2964, 0x3185, 0x3185, 0x3185, 0x3185,   // 0x0750 (1872) pixels
0x3185, 0x2964, 0x2964, 0x2985, 0x2985, 0x2985, 0x2985, 0x3185, 0x2985, 0x2964, 0x2964, 0x2984, 0x2985, 0x3185, 0x2985, 0x2985,   // 0x0760 (1888) pixels
0x2964, 0x2985
};

// 4. PAUSE OFF (54x35)
const unsigned short btnPauseOff[btnW * btnH] PROGMEM = {
0x2944, 0x2144, 0x2944, 0x2944, 0x2965, 0x2944, 0x2923, 0x2924, 0x2924, 0x2123, 0x2123, 0x2123, 0x2124, 0x2123, 0x2123, 0x2124,   // 0x0010 (16) pixels
0x2124, 0x2124, 0x2124, 0x2944, 0x2124, 0x2124, 0x2144, 0x2924, 0x2944, 0x2924, 0x2944, 0x2944, 0x2944, 0x2944, 0x2924, 0x2144,   // 0x0020 (32) pixels
0x2144, 0x2144, 0x2143, 0x2124, 0x2944, 0x2144, 0x2123, 0x2123, 0x2124, 0x2143, 0x2143, 0x2144, 0x2144, 0x2124, 0x2123, 0x2124,   // 0x0030 (48) pixels
0x2944, 0x2964, 0x2144, 0x2144, 0x2944, 0x2144, 0x2944, 0x2144, 0x2944, 0x2944, 0x2903, 0x2924, 0x2185, 0x2965, 0x2185, 0x2185,   // 0x0040 (64) pixels
0x2165, 0x2165, 0x2165, 0x2145, 0x2145, 0x2145, 0x2165, 0x2165, 0x2165, 0x2185, 0x2165, 0x2166, 0x2186, 0x2185, 0x2965, 0x2165,   // 0x0050 (80) pixels
0x2965, 0x2945, 0x2945, 0x2945, 0x2965, 0x2965, 0x2965, 0x2965, 0x2965, 0x2145, 0x2965, 0x2145, 0x2145, 0x2145, 0x2144, 0x2965,   // 0x0060 (96) pixels
0x2965, 0x2965, 0x2965, 0x2945, 0x2965, 0x2965, 0x2945, 0x2123, 0x2144, 0x2964, 0x2144, 0x2144, 0x2964, 0x2944, 0x2944, 0x2103,   // 0x0070 (112) pixels
0x1ACB, 0x2556, 0x2619, 0x2E19, 0x2DF9, 0x2DD9, 0x35D9, 0x3DD9, 0x3DB9, 0x3D99, 0x4598, 0x4578, 0x3D58, 0x4558, 0x4558, 0x4558,   // 0x0080 (128) pixels
0x4D38, 0x4D18, 0x4CF7, 0x4CF8, 0x54D8, 0x54D7, 0x54B7, 0x5C77, 0x5C77, 0x5C56, 0x6437, 0x6437, 0x6417, 0x63F7, 0x6BF7, 0x63D7,   // 0x0090 (144) pixels
0x63B6, 0x6BB6, 0x6B96, 0x6B96, 0x7377, 0x7377, 0x7B76, 0x7B57, 0x7B57, 0x7B57, 0x8337, 0x8337, 0x7AF5, 0x5A4F, 0x2945, 0x2124,   // 0x00A0 (160) pixels
0x2144, 0x2944, 0x2944, 0x2944, 0x2103, 0x1BAF, 0x26DD, 0x1E19, 0x24D4, 0x24D4, 0x24D4, 0x2CB4, 0x2C94, 0x3494, 0x3494, 0x3494,   // 0x00B0 (176) pixels
0x3474, 0x3C53, 0x3C53, 0x3C33, 0x3C13, 0x3C12, 0x3BF2, 0x3BD2, 0x3BD2, 0x43F3, 0x43D2, 0x43D3, 0x4BB2, 0x4B93, 0x4B92, 0x4B72,   // 0x00C0 (192) pixels
0x5372, 0x5352, 0x5332, 0x5332, 0x5312, 0x5332, 0x5312, 0x5B12, 0x5B12, 0x6312, 0x6313, 0x62F2, 0x6AF3, 0x6AF3, 0x6AD3, 0x6AD2,   // 0x00D0 (208) pixels
0x6AB2, 0x6A72, 0x72D4, 0x8B59, 0x72B5, 0x2946, 0x2124, 0x2964, 0x2965, 0x2903, 0x1ACB, 0x26BC, 0x1C73, 0x1965, 0x2103, 0x2103,   // 0x00E0 (224) pixels
0x2124, 0x2124, 0x2144, 0x2144, 0x2124, 0x2124, 0x2124, 0x2124, 0x2124, 0x2123, 0x2103, 0x2123, 0x2103, 0x2103, 0x2103, 0x2103,   // 0x00F0 (240) pixels
0x2124, 0x2124, 0x2124, 0x2124, 0x2123, 0x2124, 0x2124, 0x2123, 0x2103, 0x2103, 0x2103, 0x2103, 0x2124, 0x2124, 0x2124, 0x2144,   // 0x0100 (256) pixels
0x2944, 0x2944, 0x2944, 0x2944, 0x2124, 0x2144, 0x2944, 0x2144, 0x2124, 0x41AB, 0x82F8, 0x6251, 0x2123, 0x2965, 0x3164, 0x2144,   // 0x0110 (272) pixels
0x1D76, 0x25F8, 0x1944, 0x2903, 0x2965, 0x2964, 0x2965, 0x2965, 0x3185, 0x31A5, 0x3185, 0x3185, 0x3185, 0x2985, 0x2985, 0x2964,   // 0x0120 (288) pixels
0x2964, 0x2164, 0x2964, 0x2964, 0x2964, 0x2965, 0x2965, 0x2964, 0x2965, 0x2985, 0x2985, 0x2965, 0x2964, 0x2944, 0x2944, 0x2965,   // 0x0130 (304) pixels
0x2965, 0x2944, 0x2944, 0x2964, 0x2965, 0x2965, 0x2985, 0x3185, 0x3185, 0x2965, 0x2965, 0x2964, 0x2965, 0x2965, 0x2965, 0x1902,   // 0x0140 (320) pixels
0x520F, 0x8B38, 0x31A8, 0x2144, 0x3143, 0x29C6, 0x1E7B, 0x24D3, 0x2103, 0x2985, 0x2965, 0x2965, 0x2965, 0x3185, 0x3185, 0x2985,   // 0x0150 (336) pixels
0x2985, 0x2965, 0x2965, 0x2965, 0x2964, 0x2965, 0x2944, 0x2124, 0x2103, 0x2103, 0x2123, 0x2123, 0x2923, 0x2964, 0x2965, 0x2964,   // 0x0160 (352) pixels
0x2964, 0x2944, 0x2123, 0x2123, 0x2123, 0x2123, 0x2123, 0x2944, 0x2964, 0x2944, 0x2964, 0x2965, 0x2985, 0x3185, 0x2965, 0x2964,   // 0x0170 (368) pixels
0x2964, 0x2965, 0x2965, 0x2964, 0x2965, 0x2164, 0x39EA, 0x8B7A, 0x49EB, 0x2143, 0x3124, 0x21C6, 0x1E9B, 0x1CB2, 0x2903, 0x2965,   // 0x0180 (384) pixels
0x2985, 0x2985, 0x3185, 0x3185, 0x3185, 0x2965, 0x2965, 0x2965, 0x2965, 0x2965, 0x2965, 0x2964, 0x2964, 0x2249, 0x228B, 0x224A,   // 0x0190 (400) pixels
0x224A, 0x2A6B, 0x2A29, 0x2964, 0x3184, 0x2985, 0x2964, 0x29A6, 0x322A, 0x31EB, 0x39EA, 0x41EB, 0x420A, 0x2965, 0x2944, 0x2964,   // 0x01A0 (416) pixels
0x2164, 0x2964, 0x2964, 0x2964, 0x2965, 0x2964, 0x2965, 0x2965, 0x2965, 0x2964, 0x2985, 0x2164, 0x39EA, 0x9379, 0x4A0C, 0x2163,   // 0x01B0 (432) pixels
0x3143, 0x21C6, 0x167A, 0x24B3, 0x2923, 0x2985, 0x2985, 0x2985, 0x2985, 0x2985, 0x3185, 0x2985, 0x2965, 0x2965, 0x2964, 0x2944,   // 0x01C0 (448) pixels
0x2944, 0x2923, 0x21E7, 0x35D9, 0x3E3B, 0x3DDA, 0x45BA, 0x459B, 0x4D39, 0x29C7, 0x2923, 0x2984, 0x2165, 0x5B73, 0x743A, 0x73B9,   // 0x01D0 (464) pixels
0x7BBA, 0x8399, 0x8BBA, 0x4A2E, 0x2143, 0x2964, 0x2964, 0x2944, 0x2944, 0x2964, 0x2965, 0x2965, 0x3165, 0x2965, 0x2964, 0x2985,   // 0x01E0 (480) pixels
0x2985, 0x2164, 0x39CA, 0x8B5A, 0x49EB, 0x2163, 0x3143, 0x21C6, 0x167A, 0x1CB2, 0x2923, 0x3185, 0x3185, 0x3185, 0x2985, 0x2985,   // 0x01F0 (496) pixels
0x2985, 0x3185, 0x2965, 0x2965, 0x2965, 0x2964, 0x2944, 0x2903, 0x1A48, 0x35F9, 0x35FA, 0x3DBA, 0x457A, 0x4539, 0x453A, 0x2A29,   // 0x0200 (512) pixels
0x2123, 0x2985, 0x2965, 0x5BB6, 0x6C1A, 0x73B9, 0x7B99, 0x7B59, 0x8B7A, 0x5A70, 0x2143, 0x2945, 0x2964, 0x2964, 0x2964, 0x2965,   // 0x0210 (528) pixels
0x2965, 0x2985, 0x2965, 0x2965, 0x2965, 0x2985, 0x3185, 0x2964, 0x39CA, 0x8B59, 0x49EB, 0x2143, 0x3143, 0x21C6, 0x167A, 0x1CB3,   // 0x0220 (544) pixels
0x2923, 0x2985, 0x2985, 0x3185, 0x3185, 0x3185, 0x3185, 0x3185, 0x2965, 0x2965, 0x2965, 0x2964, 0x2964, 0x2923, 0x2248, 0x2DD9,   // 0x0230 (560) pixels
0x35D9, 0x3D99, 0x457A, 0x4D3A, 0x4D3A, 0x324A, 0x2943, 0x3184, 0x2945, 0x5BB6, 0x6C1A, 0x73B9, 0x7B99, 0x8359, 0x8B5A, 0x5A50,   // 0x0240 (576) pixels
0x2123, 0x2944, 0x2964, 0x2964, 0x2964, 0x2964, 0x2965, 0x2965, 0x2965, 0x2965, 0x3185, 0x3185, 0x3165, 0x2944, 0x39CA, 0x8B39,   // 0x0250 (592) pixels
0x49EB, 0x2143, 0x3143, 0x21C6, 0x167A, 0x1C92, 0x2923, 0x2985, 0x2985, 0x3185, 0x2985, 0x3185, 0x3185, 0x2985, 0x2965, 0x2965,   // 0x0260 (608) pixels
0x2964, 0x2964, 0x2964, 0x3123, 0x2249, 0x35F9, 0x35DA, 0x3D99, 0x457A, 0x4D1A, 0x4D3A, 0x324A, 0x2923, 0x2964, 0x2145, 0x63B6,   // 0x0270 (624) pixels
0x6C1A, 0x73D9, 0x7B99, 0x8359, 0x8B5A, 0x5A50, 0x2143, 0x2964, 0x2964, 0x2944, 0x2964, 0x2944, 0x2985, 0x2985, 0x2985, 0x2985,   // 0x0280 (640) pixels
0x2965, 0x2965, 0x2965, 0x2944, 0x39CA, 0x8B39, 0x49EB, 0x2143, 0x3144, 0x21C6, 0x167A, 0x1C92, 0x2923, 0x3185, 0x2985, 0x2965,   // 0x0290 (656) pixels
0x2965, 0x2965, 0x3185, 0x2965, 0x3185, 0x3185, 0x2965, 0x2964, 0x2964, 0x2923, 0x2249, 0x35F9, 0x35FA, 0x3D9A, 0x4579, 0x453A,   // 0x02A0 (672) pixels
0x4D3A, 0x2A2B, 0x2923, 0x3184, 0x2986, 0x63B7, 0x741A, 0x73D9, 0x7B99, 0x7B59, 0x8B5A, 0x6251, 0x2143, 0x2964, 0x2944, 0x2964,   // 0x02B0 (688) pixels
0x2944, 0x2965, 0x2965, 0x2965, 0x2985, 0x2965, 0x2985, 0x2985, 0x2965, 0x2944, 0x39CA, 0x8B39, 0x49CB, 0x2143, 0x3143, 0x21C6,   // 0x02C0 (704) pixels
0x167A, 0x1C92, 0x2923, 0x3185, 0x2965, 0x2965, 0x2985, 0x2964, 0x2965, 0x2965, 0x2985, 0x3185, 0x2985, 0x2964, 0x2964, 0x2943,   // 0x02D0 (720) pixels
0x2249, 0x2DF9, 0x35FA, 0x3DBA, 0x4579, 0x453A, 0x4D3A, 0x2A4A, 0x2943, 0x2984, 0x2966, 0x63B7, 0x743A, 0x73B9, 0x7B99, 0x8359,   // 0x02E0 (736) pixels
0x8B5A, 0x6250, 0x2144, 0x2964, 0x2965, 0x2964, 0x2964, 0x2965, 0x2965, 0x2964, 0x2965, 0x2965, 0x2985, 0x2985, 0x2985, 0x2964,   // 0x02F0 (752) pixels
0x39A9, 0x8B39, 0x49EC, 0x2143, 0x3124, 0x21C6, 0x169A, 0x1CB3, 0x2923, 0x2985, 0x2965, 0x2985, 0x2985, 0x2985, 0x3185, 0x2964,   // 0x0300 (768) pixels
0x2965, 0x2985, 0x2985, 0x2965, 0x2965, 0x2923, 0x1A49, 0x2DF9, 0x35DA, 0x3DB9, 0x457A, 0x4D3A, 0x4D3B, 0x2A4A, 0x2943, 0x2984,   // 0x0310 (784) pixels
0x2966, 0x63B7, 0x6C1A, 0x73D9, 0x7B99, 0x8359, 0x8B5A, 0x5A70, 0x2143, 0x2984, 0x2965, 0x2964, 0x2964, 0x2985, 0x2964, 0x2964,   // 0x0320 (800) pixels
0x2965, 0x2965, 0x3185, 0x3165, 0x2965, 0x2964, 0x39CA, 0x8B39, 0x49EC, 0x2143, 0x3144, 0x21C6, 0x1E9B, 0x1C92, 0x2923, 0x2985,   // 0x0330 (816) pixels
0x3185, 0x2985, 0x3185, 0x3185, 0x3185, 0x2965, 0x2965, 0x3185, 0x2985, 0x2965, 0x2965, 0x2923, 0x2249, 0x2DF9, 0x35DA, 0x3DB9,   // 0x0340 (832) pixels
0x457A, 0x4D3A, 0x4D3A, 0x322A, 0x2943, 0x2964, 0x2965, 0x63B6, 0x6C3A, 0x73BA, 0x7B99, 0x8359, 0x8B5B, 0x6250, 0x2963, 0x2984,   // 0x0350 (848) pixels
0x2964, 0x2964, 0x2964, 0x2965, 0x2985, 0x2965, 0x2964, 0x2985, 0x2985, 0x2965, 0x2965, 0x2964, 0x39CA, 0x8B39, 0x49EC, 0x2963,   // 0x0360 (864) pixels
0x3144, 0x21C6, 0x167A, 0x1CB2, 0x2923, 0x3185, 0x3185, 0x3185, 0x3185, 0x3185, 0x31A5, 0x3185, 0x2985, 0x3185, 0x2985, 0x2965,   // 0x0370 (880) pixels
0x2964, 0x2923, 0x2249, 0x2DF9, 0x35FA, 0x3DB9, 0x457A, 0x453A, 0x4D3A, 0x2A4A, 0x2964, 0x2964, 0x2965, 0x63B6, 0x6C1A, 0x73B9,   // 0x0380 (896) pixels
0x7B99, 0x8359, 0x8B5B, 0x6270, 0x2963, 0x2965, 0x2965, 0x2944, 0x2964, 0x2985, 0x2965, 0x2965, 0x2985, 0x2965, 0x2965, 0x2985,   // 0x0390 (912) pixels
0x3185, 0x2964, 0x39C9, 0x8B3A, 0x49EC, 0x2963, 0x3144, 0x21E6, 0x167A, 0x1CB2, 0x2923, 0x3185, 0x3185, 0x3185, 0x2985, 0x2985,   // 0x03A0 (928) pixels
0x3185, 0x3185, 0x2985, 0x3185, 0x2985, 0x2965, 0x2964, 0x3123, 0x2249, 0x2DF9, 0x35FA, 0x3DBA, 0x457A, 0x4D3A, 0x553A, 0x322A,   // 0x03B0 (944) pixels
0x2943, 0x2984, 0x2985, 0x63B6, 0x6C1A, 0x73D9, 0x7B99, 0x8359, 0x8B5B, 0x6270, 0x2963, 0x2965, 0x2965, 0x2965, 0x2965, 0x2965,   // 0x03C0 (960) pixels
0x2965, 0x2965, 0x2965, 0x2985, 0x2985, 0x2985, 0x2985, 0x2964, 0x39C9, 0x8339, 0x49EC, 0x2163, 0x3144, 0x21E6, 0x167A, 0x1CB2,   // 0x03D0 (976) pixels
0x2923, 0x2985, 0x2985, 0x3185, 0x3185, 0x3185, 0x31A5, 0x2985, 0x2985, 0x3185, 0x2985, 0x2965, 0x2964, 0x3123, 0x2249, 0x35F9,   // 0x03E0 (992) pixels
0x3DFA, 0x3DBA, 0x457A, 0x4D3A, 0x553B, 0x322A, 0x2943, 0x2984, 0x2985, 0x5BB6, 0x6C3A, 0x73D9, 0x7B9A, 0x8359, 0x8B5B, 0x6250,   // 0x03F0 (1008) pixels
0x2163, 0x2965, 0x2964, 0x2965, 0x2965, 0x2965, 0x2965, 0x2965, 0x2965, 0x2985, 0x3185, 0x2985, 0x2985, 0x2964, 0x39CA, 0x8B39,   // 0x0400 (1024) pixels
0x4A0C, 0x2163, 0x3144, 0x21E6, 0x1E7A, 0x1CB2, 0x2923, 0x2985, 0x2985, 0x3185, 0x31A5, 0x31A5, 0x3185, 0x2985, 0x3185, 0x3185,   // 0x0410 (1040) pixels
0x2964, 0x2164, 0x2964, 0x2923, 0x1A49, 0x35F9, 0x35FA, 0x3DB9, 0x457A, 0x4D3A, 0x553A, 0x2A4A, 0x2964, 0x31A5, 0x2986, 0x5BB6,   // 0x0420 (1056) pixels
0x6C3A, 0x73D9, 0x7B9A, 0x8359, 0x8B5B, 0x6270, 0x2963, 0x2964, 0x2944, 0x2964, 0x2964, 0x2965, 0x2985, 0x2985, 0x2985, 0x2985,   // 0x0430 (1072) pixels
0x2985, 0x2985, 0x2985, 0x2964, 0x39CA, 0x8B3A, 0x49EC, 0x2963, 0x3144, 0x21E6, 0x167A, 0x1CB2, 0x2924, 0x2985, 0x2985, 0x3185,   // 0x0440 (1088) pixels
0x3185, 0x3185, 0x3185, 0x3185, 0x3185, 0x2985, 0x2964, 0x2944, 0x2964, 0x2923, 0x2249, 0x35F9, 0x35FA, 0x3DB9, 0x457A, 0x4D3A,   // 0x0450 (1104) pixels
0x553A, 0x324B, 0x2964, 0x3185, 0x2965, 0x5BB6, 0x6C1A, 0x73D9, 0x7B9A, 0x8359, 0x8B5A, 0x6270, 0x2963, 0x2964, 0x2964, 0x2964,   // 0x0460 (1120) pixels
0x2964, 0x2965, 0x2985, 0x2965, 0x2985, 0x2985, 0x2985, 0x2985, 0x2985, 0x2964, 0x39CA, 0x8B3A, 0x4A0C, 0x2963, 0x3144, 0x21E6,   // 0x0470 (1136) pixels
0x167A, 0x1CB3, 0x2924, 0x31A5, 0x3185, 0x3185, 0x2985, 0x3185, 0x31A5, 0x3185, 0x3185, 0x2985, 0x2965, 0x2965, 0x2964, 0x2923,   // 0x0480 (1152) pixels
0x2249, 0x2DF9, 0x35FA, 0x3DB9, 0x457A, 0x4D3A, 0x553A, 0x324A, 0x2943, 0x2984, 0x2966, 0x5BB6, 0x6C1A, 0x73D9, 0x7B99, 0x8359,   // 0x0490 (1168) pixels
0x8B5B, 0x6250, 0x2143, 0x2965, 0x2965, 0x2965, 0x2964, 0x2985, 0x2965, 0x2965, 0x2965, 0x2985, 0x2985, 0x3185, 0x2985, 0x2964,   // 0x04A0 (1184) pixels
0x39AA, 0x8B3A, 0x49EC, 0x2163, 0x3144, 0x21E6, 0x165A, 0x1C92, 0x2924, 0x2985, 0x3185, 0x3185, 0x3165, 0x3185, 0x3185, 0x2985,   // 0x04B0 (1200) pixels
0x3185, 0x2965, 0x2965, 0x2965, 0x2964, 0x2923, 0x2249, 0x2DF9, 0x35FA, 0x3DB9, 0x457A, 0x4D3A, 0x553A, 0x2A4A, 0x2963, 0x31A5,   // 0x04C0 (1216) pixels
0x2986, 0x5BB6, 0x6C3A, 0x73B9, 0x7B99, 0x8359, 0x8B5B, 0x5A50, 0x2143, 0x2965, 0x2965, 0x2964, 0x2985, 0x3185, 0x2985, 0x2985,   // 0x04D0 (1232) pixels
0x2985, 0x2985, 0x2985, 0x2985, 0x3185, 0x2964, 0x39AA, 0x8B3A, 0x49EC, 0x2143, 0x3144, 0x29C6, 0x165A, 0x1C93, 0x2924, 0x29A5,   // 0x04E0 (1248) pixels
0x2965, 0x2985, 0x2965, 0x3185, 0x3185, 0x3185, 0x2985, 0x2965, 0x2965, 0x2944, 0x2944, 0x2944, 0x2269, 0x2E1A, 0x35FA, 0x3DB9,   // 0x04F0 (1264) pixels
0x457A, 0x4D3A, 0x553A, 0x322A, 0x2964, 0x31A4, 0x2966, 0x5BB6, 0x6C1A, 0x73B9, 0x7B99, 0x8359, 0x8B5A, 0x6270, 0x2163, 0x2965,   // 0x0500 (1280) pixels
0x2965, 0x2965, 0x2965, 0x2965, 0x2985, 0x3185, 0x3185, 0x2985, 0x2985, 0x2965, 0x2985, 0x2964, 0x39CA, 0x8B3A, 0x49EC, 0x2963,   // 0x0510 (1296) pixels
0x3144, 0x21C7, 0x167A, 0x1CB3, 0x2944, 0x3185, 0x3165, 0x2965, 0x2985, 0x3185, 0x31A5, 0x31A5, 0x2985, 0x2965, 0x2965, 0x2965,   // 0x0520 (1312) pixels
0x2944, 0x2923, 0x2269, 0x2DF9, 0x35D9, 0x3D99, 0x455A, 0x4D3A, 0x551A, 0x322A, 0x2963, 0x3185, 0x2965, 0x63B7, 0x6C39, 0x73B9,   // 0x0530 (1328) pixels
0x7B99, 0x8359, 0x8B5A, 0x5A70, 0x2143, 0x2985, 0x2965, 0x2964, 0x2964, 0x2965, 0x2965, 0x2965, 0x2985, 0x2985, 0x3185, 0x3185,   // 0x0540 (1344) pixels
0x2985, 0x2964, 0x39AA, 0x8B1A, 0x49EC, 0x2143, 0x3144, 0x29C6, 0x165A, 0x1CB3, 0x2944, 0x31A5, 0x2985, 0x2964, 0x2985, 0x31A5,   // 0x0550 (1360) pixels
0x31A5, 0x3185, 0x2985, 0x2965, 0x2965, 0x2965, 0x2944, 0x2924, 0x2249, 0x361A, 0x35FA, 0x3DDA, 0x459A, 0x4D5A, 0x555B, 0x324A,   // 0x0560 (1376) pixels
0x2923, 0x2984, 0x2165, 0x63F7, 0x743A, 0x73FA, 0x7BB9, 0x835A, 0x8B7B, 0x5A70, 0x2123, 0x2965, 0x2965, 0x2965, 0x2965, 0x2985,   // 0x0570 (1392) pixels
0x2965, 0x2965, 0x2965, 0x2965, 0x3185, 0x3185, 0x2985, 0x2964, 0x39C9, 0x8B1A, 0x49EC, 0x2143, 0x3144, 0x29E7, 0x167A, 0x1CB3,   // 0x0580 (1408) pixels
0x2944, 0x31A5, 0x2985, 0x3185, 0x3185, 0x3185, 0x2985, 0x3185, 0x3185, 0x3185, 0x2985, 0x2985, 0x2964, 0x2944, 0x21A6, 0x2CF5,   // 0x0590 (1424) pixels
0x3578, 0x3D37, 0x44F7, 0x44F7, 0x4C34, 0x29A6, 0x2944, 0x3164, 0x2944, 0x4AF0, 0x6BD8, 0x6B97, 0x7B77, 0x7B37, 0x7B37, 0x41EA,   // 0x05A0 (1440) pixels
0x2143, 0x2965, 0x2964, 0x2965, 0x2965, 0x2965, 0x2964, 0x2965, 0x2985, 0x2985, 0x2985, 0x2985, 0x3185, 0x2964, 0x39CA, 0x8B3A,   // 0x05B0 (1456) pixels
0x49EC, 0x2963, 0x3164, 0x29E7, 0x167B, 0x1CB3, 0x2944, 0x3185, 0x3185, 0x3185, 0x3185, 0x3185, 0x2985, 0x31A5, 0x31A5, 0x3185,   // 0x05C0 (1472) pixels
0x2965, 0x2965, 0x2964, 0x3185, 0x2944, 0x2144, 0x2166, 0x2165, 0x2165, 0x2166, 0x2165, 0x2964, 0x3185, 0x3185, 0x3185, 0x2144,   // 0x05D0 (1488) pixels
0x2945, 0x2966, 0x2966, 0x2966, 0x2965, 0x2964, 0x3185, 0x2965, 0x2964, 0x2965, 0x2965, 0x2965, 0x2964, 0x2964, 0x3185, 0x3185,   // 0x05E0 (1504) pixels
0x2985, 0x2985, 0x31A5, 0x2964, 0x41EA, 0x8B5A, 0x520C, 0x2963, 0x3965, 0x29E7, 0x165A, 0x1D14, 0x2924, 0x3185, 0x3185, 0x3185,   // 0x05F0 (1520) pixels
0x2985, 0x3185, 0x31A5, 0x31A5, 0x31A5, 0x31A5, 0x3185, 0x2985, 0x2985, 0x2985, 0x2965, 0x2945, 0x2944, 0x2144, 0x2944, 0x2944,   // 0x0600 (1536) pixels
0x2965, 0x2985, 0x2965, 0x2965, 0x2965, 0x2964, 0x2964, 0x2964, 0x2965, 0x2964, 0x2964, 0x2965, 0x2985, 0x2965, 0x2965, 0x2965,   // 0x0610 (1552) pixels
0x2965, 0x3185, 0x2965, 0x2964, 0x2965, 0x2985, 0x3185, 0x3185, 0x3185, 0x2984, 0x41CB, 0x935A, 0x520C, 0x2983, 0x3185, 0x2964,   // 0x0620 (1568) pixels
0x1D55, 0x1E18, 0x2145, 0x3143, 0x31A6, 0x31A6, 0x29A5, 0x31A5, 0x31A5, 0x31A5, 0x31A6, 0x31C6, 0x31A6, 0x31C6, 0x31A5, 0x2985,   // 0x0630 (1584) pixels
0x2965, 0x2965, 0x2965, 0x2965, 0x2965, 0x29A6, 0x3185, 0x2985, 0x2985, 0x2965, 0x2985, 0x3185, 0x31A5, 0x2985, 0x2965, 0x2985,   // 0x0640 (1600) pixels
0x3185, 0x2985, 0x2965, 0x3185, 0x3185, 0x2985, 0x3185, 0x31A6, 0x31A5, 0x3185, 0x3185, 0x2985, 0x3185, 0x31A5, 0x3185, 0x2163,   // 0x0650 (1616) pixels
0x5A2F, 0x8B39, 0x39C8, 0x2984, 0x3185, 0x2903, 0x1ACB, 0x26BC, 0x1C72, 0x21A5, 0x3144, 0x2964, 0x2944, 0x2944, 0x2944, 0x2964,   // 0x0660 (1632) pixels
0x2964, 0x2964, 0x2944, 0x2944, 0x2944, 0x2923, 0x2923, 0x2923, 0x2924, 0x2124, 0x2924, 0x2943, 0x2944, 0x2944, 0x2944, 0x2944,   // 0x0670 (1648) pixels
0x2944, 0x2964, 0x2944, 0x2944, 0x2944, 0x2944, 0x2944, 0x2944, 0x2143, 0x2944, 0x2944, 0x2944, 0x2964, 0x2964, 0x2964, 0x2944,   // 0x0680 (1664) pixels
0x2944, 0x2143, 0x2143, 0x2964, 0x2964, 0x41EB, 0x82D8, 0x6252, 0x2964, 0x3185, 0x3185, 0x2965, 0x2124, 0x2430, 0x271D, 0x2639,   // 0x0690 (1680) pixels
0x24D3, 0x24D3, 0x2CB3, 0x2CB3, 0x2CB3, 0x2C93, 0x3473, 0x2C52, 0x3452, 0x3432, 0x3432, 0x3412, 0x3C12, 0x3BF2, 0x3BD2, 0x3BD2,   // 0x06A0 (1696) pixels
0x43D2, 0x3BB2, 0x43B2, 0x4BB2, 0x4BB2, 0x43B1, 0x4392, 0x4B91, 0x4351, 0x4B51, 0x4B31, 0x4B31, 0x4B31, 0x5311, 0x5311, 0x5311,   // 0x06B0 (1712) pixels
0x5B11, 0x5B11, 0x5AF1, 0x5AF1, 0x5AF2, 0x62D2, 0x62D2, 0x62B1, 0x62B1, 0x5A91, 0x6AB4, 0x8B3A, 0x72B5, 0x3167, 0x2964, 0x2985,   // 0x06C0 (1728) pixels
0x3165, 0x2985, 0x2985, 0x2945, 0x236D, 0x2597, 0x263A, 0x2E19, 0x2DF9, 0x2DD9, 0x35B9, 0x3598, 0x3598, 0x3598, 0x3578, 0x3D58,   // 0x06D0 (1744) pixels
0x3D37, 0x3D38, 0x3D38, 0x4518, 0x4518, 0x4CF8, 0x4CD8, 0x4CF8, 0x54D7, 0x54B7, 0x5497, 0x5C97, 0x5477, 0x5C77, 0x5C57, 0x5C37,   // 0x06E0 (1760) pixels
0x6417, 0x6417, 0x63F7, 0x63D7, 0x63B6, 0x63B7, 0x6BB7, 0x6BB7, 0x73B7, 0x7397, 0x7397, 0x7B97, 0x7B77, 0x7B57, 0x7B37, 0x7B16,   // 0x06F0 (1776) pixels
0x72B5, 0x520E, 0x2946, 0x2944, 0x3185, 0x3185, 0x2985, 0x2985, 0x3185, 0x31A5, 0x3144, 0x3164, 0x2985, 0x29A6, 0x2985, 0x2985,   // 0x0700 (1792) pixels
0x2965, 0x2965, 0x2965, 0x2965, 0x2965, 0x2985, 0x2985, 0x2985, 0x2985, 0x2985, 0x2985, 0x29A5, 0x2985, 0x2985, 0x2985, 0x2985,   // 0x0710 (1808) pixels
0x2985, 0x2985, 0x2985, 0x3185, 0x3186, 0x3186, 0x2965, 0x2985, 0x3165, 0x3165, 0x2965, 0x2965, 0x2945, 0x2965, 0x3186, 0x3186,   // 0x0720 (1824) pixels
0x3186, 0x3185, 0x3185, 0x3186, 0x31A6, 0x2985, 0x2964, 0x2943, 0x2964, 0x2965, 0x2965, 0x2964, 0x2965, 0x2984, 0x3165, 0x3185,   // 0x0730 (1840) pixels
0x31A5, 0x2965, 0x2944, 0x2944, 0x2944, 0x2944, 0x2944, 0x2944, 0x2944, 0x2944, 0x2944, 0x2964, 0x2964, 0x2965, 0x2964, 0x2964,   // 0x0740 (1856) pixels
0x2964, 0x2964, 0x2964, 0x2964, 0x2964, 0x2964, 0x2964, 0x2964, 0x2964, 0x2964, 0x2964, 0x2964, 0x2964, 0x2964, 0x2964, 0x2964,   // 0x0750 (1872) pixels
0x2964, 0x2964, 0x2944, 0x2944, 0x2964, 0x2964, 0x2964, 0x2964, 0x2964, 0x2964, 0x2985, 0x2964, 0x2964, 0x2965, 0x2964, 0x2964,   // 0x0760 (1888) pixels
0x2985, 0x2965
};

// 5. STOP OFF (54x35)
const unsigned short btnStopOff[btnW * btnH] PROGMEM = {
0x2124, 0x2124, 0x2124, 0x2124, 0x2144, 0x2944, 0x2123, 0x2124, 0x2124, 0x2124, 0x2924, 0x2124, 0x2123, 0x2123, 0x2123, 0x2103,   // 0x0010 (16) pixels
0x2103, 0x2124, 0x2123, 0x2124, 0x2123, 0x2103, 0x2124, 0x2123, 0x2123, 0x2124, 0x2123, 0x2123, 0x2123, 0x2123, 0x2124, 0x2124,   // 0x0020 (32) pixels
0x2123, 0x2123, 0x2123, 0x2124, 0x2124, 0x2123, 0x2123, 0x2123, 0x2144, 0x2123, 0x2123, 0x2123, 0x2123, 0x2103, 0x2123, 0x2124,   // 0x0030 (48) pixels
0x2144, 0x2944, 0x2924, 0x2124, 0x2124, 0x2124, 0x2124, 0x2144, 0x2144, 0x2924, 0x20E2, 0x2164, 0x2165, 0x2185, 0x2165, 0x2165,   // 0x0040 (64) pixels
0x2185, 0x2165, 0x2145, 0x2165, 0x2165, 0x2145, 0x2145, 0x2145, 0x2145, 0x2165, 0x2145, 0x2165, 0x2965, 0x2965, 0x2165, 0x2165,   // 0x0050 (80) pixels
0x2165, 0x2165, 0x2145, 0x2145, 0x2145, 0x2945, 0x2945, 0x2945, 0x2945, 0x2965, 0x2945, 0x2945, 0x2945, 0x2965, 0x2945, 0x2145,   // 0x0060 (96) pixels
0x2124, 0x2124, 0x2144, 0x2145, 0x2945, 0x2965, 0x2944, 0x2123, 0x2144, 0x2124, 0x2123, 0x2123, 0x2124, 0x2944, 0x2144, 0x2165,   // 0x0070 (112) pixels
0x23AE, 0x2597, 0x263A, 0x2E3A, 0x2E19, 0x2DF9, 0x35F9, 0x35B9, 0x35B8, 0x3D98, 0x3D78, 0x3D78, 0x3D58, 0x3D58, 0x4558, 0x4538,   // 0x0080 (128) pixels
0x4D18, 0x4D17, 0x4D18, 0x4CF7, 0x54D7, 0x54B7, 0x5497, 0x5477, 0x5C57, 0x5C37, 0x6437, 0x6417, 0x63F7, 0x6C17, 0x6BF7, 0x6BD7,   // 0x0090 (144) pixels
0x6BD7, 0x6BD7, 0x6BB7, 0x6B96, 0x6B76, 0x7356, 0x7356, 0x7356, 0x7B56, 0x7B57, 0x8357, 0x8357, 0x72F4, 0x4A0D, 0x1903, 0x2123,   // 0x00A0 (160) pixels
0x2123, 0x2124, 0x2164, 0x2123, 0x1965, 0x2535, 0x271D, 0x1DB7, 0x24D4, 0x24D4, 0x24D4, 0x2CB4, 0x2CB3, 0x2CB4, 0x3473, 0x3473,   // 0x00B0 (176) pixels
0x3473, 0x3453, 0x3453, 0x3433, 0x3433, 0x3C13, 0x3C12, 0x3BF2, 0x43F2, 0x43F3, 0x43D3, 0x43B2, 0x4BB2, 0x4B92, 0x4B72, 0x4B72,   // 0x00C0 (192) pixels
0x5352, 0x5352, 0x5352, 0x5332, 0x5332, 0x5332, 0x5312, 0x5312, 0x5B12, 0x5AF1, 0x5AF2, 0x5AF2, 0x62F2, 0x62F3, 0x6AF3, 0x6AD3,   // 0x00D0 (208) pixels
0x6AD2, 0x62B2, 0x72D5, 0x8B19, 0x6251, 0x2145, 0x2144, 0x2144, 0x2964, 0x20E3, 0x1C10, 0x26FC, 0x1B6E, 0x2124, 0x2103, 0x2123,   // 0x00E0 (224) pixels
0x2124, 0x2124, 0x2124, 0x2124, 0x2124, 0x2124, 0x2124, 0x2123, 0x2123, 0x2123, 0x2123, 0x2124, 0x2123, 0x2123, 0x2103, 0x2123,   // 0x00F0 (240) pixels
0x2123, 0x2123, 0x2123, 0x2104, 0x2124, 0x2124, 0x2123, 0x2124, 0x2124, 0x2124, 0x2103, 0x2103, 0x2103, 0x2123, 0x2124, 0x2944,   // 0x0100 (256) pixels
0x2964, 0x2964, 0x2965, 0x2964, 0x2144, 0x2124, 0x2123, 0x1903, 0x18E4, 0x49CD, 0x8B39, 0x524F, 0x2124, 0x2944, 0x2124, 0x19C7,   // 0x0110 (272) pixels
0x265A, 0x1CB3, 0x20A2, 0x2944, 0x2944, 0x2945, 0x2965, 0x2985, 0x2985, 0x2985, 0x2985, 0x2985, 0x2965, 0x2985, 0x2964, 0x2944,   // 0x0120 (288) pixels
0x2944, 0x2944, 0x2944, 0x2944, 0x2944, 0x2944, 0x2164, 0x2964, 0x2965, 0x2965, 0x2965, 0x2965, 0x2964, 0x2964, 0x2944, 0x2944,   // 0x0130 (304) pixels
0x2964, 0x2964, 0x2944, 0x2964, 0x2985, 0x2985, 0x31A5, 0x31A5, 0x3185, 0x2985, 0x2965, 0x2944, 0x2964, 0x2944, 0x2124, 0x1903,   // 0x0140 (320) pixels
0x6A93, 0x8317, 0x2965, 0x2964, 0x2903, 0x1A8A, 0x26DC, 0x1B0C, 0x28E3, 0x2965, 0x2965, 0x2964, 0x2985, 0x2985, 0x2965, 0x2965,   // 0x0150 (336) pixels
0x2965, 0x2964, 0x2984, 0x2964, 0x2944, 0x2944, 0x2944, 0x2944, 0x2944, 0x2944, 0x2944, 0x2944, 0x2944, 0x2944, 0x2964, 0x2964,   // 0x0160 (352) pixels
0x2964, 0x2965, 0x2164, 0x2945, 0x2144, 0x2124, 0x2144, 0x2964, 0x2965, 0x2985, 0x2965, 0x2965, 0x3165, 0x2985, 0x2965, 0x2965,   // 0x0170 (368) pixels
0x2964, 0x2964, 0x2964, 0x2964, 0x2984, 0x2123, 0x4A0E, 0x8B58, 0x3187, 0x2163, 0x2903, 0x1ACB, 0x1EDC, 0x1ACB, 0x2903, 0x2964,   // 0x0180 (384) pixels
0x2964, 0x2965, 0x2965, 0x2965, 0x2964, 0x2965, 0x2964, 0x2964, 0x2964, 0x2144, 0x2944, 0x2924, 0x2103, 0x1903, 0x2103, 0x2103,   // 0x0190 (400) pixels
0x2123, 0x2123, 0x2123, 0x2123, 0x2103, 0x2123, 0x2123, 0x2103, 0x2103, 0x2123, 0x1923, 0x2123, 0x2144, 0x2144, 0x2965, 0x2964,   // 0x01A0 (416) pixels
0x2985, 0x2985, 0x2964, 0x2985, 0x2965, 0x2964, 0x2964, 0x2965, 0x2965, 0x2964, 0x2965, 0x2123, 0x522E, 0x8B39, 0x3188, 0x2164,   // 0x01B0 (432) pixels
0x2903, 0x1ACB, 0x1EFC, 0x1ACB, 0x2923, 0x3185, 0x2965, 0x2985, 0x2985, 0x2964, 0x2965, 0x2965, 0x2964, 0x2944, 0x2944, 0x2944,   // 0x01C0 (448) pixels
0x2944, 0x1944, 0x2C11, 0x34F5, 0x3C94, 0x3C74, 0x3C54, 0x4434, 0x43F4, 0x4BD4, 0x4BB3, 0x5393, 0x5373, 0x5333, 0x5B13, 0x5B13,   // 0x01D0 (464) pixels
0x6313, 0x62F3, 0x7314, 0x5A6F, 0x2964, 0x2964, 0x2965, 0x2964, 0x2964, 0x2965, 0x2965, 0x2965, 0x2965, 0x2965, 0x2965, 0x3185,   // 0x01E0 (480) pixels
0x3185, 0x2143, 0x522E, 0x8B39, 0x3188, 0x2143, 0x2903, 0x1AEB, 0x1F1C, 0x1AEB, 0x2903, 0x3184, 0x2985, 0x2985, 0x2985, 0x2985,   // 0x01F0 (496) pixels
0x2965, 0x2964, 0x2965, 0x2944, 0x2124, 0x2944, 0x2903, 0x1A28, 0x2E7B, 0x2E7C, 0x363B, 0x3DFB, 0x45DC, 0x4D9B, 0x4D7B, 0x553B,   // 0x0200 (512) pixels
0x5CFB, 0x64DB, 0x6C7B, 0x6C5B, 0x743A, 0x7BFA, 0x7BFA, 0x83BA, 0x8B7A, 0x8318, 0x2966, 0x2143, 0x2964, 0x2944, 0x2965, 0x2965,   // 0x0210 (528) pixels
0x2985, 0x2965, 0x2965, 0x3185, 0x2985, 0x3185, 0x3185, 0x2143, 0x522D, 0x8B39, 0x3188, 0x2144, 0x2903, 0x1B0B, 0x1EFC, 0x1AEB,   // 0x0220 (544) pixels
0x2903, 0x3185, 0x2985, 0x2965, 0x2985, 0x2985, 0x2985, 0x2965, 0x2964, 0x2964, 0x2944, 0x2944, 0x2903, 0x1A49, 0x263A, 0x2E1A,   // 0x0230 (560) pixels
0x35FA, 0x3DBA, 0x3D9A, 0x4D5A, 0x4D3A, 0x54F9, 0x54D9, 0x5C9A, 0x645A, 0x6C19, 0x6BF9, 0x73D9, 0x73B9, 0x7B79, 0x8359, 0x7AD8,   // 0x0240 (576) pixels
0x3166, 0x2123, 0x2964, 0x2964, 0x2965, 0x2964, 0x2985, 0x2965, 0x2965, 0x3185, 0x2985, 0x3185, 0x2985, 0x2143, 0x522E, 0x8B39,   // 0x0250 (592) pixels
0x3188, 0x2944, 0x2903, 0x1AEB, 0x1EFC, 0x12CB, 0x2903, 0x3164, 0x2985, 0x3185, 0x2985, 0x2985, 0x2985, 0x2985, 0x2964, 0x2944,   // 0x0260 (608) pixels
0x2944, 0x2944, 0x3103, 0x1A28, 0x2E3A, 0x2E1A, 0x35FA, 0x3DDA, 0x459A, 0x4D5A, 0x4D3A, 0x551A, 0x54DA, 0x5C9A, 0x645A, 0x6C3A,   // 0x0270 (624) pixels
0x73FA, 0x7BD9, 0x7BB9, 0x7B99, 0x8339, 0x82F8, 0x2966, 0x2944, 0x2945, 0x2964, 0x2985, 0x2965, 0x2985, 0x2965, 0x3185, 0x2985,   // 0x0280 (640) pixels
0x3185, 0x2985, 0x3185, 0x2143, 0x522E, 0x8B39, 0x3188, 0x2944, 0x2903, 0x1AEB, 0x1EFC, 0x12CB, 0x2903, 0x3164, 0x2965, 0x3185,   // 0x0290 (656) pixels
0x2985, 0x2985, 0x2985, 0x2965, 0x2965, 0x2944, 0x2944, 0x2944, 0x3103, 0x1A48, 0x2E3A, 0x2E1A, 0x35FA, 0x3DBA, 0x459A, 0x4D5A,   // 0x02A0 (672) pixels
0x4D3A, 0x551A, 0x54DA, 0x5C9A, 0x645A, 0x6C3A, 0x73FA, 0x73D9, 0x7BB9, 0x7B79, 0x8B5A, 0x82F8, 0x3167, 0x2944, 0x2964, 0x2964,   // 0x02B0 (688) pixels
0x2965, 0x2965, 0x2985, 0x2985, 0x3185, 0x2985, 0x2985, 0x2985, 0x2985, 0x2143, 0x522E, 0x8B39, 0x3988, 0x2944, 0x2903, 0x1AEB,   // 0x02C0 (704) pixels
0x1EFC, 0x12CB, 0x2903, 0x3164, 0x2965, 0x2965, 0x2965, 0x2985, 0x2965, 0x2965, 0x2965, 0x2964, 0x2944, 0x2964, 0x3123, 0x1A49,   // 0x02D0 (720) pixels
0x263A, 0x2E1A, 0x35DA, 0x3DBA, 0x459A, 0x455A, 0x4D3A, 0x54FA, 0x54DA, 0x5C9A, 0x6C5A, 0x6C19, 0x73FA, 0x73D9, 0x7BB9, 0x7B99,   // 0x02E0 (736) pixels
0x8339, 0x7AF8, 0x3167, 0x2964, 0x2965, 0x2944, 0x2965, 0x2964, 0x2985, 0x3185, 0x2985, 0x3185, 0x2985, 0x2985, 0x2985, 0x2944,   // 0x02F0 (752) pixels
0x522E, 0x8B39, 0x3188, 0x2943, 0x2903, 0x1AEB, 0x1F1D, 0x12CC, 0x2903, 0x3164, 0x2965, 0x2985, 0x2985, 0x2985, 0x2965, 0x2965,   // 0x0300 (768) pixels
0x2965, 0x2944, 0x2144, 0x2964, 0x2923, 0x1A49, 0x2E3A, 0x2E3A, 0x35FA, 0x3DBA, 0x457A, 0x457A, 0x4D3A, 0x54FA, 0x54DA, 0x649A,   // 0x0310 (784) pixels
0x643A, 0x6C3A, 0x6BF9, 0x7BD9, 0x7BB9, 0x7B79, 0x835A, 0x7AF7, 0x3187, 0x2964, 0x2965, 0x2965, 0x2985, 0x2985, 0x2985, 0x3185,   // 0x0320 (800) pixels
0x2985, 0x2985, 0x2985, 0x2985, 0x2965, 0x2943, 0x522E, 0x8B39, 0x3988, 0x2944, 0x2903, 0x1B0B, 0x1F1D, 0x1AEB, 0x2903, 0x3165,   // 0x0330 (816) pixels
0x2985, 0x2965, 0x2985, 0x2985, 0x2965, 0x2965, 0x2964, 0x2944, 0x2944, 0x2964, 0x3123, 0x1A49, 0x263A, 0x2E1A, 0x35FA, 0x3DBA,   // 0x0340 (832) pixels
0x459A, 0x4D5A, 0x4D3A, 0x54FA, 0x5CBA, 0x5C7A, 0x643A, 0x6C1A, 0x6C1A, 0x73B9, 0x7BB9, 0x8379, 0x8339, 0x7AF8, 0x3187, 0x2964,   // 0x0350 (848) pixels
0x2965, 0x2964, 0x2985, 0x2984, 0x2984, 0x3185, 0x3185, 0x2965, 0x2985, 0x3165, 0x2965, 0x2143, 0x522E, 0x8B39, 0x3188, 0x2144,   // 0x0360 (864) pixels
0x2903, 0x1AEB, 0x1EFC, 0x12CB, 0x2923, 0x3165, 0x2985, 0x2965, 0x2985, 0x3185, 0x3185, 0x3185, 0x2964, 0x2964, 0x2964, 0x2965,   // 0x0370 (880) pixels
0x3123, 0x1A49, 0x265A, 0x2E3A, 0x35FA, 0x3DBA, 0x457A, 0x455A, 0x553A, 0x54FA, 0x54DA, 0x5C9A, 0x643A, 0x6C1A, 0x6BFA, 0x73B9,   // 0x0380 (896) pixels
0x7BB9, 0x7B79, 0x8359, 0x7AF8, 0x3187, 0x2964, 0x2965, 0x2964, 0x2985, 0x2984, 0x2964, 0x3185, 0x3185, 0x2985, 0x2965, 0x3165,   // 0x0390 (912) pixels
0x2965, 0x2143, 0x522E, 0x8B39, 0x31A8, 0x2964, 0x2903, 0x1B0C, 0x1EFD, 0x1ACB, 0x2903, 0x3185, 0x2985, 0x2985, 0x3185, 0x3185,   // 0x03A0 (928) pixels
0x2965, 0x2985, 0x2965, 0x2965, 0x2944, 0x2964, 0x2923, 0x1A49, 0x263A, 0x2E3A, 0x35FA, 0x3DBA, 0x457A, 0x455A, 0x4D19, 0x54F9,   // 0x03B0 (944) pixels
0x54DA, 0x5C9A, 0x643A, 0x6C1A, 0x6BF9, 0x73D9, 0x7BB9, 0x7B79, 0x835A, 0x7AF8, 0x3167, 0x2964, 0x2985, 0x2965, 0x2965, 0x2965,   // 0x03C0 (960) pixels
0x2985, 0x2985, 0x2985, 0x2985, 0x2965, 0x2985, 0x2985, 0x2143, 0x522E, 0x8B39, 0x31A8, 0x2964, 0x2923, 0x1B0B, 0x1EFC, 0x1ACB,   // 0x03D0 (976) pixels
0x2903, 0x3185, 0x2985, 0x2985, 0x2985, 0x2985, 0x3185, 0x2965, 0x2965, 0x2164, 0x2944, 0x2965, 0x2923, 0x1A49, 0x265A, 0x2E1A,   // 0x03E0 (992) pixels
0x35DA, 0x3DBA, 0x459A, 0x4D5A, 0x553A, 0x54FA, 0x54DA, 0x5C9A, 0x6C5A, 0x6C3A, 0x6BF9, 0x73D9, 0x7BB9, 0x7B99, 0x835A, 0x7B18,   // 0x03F0 (1008) pixels
0x3187, 0x2964, 0x2965, 0x2965, 0x2965, 0x2985, 0x2985, 0x2985, 0x2985, 0x3185, 0x2985, 0x3185, 0x2985, 0x2143, 0x522D, 0x8B38,   // 0x0400 (1024) pixels
0x39A8, 0x2964, 0x2923, 0x1AEB, 0x1EFC, 0x12CB, 0x2903, 0x3165, 0x2985, 0x2985, 0x3185, 0x3185, 0x3185, 0x2965, 0x2985, 0x2965,   // 0x0410 (1040) pixels
0x2944, 0x2965, 0x2923, 0x1A49, 0x263A, 0x2E1A, 0x35DA, 0x3DB9, 0x4579, 0x455A, 0x4D3A, 0x54FA, 0x54DA, 0x649A, 0x6C5A, 0x6C3A,   // 0x0420 (1056) pixels
0x6C1A, 0x73D9, 0x7BB9, 0x7B99, 0x8359, 0x7B17, 0x3187, 0x2963, 0x2964, 0x2964, 0x2965, 0x2985, 0x2985, 0x2985, 0x2985, 0x3185,   // 0x0430 (1072) pixels
0x3185, 0x3185, 0x2985, 0x2143, 0x520D, 0x8B39, 0x39A8, 0x2964, 0x2903, 0x1AEB, 0x1EFC, 0x12CB, 0x2903, 0x3165, 0x2985, 0x3185,   // 0x0440 (1088) pixels
0x2985, 0x3185, 0x2985, 0x2985, 0x2964, 0x2965, 0x2944, 0x2965, 0x2923, 0x1A49, 0x263A, 0x2E1A, 0x35FA, 0x3DB9, 0x4579, 0x4D5A,   // 0x0450 (1104) pixels
0x4D3A, 0x54FA, 0x5CDA, 0x649A, 0x6C5A, 0x6C3A, 0x6C19, 0x73D9, 0x7B99, 0x7B79, 0x835A, 0x7B18, 0x3187, 0x2964, 0x2965, 0x2964,   // 0x0460 (1120) pixels
0x2964, 0x2965, 0x2985, 0x2985, 0x2985, 0x2985, 0x2965, 0x3185, 0x2985, 0x2143, 0x522E, 0x8B38, 0x39A8, 0x2964, 0x2923, 0x1AEB,   // 0x0470 (1136) pixels
0x1EFC, 0x1AEB, 0x2923, 0x3184, 0x2985, 0x2985, 0x3185, 0x2985, 0x3185, 0x2965, 0x2985, 0x2944, 0x2944, 0x2964, 0x2923, 0x1A49,   // 0x0480 (1152) pixels
0x263A, 0x2E1A, 0x35FA, 0x3DBA, 0x459A, 0x4D5A, 0x551A, 0x54FA, 0x5CDA, 0x649A, 0x6C5A, 0x6C3A, 0x6C19, 0x73D9, 0x7BB9, 0x7B99,   // 0x0490 (1168) pixels
0x835A, 0x7B18, 0x3187, 0x2964, 0x2965, 0x2964, 0x2965, 0x2985, 0x3185, 0x3185, 0x3185, 0x2965, 0x2965, 0x3185, 0x2965, 0x2143,   // 0x04A0 (1184) pixels
0x522E, 0x8B38, 0x31A8, 0x2964, 0x2903, 0x1AEC, 0x1EFC, 0x12EB, 0x2923, 0x3185, 0x2985, 0x2985, 0x3185, 0x3185, 0x3185, 0x2965,   // 0x04B0 (1200) pixels
0x2985, 0x2964, 0x2944, 0x3165, 0x2903, 0x1A49, 0x263A, 0x2E1A, 0x35DA, 0x3DBA, 0x457A, 0x455A, 0x553A, 0x54FA, 0x5CBA, 0x649A,   // 0x04C0 (1216) pixels
0x6C5A, 0x6C3A, 0x6BF9, 0x73DA, 0x7BB9, 0x7B99, 0x8359, 0x7B18, 0x3187, 0x2944, 0x2964, 0x2965, 0x2964, 0x2985, 0x2965, 0x3185,   // 0x04D0 (1232) pixels
0x3185, 0x3165, 0x2985, 0x2985, 0x2965, 0x2143, 0x522E, 0x8B39, 0x39A8, 0x2964, 0x2903, 0x1AEB, 0x1EFC, 0x12EC, 0x2923, 0x3184,   // 0x04E0 (1248) pixels
0x2985, 0x3185, 0x3185, 0x3185, 0x2985, 0x2965, 0x2964, 0x2965, 0x2944, 0x2964, 0x2903, 0x1A28, 0x263A, 0x2E1A, 0x35FA, 0x3DB9,   // 0x04F0 (1264) pixels
0x4579, 0x4D5A, 0x4D1A, 0x54FA, 0x5CBA, 0x649A, 0x645A, 0x6C39, 0x6C1A, 0x73DA, 0x7BB9, 0x7B79, 0x835A, 0x7AF8, 0x3187, 0x2944,   // 0x0500 (1280) pixels
0x2964, 0x2964, 0x2964, 0x2965, 0x2965, 0x3185, 0x3185, 0x3185, 0x2985, 0x2985, 0x2985, 0x2143, 0x522D, 0x8B19, 0x3188, 0x2944,   // 0x0510 (1296) pixels
0x2903, 0x1B0B, 0x1EFC, 0x1AEB, 0x2923, 0x3185, 0x2965, 0x2985, 0x3185, 0x2985, 0x3185, 0x2964, 0x2964, 0x2944, 0x2944, 0x2944,   // 0x0520 (1312) pixels
0x2903, 0x1A49, 0x263A, 0x2E1A, 0x35D9, 0x35B9, 0x457A, 0x453A, 0x4D19, 0x54D9, 0x54B9, 0x5C99, 0x6439, 0x6439, 0x6BF9, 0x73D9,   // 0x0530 (1328) pixels
0x7BB9, 0x7B79, 0x8359, 0x7AF8, 0x3167, 0x2143, 0x2945, 0x2944, 0x2965, 0x2965, 0x2965, 0x2985, 0x2985, 0x3185, 0x2985, 0x2985,   // 0x0540 (1344) pixels
0x3185, 0x2143, 0x522D, 0x8B18, 0x3988, 0x2944, 0x2923, 0x1AEB, 0x1F1C, 0x1AEC, 0x2923, 0x3185, 0x3185, 0x2965, 0x2965, 0x2965,   // 0x0550 (1360) pixels
0x2965, 0x2944, 0x2964, 0x2964, 0x2944, 0x2964, 0x2924, 0x2228, 0x365A, 0x367C, 0x363B, 0x3E1B, 0x45DB, 0x4D9B, 0x555A, 0x551A,   // 0x0560 (1376) pixels
0x5CFA, 0x64DA, 0x6C9A, 0x6C7B, 0x743B, 0x741A, 0x7BFA, 0x83BA, 0x8B9B, 0x7B38, 0x2946, 0x2144, 0x2944, 0x2944, 0x2965, 0x2985,   // 0x0570 (1392) pixels
0x2985, 0x2985, 0x3185, 0x3185, 0x2985, 0x3185, 0x2985, 0x2944, 0x522E, 0x8B18, 0x3188, 0x2964, 0x2903, 0x1AEB, 0x1EFD, 0x1AEB,   // 0x0580 (1408) pixels
0x2923, 0x3165, 0x2985, 0x3185, 0x2965, 0x2985, 0x2965, 0x2965, 0x2965, 0x2965, 0x2965, 0x2964, 0x2985, 0x2944, 0x2ACB, 0x2B6E,   // 0x0590 (1424) pixels
0x2B4D, 0x2B2D, 0x330D, 0x330D, 0x3AED, 0x3ACD, 0x3AAD, 0x42AD, 0x428D, 0x4A8E, 0x4A8E, 0x4A6E, 0x4A4D, 0x4A4D, 0x524E, 0x41CA,   // 0x05A0 (1440) pixels
0x2964, 0x2965, 0x2964, 0x2964, 0x2964, 0x2964, 0x2985, 0x2985, 0x3185, 0x3185, 0x3185, 0x3185, 0x3185, 0x2144, 0x520E, 0x8B18,   // 0x05B0 (1456) pixels
0x39A8, 0x2964, 0x2923, 0x1ACB, 0x1EDC, 0x1AEB, 0x2903, 0x3165, 0x2985, 0x2985, 0x2965, 0x2985, 0x3185, 0x3185, 0x3185, 0x3185,   // 0x05C0 (1472) pixels
0x2985, 0x2985, 0x2965, 0x2964, 0x2103, 0x20E2, 0x20E2, 0x20E2, 0x20E2, 0x2102, 0x2123, 0x2103, 0x2103, 0x2103, 0x2123, 0x2123,   // 0x05D0 (1488) pixels
0x2123, 0x2102, 0x1902, 0x2102, 0x2122, 0x2123, 0x2985, 0x2964, 0x2965, 0x2965, 0x2944, 0x2965, 0x2985, 0x3185, 0x3185, 0x3185,   // 0x05E0 (1504) pixels
0x3185, 0x3185, 0x2965, 0x2944, 0x522E, 0x8B39, 0x39A8, 0x2964, 0x2903, 0x1A89, 0x1EBB, 0x1B0C, 0x2902, 0x3184, 0x2985, 0x2965,   // 0x05F0 (1520) pixels
0x2985, 0x2985, 0x3185, 0x3185, 0x31A5, 0x31A6, 0x31A5, 0x2985, 0x2984, 0x2965, 0x2965, 0x2965, 0x2985, 0x2965, 0x2985, 0x2985,   // 0x0600 (1536) pixels
0x2985, 0x3185, 0x3185, 0x3185, 0x3185, 0x2985, 0x2985, 0x2965, 0x2965, 0x2985, 0x2965, 0x2965, 0x2965, 0x2965, 0x2965, 0x2985,   // 0x0610 (1552) pixels
0x3185, 0x2985, 0x3185, 0x3185, 0x2985, 0x2965, 0x2985, 0x3185, 0x3185, 0x2964, 0x522E, 0x8B38, 0x39A8, 0x2964, 0x2944, 0x21A6,   // 0x0620 (1568) pixels
0x1E59, 0x1C72, 0x28E2, 0x3184, 0x31A6, 0x31A5, 0x31A5, 0x31A5, 0x31A5, 0x31A5, 0x31A6, 0x29A5, 0x29A5, 0x2985, 0x3185, 0x2985,   // 0x0630 (1584) pixels
0x2985, 0x2965, 0x2985, 0x2985, 0x2985, 0x2985, 0x2965, 0x3185, 0x3185, 0x3185, 0x3185, 0x2985, 0x2965, 0x2985, 0x2965, 0x2985,   // 0x0640 (1600) pixels
0x2985, 0x2965, 0x2965, 0x2965, 0x2985, 0x29A5, 0x31A5, 0x31A5, 0x31A5, 0x3185, 0x31A5, 0x3185, 0x3185, 0x3185, 0x2964, 0x2143,   // 0x0650 (1616) pixels
0x72B3, 0x8317, 0x3186, 0x3185, 0x2965, 0x2103, 0x1C72, 0x26FC, 0x2B8E, 0x2944, 0x2944, 0x2944, 0x2944, 0x2924, 0x2944, 0x2944,   // 0x0660 (1632) pixels
0x2944, 0x2944, 0x2924, 0x2924, 0x2924, 0x2124, 0x2923, 0x2944, 0x2944, 0x2943, 0x2924, 0x2924, 0x2944, 0x2944, 0x2944, 0x2943,   // 0x0670 (1648) pixels
0x2944, 0x2944, 0x2924, 0x2143, 0x2944, 0x2123, 0x2144, 0x2944, 0x2143, 0x2144, 0x2144, 0x2144, 0x2944, 0x2964, 0x2985, 0x2964,   // 0x0680 (1664) pixels
0x2964, 0x2944, 0x2144, 0x2123, 0x2123, 0x49EC, 0x8B19, 0x5A2F, 0x2944, 0x3185, 0x2985, 0x3144, 0x21C7, 0x25D7, 0x275D, 0x2597,   // 0x0690 (1680) pixels
0x24D3, 0x24D3, 0x2CB3, 0x2C93, 0x2C92, 0x2C72, 0x2C72, 0x3452, 0x3432, 0x3432, 0x3412, 0x3C12, 0x3BF1, 0x3BF2, 0x3BF2, 0x43F2,   // 0x06A0 (1696) pixels
0x43D2, 0x43B1, 0x43B2, 0x43B1, 0x43B2, 0x4392, 0x4B71, 0x4B71, 0x4B52, 0x4B52, 0x5331, 0x5332, 0x4B31, 0x5311, 0x5311, 0x5311,   // 0x06B0 (1712) pixels
0x52F1, 0x52F1, 0x52D1, 0x5AF1, 0x5AF2, 0x62F2, 0x62F2, 0x62F2, 0x62D2, 0x62B2, 0x72D4, 0x82F9, 0x6231, 0x2144, 0x2964, 0x3185,   // 0x06C0 (1728) pixels
0x2965, 0x2985, 0x2944, 0x29C6, 0x2430, 0x25D8, 0x2639, 0x2619, 0x25D8, 0x2DB8, 0x2DB8, 0x2DB8, 0x3598, 0x3598, 0x3578, 0x3D58,   // 0x06D0 (1744) pixels
0x3D38, 0x4538, 0x4518, 0x44F7, 0x4CF7, 0x4CF7, 0x4CD7, 0x4CD7, 0x4CB7, 0x54B7, 0x5497, 0x5477, 0x5C77, 0x5C57, 0x5C57, 0x5C37,   // 0x06E0 (1760) pixels
0x6417, 0x6417, 0x6417, 0x63F7, 0x6BF7, 0x6BD7, 0x6BB7, 0x6BB7, 0x6B97, 0x6B97, 0x7377, 0x7356, 0x7B77, 0x7B77, 0x7B57, 0x8337,   // 0x06F0 (1776) pixels
0x72D5, 0x49EC, 0x2124, 0x2944, 0x2965, 0x2985, 0x2964, 0x2964, 0x3185, 0x3165, 0x3123, 0x3164, 0x2185, 0x2965, 0x2164, 0x2164,   // 0x0700 (1792) pixels
0x2965, 0x2965, 0x2965, 0x2965, 0x2965, 0x2965, 0x2985, 0x2965, 0x2985, 0x2985, 0x2985, 0x2985, 0x2985, 0x2985, 0x2985, 0x2985,   // 0x0710 (1808) pixels
0x2985, 0x3185, 0x2985, 0x2985, 0x2965, 0x2965, 0x2965, 0x2985, 0x2986, 0x2986, 0x2986, 0x2986, 0x2985, 0x3186, 0x2985, 0x3186,   // 0x0720 (1824) pixels
0x3186, 0x2965, 0x2965, 0x2965, 0x2985, 0x3186, 0x2964, 0x2964, 0x2985, 0x2965, 0x2965, 0x2965, 0x2965, 0x2964, 0x2965, 0x2965,   // 0x0730 (1840) pixels
0x2964, 0x2964, 0x2944, 0x2944, 0x2944, 0x2944, 0x2964, 0x2944, 0x2944, 0x2944, 0x2944, 0x2944, 0x2964, 0x2964, 0x2964, 0x2964,   // 0x0740 (1856) pixels
0x2964, 0x2944, 0x2944, 0x2964, 0x2964, 0x2944, 0x2944, 0x2964, 0x2964, 0x2964, 0x2944, 0x2964, 0x2944, 0x2944, 0x2944, 0x2944,   // 0x0750 (1872) pixels
0x2964, 0x2964, 0x2964, 0x2964, 0x2985, 0x3185, 0x3185, 0x3185, 0x2964, 0x2964, 0x2964, 0x2964, 0x2984, 0x2964, 0x2985, 0x2965,   // 0x0760 (1888) pixels
0x2965, 0x2985
};

// =========================================================
// DYNAMIC BUTTONS (ON/ACTIVE STATE)
// =========================================================

// 6. PLAY ON (54x35)
const unsigned short btnPlayOn[btnW * btnH] PROGMEM = {
0x39A4, 0x41C4, 0x4A24, 0x5A83, 0x5A83, 0x5A83, 0x6283, 0x62A3, 0x6282, 0x6282, 0x6282, 0x6282, 0x5AA2, 0x62A2, 0x62A3, 0x62A3,   // 0x0010 (16) pixels
0x62A2, 0x62A3, 0x62A3, 0x62A2, 0x62A3, 0x62A3, 0x62A3, 0x62A3, 0x62A3, 0x62A3, 0x62A3, 0x62C2, 0x62A3, 0x6AA3, 0x6AA2, 0x6AA3,   // 0x0020 (32) pixels
0x62A3, 0x62C2, 0x62A3, 0x62A3, 0x62A2, 0x62A2, 0x62A2, 0x6AA3, 0x62A3, 0x62C2, 0x6AA3, 0x6AC3, 0x6AA3, 0x6AA2, 0x6AA3, 0x62A3,   // 0x0030 (48) pixels
0x5A63, 0x5A63, 0x5263, 0x4A24, 0x41C4, 0x39A4, 0x39A4, 0x4203, 0x5263, 0x5A82, 0x8BC3, 0xBD43, 0xCDC3, 0xC5C3, 0xC5A3, 0xC5A3,   // 0x0040 (64) pixels
0xC5A3, 0xC583, 0xC583, 0xC5A3, 0xC5A4, 0xC5A4, 0xC5A3, 0xC5A4, 0xC5A3, 0xC5A4, 0xC5A4, 0xC5A3, 0xC5A3, 0xC5A4, 0xC5A4, 0xC5A4,   // 0x0050 (80) pixels
0xC584, 0xC5A4, 0xC5A4, 0xC5A4, 0xC5A4, 0xC5A4, 0xC5A4, 0xC5A4, 0xC5A4, 0xC5A4, 0xC5A4, 0xC5A4, 0xC5A3, 0xC5A3, 0xC5A4, 0xC5A4,   // 0x0060 (96) pixels
0xC5A4, 0xC5C4, 0xC5A3, 0xC5A3, 0xC5C3, 0xC5A3, 0xACC2, 0x7B41, 0x62A2, 0x5A63, 0x4A03, 0x39E4, 0x49E3, 0x5243, 0x5241, 0x9C81,   // 0x0070 (112) pixels
0xFF61, 0xFFE2, 0xFFE2, 0xFFE2, 0xFFE2, 0xFFE2, 0xFFE2, 0xFFC3, 0xFFC2, 0xFFC2, 0xFFC2, 0xFFC3, 0xFFC3, 0xFFC3, 0xFFC3, 0xFFC3,   // 0x0080 (128) pixels
0xFFC3, 0xFFC3, 0xFFC3, 0xFFC2, 0xFFE3, 0xFFC3, 0xFFC3, 0xFFC3, 0xFFC3, 0xFFC3, 0xFFC3, 0xFFC3, 0xFFC3, 0xFFC3, 0xFFC3, 0xFFC3,   // 0x0090 (144) pixels
0xFFC3, 0xFFC3, 0xFFC3, 0xFFC3, 0xFFC3, 0xFFC3, 0xFFC3, 0xFFC3, 0xFFC2, 0xFFC2, 0xFFC2, 0xFFA2, 0xFFE2, 0xF722, 0x9C41, 0x6281,   // 0x00A0 (160) pixels
0x5263, 0x4204, 0x5263, 0x5A82, 0x9C41, 0xFFA2, 0xE6C1, 0x9421, 0x7B81, 0x83C1, 0x83C2, 0x83C2, 0x83C2, 0x83A2, 0x83A1, 0x7B81,   // 0x00B0 (176) pixels
0x7B82, 0x7362, 0x7362, 0x7341, 0x7B62, 0x7B61, 0x7B82, 0x7B82, 0x7B81, 0x7B81, 0x7B81, 0x7B81, 0x8382, 0x7B82, 0x7B81, 0x7B82,   // 0x00C0 (192) pixels
0x7B61, 0x7B81, 0x7B61, 0x7B61, 0x7B61, 0x7B81, 0x7B82, 0x7B82, 0x7B81, 0x7B81, 0x7B61, 0x7B81, 0x7B81, 0x7B82, 0x7B81, 0x7B81,   // 0x00D0 (208) pixels
0x7B61, 0x7341, 0x9C61, 0xF721, 0xFF62, 0x8BC1, 0x5A82, 0x5224, 0x5A83, 0x7322, 0xEEE3, 0xF763, 0x62E1, 0x2941, 0x2963, 0x2964,   // 0x00E0 (224) pixels
0x31A4, 0x31A4, 0x31C4, 0x31C4, 0x39A4, 0x39A4, 0x31A4, 0x31A4, 0x3183, 0x3184, 0x39A4, 0x39C4, 0x41E3, 0x41E3, 0x39E3, 0x39E3,   // 0x00F0 (240) pixels
0x39C3, 0x39A3, 0x31A3, 0x31A3, 0x3184, 0x2984, 0x2964, 0x2984, 0x2984, 0x2984, 0x3184, 0x31A4, 0x3184, 0x3184, 0x3184, 0x3184,   // 0x0100 (256) pixels
0x3184, 0x3184, 0x3184, 0x3184, 0x3184, 0x3184, 0x2984, 0x2984, 0x3161, 0x7B81, 0xFFC1, 0xCDE1, 0x62A1, 0x5A64, 0x62A3, 0x8BE2,   // 0x0110 (272) pixels
0xFFE3, 0xC5C2, 0x4202, 0x31A4, 0x2965, 0x2985, 0x2986, 0x2986, 0x3185, 0x3185, 0x3185, 0x3185, 0x3185, 0x31A5, 0x31C4, 0x41E5,   // 0x0120 (288) pixels
0x4204, 0x4243, 0x4A43, 0x4A43, 0x4223, 0x4223, 0x4204, 0x31C4, 0x31A4, 0x3184, 0x2964, 0x2965, 0x2965, 0x2985, 0x2985, 0x2985,   // 0x0130 (304) pixels
0x2985, 0x3185, 0x2985, 0x2965, 0x2985, 0x2985, 0x3185, 0x31A5, 0x3185, 0x3185, 0x3185, 0x2985, 0x2985, 0x3185, 0x31C4, 0x4A02,   // 0x0140 (320) pixels
0xD641, 0xF741, 0x7B61, 0x5A83, 0x62A2, 0x9442, 0xFFE3, 0xB522, 0x41E3, 0x31A5, 0x3186, 0x3186, 0x2986, 0x2966, 0x2966, 0x2966,   // 0x0150 (336) pixels
0x2965, 0x2964, 0x2985, 0x31A5, 0x39E5, 0x4A25, 0x5264, 0x5A83, 0x62A3, 0x62E4, 0x5AE4, 0x5283, 0x4A23, 0x41E4, 0x39C4, 0x3184,   // 0x0160 (352) pixels
0x2984, 0x2985, 0x2965, 0x2965, 0x2965, 0x2965, 0x2965, 0x2965, 0x2985, 0x2965, 0x2965, 0x2985, 0x2965, 0x2985, 0x3185, 0x2985,   // 0x0170 (368) pixels
0x2985, 0x2985, 0x2985, 0x2966, 0x31A6, 0x41E3, 0xC5A1, 0xFFA1, 0x8BC1, 0x62A3, 0x6AC3, 0x9442, 0xFFE3, 0xAD02, 0x39C3, 0x31A5,   // 0x0180 (384) pixels
0x2986, 0x3186, 0x2985, 0x2965, 0x2965, 0x2965, 0x2964, 0x2964, 0x3185, 0x31C5, 0x4204, 0x4A44, 0x62E3, 0xC5A6, 0xB564, 0x7B42,   // 0x0190 (400) pixels
0x6AE3, 0x62E4, 0x5284, 0x4A44, 0x4A24, 0x39E5, 0x31A5, 0x31A5, 0x3185, 0x2965, 0x2985, 0x2985, 0x2965, 0x2965, 0x2985, 0x2965,   // 0x01A0 (416) pixels
0x2965, 0x2985, 0x3185, 0x2965, 0x2985, 0x2985, 0x3185, 0x3185, 0x2985, 0x2965, 0x31A6, 0x41E2, 0xC581, 0xFFA0, 0x8BA1, 0x62A3,   // 0x01B0 (432) pixels
0x6AE3, 0x9442, 0xFFE3, 0xAD02, 0x39C3, 0x31A5, 0x3185, 0x3166, 0x2985, 0x2985, 0x2985, 0x2985, 0x2965, 0x2964, 0x3184, 0x31C5,   // 0x01C0 (448) pixels
0x4224, 0x5263, 0x8383, 0xFFA6, 0xFFE4, 0xD643, 0x8BC2, 0x72E2, 0x7303, 0x62E3, 0x5AA3, 0x5263, 0x4204, 0x39E4, 0x31C5, 0x31A5,   // 0x01D0 (464) pixels
0x2985, 0x2964, 0x2985, 0x2965, 0x2965, 0x2965, 0x2985, 0x2985, 0x2985, 0x2985, 0x2985, 0x2985, 0x2985, 0x2985, 0x3185, 0x2985,   // 0x01E0 (480) pixels
0x31A6, 0x41E3, 0xC581, 0xFFA1, 0x8BA1, 0x62A3, 0x6B03, 0x9442, 0xFFE2, 0xACE1, 0x39A2, 0x31A4, 0x3185, 0x2985, 0x3185, 0x3185,   // 0x01F0 (496) pixels
0x3185, 0x2985, 0x2965, 0x2964, 0x31A4, 0x39E4, 0x4A23, 0x5A83, 0x83A3, 0xF743, 0xFF80, 0xFFC1, 0xF723, 0xB522, 0x8B80, 0x8360,   // 0x0200 (512) pixels
0x7B41, 0x6AE2, 0x5AA2, 0x4A43, 0x4203, 0x41C4, 0x31A4, 0x3184, 0x2964, 0x2985, 0x2984, 0x2965, 0x2965, 0x2965, 0x2985, 0x2985,   // 0x0210 (528) pixels
0x2985, 0x3185, 0x3185, 0x3185, 0x3185, 0x3185, 0x31A6, 0x41E3, 0xBD81, 0xFFA0, 0x8BC1, 0x62C3, 0x6AE3, 0x9C42, 0xFFE2, 0xACE2,   // 0x0220 (544) pixels
0x39A2, 0x3185, 0x2985, 0x2965, 0x2985, 0x3185, 0x3185, 0x3185, 0x2965, 0x3184, 0x31A5, 0x41E5, 0x4A43, 0x5A82, 0x83C3, 0xF763,   // 0x0230 (560) pixels
0xFFA0, 0xF780, 0xFFA1, 0xFFE3, 0xEEC4, 0xB4A1, 0x93A1, 0x8362, 0x7303, 0x5AA3, 0x5263, 0x4204, 0x39C4, 0x31A4, 0x3184, 0x2985,   // 0x0240 (576) pixels
0x2985, 0x2965, 0x2965, 0x2965, 0x2965, 0x2985, 0x2985, 0x2985, 0x3185, 0x3185, 0x3185, 0x3185, 0x31A6, 0x41E3, 0xBD81, 0xFFA1,   // 0x0250 (592) pixels
0x8BC1, 0x6AC3, 0x6AE3, 0x9C42, 0xFFE3, 0xACE2, 0x39A2, 0x3185, 0x3185, 0x3185, 0x2985, 0x3185, 0x2985, 0x3185, 0x2985, 0x31A4,   // 0x0260 (608) pixels
0x31C5, 0x41E4, 0x4A42, 0x62A2, 0x8BC3, 0xF763, 0xFFC0, 0xFFA1, 0xFFA1, 0xFFA0, 0xFFC2, 0xFF84, 0xCDC3, 0x9BE2, 0x8B82, 0x7B44,   // 0x0270 (624) pixels
0x62C3, 0x5264, 0x4A24, 0x39E4, 0x31A4, 0x2984, 0x2985, 0x2964, 0x2964, 0x2965, 0x2965, 0x2965, 0x2965, 0x2985, 0x2985, 0x3185,   // 0x0280 (640) pixels
0x3185, 0x3186, 0x31A6, 0x41C3, 0xBD81, 0xFFA1, 0x8BE1, 0x6AE3, 0x7303, 0x9C42, 0xFFE3, 0xACE2, 0x39A3, 0x31A5, 0x3186, 0x3185,   // 0x0290 (656) pixels
0x3185, 0x3185, 0x2985, 0x3185, 0x2985, 0x31A4, 0x31C4, 0x41E4, 0x4A42, 0x62C2, 0x8BE3, 0xF784, 0xFFC1, 0xFFA1, 0xFFC1, 0xFFA1,   // 0x02A0 (672) pixels
0xFFA0, 0xFFA1, 0xFFC3, 0xEEC4, 0xB4A2, 0x8B81, 0x7B42, 0x6AE2, 0x5A83, 0x4A23, 0x41E4, 0x39A4, 0x3184, 0x3185, 0x2965, 0x2985,   // 0x02B0 (688) pixels
0x2965, 0x2985, 0x3185, 0x3185, 0x3185, 0x3185, 0x3185, 0x3186, 0x39C6, 0x41C3, 0xBD81, 0xFFA1, 0x8BE1, 0x6AE3, 0x7303, 0x9C62,   // 0x02C0 (704) pixels
0xFFE3, 0xACE2, 0x39A2, 0x31A5, 0x3185, 0x2985, 0x3185, 0x2985, 0x2985, 0x2985, 0x2964, 0x3184, 0x39A5, 0x4204, 0x5242, 0x62C2,   // 0x02D0 (720) pixels
0x9404, 0xF763, 0xFFC0, 0xFFA0, 0xFFC1, 0xFFC1, 0xFFC1, 0xFFA0, 0xFF80, 0xFFC1, 0xFF82, 0xCDC3, 0x93C0, 0x7B21, 0x6AE2, 0x5A83,   // 0x02E0 (736) pixels
0x4A23, 0x39C4, 0x31A4, 0x3184, 0x2965, 0x2964, 0x2965, 0x2985, 0x3185, 0x3185, 0x3185, 0x3185, 0x3185, 0x3185, 0x39C7, 0x41A3,   // 0x02F0 (752) pixels
0xBD61, 0xFFA1, 0x8BE1, 0x6AE3, 0x7303, 0x9C42, 0xFFE3, 0xAD02, 0x39A2, 0x3185, 0x3185, 0x2985, 0x3185, 0x3185, 0x2985, 0x2985,   // 0x0300 (768) pixels
0x2964, 0x3184, 0x39A5, 0x4205, 0x5263, 0x6AC3, 0x9403, 0xF784, 0xFFC1, 0xFFC1, 0xFFA0, 0xFFC1, 0xFFC1, 0xFFA1, 0xFFA0, 0xFFA1,   // 0x0310 (784) pixels
0xFFA0, 0xFFC2, 0xEF03, 0xACE2, 0x7B41, 0x6AC3, 0x5A83, 0x4203, 0x39C4, 0x3184, 0x2984, 0x2964, 0x2965, 0x2965, 0x2985, 0x3185,   // 0x0320 (800) pixels
0x3185, 0x3185, 0x3185, 0x3186, 0x39C6, 0x41C3, 0xBD81, 0xFFC1, 0x8C01, 0x6AE3, 0x7303, 0x9C62, 0xFFE2, 0xAD02, 0x39A2, 0x3185,   // 0x0330 (816) pixels
0x3186, 0x3185, 0x3185, 0x3185, 0x2985, 0x2985, 0x2965, 0x3184, 0x31A4, 0x4204, 0x5262, 0x6AC3, 0x9404, 0xF784, 0xFFC0, 0xFFC1,   // 0x0340 (832) pixels
0xFFC1, 0xFFA1, 0xFFC1, 0xFFC1, 0xFFC1, 0xFFC1, 0xFFA1, 0xFFA0, 0xFFC1, 0xFFA4, 0xD604, 0x8BC2, 0x6B01, 0x5282, 0x4A04, 0x39C5,   // 0x0350 (848) pixels
0x2984, 0x2964, 0x2985, 0x2985, 0x2985, 0x3185, 0x2985, 0x2985, 0x3185, 0x3186, 0x39C7, 0x41C3, 0xBD81, 0xFFC1, 0x9401, 0x72E3,   // 0x0360 (864) pixels
0x7303, 0x9C62, 0xFFE3, 0xACE2, 0x39A2, 0x3185, 0x3186, 0x3185, 0x3185, 0x2985, 0x2985, 0x2985, 0x2985, 0x3184, 0x39A5, 0x4204,   // 0x0370 (880) pixels
0x5263, 0x6AC3, 0x9403, 0xF764, 0xFFC0, 0xFFA0, 0xFFA1, 0xFFC1, 0xFFC1, 0xFFC0, 0xFFC1, 0xFFC1, 0xFFC1, 0xFFC0, 0xFFA0, 0xFF80,   // 0x0380 (896) pixels
0xFFE3, 0xEF25, 0x9C62, 0x62C1, 0x5243, 0x39C4, 0x3185, 0x2965, 0x2965, 0x2985, 0x2985, 0x3185, 0x2985, 0x3185, 0x3185, 0x3185,   // 0x0390 (912) pixels
0x39C6, 0x41C2, 0xBD81, 0xFFC1, 0x8C01, 0x7303, 0x7323, 0x9C62, 0xFFE3, 0xAD01, 0x39A2, 0x31A5, 0x3185, 0x3185, 0x31A5, 0x2985,   // 0x03A0 (928) pixels
0x3185, 0x2985, 0x2985, 0x3184, 0x39A5, 0x4204, 0x5263, 0x6AC3, 0x9404, 0xF784, 0xFFC0, 0xFFA1, 0xFFC1, 0xFFC1, 0xFFC1, 0xFFC1,   // 0x03B0 (944) pixels
0xFFC1, 0xFFC0, 0xFFA0, 0xFFC0, 0xFFC1, 0xFF81, 0xF780, 0xFFE5, 0xC585, 0x62A0, 0x5243, 0x39E4, 0x31A4, 0x2984, 0x2985, 0x2985,   // 0x03C0 (960) pixels
0x3185, 0x3185, 0x2985, 0x2985, 0x2985, 0x3185, 0x31A6, 0x41C2, 0xBD81, 0xFFC1, 0x9401, 0x7303, 0x7323, 0x9C62, 0xFFE3, 0xAD02,   // 0x03D0 (976) pixels
0x39A2, 0x3185, 0x3185, 0x3185, 0x3185, 0x3185, 0x2985, 0x2985, 0x2985, 0x3184, 0x39A5, 0x4204, 0x5263, 0x6AE3, 0x9424, 0xF784,   // 0x03E0 (992) pixels
0xFFC0, 0xFFC1, 0xFFC1, 0xFFC1, 0xFFC1, 0xFFC1, 0xFFC1, 0xFFA1, 0xFFC1, 0xFFA1, 0xFF80, 0xFFC1, 0xFFA3, 0xC5A3, 0x7B41, 0x5A82,   // 0x03F0 (1008) pixels
0x4A03, 0x39C5, 0x3184, 0x2985, 0x2985, 0x2985, 0x2985, 0x2985, 0x3185, 0x2985, 0x3185, 0x3186, 0x39C7, 0x41C3, 0xBD81, 0xFFC1,   // 0x0400 (1024) pixels
0x9401, 0x7303, 0x7323, 0x9C62, 0xFFE3, 0xAD02, 0x39A2, 0x3185, 0x3185, 0x3185, 0x3185, 0x3185, 0x3185, 0x2985, 0x2985, 0x3184,   // 0x0410 (1040) pixels
0x39A5, 0x4204, 0x5262, 0x6AC2, 0x9424, 0xF784, 0xFFC0, 0xFFC1, 0xFFC1, 0xFFC1, 0xFFC1, 0xFFC1, 0xFFC0, 0xFFC1, 0xFFA1, 0xFFA1,   // 0x0420 (1056) pixels
0xFFE2, 0xE6C4, 0xA481, 0x7301, 0x5AA2, 0x4A43, 0x41E3, 0x31A5, 0x3184, 0x2985, 0x2985, 0x2985, 0x3185, 0x2985, 0x3185, 0x3185,   // 0x0430 (1072) pixels
0x31A5, 0x3185, 0x39C6, 0x41C3, 0xBD61, 0xFFC1, 0x93E1, 0x72E3, 0x7323, 0x9C62, 0xFFE3, 0xAD02, 0x39A2, 0x31A5, 0x3185, 0x3185,   // 0x0440 (1088) pixels
0x3185, 0x3185, 0x3165, 0x2985, 0x2985, 0x3184, 0x39C5, 0x4204, 0x5262, 0x6AE3, 0x9404, 0xF783, 0xFFC0, 0xFFC1, 0xFFC1, 0xFFC1,   // 0x0450 (1104) pixels
0xFFC1, 0xFFC0, 0xFFA1, 0xFFA1, 0xFFC2, 0xFF83, 0xCDC2, 0x8BA1, 0x7301, 0x62E3, 0x5263, 0x4204, 0x39C4, 0x3184, 0x2984, 0x2965,   // 0x0460 (1120) pixels
0x2985, 0x2985, 0x3185, 0x3185, 0x3185, 0x3185, 0x3185, 0x3185, 0x39C6, 0x41C3, 0xBD61, 0xFFC1, 0x93E1, 0x6AE3, 0x7303, 0x9C62,   // 0x0470 (1136) pixels
0xFFE3, 0xAD02, 0x39A3, 0x3185, 0x3185, 0x3185, 0x3185, 0x3185, 0x2985, 0x2965, 0x2965, 0x3184, 0x31C5, 0x41E4, 0x5262, 0x62E2,   // 0x0480 (1152) pixels
0x9404, 0xF784, 0xFFC0, 0xFFA0, 0xFFC1, 0xFFC1, 0xFFC1, 0xFFA0, 0xFFA1, 0xFFC3, 0xE6C3, 0xACA1, 0x8360, 0x7321, 0x62C2, 0x5263,   // 0x0490 (1168) pixels
0x4204, 0x39C4, 0x39A4, 0x3184, 0x2984, 0x2985, 0x2985, 0x2985, 0x3185, 0x3185, 0x31A5, 0x3185, 0x3185, 0x3186, 0x39A6, 0x41C3,   // 0x04A0 (1184) pixels
0xC561, 0xFFC1, 0x93E1, 0x6AE2, 0x7303, 0x9C62, 0xFFE3, 0xAD02, 0x39A2, 0x3185, 0x3185, 0x3185, 0x3186, 0x3185, 0x2985, 0x2985,   // 0x04B0 (1200) pixels
0x2964, 0x3184, 0x31A5, 0x41E4, 0x4A63, 0x62C2, 0x9404, 0xF783, 0xFFC0, 0xFFA1, 0xFFA0, 0xFFA1, 0xFFA0, 0xFFE2, 0xFFA4, 0xCDC2,   // 0x04C0 (1216) pixels
0x9BE1, 0x8362, 0x7323, 0x62C3, 0x5263, 0x4224, 0x39E4, 0x39A4, 0x31A4, 0x2985, 0x2965, 0x2965, 0x2984, 0x2985, 0x3185, 0x2965,   // 0x04D0 (1232) pixels
0x3185, 0x31A5, 0x3185, 0x3186, 0x39A6, 0x41C3, 0xBD62, 0xFFC1, 0x93E1, 0x6B02, 0x72E3, 0x9C62, 0xFFE3, 0xAD02, 0x39A2, 0x3185,   // 0x04E0 (1248) pixels
0x3185, 0x3185, 0x2965, 0x3185, 0x2985, 0x2985, 0x2985, 0x2984, 0x31A5, 0x4204, 0x4A62, 0x62C2, 0x9404, 0xF763, 0xFFA0, 0xFFA1,   // 0x04F0 (1264) pixels
0xFF80, 0xFFA1, 0xFFC2, 0xE6A3, 0xACA2, 0x8BA1, 0x8363, 0x7303, 0x62A4, 0x5264, 0x4A24, 0x41E4, 0x39C4, 0x3184, 0x3184, 0x2985,   // 0x0500 (1280) pixels
0x2984, 0x2965, 0x2965, 0x3185, 0x3185, 0x2985, 0x3185, 0x3186, 0x3185, 0x3185, 0x39A6, 0x41C3, 0xBD62, 0xFFC1, 0x93E1, 0x7303,   // 0x0510 (1296) pixels
0x6B03, 0x9C42, 0xFFE3, 0xACE2, 0x39A2, 0x31A5, 0x3185, 0x3186, 0x3185, 0x3185, 0x2985, 0x2985, 0x2985, 0x2984, 0x31A4, 0x41E5,   // 0x0520 (1312) pixels
0x4A63, 0x62C3, 0x93E3, 0xF783, 0xFFA0, 0xFF61, 0xFFC1, 0xF743, 0xB523, 0x8B80, 0x7B42, 0x7323, 0x6AE4, 0x62A4, 0x5243, 0x4A04,   // 0x0530 (1328) pixels
0x41E4, 0x39C4, 0x31A5, 0x2985, 0x2985, 0x2985, 0x2965, 0x2965, 0x2985, 0x2985, 0x2985, 0x3185, 0x3185, 0x3185, 0x3185, 0x3185,   // 0x0540 (1344) pixels
0x39C6, 0x41C2, 0xBD82, 0xFFC1, 0x9401, 0x72E2, 0x72E3, 0x9C42, 0xFFE3, 0xAD02, 0x39A2, 0x31A5, 0x3185, 0x3185, 0x3186, 0x2985,   // 0x0550 (1360) pixels
0x3185, 0x2965, 0x2965, 0x2985, 0x31A5, 0x39E4, 0x4A43, 0x62C3, 0x93E4, 0xF764, 0xFFC0, 0xFFA3, 0xD643, 0x8BE2, 0x72E1, 0x6B02,   // 0x0560 (1376) pixels
0x62C2, 0x5A83, 0x5243, 0x4A23, 0x4204, 0x39E4, 0x39A4, 0x31A4, 0x3185, 0x2965, 0x2965, 0x2985, 0x2965, 0x2985, 0x2985, 0x3185,   // 0x0570 (1392) pixels
0x2965, 0x3185, 0x3185, 0x3185, 0x3185, 0x3186, 0x39C6, 0x49C3, 0xC561, 0xFFC2, 0x93E1, 0x7303, 0x6AC4, 0x9C42, 0xFFE3, 0xAD02,   // 0x0580 (1408) pixels
0x39A2, 0x31A5, 0x31A6, 0x3185, 0x3185, 0x2985, 0x3185, 0x2985, 0x2964, 0x2965, 0x31A4, 0x39C4, 0x4224, 0x5A83, 0x8B84, 0xFF67,   // 0x0590 (1424) pixels
0xFF84, 0xBD43, 0x8381, 0x7302, 0x6AE2, 0x5A83, 0x4A43, 0x4A23, 0x41E3, 0x39C4, 0x39A5, 0x31A5, 0x31A5, 0x3185, 0x2985, 0x2985,   // 0x05A0 (1440) pixels
0x3185, 0x3185, 0x2985, 0x2965, 0x3165, 0x3185, 0x2985, 0x2965, 0x2965, 0x3185, 0x3185, 0x2985, 0x39C6, 0x41C2, 0xC581, 0xFFC2,   // 0x05B0 (1456) pixels
0x9401, 0x7303, 0x6AE3, 0x9C42, 0xFFE3, 0xAD02, 0x39C2, 0x31C5, 0x3186, 0x29A5, 0x3185, 0x31A5, 0x3185, 0x2985, 0x2985, 0x2965,   // 0x05C0 (1472) pixels
0x3185, 0x39A5, 0x41E4, 0x4A44, 0x62C3, 0x9404, 0x8BC3, 0x7B02, 0x7323, 0x62E4, 0x5284, 0x4A24, 0x4204, 0x39C4, 0x31A4, 0x31A5,   // 0x05D0 (1488) pixels
0x3185, 0x3185, 0x2985, 0x2985, 0x2985, 0x3185, 0x31A6, 0x2986, 0x2965, 0x2965, 0x3186, 0x3186, 0x2986, 0x2965, 0x2985, 0x2985,   // 0x05E0 (1504) pixels
0x2966, 0x3186, 0x39A6, 0x41E3, 0xBD82, 0xFFC2, 0x93E1, 0x6B03, 0x6AC4, 0x9C42, 0xFFE3, 0xB522, 0x41C2, 0x31C5, 0x31A6, 0x31A6,   // 0x05F0 (1520) pixels
0x29A6, 0x2986, 0x2986, 0x2986, 0x2166, 0x2186, 0x29A6, 0x31C5, 0x39C5, 0x4224, 0x4A63, 0x5263, 0x5AA3, 0x5AC4, 0x5AA3, 0x5264,   // 0x0600 (1536) pixels
0x4A44, 0x4204, 0x39C5, 0x31A5, 0x3185, 0x2985, 0x2965, 0x2985, 0x2985, 0x2965, 0x3186, 0x3186, 0x3186, 0x3186, 0x3186, 0x3186,   // 0x0610 (1552) pixels
0x3186, 0x3186, 0x3186, 0x2966, 0x2965, 0x2986, 0x2985, 0x2986, 0x39C7, 0x49E3, 0xC5C2, 0xFFC1, 0x8BC2, 0x6AE3, 0x62C3, 0x9402,   // 0x0620 (1568) pixels
0xFFE2, 0xCDE3, 0x4A21, 0x3A04, 0x31C6, 0x31A5, 0x31A5, 0x29A5, 0x2985, 0x3185, 0x3185, 0x31A5, 0x31A5, 0x31A4, 0x39C4, 0x41C4,   // 0x0630 (1584) pixels
0x41C3, 0x4203, 0x4A23, 0x4A24, 0x4A24, 0x4A24, 0x4204, 0x39E5, 0x39C4, 0x31A5, 0x31A5, 0x2984, 0x2984, 0x2984, 0x2984, 0x2985,   // 0x0640 (1600) pixels
0x2985, 0x2985, 0x3185, 0x3185, 0x31A5, 0x31A5, 0x31A5, 0x31A6, 0x31A5, 0x31A5, 0x3185, 0x3185, 0x31A5, 0x31A5, 0x3A04, 0x5221,   // 0x0650 (1616) pixels
0xD662, 0xFF81, 0x7B61, 0x62E3, 0x62C4, 0x7B62, 0xEF22, 0xFFA3, 0x8381, 0x39C1, 0x31A3, 0x2983, 0x31A3, 0x31A3, 0x39C3, 0x39C4,   // 0x0660 (1632) pixels
0x39C4, 0x41C4, 0x39E3, 0x39C3, 0x39C3, 0x39C3, 0x39E3, 0x39E3, 0x41E3, 0x41E3, 0x39E3, 0x3A04, 0x4204, 0x39E3, 0x39E3, 0x39C4,   // 0x0670 (1648) pixels
0x39C4, 0x39A4, 0x39A4, 0x31A3, 0x31A3, 0x31A3, 0x31A4, 0x31A4, 0x31A4, 0x39C4, 0x39C4, 0x39C4, 0x31A4, 0x39C4, 0x39C4, 0x39C4,   // 0x0680 (1664) pixels
0x31C4, 0x31C4, 0x39C3, 0x39C3, 0x4A01, 0x9401, 0xFFC1, 0xDE61, 0x6AC2, 0x62A4, 0x5AA4, 0x6AE3, 0xACC2, 0xFFE2, 0xEF03, 0x9422,   // 0x0690 (1680) pixels
0x6B21, 0x6B42, 0x7363, 0x7383, 0x7383, 0x7B83, 0x7383, 0x7383, 0x7383, 0x7382, 0x7383, 0x7B82, 0x7383, 0x73A2, 0x7382, 0x7382,   // 0x06A0 (1696) pixels
0x7382, 0x7383, 0x7383, 0x7383, 0x7382, 0x7383, 0x7383, 0x7382, 0x7382, 0x7363, 0x7363, 0x7363, 0x7362, 0x7363, 0x7363, 0x7363,   // 0x06B0 (1712) pixels
0x7363, 0x7363, 0x7383, 0x7363, 0x7383, 0x7383, 0x7B82, 0x7383, 0x7B63, 0x7362, 0xA4A2, 0xFF62, 0xFFA2, 0x9C21, 0x62A3, 0x5A64,   // 0x06C0 (1728) pixels
0x5264, 0x62C3, 0x6AC2, 0xACC1, 0xF762, 0xFFE3, 0xFFE3, 0xFFE3, 0xFFE3, 0xFFE3, 0xFFE3, 0xFFE3, 0xFFC3, 0xFFE3, 0xFFE3, 0xFFE3,   // 0x06D0 (1744) pixels
0xFFE3, 0xFFE3, 0xFFE3, 0xFFE2, 0xFFE2, 0xFFE2, 0xFFE2, 0xFFE2, 0xFFC2, 0xFFC2, 0xFFE2, 0xFFC3, 0xFFE3, 0xFFC3, 0xFFE2, 0xFFC3,   // 0x06E0 (1760) pixels
0xFFE3, 0xFFC3, 0xFFC3, 0xFFC3, 0xFFC3, 0xFFC3, 0xFFC3, 0xFFC3, 0xFFC3, 0xFFC3, 0xFFE2, 0xFFC2, 0xFFE2, 0xFFC2, 0xFFE2, 0xFFC3,   // 0x06F0 (1776) pixels
0xFFE3, 0xF723, 0xAC81, 0x72E2, 0x62A4, 0x5244, 0x4A24, 0x5263, 0x62A3, 0x6AC2, 0x93C2, 0xBD42, 0xCDC3, 0xCDC2, 0xC5C2, 0xC5A2,   // 0x0700 (1792) pixels
0xC5A2, 0xC5A2, 0xC5A2, 0xC5A2, 0xC5C2, 0xC5C2, 0xCDC2, 0xCDC2, 0xCDC2, 0xCDC2, 0xCDC2, 0xCDC1, 0xCDC2, 0xCDA1, 0xCDA1, 0xCDA2,   // 0x0710 (1808) pixels
0xCDC2, 0xCDA2, 0xCDC2, 0xCDA2, 0xCDC2, 0xCDA2, 0xCDA2, 0xCDA2, 0xCDA2, 0xCDA2, 0xC5A2, 0xC5A2, 0xC5A2, 0xC5A2, 0xC5A2, 0xC5A2,   // 0x0720 (1824) pixels
0xC5A1, 0xC5A1, 0xCDA2, 0xCDC2, 0xCDE2, 0xCDC2, 0xBD02, 0x93A2, 0x72E2, 0x6AC3, 0x5A64, 0x4A04, 0x41E4, 0x4A04, 0x5263, 0x62C3,   // 0x0730 (1840) pixels
0x6AC4, 0x6AC3, 0x72E3, 0x6AE3, 0x6AC2, 0x6AC2, 0x6AC2, 0x6AC2, 0x6AC2, 0x72E2, 0x72E2, 0x72E2, 0x7302, 0x7302, 0x7B02, 0x7B22,   // 0x0740 (1856) pixels
0x7B02, 0x7B02, 0x7302, 0x7302, 0x72E2, 0x72E2, 0x7302, 0x72E2, 0x7302, 0x7B03, 0x72E2, 0x72E2, 0x7302, 0x7B02, 0x7302, 0x72E2,   // 0x0750 (1872) pixels
0x72E2, 0x72C2, 0x72E2, 0x72E2, 0x6AE2, 0x72E2, 0x72E2, 0x72C2, 0x6AC2, 0x72C2, 0x72E2, 0x6AC2, 0x6AC2, 0x62A3, 0x62A4, 0x5A64,   // 0x0760 (1888) pixels
0x4A04, 0x41E4
};

// 7. PAUSE ON (54x35)
const unsigned short btnPauseOn[btnW * btnH] PROGMEM = {
0x31C5, 0x39C4, 0x4A04, 0x5263, 0x5A83, 0x5A83, 0x6283, 0x62A3, 0x62A3, 0x6283, 0x6283, 0x62A3, 0x62A3, 0x62A3, 0x62A3, 0x62A3,   // 0x0010 (16) pixels
0x62A3, 0x6282, 0x62A3, 0x6AC3, 0x62A3, 0x62C3, 0x62C3, 0x62C2, 0x6AA3, 0x6AA3, 0x62A3, 0x6283, 0x6283, 0x6283, 0x6283, 0x6283,   // 0x0020 (32) pixels
0x6283, 0x62A3, 0x6283, 0x6283, 0x6AA3, 0x62A3, 0x62A2, 0x62A3, 0x62A3, 0x62A3, 0x62A3, 0x62A3, 0x6283, 0x6283, 0x6283, 0x6283,   // 0x0030 (48) pixels
0x6283, 0x6283, 0x5A84, 0x5244, 0x41E4, 0x39A4, 0x39C4, 0x4A03, 0x5263, 0x6282, 0x7342, 0xACE2, 0xC5A3, 0xCDC4, 0xC5A4, 0xC583,   // 0x0040 (64) pixels
0xC583, 0xC583, 0xC583, 0xC583, 0xC5A4, 0xC5A4, 0xC5A4, 0xC5A4, 0xC5A4, 0xC5A4, 0xC5A4, 0xC5A4, 0xC5A4, 0xC5A4, 0xC5A4, 0xC5A4,   // 0x0050 (80) pixels
0xC5A4, 0xC584, 0xC584, 0xC584, 0xC5A4, 0xC584, 0xC5A4, 0xC5A4, 0xC5A4, 0xC5A4, 0xC5A4, 0xC5A4, 0xC5A4, 0xC5A4, 0xC5A4, 0xC5A4,   // 0x0060 (96) pixels
0xC584, 0xC5A4, 0xC5A4, 0xC5A4, 0xC5A4, 0xCDA5, 0xBD45, 0x93C3, 0x6AA2, 0x6283, 0x5223, 0x41E4, 0x41E3, 0x5243, 0x5A81, 0x8BA1,   // 0x0070 (112) pixels
0xE6A1, 0xFFE1, 0xFFE2, 0xFFE2, 0xFFE3, 0xFFE3, 0xFFC3, 0xFFC3, 0xFFC3, 0xFFC3, 0xFFC3, 0xFFC3, 0xFFE3, 0xFFC4, 0xFFC4, 0xFFC4,   // 0x0080 (128) pixels
0xFFC4, 0xFFC4, 0xFFC4, 0xFFC4, 0xFFC3, 0xFFC3, 0xFFC4, 0xFFC3, 0xFFC3, 0xFFC3, 0xFFC3, 0xFFA4, 0xFFC4, 0xFFC3, 0xFFA3, 0xFFC3,   // 0x0090 (144) pixels
0xFFC3, 0xFFC4, 0xFFC3, 0xFFC3, 0xFFC3, 0xFFE3, 0xFFC4, 0xFFC4, 0xFFC4, 0xFFE4, 0xFFE4, 0xFFC4, 0xFFE4, 0xFF84, 0xB502, 0x6AA1,   // 0x00A0 (160) pixels
0x5A83, 0x5243, 0x5224, 0x5A83, 0x8361, 0xEF02, 0xFFA2, 0xACE1, 0x7B80, 0x8381, 0x8BC1, 0x8BC1, 0x8BC2, 0x8BC2, 0x83C1, 0x83C1,   // 0x00B0 (176) pixels
0x83A1, 0x8382, 0x7B81, 0x7B82, 0x83A2, 0x83C2, 0x83C2, 0x83C1, 0x83C2, 0x83C2, 0x83C2, 0x83A2, 0x83A2, 0x8382, 0x83A1, 0x83C1,   // 0x00C0 (192) pixels
0x83C1, 0x8BC1, 0x83C1, 0x83C1, 0x83C1, 0x83A1, 0x7BA1, 0x7B81, 0x7B81, 0x83A2, 0x83A1, 0x8BC2, 0x8BC2, 0x8BC2, 0x83C2, 0x83A2,   // 0x00D0 (208) pixels
0x8381, 0x7B61, 0x8BE1, 0xE6A2, 0xFFE4, 0xB4C2, 0x62A1, 0x5264, 0x5264, 0x62A3, 0xC582, 0xFFE4, 0xA4C2, 0x41E1, 0x39A4, 0x3184,   // 0x00E0 (224) pixels
0x3184, 0x31A4, 0x39C4, 0x39E4, 0x39E4, 0x39C5, 0x39C4, 0x31C4, 0x39C4, 0x39C4, 0x4204, 0x4203, 0x4A23, 0x5243, 0x5263, 0x5243,   // 0x00F0 (240) pixels
0x4A43, 0x4A23, 0x4223, 0x4203, 0x4223, 0x4A23, 0x5244, 0x5263, 0x5243, 0x5243, 0x4A23, 0x4203, 0x41E3, 0x39E3, 0x39C3, 0x39C3,   // 0x0100 (256) pixels
0x39E4, 0x39E4, 0x39E4, 0x39C4, 0x39A4, 0x31A4, 0x31A4, 0x31C4, 0x39E2, 0x7321, 0xF725, 0xEEE2, 0x7B22, 0x5A83, 0x5A64, 0x72E2,   // 0x0110 (272) pixels
0xE6C2, 0xF743, 0x62C1, 0x39C4, 0x31A6, 0x31A6, 0x3186, 0x31A5, 0x31A5, 0x31A5, 0x31A6, 0x31C6, 0x39C5, 0x39E5, 0x39E5, 0x4204,   // 0x0120 (288) pixels
0x4A43, 0x5284, 0x5AA3, 0x62C3, 0x62C3, 0x62C3, 0x5A83, 0x5263, 0x4A63, 0x5263, 0x5263, 0x5AA3, 0x62C3, 0x62C3, 0x62C3, 0x62C3,   // 0x0130 (304) pixels
0x5A83, 0x5263, 0x4A24, 0x4204, 0x39E4, 0x39C5, 0x31A5, 0x31A5, 0x31A5, 0x31A5, 0x31A5, 0x31A5, 0x31A5, 0x39C5, 0x39E4, 0x4201,   // 0x0140 (320) pixels
0xB522, 0xFFC3, 0x93E2, 0x6283, 0x6283, 0x7B42, 0xF742, 0xDE83, 0x4A21, 0x31A4, 0x31A6, 0x31A6, 0x31A5, 0x31A6, 0x3185, 0x3185,   // 0x0150 (336) pixels
0x3185, 0x31A5, 0x31A5, 0x39C5, 0x4205, 0x4A65, 0x5A84, 0x62A3, 0x6AE3, 0x6B02, 0x7302, 0x6B02, 0x6AC2, 0x62C3, 0x5AC3, 0x5AC3,   // 0x0160 (352) pixels
0x6B04, 0x6B02, 0x6B02, 0x6B02, 0x62E2, 0x6B02, 0x6AE2, 0x62C3, 0x5A84, 0x4A44, 0x39E4, 0x31A5, 0x3165, 0x2965, 0x3185, 0x3186,   // 0x0170 (368) pixels
0x3186, 0x31A6, 0x31A6, 0x3186, 0x31A5, 0x41E3, 0x9441, 0xFFE4, 0xA482, 0x62A3, 0x62C4, 0x8382, 0xFF62, 0xDE82, 0x4201, 0x31A4,   // 0x0180 (384) pixels
0x31A6, 0x3185, 0x3185, 0x31A5, 0x31A5, 0x31A5, 0x3185, 0x3185, 0x31A4, 0x39C5, 0x4A24, 0x5A85, 0x7324, 0xBD84, 0xD623, 0xD623,   // 0x0190 (400) pixels
0xCE23, 0xD644, 0xC5E5, 0x7B62, 0x6B03, 0x6B03, 0x7322, 0xB544, 0xD664, 0xCE03, 0xCE23, 0xCE24, 0xD644, 0x8BC2, 0x5AA3, 0x4A43,   // 0x01A0 (416) pixels
0x41C4, 0x31A4, 0x2984, 0x2985, 0x2985, 0x31A5, 0x31A5, 0x31A5, 0x31A5, 0x31A5, 0x31A5, 0x39C3, 0x9442, 0xFFE4, 0xA483, 0x6AC3,   // 0x01B0 (432) pixels
0x6AC4, 0x8383, 0xFF62, 0xDE83, 0x4A21, 0x31A5, 0x3186, 0x3185, 0x2985, 0x3185, 0x31A5, 0x31A6, 0x3185, 0x31A5, 0x31C5, 0x39C4,   // 0x01C0 (448) pixels
0x4A24, 0x5A64, 0x93E3, 0xFFE3, 0xFFE0, 0xFFE1, 0xFFE1, 0xFFE1, 0xFFE4, 0xA482, 0x7323, 0x7B23, 0x7B62, 0xF743, 0xFFE1, 0xFFE2,   // 0x01D0 (464) pixels
0xFFE1, 0xFFE1, 0xFFE2, 0xBD62, 0x5A83, 0x4A63, 0x41E4, 0x39A4, 0x31A4, 0x3184, 0x3185, 0x31A5, 0x31A5, 0x31A5, 0x31A5, 0x31A6,   // 0x01E0 (480) pixels
0x31C5, 0x39C4, 0x9442, 0xFFE4, 0xA462, 0x6AC3, 0x6AC4, 0x8383, 0xFF62, 0xDE83, 0x4A21, 0x31A5, 0x31A6, 0x3186, 0x3185, 0x3185,   // 0x01F0 (496) pixels
0x31A6, 0x3186, 0x3185, 0x31A5, 0x39C5, 0x4205, 0x5244, 0x5A84, 0x9C42, 0xFF81, 0xFFA0, 0xFFA1, 0xFFA0, 0xFF80, 0xFFA1, 0xB4E2,   // 0x0200 (512) pixels
0x8362, 0x8B83, 0x9C03, 0xF722, 0xFFA0, 0xFF81, 0xFFA1, 0xF761, 0xFFC1, 0xC581, 0x6AC3, 0x5A83, 0x4A24, 0x41C4, 0x31A4, 0x3185,   // 0x0210 (528) pixels
0x2985, 0x3185, 0x3185, 0x31A5, 0x31A6, 0x31A6, 0x31C5, 0x39A4, 0x9C43, 0xFFE4, 0xA482, 0x6AC3, 0x6AC4, 0x83A3, 0xFF62, 0xDE83,   // 0x0220 (544) pixels
0x4A22, 0x31A5, 0x31A6, 0x3186, 0x3185, 0x31A5, 0x31A5, 0x3185, 0x3185, 0x31A5, 0x39C5, 0x4A24, 0x5A83, 0x62C4, 0xA463, 0xFFA1,   // 0x0230 (560) pixels
0xFFA0, 0xFFC1, 0xFFA0, 0xFF80, 0xFFC1, 0xB502, 0x8BA3, 0x93E3, 0xA483, 0xF742, 0xFFA0, 0xFF81, 0xFFA1, 0xFF81, 0xFFC1, 0xCDC2,   // 0x0240 (576) pixels
0x7B03, 0x62A3, 0x4A24, 0x41C4, 0x31A5, 0x2985, 0x3185, 0x3185, 0x31A5, 0x3186, 0x31A6, 0x31A6, 0x31C5, 0x39C4, 0x9C43, 0xFFE4,   // 0x0250 (592) pixels
0xAC82, 0x72C3, 0x6AC4, 0x83A3, 0xFF62, 0xDE83, 0x4A22, 0x31A5, 0x3186, 0x3186, 0x3185, 0x31A5, 0x3185, 0x31A6, 0x3185, 0x31A5,   // 0x0260 (608) pixels
0x39C5, 0x4A24, 0x5A83, 0x6AE5, 0xACA3, 0xFFA0, 0xFFA0, 0xFFA0, 0xFFA0, 0xFF80, 0xFFC1, 0xBD42, 0x93C3, 0x93E3, 0xAC83, 0xF742,   // 0x0270 (624) pixels
0xFFA0, 0xFFA0, 0xFF80, 0xFFA0, 0xFFC1, 0xCDE2, 0x7B23, 0x62A2, 0x4A24, 0x41E5, 0x31A4, 0x3185, 0x3185, 0x31A5, 0x31A6, 0x3186,   // 0x0280 (640) pixels
0x31A6, 0x31A6, 0x31A5, 0x39C4, 0x9C42, 0xFFE4, 0xAC82, 0x72C3, 0x62C4, 0x83A3, 0xF783, 0xDE83, 0x4A23, 0x31A5, 0x3186, 0x3186,   // 0x0290 (656) pixels
0x3185, 0x31A5, 0x31A5, 0x31A5, 0x31A5, 0x31A5, 0x39E5, 0x4A24, 0x5AA3, 0x7305, 0xACA3, 0xFFA1, 0xFFA0, 0xFFA0, 0xFFA0, 0xFFA0,   // 0x02A0 (672) pixels
0xFFC1, 0xC562, 0x9BE3, 0x9C03, 0xACA2, 0xFF42, 0xFFA1, 0xFFA1, 0xFFA0, 0xFF80, 0xFFC1, 0xD5E2, 0x7B24, 0x62C3, 0x4A44, 0x41E4,   // 0x02B0 (688) pixels
0x31C5, 0x3185, 0x3185, 0x31A5, 0x3185, 0x31A5, 0x31A6, 0x31A7, 0x31C6, 0x39C3, 0x9C42, 0xFFE4, 0xAC82, 0x72C3, 0x6AE4, 0x83A3,   // 0x02C0 (704) pixels
0xF783, 0xDE83, 0x4A22, 0x31A5, 0x3186, 0x3185, 0x3185, 0x3185, 0x31A5, 0x3185, 0x3185, 0x31A5, 0x41E5, 0x4A24, 0x62A3, 0x7305,   // 0x02D0 (720) pixels
0xACC3, 0xFFA1, 0xFFA1, 0xFFA1, 0xFFA0, 0xFF80, 0xFFC1, 0xC582, 0x9C03, 0x9C23, 0xACC3, 0xFF42, 0xFFA1, 0xFFA1, 0xFFA0, 0xFF80,   // 0x02E0 (736) pixels
0xFFC1, 0xD5E2, 0x7B43, 0x62C3, 0x5263, 0x41E4, 0x39C5, 0x3185, 0x3185, 0x31A5, 0x3185, 0x31A6, 0x31A6, 0x31A7, 0x31A5, 0x39C3,   // 0x02F0 (752) pixels
0x9C42, 0xFFE4, 0xAC82, 0x72E3, 0x6AE4, 0x83A2, 0xFF62, 0xDE83, 0x4A02, 0x31A5, 0x3186, 0x3185, 0x3185, 0x31A5, 0x31A5, 0x31A6,   // 0x0300 (768) pixels
0x3185, 0x39A5, 0x41E5, 0x4A44, 0x62A4, 0x7B24, 0xACC2, 0xFF81, 0xFFA0, 0xFFA0, 0xFFA0, 0xFF80, 0xFFC1, 0xC562, 0x9C03, 0xA443,   // 0x0310 (784) pixels
0xB4C3, 0xF742, 0xFFA0, 0xFFC1, 0xFFA0, 0xFFA0, 0xFFC1, 0xD602, 0x8343, 0x62E3, 0x4A43, 0x41E4, 0x31A4, 0x3185, 0x3185, 0x31A5,   // 0x0320 (800) pixels
0x31A5, 0x31A5, 0x31A6, 0x31A6, 0x31A5, 0x39C4, 0x9C62, 0xFFE4, 0xAC82, 0x72E3, 0x6AE4, 0x83A2, 0xFF62, 0xDE83, 0x4A02, 0x3185,   // 0x0330 (816) pixels
0x3186, 0x3186, 0x3185, 0x31A5, 0x31A6, 0x31A6, 0x31A5, 0x31A5, 0x39E5, 0x4A44, 0x62A4, 0x7B24, 0xACC3, 0xFF81, 0xFF80, 0xFFA0,   // 0x0340 (832) pixels
0xFFA0, 0xFF80, 0xFFC0, 0xCD81, 0xA423, 0xA443, 0xB4C3, 0xF742, 0xFFA0, 0xFFA0, 0xFFA1, 0xFF80, 0xFFE1, 0xD602, 0x8364, 0x62E3,   // 0x0350 (848) pixels
0x4A43, 0x39E4, 0x31A5, 0x3185, 0x3185, 0x31A5, 0x31A5, 0x3185, 0x31A6, 0x31A6, 0x31A5, 0x39C3, 0x9C62, 0xFFE3, 0xAC82, 0x72E3,   // 0x0360 (864) pixels
0x6AC4, 0x8BA2, 0xFF62, 0xDE83, 0x4A02, 0x31A5, 0x31A6, 0x31A6, 0x31A5, 0x3185, 0x31A6, 0x31A6, 0x31A5, 0x31C5, 0x41E5, 0x4A44,   // 0x0370 (880) pixels
0x62C4, 0x7B44, 0xB4C3, 0xFF81, 0xFFA0, 0xFFA0, 0xFFA0, 0xFF80, 0xFFC1, 0xCD82, 0xA443, 0xA442, 0xB4C2, 0xFF42, 0xFFA0, 0xFF80,   // 0x0380 (896) pixels
0xFFC1, 0xFFA0, 0xFFE1, 0xD602, 0x7B64, 0x62C3, 0x4A43, 0x41E4, 0x39A4, 0x31A5, 0x31A5, 0x31A5, 0x3186, 0x3185, 0x31A5, 0x31A5,   // 0x0390 (912) pixels
0x31A5, 0x39C3, 0x9C62, 0xFFE4, 0xACA2, 0x72E3, 0x6AC4, 0x8BA2, 0xFF63, 0xDE83, 0x4A02, 0x31A5, 0x3186, 0x3186, 0x31A5, 0x3185,   // 0x03A0 (928) pixels
0x31A5, 0x31A6, 0x31A5, 0x31C5, 0x41E5, 0x4A44, 0x62C4, 0x7B24, 0xB4C3, 0xFFA1, 0xFFA0, 0xFFA1, 0xFFA0, 0xFFA0, 0xFFC1, 0xCDA2,   // 0x03B0 (944) pixels
0xA443, 0xA463, 0xB502, 0xF762, 0xFFA0, 0xFFA0, 0xFFA0, 0xFFA0, 0xFFE1, 0xD602, 0x8344, 0x62C3, 0x4A44, 0x41E4, 0x31A4, 0x3184,   // 0x03C0 (960) pixels
0x31A5, 0x3185, 0x3185, 0x31A5, 0x31A5, 0x31C6, 0x31C5, 0x39C3, 0x9C62, 0xFFE4, 0xACA2, 0x7303, 0x6AE4, 0x8BA2, 0xFF62, 0xDEA2,   // 0x03D0 (976) pixels
0x4A22, 0x3185, 0x3186, 0x3185, 0x31A5, 0x31A5, 0x31A5, 0x31A5, 0x31A5, 0x31C5, 0x39E5, 0x4A44, 0x62A4, 0x7B24, 0xACC3, 0xFFA1,   // 0x03E0 (992) pixels
0xFFA0, 0xFFA0, 0xFFA0, 0xFFA0, 0xFFC1, 0xCD82, 0xA444, 0xAC83, 0xB4E2, 0xF762, 0xFFC0, 0xFFA0, 0xFFA0, 0xFFA0, 0xFFE1, 0xD602,   // 0x03F0 (1008) pixels
0x8364, 0x62E3, 0x5244, 0x41E4, 0x31A5, 0x3185, 0x31A5, 0x31A5, 0x3185, 0x3185, 0x31A5, 0x31C6, 0x31C5, 0x39C3, 0x9462, 0xFFE4,   // 0x0400 (1024) pixels
0xACA2, 0x7303, 0x6AE4, 0x83A2, 0xFF62, 0xDEA2, 0x4A22, 0x31A5, 0x3186, 0x3185, 0x31A5, 0x31A5, 0x31A6, 0x31A6, 0x31A5, 0x31C5,   // 0x0410 (1040) pixels
0x39C5, 0x4A44, 0x62A4, 0x7B24, 0xACC3, 0xFFA1, 0xFFA0, 0xFFA0, 0xFFA0, 0xFF80, 0xFFC1, 0xCDA2, 0xA463, 0xAC63, 0xB4E2, 0xF762,   // 0x0420 (1056) pixels
0xFFA0, 0xFFA1, 0xFFA0, 0xFF80, 0xFFE1, 0xD602, 0x8343, 0x6AE3, 0x4A43, 0x39E4, 0x39A5, 0x3185, 0x3185, 0x31A5, 0x31A5, 0x31A5,   // 0x0430 (1072) pixels
0x31A5, 0x31A6, 0x31C5, 0x39C3, 0x9C82, 0xFFE4, 0xACA2, 0x7B03, 0x6AE4, 0x83A3, 0xF762, 0xDE83, 0x4A22, 0x31A5, 0x31A6, 0x3186,   // 0x0440 (1088) pixels
0x31A5, 0x31A5, 0x31A6, 0x31A5, 0x31A5, 0x31A5, 0x39E6, 0x4A44, 0x62A4, 0x7324, 0xACC3, 0xFFA1, 0xFFA0, 0xFFC1, 0xFFA0, 0xFFA0,   // 0x0450 (1104) pixels
0xFFC1, 0xCDA2, 0xA443, 0xAC63, 0xB4E2, 0xF762, 0xFFA0, 0xFFA0, 0xFFA0, 0xFF80, 0xFFC1, 0xD5E2, 0x8343, 0x6AC3, 0x5243, 0x39E4,   // 0x0460 (1120) pixels
0x31A4, 0x3185, 0x3185, 0x31A5, 0x31A6, 0x31A5, 0x31A6, 0x31A6, 0x31C5, 0x39C4, 0x9462, 0xFFE4, 0xAC82, 0x72E3, 0x6AE4, 0x83A2,   // 0x0470 (1136) pixels
0xFF62, 0xDE82, 0x4A22, 0x31A5, 0x31A6, 0x3186, 0x3185, 0x3185, 0x31A6, 0x31A5, 0x3185, 0x31A5, 0x39E5, 0x4A24, 0x5AA4, 0x7304,   // 0x0480 (1152) pixels
0xACC3, 0xFFA1, 0xFFA0, 0xFFA0, 0xFFA0, 0xFFA0, 0xFFC1, 0xCD82, 0xA442, 0xA462, 0xB4E2, 0xF762, 0xFFA1, 0xFFA0, 0xFFA0, 0xFFA0,   // 0x0490 (1168) pixels
0xFFC1, 0xD5E2, 0x8343, 0x62C3, 0x5243, 0x41E4, 0x31A4, 0x3184, 0x31A5, 0x3185, 0x31A5, 0x31A6, 0x31A5, 0x31A6, 0x31C5, 0x39C4,   // 0x04A0 (1184) pixels
0x9462, 0xFFE4, 0xAC82, 0x72E4, 0x6AC4, 0x83C3, 0xFF82, 0xDE83, 0x4A22, 0x31A5, 0x3186, 0x3186, 0x3185, 0x3185, 0x31A6, 0x31A6,   // 0x04B0 (1200) pixels
0x3185, 0x31A5, 0x39C5, 0x4A24, 0x5AA4, 0x7305, 0xA4A3, 0xFFA1, 0xFFA0, 0xFFA1, 0xFFA0, 0xFFA0, 0xFFC1, 0xCD82, 0xA423, 0xA463,   // 0x04C0 (1216) pixels
0xB4E3, 0xFF42, 0xFFA1, 0xFFA1, 0xFFA0, 0xFF80, 0xFFC1, 0xD5E3, 0x7B23, 0x62C3, 0x4A43, 0x39E4, 0x31A4, 0x3184, 0x3185, 0x31A5,   // 0x04D0 (1232) pixels
0x31A5, 0x31A6, 0x31A6, 0x31A6, 0x31C5, 0x39C4, 0x9C62, 0xFFE4, 0xACA2, 0x72E4, 0x6AC4, 0x83A3, 0xF763, 0xDE83, 0x4222, 0x31A5,   // 0x04E0 (1248) pixels
0x3186, 0x3185, 0x3185, 0x3185, 0x31A6, 0x31A6, 0x3185, 0x31A5, 0x39C5, 0x4204, 0x5A84, 0x6B05, 0xA482, 0xFFA1, 0xFFA0, 0xFFA0,   // 0x04F0 (1264) pixels
0xFFA0, 0xFF80, 0xFFA1, 0xC582, 0x9C23, 0x9C23, 0xACA3, 0xF742, 0xFFA1, 0xFFA1, 0xFF80, 0xFF80, 0xFFC1, 0xD5E3, 0x7B23, 0x62C3,   // 0x0500 (1280) pixels
0x4A43, 0x39E4, 0x31A4, 0x3185, 0x3185, 0x31A5, 0x31A5, 0x31A5, 0x31A5, 0x3186, 0x31C6, 0x39C4, 0x9C62, 0xFFE4, 0xAC82, 0x72E3,   // 0x0510 (1296) pixels
0x6AC4, 0x8383, 0xF762, 0xDE83, 0x4222, 0x3185, 0x3186, 0x31A5, 0x3185, 0x31A6, 0x31A5, 0x31A6, 0x31A5, 0x31A5, 0x39C5, 0x4205,   // 0x0520 (1312) pixels
0x5264, 0x62E4, 0xA483, 0xFF81, 0xFFA0, 0xFFA1, 0xFFA0, 0xFF80, 0xFFA1, 0xBD42, 0x93E3, 0x93E4, 0xA463, 0xF722, 0xFFA1, 0xFF81,   // 0x0530 (1328) pixels
0xFF80, 0xFF80, 0xFFC1, 0xCDC2, 0x7303, 0x62A3, 0x4A24, 0x39E4, 0x3184, 0x3185, 0x3185, 0x31A5, 0x31A6, 0x31A5, 0x3186, 0x31A6,   // 0x0540 (1344) pixels
0x31C5, 0x39C4, 0x9C62, 0xFFE4, 0xAC83, 0x72E3, 0x6AC4, 0x83A3, 0xF762, 0xDE83, 0x4A22, 0x31A5, 0x3186, 0x3185, 0x3185, 0x31A5,   // 0x0550 (1360) pixels
0x31A6, 0x31A6, 0x31A5, 0x31A5, 0x39C5, 0x4225, 0x4A44, 0x5A83, 0x9443, 0xFFA2, 0xFF60, 0xFF80, 0xFFA0, 0xF761, 0xFFA1, 0xACC2,   // 0x0560 (1376) pixels
0x8343, 0x83A3, 0x9C22, 0xF743, 0xFF81, 0xFF81, 0xFF81, 0xF760, 0xFFA1, 0xC582, 0x62C3, 0x5A83, 0x4204, 0x39C4, 0x31A4, 0x31A5,   // 0x0570 (1392) pixels
0x31A5, 0x31A5, 0x3186, 0x3185, 0x31A5, 0x31A6, 0x31A5, 0x39C3, 0x9C62, 0xFFE3, 0xA482, 0x6AC3, 0x6AC4, 0x8383, 0xFF62, 0xDE83,   // 0x0580 (1408) pixels
0x4202, 0x3185, 0x3186, 0x3185, 0x3185, 0x3186, 0x31A6, 0x31A6, 0x31A5, 0x31A5, 0x39C5, 0x39E5, 0x4A24, 0x5264, 0x83A3, 0xFFA4,   // 0x0590 (1424) pixels
0xFFE2, 0xFFE2, 0xFFC1, 0xFFC2, 0xF783, 0x9402, 0x7323, 0x7B64, 0x8383, 0xEEC4, 0xFFE2, 0xFFC2, 0xFFC2, 0xFFC2, 0xFFE3, 0xB503,   // 0x05A0 (1440) pixels
0x62A3, 0x5243, 0x41E4, 0x39A4, 0x31A4, 0x3185, 0x3185, 0x31A5, 0x3186, 0x3186, 0x31A5, 0x31A6, 0x31A5, 0x39A4, 0x9462, 0xFFE4,   // 0x05B0 (1456) pixels
0xA482, 0x6AE3, 0x62C4, 0x8383, 0xF762, 0xDE83, 0x4202, 0x31A5, 0x3186, 0x3185, 0x3185, 0x3186, 0x31A6, 0x31A6, 0x31A5, 0x31A5,   // 0x05C0 (1472) pixels
0x31A5, 0x39C5, 0x4204, 0x52A5, 0x6AE4, 0x9C43, 0xACE2, 0xA4C2, 0xA4C2, 0xACC3, 0x9C43, 0x7B43, 0x7324, 0x6B04, 0x7303, 0x8BE3,   // 0x05D0 (1488) pixels
0xAD03, 0xACE2, 0xACE3, 0xB503, 0xA483, 0x7B63, 0x62C4, 0x5244, 0x39E4, 0x31C4, 0x3185, 0x3185, 0x3185, 0x31A5, 0x31A6, 0x31A6,   // 0x05E0 (1504) pixels
0x31A6, 0x31A6, 0x31C5, 0x39C4, 0x9442, 0xFFE3, 0xA4A3, 0x6AE4, 0x62C4, 0x7B82, 0xF742, 0xDE83, 0x4A22, 0x31A5, 0x31A6, 0x3186,   // 0x05F0 (1520) pixels
0x31A6, 0x31A6, 0x31A6, 0x31A5, 0x31A5, 0x31A5, 0x31A5, 0x39C5, 0x4205, 0x4A65, 0x5AA5, 0x5AA3, 0x62A3, 0x6AC3, 0x6AE4, 0x6AC3,   // 0x0600 (1536) pixels
0x6AE3, 0x62E4, 0x5AA4, 0x5AA5, 0x5AC4, 0x6AE4, 0x72E2, 0x7303, 0x7303, 0x6AC3, 0x62A3, 0x5AC3, 0x5A84, 0x4A25, 0x41E5, 0x31C5,   // 0x0610 (1552) pixels
0x3185, 0x3185, 0x2965, 0x3185, 0x3186, 0x31A6, 0x31A6, 0x31A6, 0x31C6, 0x39E4, 0x9C82, 0xFFE3, 0xA482, 0x6AC3, 0x62A4, 0x7323,   // 0x0620 (1568) pixels
0xEF02, 0xEF43, 0x62A1, 0x39E4, 0x39C6, 0x31A5, 0x31A5, 0x31A5, 0x31A5, 0x31A5, 0x31A5, 0x31C5, 0x39C5, 0x39E4, 0x4204, 0x4204,   // 0x0630 (1584) pixels
0x4A44, 0x5264, 0x5AA4, 0x62C3, 0x62E3, 0x62C3, 0x5AA3, 0x5264, 0x5264, 0x5264, 0x5284, 0x5AA4, 0x62E4, 0x62E3, 0x62E3, 0x5AC3,   // 0x0640 (1600) pixels
0x5A83, 0x4A63, 0x4A43, 0x4204, 0x41E5, 0x39E5, 0x31C5, 0x31A5, 0x31A5, 0x31A5, 0x31A5, 0x3185, 0x31A5, 0x39C5, 0x4205, 0x4A22,   // 0x0650 (1616) pixels
0xB562, 0xFFE3, 0x9402, 0x62C4, 0x5AA4, 0x62C3, 0xC5C2, 0xFFE2, 0xA4C1, 0x41E2, 0x39C3, 0x31A4, 0x31A4, 0x31A4, 0x31C4, 0x39C4,   // 0x0660 (1632) pixels
0x39E4, 0x39E4, 0x39C4, 0x39C3, 0x41E3, 0x41E4, 0x4A04, 0x4A23, 0x5243, 0x5263, 0x5264, 0x5263, 0x5263, 0x5244, 0x5244, 0x4A44,   // 0x0670 (1648) pixels
0x4A44, 0x5264, 0x5264, 0x5283, 0x5263, 0x5263, 0x5263, 0x4A43, 0x4203, 0x4203, 0x41E3, 0x39C4, 0x39C4, 0x39E4, 0x39E4, 0x39E4,   // 0x0680 (1664) pixels
0x39C3, 0x39C4, 0x39A3, 0x39C3, 0x4202, 0x7B61, 0xF763, 0xF742, 0x8362, 0x62A4, 0x5284, 0x62C3, 0x8BA2, 0xF763, 0xFFC2, 0xAD02,   // 0x0690 (1680) pixels
0x7362, 0x6B42, 0x7362, 0x7383, 0x7BA3, 0x7B83, 0x7383, 0x7383, 0x7362, 0x7362, 0x7362, 0x7B82, 0x7BA2, 0x7BA3, 0x7B82, 0x7BA2,   // 0x06A0 (1696) pixels
0x7BA3, 0x7BA2, 0x7BA2, 0x7BA2, 0x7BA2, 0x7BA2, 0x7BA2, 0x7BA2, 0x7BA2, 0x7BA2, 0x83C2, 0x7BA2, 0x83A3, 0x7BA3, 0x7B82, 0x7382,   // 0x06B0 (1712) pixels
0x7362, 0x7362, 0x7362, 0x7BA3, 0x7BA3, 0x83A3, 0x83A3, 0x83C3, 0x7B82, 0x7B82, 0x9422, 0xEEC2, 0xFFE3, 0xB522, 0x6AE2, 0x5AA4,   // 0x06C0 (1728) pixels
0x5245, 0x5A84, 0x62C3, 0x8BE2, 0xEF02, 0xFFE3, 0xFFE3, 0xFFE3, 0xFFE3, 0xFFE3, 0xFFE4, 0xFFE3, 0xFFC3, 0xFFE3, 0xFFE3, 0xFFE3,   // 0x06D0 (1744) pixels
0xFFE3, 0xFFE3, 0xFFE3, 0xFFE3, 0xFFE3, 0xFFE3, 0xFFE3, 0xFFE3, 0xFFE4, 0xFFE3, 0xFFE4, 0xFFE4, 0xFFE3, 0xFFC3, 0xFFC3, 0xFFE3,   // 0x06E0 (1760) pixels
0xFFC3, 0xFFE3, 0xFFE3, 0xFFE3, 0xFFE3, 0xFFE3, 0xFFE3, 0xFFE3, 0xFFC4, 0xFFC4, 0xFFE4, 0xFFE4, 0xFFE4, 0xFFE3, 0xFFE4, 0xFFE3,   // 0x06F0 (1776) pixels
0xFFE3, 0xFF83, 0xB522, 0x72E1, 0x62A3, 0x5264, 0x4204, 0x4A44, 0x5AA4, 0x62A3, 0x7B42, 0xACC2, 0xC5A3, 0xC5A3, 0xC5A2, 0xC5A2,   // 0x0700 (1792) pixels
0xC5A2, 0xC5A2, 0xC5A2, 0xCDA2, 0xC5C2, 0xC5C2, 0xC5C2, 0xC5C2, 0xC5A2, 0xC5A2, 0xC5A2, 0xC5C2, 0xC5C2, 0xC5A2, 0xC5A2, 0xC5A2,   // 0x0710 (1808) pixels
0xC5A2, 0xC5A2, 0xC5C2, 0xC5C2, 0xC5C2, 0xC5C2, 0xCDC2, 0xC5C2, 0xC5C2, 0xC5C2, 0xCDA2, 0xC5A2, 0xC5A2, 0xC5A2, 0xCDA2, 0xCDA2,   // 0x0720 (1824) pixels
0xCDA2, 0xC5A2, 0xC5A2, 0xCDC2, 0xD5E3, 0xCDE2, 0xBD62, 0x93E2, 0x7301, 0x6AC3, 0x5A64, 0x4A24, 0x41C4, 0x4A04, 0x4A44, 0x5A84,   // 0x0730 (1840) pixels
0x62C4, 0x62A3, 0x6AC3, 0x6AC2, 0x6AC3, 0x6AC2, 0x6AC2, 0x6AC2, 0x6AC2, 0x72E2, 0x72E2, 0x72E2, 0x72E2, 0x72E2, 0x6AE2, 0x6AE2,   // 0x0740 (1856) pixels
0x6AE2, 0x6AE2, 0x6AE2, 0x6AE2, 0x72E3, 0x6AE2, 0x72E2, 0x72E2, 0x7302, 0x72E2, 0x72E2, 0x72E2, 0x72E2, 0x72E2, 0x6AE2, 0x6AE2,   // 0x0750 (1872) pixels
0x72E3, 0x72E2, 0x72E2, 0x72E2, 0x72E2, 0x7B02, 0x7302, 0x72E2, 0x72E2, 0x7302, 0x7B02, 0x7302, 0x7303, 0x6AE3, 0x62C3, 0x5A64,   // 0x0760 (1888) pixels
0x5224, 0x41E4
};

// 8. STOP ON (54x35)
const unsigned short btnStopOn[btnW * btnH] PROGMEM = {
0x31A4, 0x41C4, 0x4A04, 0x5264, 0x5A63, 0x5A64, 0x5A63, 0x5A63, 0x5A63, 0x5A63, 0x5A63, 0x5A63, 0x5A63, 0x5A64, 0x5A43, 0x5A63,   // 0x0010 (16) pixels
0x5A43, 0x5A64, 0x5A63, 0x6283, 0x6283, 0x6283, 0x6283, 0x62A3, 0x62A3, 0x62A3, 0x6283, 0x6283, 0x6283, 0x6283, 0x6283, 0x6283,   // 0x0020 (32) pixels
0x6263, 0x6283, 0x6283, 0x6A83, 0x6283, 0x6283, 0x6283, 0x6283, 0x6283, 0x5A63, 0x5A63, 0x5A63, 0x5A63, 0x5A63, 0x5A63, 0x6283,   // 0x0030 (48) pixels
0x6283, 0x5A83, 0x5A84, 0x4A24, 0x39C3, 0x3183, 0x39C3, 0x4A04, 0x5A63, 0x6283, 0x7B43, 0xACC3, 0xC5A4, 0xC5A5, 0xBD85, 0xBD84,   // 0x0040 (64) pixels
0xC585, 0xC585, 0xC584, 0xC584, 0xC585, 0xC584, 0xC584, 0xC584, 0xC584, 0xC584, 0xC5A4, 0xC5A4, 0xC5A4, 0xC5A4, 0xC5A4, 0xC5A5,   // 0x0050 (80) pixels
0xC5A5, 0xC5A5, 0xC585, 0xC585, 0xC585, 0xC584, 0xC584, 0xC584, 0xC584, 0xC584, 0xC584, 0xC584, 0xC584, 0xC584, 0xC585, 0xBD64,   // 0x0060 (96) pixels
0xBD64, 0xBD64, 0xBD64, 0xC584, 0xC5A5, 0xC5A5, 0xBD44, 0x93E3, 0x6AA2, 0x5A63, 0x49E4, 0x39A4, 0x41E3, 0x4A43, 0x5A82, 0x8BE2,   // 0x0070 (112) pixels
0xEF02, 0xFFE2, 0xFFE3, 0xFFE3, 0xFFE3, 0xFFE3, 0xFFC3, 0xFFE3, 0xFFC3, 0xFFC3, 0xFFC4, 0xFFC3, 0xFFE3, 0xFFC3, 0xFFC3, 0xFFC3,   // 0x0080 (128) pixels
0xFFC3, 0xFFE3, 0xFFE3, 0xFFE3, 0xFFC3, 0xFFC3, 0xFFC3, 0xFFC3, 0xFFC4, 0xFFC4, 0xFFC3, 0xFFC3, 0xFFC4, 0xFFC4, 0xFFC4, 0xFFC4,   // 0x0090 (144) pixels
0xFFC3, 0xFFC3, 0xFFC3, 0xFFC4, 0xFFC4, 0xFFC3, 0xFFC3, 0xFFC4, 0xFFE3, 0xFFE4, 0xFFE4, 0xFFE4, 0xFFE4, 0xFF83, 0xACC2, 0x6261,   // 0x00A0 (160) pixels
0x5223, 0x4A03, 0x4A43, 0x5262, 0x7B41, 0xF744, 0xFFA4, 0xACE1, 0x83C1, 0x8BC1, 0x8BE1, 0x8BE2, 0x8BE2, 0x8BC2, 0x8BC2, 0x83A1,   // 0x00B0 (176) pixels
0x83A2, 0x83A1, 0x83A2, 0x83A1, 0x83A2, 0x83A1, 0x83A1, 0x83C1, 0x83C2, 0x8BC2, 0x8BE2, 0x8BE2, 0x8BE1, 0x8BE1, 0x8BE2, 0x8BE2,   // 0x00C0 (192) pixels
0x8BC2, 0x8BE2, 0x8BC1, 0x83A2, 0x83A1, 0x8381, 0x8381, 0x8381, 0x7B81, 0x83A1, 0x83A2, 0x8BE2, 0x8BE2, 0x8BE2, 0x9402, 0x93E2,   // 0x00D0 (208) pixels
0x8BE2, 0x83C1, 0x8BE1, 0xDE63, 0xFFC4, 0xACA1, 0x6261, 0x5243, 0x5283, 0x62C1, 0xCDE3, 0xFFE4, 0x83E2, 0x3181, 0x39A4, 0x39A4,   // 0x00E0 (224) pixels
0x39C4, 0x39C4, 0x39C4, 0x39C5, 0x39C4, 0x39C4, 0x39C4, 0x39E4, 0x39C4, 0x4204, 0x4204, 0x4204, 0x4A23, 0x4A23, 0x4A43, 0x5243,   // 0x00F0 (240) pixels
0x5243, 0x5A63, 0x5A63, 0x5A63, 0x5A83, 0x5A83, 0x5283, 0x5263, 0x4A43, 0x4A23, 0x4A24, 0x4203, 0x39C3, 0x39C3, 0x39C4, 0x39C4,   // 0x0100 (256) pixels
0x39E4, 0x4204, 0x4205, 0x39E4, 0x39E4, 0x39C4, 0x31A4, 0x31A4, 0x3182, 0x6282, 0xEF04, 0xF723, 0x7B41, 0x5A62, 0x62A3, 0x7B61,   // 0x0110 (272) pixels
0xF763, 0xDE83, 0x4A02, 0x31A4, 0x2985, 0x2985, 0x31A5, 0x31A6, 0x31C5, 0x31A6, 0x31A5, 0x31A5, 0x39C5, 0x39E5, 0x4224, 0x4A44,   // 0x0120 (288) pixels
0x5264, 0x5283, 0x5AA3, 0x5AA3, 0x62A3, 0x62A3, 0x62A3, 0x62C3, 0x62C3, 0x62C3, 0x6AE3, 0x6AC3, 0x62C3, 0x62C3, 0x62A3, 0x5A83,   // 0x0130 (304) pixels
0x5283, 0x4A43, 0x4A23, 0x4204, 0x39E4, 0x39E4, 0x39C5, 0x31A5, 0x31A5, 0x31A5, 0x3185, 0x3185, 0x3185, 0x31A5, 0x39C4, 0x41E2,   // 0x0140 (320) pixels
0xB543, 0xFFE4, 0x9C22, 0x5A82, 0x62C3, 0x83C1, 0xFFA3, 0xCE02, 0x4A02, 0x31A5, 0x2985, 0x3185, 0x3185, 0x3185, 0x31A5, 0x3185,   // 0x0150 (336) pixels
0x3186, 0x31A5, 0x39C5, 0x3A05, 0x4A45, 0x5A84, 0x62C3, 0x62C2, 0x6AE3, 0x7302, 0x7322, 0x7342, 0x7B22, 0x7B22, 0x7B22, 0x7B42,   // 0x0160 (352) pixels
0x7B42, 0x7B22, 0x7322, 0x7322, 0x7322, 0x6B02, 0x62E3, 0x62C3, 0x5AC4, 0x5264, 0x4224, 0x39E5, 0x31A5, 0x2965, 0x2965, 0x2965,   // 0x0170 (368) pixels
0x3185, 0x3185, 0x3186, 0x31A5, 0x31A5, 0x41E4, 0xA4C3, 0xFFE4, 0xA481, 0x6282, 0x62C3, 0x8BE1, 0xFFA2, 0xCE01, 0x4A02, 0x31A6,   // 0x0180 (384) pixels
0x2985, 0x2985, 0x3185, 0x3185, 0x31A5, 0x3185, 0x3185, 0x31A5, 0x39C5, 0x4224, 0x5265, 0x62C4, 0x8383, 0x9C43, 0x9C42, 0x9C63,   // 0x0190 (400) pixels
0xA483, 0xA482, 0xA482, 0xA483, 0xA462, 0xA462, 0x9C62, 0x9C62, 0x9C62, 0x9C62, 0x9C63, 0x9C42, 0xA463, 0x8BE3, 0x6B03, 0x5A84,   // 0x01A0 (416) pixels
0x4A25, 0x39E4, 0x31A4, 0x2964, 0x2965, 0x2965, 0x3185, 0x3185, 0x3186, 0x31A6, 0x31C5, 0x41C4, 0xA4A3, 0xFFE3, 0xA481, 0x62A2,   // 0x01B0 (432) pixels
0x62C3, 0x8BE2, 0xFFA2, 0xCDE1, 0x4A03, 0x31A6, 0x2985, 0x3185, 0x29A5, 0x3185, 0x2985, 0x3185, 0x31A5, 0x31A5, 0x41E4, 0x4A24,   // 0x01C0 (448) pixels
0x5AA4, 0x7323, 0xDE65, 0xFFC5, 0xFF83, 0xFFA3, 0xFFA4, 0xFF83, 0xFF83, 0xFF83, 0xFF83, 0xFF84, 0xFF84, 0xFF84, 0xFFA4, 0xFF84,   // 0x01D0 (464) pixels
0xFFA4, 0xFFA4, 0xFFA4, 0xF746, 0x8BE3, 0x62A3, 0x4A24, 0x39C4, 0x3184, 0x2965, 0x2965, 0x2985, 0x3185, 0x31A5, 0x31A5, 0x31A6,   // 0x01E0 (480) pixels
0x31C5, 0x41C4, 0xA4A4, 0xFFE3, 0xA481, 0x62A2, 0x62C3, 0x8BE1, 0xFFA1, 0xCDE1, 0x4A03, 0x31A6, 0x31A5, 0x31A5, 0x3185, 0x3185,   // 0x01F0 (496) pixels
0x3185, 0x3185, 0x3185, 0x39C5, 0x41E4, 0x4A43, 0x62A4, 0x8BC2, 0xF741, 0xFF80, 0xFF80, 0xFFA0, 0xFFA0, 0xFFA0, 0xFFA0, 0xFFA0,   // 0x0200 (512) pixels
0xFFA0, 0xFFA0, 0xFFA0, 0xFFA0, 0xFFA0, 0xFFA0, 0xFFA0, 0xFFA1, 0xFF80, 0xFFC3, 0xACA2, 0x6282, 0x5244, 0x41C4, 0x39A4, 0x3185,   // 0x0210 (528) pixels
0x2985, 0x3185, 0x31A5, 0x31A5, 0x31A6, 0x31A5, 0x31C5, 0x39C4, 0xA4A4, 0xFFE3, 0xACA1, 0x6AA2, 0x6AE3, 0x8BE1, 0xFFA1, 0xCDE2,   // 0x0220 (544) pixels
0x4A03, 0x31A6, 0x3185, 0x31A5, 0x31A5, 0x31A5, 0x31A5, 0x2985, 0x2985, 0x31C5, 0x41E4, 0x5243, 0x6AC4, 0x93E3, 0xF720, 0xFFA0,   // 0x0230 (560) pixels
0xFFA0, 0xFFA0, 0xFFA0, 0xFFA1, 0xFFC1, 0xFFA1, 0xFFA1, 0xFFC1, 0xFFA0, 0xFFA1, 0xFFC1, 0xFFC0, 0xFFC1, 0xFFA1, 0xFF81, 0xFF82,   // 0x0240 (576) pixels
0xACA2, 0x6AC3, 0x5264, 0x41E4, 0x39A4, 0x3185, 0x2985, 0x3185, 0x31A5, 0x31A5, 0x31A6, 0x31A5, 0x31C5, 0x39A4, 0xA4A4, 0xFFE3,   // 0x0250 (592) pixels
0xACA1, 0x6AA2, 0x62E3, 0x9401, 0xFFC1, 0xCDE1, 0x4A03, 0x31A6, 0x3185, 0x31A5, 0x31A5, 0x31A5, 0x31A6, 0x3185, 0x3185, 0x31A5,   // 0x0260 (608) pixels
0x4204, 0x5263, 0x6AE5, 0x93E3, 0xF720, 0xFFA0, 0xFFA0, 0xFFA0, 0xFFC1, 0xFFA0, 0xFFA0, 0xFFA0, 0xFFC1, 0xFFC1, 0xFFA1, 0xFFA1,   // 0x0270 (624) pixels
0xFFA0, 0xFFA1, 0xFFC1, 0xFFA1, 0xFF81, 0xFFA3, 0xACC2, 0x72E3, 0x5A84, 0x49E4, 0x39C4, 0x3185, 0x3185, 0x31A5, 0x31A5, 0x31A5,   // 0x0280 (640) pixels
0x31A6, 0x31A6, 0x31C5, 0x39A4, 0xA4A4, 0xFFE3, 0xACA1, 0x6AA2, 0x6AE3, 0x9401, 0xFFC1, 0xCDE1, 0x4A23, 0x31A6, 0x3186, 0x31A5,   // 0x0290 (656) pixels
0x31A5, 0x31A6, 0x31A6, 0x3185, 0x3185, 0x39A5, 0x41E4, 0x5264, 0x6B05, 0x9403, 0xF720, 0xFF80, 0xFF80, 0xFFA0, 0xFFA0, 0xFFA1,   // 0x02A0 (672) pixels
0xFFA0, 0xFFC0, 0xFFC1, 0xFFC1, 0xFFA1, 0xFFC1, 0xFFA1, 0xFFA1, 0xFFA0, 0xFFA1, 0xFF81, 0xFFA3, 0xB4E1, 0x7303, 0x5A84, 0x4A04,   // 0x02B0 (688) pixels
0x39C4, 0x3185, 0x3185, 0x31A5, 0x31A5, 0x31A5, 0x31A5, 0x31A5, 0x31A5, 0x39A4, 0xA4C3, 0xFFE3, 0xACA1, 0x6AC1, 0x6AE3, 0x9421,   // 0x02C0 (704) pixels
0xFFC1, 0xCDE1, 0x4A03, 0x31A6, 0x3186, 0x31A5, 0x31A5, 0x31A6, 0x3185, 0x2965, 0x3185, 0x39A5, 0x4204, 0x5A84, 0x7305, 0x9403,   // 0x02D0 (720) pixels
0xF720, 0xFFA0, 0xFF80, 0xFFA0, 0xFFA0, 0xFFA0, 0xFFA0, 0xFFA0, 0xFFA1, 0xFFA0, 0xFFA0, 0xFFA1, 0xFFC1, 0xFFA0, 0xFFA1, 0xFFA1,   // 0x02E0 (736) pixels
0xFF80, 0xFFA2, 0xB4E2, 0x7B23, 0x62A4, 0x4A04, 0x39C4, 0x3185, 0x3185, 0x31A5, 0x31A5, 0x31A5, 0x31A6, 0x31A5, 0x31A6, 0x39A4,   // 0x02F0 (752) pixels
0xA4A3, 0xFFE3, 0xACA1, 0x6AC2, 0x6AE3, 0x9421, 0xFFC1, 0xCDE1, 0x4A23, 0x31A6, 0x3185, 0x31A5, 0x3185, 0x31A5, 0x3185, 0x2985,   // 0x0300 (768) pixels
0x31A5, 0x39C5, 0x4204, 0x5A83, 0x7304, 0x9423, 0xF740, 0xFFC0, 0xFFA1, 0xFFC0, 0xFFA0, 0xFFA1, 0xFFA0, 0xFFA0, 0xFFA0, 0xFFA0,   // 0x0310 (784) pixels
0xFFC1, 0xFFA0, 0xFFA0, 0xFFA0, 0xFFA0, 0xFFA0, 0xFFA1, 0xFFA2, 0xB4E1, 0x7B23, 0x62C4, 0x4A24, 0x39C4, 0x39A5, 0x3185, 0x3185,   // 0x0320 (800) pixels
0x31A5, 0x31A5, 0x31A6, 0x31A5, 0x31A6, 0x39C4, 0xA4A3, 0xFFE3, 0xACA1, 0x6AC2, 0x6AE3, 0x9401, 0xFFC1, 0xCE01, 0x4A03, 0x31A6,   // 0x0330 (816) pixels
0x3185, 0x31A5, 0x3185, 0x31A5, 0x3185, 0x3185, 0x31A5, 0x39C5, 0x4A24, 0x5AA3, 0x7325, 0x9C23, 0xF741, 0xFFC0, 0xFFA1, 0xFFA1,   // 0x0340 (832) pixels
0xFFA1, 0xFFA0, 0xFFA1, 0xFFA0, 0xFFA0, 0xFFA0, 0xFFA0, 0xFFA0, 0xFFA1, 0xFFA0, 0xFFA1, 0xFFA1, 0xFF81, 0xFFA3, 0xB501, 0x7B23,   // 0x0350 (848) pixels
0x62C4, 0x4A24, 0x39C4, 0x31A5, 0x3185, 0x31A5, 0x31A5, 0x31A5, 0x31A5, 0x3185, 0x31A5, 0x39C4, 0xA4A3, 0xFFE3, 0xACA1, 0x6AC2,   // 0x0360 (864) pixels
0x6B03, 0x9421, 0xFFC1, 0xCDE1, 0x4A03, 0x31A6, 0x3185, 0x3185, 0x3185, 0x31A5, 0x31A6, 0x3185, 0x31A5, 0x39C5, 0x4A24, 0x5AA3,   // 0x0370 (880) pixels
0x7324, 0x9423, 0xF741, 0xFFC0, 0xFFA0, 0xFFA1, 0xFFA1, 0xFFA0, 0xFFA0, 0xFFA0, 0xFFA0, 0xFFA0, 0xFF81, 0xFFA0, 0xFFC1, 0xFFA0,   // 0x0380 (896) pixels
0xFFA0, 0xFFC1, 0xFFA1, 0xFFA3, 0xB502, 0x7B23, 0x62C4, 0x4A24, 0x39C4, 0x31A5, 0x31A5, 0x31A5, 0x3185, 0x3185, 0x3185, 0x3185,   // 0x0390 (912) pixels
0x31A5, 0x39A4, 0xA4C4, 0xFFE3, 0xACA1, 0x72E2, 0x6B03, 0x9421, 0xFFC1, 0xCDE1, 0x4A23, 0x31A6, 0x31A5, 0x31A5, 0x31A5, 0x31A5,   // 0x03A0 (928) pixels
0x31A5, 0x3185, 0x31A5, 0x39C5, 0x4A24, 0x5AA3, 0x7345, 0x9C23, 0xF741, 0xFFC0, 0xFFA1, 0xFFA0, 0xFFA1, 0xFFA0, 0xFFA0, 0xFFA0,   // 0x03B0 (944) pixels
0xFFA0, 0xFFA1, 0xFFA0, 0xFFC1, 0xFFC1, 0xFFC0, 0xFFA0, 0xFFA1, 0xFFA1, 0xFFA2, 0xB502, 0x7B23, 0x62C4, 0x5244, 0x39C4, 0x31A5,   // 0x03C0 (960) pixels
0x3185, 0x31A5, 0x31A5, 0x31A5, 0x3185, 0x31A5, 0x31A5, 0x39C4, 0xA4C3, 0xFFE3, 0xACC1, 0x72E2, 0x6B03, 0x9421, 0xFFC1, 0xCDE1,   // 0x03D0 (976) pixels
0x4A03, 0x31A6, 0x3185, 0x3185, 0x31A5, 0x31A5, 0x31A5, 0x31A5, 0x31C5, 0x39E5, 0x4A24, 0x5AA3, 0x7B45, 0x9C23, 0xF741, 0xFFC0,   // 0x03E0 (992) pixels
0xFFA0, 0xFFA0, 0xFFA1, 0xFFA0, 0xFFA0, 0xFFA0, 0xFFC1, 0xFFA0, 0xFF80, 0xFFA1, 0xFFA0, 0xFFC0, 0xFFA0, 0xFFA1, 0xFFA1, 0xFFC2,   // 0x03F0 (1008) pixels
0xB502, 0x7B23, 0x62C4, 0x4A24, 0x41C4, 0x31A5, 0x3185, 0x3185, 0x3185, 0x3185, 0x3185, 0x31A5, 0x31A5, 0x41C5, 0xA4C4, 0xFFE3,   // 0x0400 (1024) pixels
0xACC1, 0x72E2, 0x6B03, 0x9421, 0xFFC1, 0xCDE1, 0x4A03, 0x31A6, 0x3185, 0x31A5, 0x3185, 0x31A5, 0x31A5, 0x31A5, 0x31A5, 0x39E5,   // 0x0410 (1040) pixels
0x4A24, 0x5AA4, 0x7345, 0x9C23, 0xF741, 0xFFC0, 0xFFA0, 0xFFA0, 0xFFA0, 0xFFA1, 0xFFA0, 0xFFA0, 0xFFC1, 0xFFA0, 0xFFA1, 0xFFA0,   // 0x0420 (1056) pixels
0xFFA0, 0xFFC1, 0xFFA1, 0xFFC1, 0xFFA1, 0xFFC2, 0xBD22, 0x7B23, 0x62A4, 0x4A24, 0x39C4, 0x31A5, 0x2985, 0x31A5, 0x3185, 0x31A5,   // 0x0430 (1072) pixels
0x31A5, 0x31A5, 0x31A5, 0x39C5, 0xA4A4, 0xFFE3, 0xACC1, 0x72E2, 0x6AE3, 0x9401, 0xFFC1, 0xCDE1, 0x4A23, 0x31A6, 0x31A5, 0x31A5,   // 0x0440 (1088) pixels
0x31A5, 0x31A5, 0x31A5, 0x3185, 0x31A5, 0x39E6, 0x4A24, 0x5A83, 0x7325, 0x9C03, 0xF721, 0xFFC1, 0xFFA0, 0xFFA0, 0xFFA0, 0xFFA0,   // 0x0450 (1104) pixels
0xFFA0, 0xFFA0, 0xFFC1, 0xFFA0, 0xFFC1, 0xFFA0, 0xFFA0, 0xFFA0, 0xFFC1, 0xFFA1, 0xFFA1, 0xFFA2, 0xBD22, 0x7B43, 0x62A4, 0x4A24,   // 0x0460 (1120) pixels
0x39C4, 0x31A5, 0x3185, 0x3185, 0x31A5, 0x31A5, 0x31A5, 0x31A5, 0x31A5, 0x39C5, 0xA4A4, 0xFFE3, 0xACC1, 0x7303, 0x6AE3, 0x9401,   // 0x0470 (1136) pixels
0xFFC1, 0xCDE1, 0x4A23, 0x31A6, 0x31A5, 0x31A5, 0x31A6, 0x31A6, 0x31A6, 0x3185, 0x31A5, 0x39C5, 0x4A24, 0x5A83, 0x7325, 0x9C03,   // 0x0480 (1152) pixels
0xF721, 0xFFA1, 0xFFA0, 0xFFA0, 0xFFA0, 0xFFA0, 0xFFA0, 0xFFA0, 0xFFA1, 0xFFA0, 0xFFC1, 0xFFA1, 0xFFA1, 0xFFA0, 0xFFC1, 0xFFA1,   // 0x0490 (1168) pixels
0xFF81, 0xFFA3, 0xB502, 0x7B23, 0x62C4, 0x4A24, 0x39C4, 0x31A5, 0x3185, 0x3185, 0x31A5, 0x31A5, 0x3185, 0x31A5, 0x31A5, 0x39C5,   // 0x04A0 (1184) pixels
0xA4C4, 0xFFE3, 0xACC1, 0x72E3, 0x6AE3, 0x8C01, 0xFFC1, 0xCDE1, 0x4A23, 0x31A6, 0x3185, 0x3185, 0x31A6, 0x31A5, 0x31A5, 0x3185,   // 0x04B0 (1200) pixels
0x31A4, 0x39C5, 0x4204, 0x5283, 0x6B05, 0x9403, 0xF721, 0xFFC1, 0xFFA0, 0xFFA0, 0xFFA0, 0xFFA0, 0xFFA0, 0xFFA1, 0xFFC1, 0xFFC1,   // 0x04C0 (1216) pixels
0xFFA0, 0xFFA1, 0xFFA0, 0xFFA1, 0xFFA1, 0xFFA1, 0xFF81, 0xFFA3, 0xBD02, 0x7B23, 0x62A3, 0x4A24, 0x39C4, 0x3185, 0x3185, 0x31A5,   // 0x04D0 (1232) pixels
0x31A5, 0x31A5, 0x31A5, 0x3185, 0x31A5, 0x39A5, 0xA4C3, 0xFFE3, 0xACA1, 0x6AE2, 0x6AE3, 0x9401, 0xFFC1, 0xCDE1, 0x4A23, 0x31A6,   // 0x04E0 (1248) pixels
0x3185, 0x31A6, 0x3186, 0x31A5, 0x31A5, 0x2985, 0x3185, 0x31A5, 0x4204, 0x5263, 0x6AE4, 0x93C2, 0xF701, 0xFFA1, 0xFFA0, 0xFFA0,   // 0x04F0 (1264) pixels
0xFFA1, 0xFFA0, 0xFFA0, 0xFFA0, 0xFFC1, 0xFFA1, 0xFFA1, 0xFFC1, 0xFFA1, 0xFFA1, 0xFFA1, 0xFFA0, 0xFF81, 0xFFA3, 0xB501, 0x7303,   // 0x0500 (1280) pixels
0x6283, 0x4A04, 0x39C4, 0x3185, 0x2985, 0x3185, 0x31A6, 0x31A5, 0x31A5, 0x3185, 0x31A5, 0x39A5, 0xA4A3, 0xFFE3, 0xACA1, 0x6AC2,   // 0x0510 (1296) pixels
0x62E3, 0x9401, 0xFFC1, 0xCDE1, 0x5223, 0x31A6, 0x31A5, 0x31A5, 0x3185, 0x3185, 0x31A5, 0x3185, 0x3184, 0x31A5, 0x41E4, 0x5244,   // 0x0520 (1312) pixels
0x62C4, 0x93C2, 0xF700, 0xFFA0, 0xFF80, 0xFFA0, 0xFFA0, 0xFFA0, 0xFFA0, 0xFFA0, 0xFFA0, 0xFFA1, 0xFFA0, 0xFFA0, 0xFFA1, 0xFFA1,   // 0x0530 (1328) pixels
0xFFA1, 0xFF81, 0xFF81, 0xFFA2, 0xACC2, 0x72E3, 0x5A84, 0x4204, 0x39C4, 0x3185, 0x2985, 0x31A5, 0x31A5, 0x31A5, 0x31A6, 0x3185,   // 0x0540 (1344) pixels
0x31A5, 0x39A5, 0x9CA3, 0xFFE2, 0xACA2, 0x6AE2, 0x62E3, 0x8C01, 0xFFC1, 0xCE01, 0x4A23, 0x39C6, 0x3186, 0x3185, 0x3185, 0x31A5,   // 0x0550 (1360) pixels
0x3185, 0x2985, 0x3185, 0x31A5, 0x41E4, 0x4A43, 0x62A4, 0x8382, 0xF742, 0xFFC1, 0xFFC0, 0xFFC0, 0xFFE0, 0xFFC0, 0xFFC1, 0xFFC0,   // 0x0560 (1376) pixels
0xFFC1, 0xFFC1, 0xFFC1, 0xFFC1, 0xFFC1, 0xFFC1, 0xFFA1, 0xFFA2, 0xFFA1, 0xFFE4, 0xA462, 0x6283, 0x5243, 0x41E4, 0x39A4, 0x3185,   // 0x0570 (1392) pixels
0x2985, 0x3185, 0x3185, 0x31A5, 0x31A6, 0x31A6, 0x39A6, 0x39C5, 0xA4A4, 0xFFE3, 0xACA2, 0x6AC2, 0x62E3, 0x8BE1, 0xFFC1, 0xCDE1,   // 0x0580 (1408) pixels
0x4A23, 0x31A7, 0x2985, 0x3185, 0x3185, 0x3185, 0x3185, 0x3185, 0x3185, 0x31A5, 0x39C4, 0x4223, 0x5A84, 0x6B03, 0xBD63, 0xEF03,   // 0x0590 (1424) pixels
0xE6E3, 0xEEE3, 0xEEE3, 0xEEE2, 0xEEE2, 0xEEE2, 0xEEC2, 0xEEC2, 0xEEE2, 0xEEE2, 0xEEE2, 0xEEC2, 0xEEE3, 0xEEE3, 0xEEE4, 0xDE45,   // 0x05A0 (1440) pixels
0x8362, 0x5A83, 0x4A44, 0x41E5, 0x31A4, 0x3185, 0x2985, 0x31A5, 0x31A5, 0x3185, 0x31A5, 0x31A6, 0x31A6, 0x41C5, 0xA4A4, 0xFFE3,   // 0x05B0 (1456) pixels
0xACA1, 0x6AC2, 0x62E3, 0x8C01, 0xFFC1, 0xCDE1, 0x4A23, 0x31A7, 0x3185, 0x31A5, 0x3185, 0x3186, 0x3185, 0x3186, 0x31A5, 0x31A5,   // 0x05C0 (1472) pixels
0x39C5, 0x41E5, 0x5265, 0x62C4, 0x6B03, 0x8362, 0x83A2, 0x8BA2, 0x8BA2, 0x8BA2, 0x8BA2, 0x8BA2, 0x8BA2, 0x8B82, 0x8B82, 0x8B82,   // 0x05D0 (1488) pixels
0x8BA2, 0x8BA2, 0x8BA2, 0x8BA2, 0x8382, 0x7B02, 0x62C3, 0x5264, 0x4A04, 0x39C4, 0x3184, 0x3185, 0x31A5, 0x3185, 0x3185, 0x31A5,   // 0x05E0 (1504) pixels
0x3185, 0x31A6, 0x31A5, 0x39A4, 0xA4C4, 0xFFE3, 0xACA1, 0x6AC2, 0x62E4, 0x8C01, 0xFFC1, 0xCE01, 0x5244, 0x39A7, 0x3185, 0x3185,   // 0x05F0 (1520) pixels
0x3186, 0x3186, 0x3186, 0x2986, 0x2986, 0x31A6, 0x39C5, 0x39E4, 0x4A45, 0x5285, 0x62E4, 0x6B24, 0x6B24, 0x7344, 0x7344, 0x7344,   // 0x0600 (1536) pixels
0x7344, 0x7344, 0x7323, 0x7323, 0x7323, 0x7324, 0x7323, 0x7323, 0x7303, 0x6B04, 0x62E4, 0x62C4, 0x5284, 0x4A24, 0x41E5, 0x39C5,   // 0x0610 (1552) pixels
0x31A5, 0x3185, 0x3185, 0x2986, 0x2986, 0x3185, 0x3186, 0x31A6, 0x31A6, 0x41E4, 0xA4C4, 0xFFE3, 0xACA2, 0x6AC3, 0x5AC3, 0x83A2,   // 0x0620 (1568) pixels
0xFF61, 0xDE82, 0x5262, 0x39C5, 0x31A5, 0x31A5, 0x31A5, 0x31A5, 0x31A5, 0x31A5, 0x31A5, 0x39C5, 0x39E5, 0x39E5, 0x4225, 0x4A45,   // 0x0630 (1584) pixels
0x5264, 0x5284, 0x5AA4, 0x5AA4, 0x5AA4, 0x5A84, 0x62A3, 0x62C4, 0x62A4, 0x62C4, 0x62C4, 0x62C4, 0x62C4, 0x62C4, 0x62C4, 0x62A4,   // 0x0640 (1600) pixels
0x5A83, 0x5264, 0x4A24, 0x4204, 0x4205, 0x39E5, 0x39C5, 0x31C5, 0x31A5, 0x31A5, 0x3185, 0x3185, 0x3185, 0x31A5, 0x39E5, 0x4A23,   // 0x0650 (1616) pixels
0xBD83, 0xFFE3, 0xA462, 0x6AA3, 0x5AA4, 0x6AE2, 0xD601, 0xFFE1, 0x8C02, 0x39C2, 0x39E4, 0x39C4, 0x39E4, 0x39E4, 0x39E4, 0x39E4,   // 0x0660 (1632) pixels
0x39E4, 0x39E4, 0x39E4, 0x39E4, 0x4204, 0x4204, 0x4A23, 0x4A43, 0x4A43, 0x5264, 0x5264, 0x5264, 0x5A84, 0x5A84, 0x5A84, 0x5A84,   // 0x0670 (1648) pixels
0x5A84, 0x5A84, 0x5283, 0x5283, 0x5283, 0x5283, 0x4A43, 0x4A23, 0x4A24, 0x4204, 0x39E3, 0x41E4, 0x41E4, 0x41E4, 0x39E4, 0x39C4,   // 0x0680 (1664) pixels
0x39C4, 0x31C4, 0x31A3, 0x39C3, 0x39C2, 0x6AE2, 0xEF43, 0xF743, 0x8362, 0x62C4, 0x5264, 0x5AA4, 0x8BC2, 0xFFA2, 0xFFA3, 0xACE2,   // 0x0690 (1680) pixels
0x7BA2, 0x7B83, 0x7B83, 0x7B83, 0x7BA3, 0x7B83, 0x7383, 0x7383, 0x7383, 0x7362, 0x7382, 0x7383, 0x7B82, 0x7B83, 0x7B82, 0x7BA3,   // 0x06A0 (1696) pixels
0x7BA2, 0x83A3, 0x83C3, 0x83A3, 0x83C3, 0x83C3, 0x83C3, 0x83C3, 0x83A3, 0x7BA3, 0x7BA3, 0x7BA3, 0x7BA3, 0x7BA2, 0x7B83, 0x7B83,   // 0x06B0 (1712) pixels
0x7362, 0x7363, 0x7363, 0x7B83, 0x7B83, 0x7B83, 0x7B83, 0x7B83, 0x7B83, 0x7B63, 0x8BE2, 0xDE83, 0xFFE3, 0xACE2, 0x6AA3, 0x6284,   // 0x06C0 (1728) pixels
0x4A24, 0x5A84, 0x6283, 0xA482, 0xF783, 0xFFE3, 0xFFE3, 0xFFE3, 0xFFE3, 0xFFE4, 0xFFE4, 0xFFE4, 0xFFE4, 0xFFE4, 0xFFC4, 0xFFC4,   // 0x06D0 (1744) pixels
0xFFE4, 0xFFE4, 0xFFC4, 0xFFC4, 0xFFC4, 0xFFC4, 0xFFC4, 0xFFC4, 0xFFE4, 0xFFC4, 0xFFC4, 0xFFC4, 0xFFC4, 0xFFC4, 0xFFC4, 0xFFC4,   // 0x06E0 (1760) pixels
0xFFC4, 0xFFC4, 0xFFC4, 0xFFC4, 0xFFC4, 0xFFC4, 0xFFE4, 0xFFC4, 0xFFC4, 0xFFC4, 0xFFC4, 0xFFC3, 0xFFE3, 0xFFE4, 0xFFE4, 0xFFE4,   // 0x06F0 (1776) pixels
0xFFE4, 0xFF83, 0xB502, 0x6AC2, 0x62A4, 0x5244, 0x4204, 0x4A44, 0x5A84, 0x6AC3, 0x8BC2, 0xB542, 0xCDE2, 0xCDE2, 0xC5A2, 0xC5A2,   // 0x0700 (1792) pixels
0xC5A2, 0xC582, 0xC5A2, 0xC5A2, 0xC5A2, 0xC5A3, 0xC5A2, 0xC5A2, 0xCDA2, 0xCDA2, 0xCDA2, 0xCDA2, 0xCDA2, 0xCDA2, 0xCDC3, 0xCDC2,   // 0x0710 (1808) pixels
0xCDC3, 0xC5C2, 0xCDA2, 0xC5A2, 0xCDA2, 0xCDC2, 0xCDC2, 0xCDC2, 0xCDC2, 0xCDC2, 0xCDA2, 0xCDA2, 0xCDA2, 0xC5A2, 0xCDA2, 0xCDA2,   // 0x0720 (1824) pixels
0xC5A2, 0xC582, 0xCDA2, 0xCDC2, 0xCDE2, 0xCE03, 0xC562, 0x9C01, 0x72E2, 0x62C4, 0x5244, 0x4A04, 0x41E4, 0x4A23, 0x5244, 0x62A4,   // 0x0730 (1840) pixels
0x62C3, 0x6AC3, 0x72E3, 0x6AE3, 0x6AC2, 0x6AC3, 0x6AC2, 0x6AA2, 0x6AC3, 0x6AC2, 0x6AE2, 0x72E3, 0x72E3, 0x7303, 0x72E3, 0x72E2,   // 0x0740 (1856) pixels
0x7302, 0x7302, 0x7302, 0x7302, 0x7302, 0x7302, 0x7303, 0x7302, 0x7302, 0x72E2, 0x72E2, 0x7303, 0x7302, 0x7322, 0x7B22, 0x7B22,   // 0x0750 (1872) pixels
0x7302, 0x7B02, 0x7302, 0x72E2, 0x7302, 0x72E2, 0x72E2, 0x72C2, 0x6AC2, 0x6AC2, 0x6AC2, 0x72E2, 0x72E2, 0x6AE3, 0x6AC4, 0x5A64,   // 0x0760 (1888) pixels
0x5224, 0x41E4
};

// =========================================================
// 2. CODEC LOGOS (Top Right)
// =========================================================

// LOGO 1: STARTUP / NONE (75x32)
const int codecNoneW = 75;
const int codecNoneH = 32;
const unsigned short imgCodecNone[codecNoneW * codecNoneH] PROGMEM = {
0x29A6, 0x29A7, 0x29A7, 0x29C7, 0x29E7, 0x29E8, 0x2A09, 0x2A09, 0x2A2A, 0x2A2A, 0x2A4A, 0x2A4A, 0x2A2A, 0x2A4A, 0x2A4A, 0x2A4A,   // 0x0010 (16) pixels
0x2A4A, 0x2A4A, 0x2A4A, 0x2A4A, 0x2A4A, 0x2A4A, 0x2A4A, 0x2A4A, 0x2A4A, 0x2A4B, 0x2A4B, 0x2A4A, 0x2A4A, 0x2A4A, 0x2A4A, 0x2A4A,   // 0x0020 (32) pixels
0x2A4A, 0x2A4A, 0x2A4A, 0x2A4A, 0x2A4A, 0x2A4A, 0x2A4A, 0x2A4A, 0x2A4A, 0x2A4A, 0x2A4A, 0x2A4A, 0x2A4A, 0x2A4A, 0x2A4A, 0x2A4A,   // 0x0030 (48) pixels
0x2A6B, 0x2A4A, 0x2A4A, 0x2A4A, 0x2A4A, 0x2A4A, 0x2A4A, 0x2A4A, 0x2A4B, 0x2A4A, 0x2A4A, 0x2A4A, 0x2A4A, 0x2A4A, 0x2A4A, 0x2A4A,   // 0x0040 (64) pixels
0x2A4A, 0x2A4A, 0x2A2A, 0x2A29, 0x2A29, 0x29E8, 0x29C7, 0x29C7, 0x29A7, 0x31A7, 0x2986, 0x29A6, 0x29A6, 0x29C7, 0x29E7, 0x2A08,   // 0x0050 (80) pixels
0x2A0A, 0x2A8C, 0x2B0E, 0x2B2F, 0x2B4F, 0x2B4F, 0x2B2F, 0x2B2F, 0x2B2F, 0x2B2F, 0x2B2F, 0x2B2F, 0x2B2F, 0x2B2F, 0x2B2E, 0x2B2F,   // 0x0060 (96) pixels
0x2B4F, 0x2B2F, 0x2B2F, 0x2B2F, 0x2B2F, 0x2B4F, 0x2B2F, 0x2B2F, 0x2B2F, 0x2B2F, 0x2B2F, 0x2B2F, 0x2B0E, 0x2B2F, 0x2B2E, 0x2B2E,   // 0x0070 (112) pixels
0x2B0E, 0x2B2F, 0x2B2F, 0x2B2F, 0x2B2F, 0x2B2F, 0x2B2F, 0x2B2F, 0x2B2F, 0x2B2F, 0x2B2F, 0x2B2F, 0x2B2F, 0x2B2F, 0x2B2F, 0x2B2F,   // 0x0080 (128) pixels
0x2B2F, 0x2B2F, 0x2B2F, 0x2B2F, 0x2B2E, 0x2B2F, 0x2B2F, 0x2B4F, 0x2B2F, 0x2B2F, 0x2B2F, 0x2B2F, 0x2B2F, 0x2B2E, 0x2B0E, 0x2A8C,   // 0x0090 (144) pixels
0x2A2A, 0x29E8, 0x29E8, 0x29C7, 0x29C7, 0x31A7, 0x29A7, 0x31C7, 0x31C7, 0x2A09, 0x2A4A, 0x3BD1, 0x3C74, 0x2454, 0x2C94, 0x2474,   // 0x00A0 (160) pixels
0x2474, 0x2474, 0x2C74, 0x2474, 0x2474, 0x2453, 0x2453, 0x2473, 0x2473, 0x2C74, 0x2C74, 0x2474, 0x2453, 0x2474, 0x2454, 0x2474,   // 0x00B0 (176) pixels
0x2453, 0x2474, 0x2C74, 0x2C54, 0x2453, 0x2C54, 0x2C53, 0x2C53, 0x2453, 0x2453, 0x2453, 0x2C54, 0x2C74, 0x2C74, 0x2454, 0x2C74,   // 0x00C0 (192) pixels
0x2C74, 0x2474, 0x2C74, 0x2C74, 0x2C74, 0x2C74, 0x2C73, 0x2C74, 0x2474, 0x2474, 0x2C74, 0x2C54, 0x2C54, 0x2C74, 0x2453, 0x2453,   // 0x00D0 (208) pixels
0x2453, 0x2474, 0x2C74, 0x2C74, 0x2C54, 0x2C54, 0x2474, 0x2474, 0x2474, 0x2453, 0x3C73, 0x3BD1, 0x2A4A, 0x29E8, 0x29E7, 0x31C7,   // 0x00E0 (224) pixels
0x31C7, 0x29C7, 0x31E7, 0x29E8, 0x2A2A, 0x33B0, 0x3474, 0x3CF5, 0x6E39, 0x65F9, 0x5DF9, 0x5DD8, 0x5DF9, 0x5DF9, 0x5DF9, 0x5DF9,   // 0x00F0 (240) pixels
0x5E19, 0x5DF9, 0x5E19, 0x5DF9, 0x5DF9, 0x5DF9, 0x65F9, 0x65F9, 0x5DF9, 0x6619, 0x5DF9, 0x5DF9, 0x5DF9, 0x65F9, 0x65F9, 0x6619,   // 0x0100 (256) pixels
0x65F8, 0x65F9, 0x5DF8, 0x5DF8, 0x65F9, 0x65F9, 0x65F9, 0x65F9, 0x6619, 0x5DF9, 0x5DF9, 0x65F9, 0x65F9, 0x5DF9, 0x6619, 0x6619,   // 0x0110 (272) pixels
0x65F9, 0x6619, 0x6619, 0x6619, 0x6619, 0x6619, 0x65F9, 0x65F9, 0x65F9, 0x65F9, 0x5E19, 0x65F9, 0x65F9, 0x65F9, 0x5DF9, 0x5DF9,   // 0x0120 (288) pixels
0x5DF9, 0x5DF9, 0x5DF9, 0x5DF9, 0x6619, 0x3CF6, 0x3473, 0x3B90, 0x2A2A, 0x2A08, 0x29C7, 0x29C7, 0x29C7, 0x29E8, 0x2A29, 0x2A8C,   // 0x0130 (304) pixels
0x3CB4, 0x3495, 0x7E9B, 0x3CF6, 0x3CF6, 0x3CD5, 0x3CD5, 0x3CD5, 0x3CD5, 0x3CD5, 0x3CB5, 0x3CD5, 0x3CD5, 0x3CD5, 0x3CD5, 0x3CB5,   // 0x0140 (320) pixels
0x3CB5, 0x3CD5, 0x3CD5, 0x3CD5, 0x3CD5, 0x3CD5, 0x3CB4, 0x3CB5, 0x3CB5, 0x3CB4, 0x3CD5, 0x3CB5, 0x3CD5, 0x3CB5, 0x3CB5, 0x3CD5,   // 0x0150 (336) pixels
0x3CB5, 0x3CB5, 0x3CB5, 0x3CB5, 0x3CB4, 0x3CD5, 0x3CD5, 0x3CD5, 0x3CB5, 0x3CB5, 0x3CB5, 0x3CB5, 0x3CD5, 0x3CD5, 0x3CD5, 0x3CD5,   // 0x0160 (352) pixels
0x3CB5, 0x3CB5, 0x3CD5, 0x3CD5, 0x3CB5, 0x3CB5, 0x3CB5, 0x3CB4, 0x3CB5, 0x3CB5, 0x3CD5, 0x3CD5, 0x3CD5, 0x3CF5, 0x3CD5, 0x34F6,   // 0x0170 (368) pixels
0x769A, 0x2C94, 0x4494, 0x228C, 0x2A29, 0x29E8, 0x29C7, 0x31C7, 0x29E8, 0x2A2A, 0x2AEE, 0x3CD5, 0x4557, 0x661A, 0x0330, 0x1B2F,   // 0x0180 (384) pixels
0x1AEF, 0x1AEE, 0x1AEE, 0x1AEE, 0x1AEE, 0x1AEE, 0x1AEE, 0x1ACE, 0x1ACE, 0x1AEE, 0x1ACE, 0x1ACE, 0x1ACE, 0x1ACD, 0x1ACE, 0x1ACE,   // 0x0190 (400) pixels
0x1ACE, 0x1ACD, 0x1ACD, 0x1ACD, 0x1ACD, 0x1ACD, 0x1ACE, 0x1ACE, 0x1ACE, 0x1ACE, 0x1AEE, 0x1AEE, 0x1ACD, 0x1ACE, 0x1AAD, 0x1ACD,   // 0x01A0 (416) pixels
0x1ACE, 0x1ACE, 0x1ACE, 0x1ACE, 0x1AEE, 0x1AEE, 0x1AEE, 0x1ACE, 0x1ACE, 0x1AEE, 0x1AEE, 0x1ACE, 0x1AEE, 0x1AEE, 0x1ACE, 0x22CE,   // 0x01B0 (432) pixels
0x1ACE, 0x1ACE, 0x1ACE, 0x1ACE, 0x1ACE, 0x1AEE, 0x1ACE, 0x1ACE, 0x1ACE, 0x1B0F, 0x0B30, 0x6619, 0x4537, 0x3495, 0x2AED, 0x2A2A,   // 0x01C0 (448) pixels
0x29E8, 0x29C7, 0x29E7, 0x2A08, 0x2A4A, 0x2B2F, 0x34B5, 0x5598, 0x5DF9, 0x1330, 0x2AEE, 0x2AAD, 0x2AAC, 0x2AAC, 0x2AAC, 0x2AAD,   // 0x01D0 (464) pixels
0x2ACD, 0x2ACD, 0x2ACD, 0x2ACD, 0x2AAC, 0x2A8C, 0x2A8C, 0x2A8C, 0x2A8C, 0x2A6C, 0x2A8B, 0x2A8C, 0x2A6C, 0x2A8C, 0x2A8C, 0x2A8C,   // 0x01E0 (480) pixels
0x2A8C, 0x2AAC, 0x2AAC, 0x22CD, 0x2ACD, 0x2AAD, 0x2AAC, 0x2A8C, 0x2A8C, 0x2A8C, 0x2A6C, 0x2A8C, 0x2A6B, 0x2A6B, 0x2A8C, 0x2A8C,   // 0x01F0 (496) pixels
0x2A8C, 0x2A8C, 0x2A8C, 0x2A8C, 0x2A8C, 0x2A8C, 0x2AAC, 0x2A8C, 0x2A8C, 0x2A8C, 0x2A8C, 0x2A8C, 0x2A8C, 0x2AAC, 0x2AAC, 0x2AAC,   // 0x0200 (512) pixels
0x2A8C, 0x2A8C, 0x2A8C, 0x2A8C, 0x2AED, 0x1B30, 0x65D9, 0x5577, 0x3494, 0x2B2F, 0x2A4A, 0x29E8, 0x29E7, 0x29C8, 0x2A09, 0x2A4A,   // 0x0210 (528) pixels
0x2B70, 0x2CB5, 0x5DD9, 0x5597, 0x130F, 0x2ACD, 0x2A8C, 0x2A8C, 0x2AAC, 0x22AD, 0x1ACE, 0x12EE, 0x12EF, 0x12EE, 0x1ACE, 0x22AD,   // 0x0220 (544) pixels
0x2A8C, 0x2A6B, 0x2A4A, 0x2A4A, 0x2A6A, 0x2A4A, 0x2A4A, 0x2A4A, 0x2A4A, 0x2A4A, 0x2A6B, 0x2A8C, 0x22CD, 0x1B50, 0x23D2, 0x23B1,   // 0x0230 (560) pixels
0x232F, 0x2AAD, 0x2A6B, 0x2A4A, 0x2A4A, 0x2A4A, 0x2A4A, 0x2A4A, 0x2A4A, 0x2A4A, 0x2A4A, 0x2A4A, 0x2A4A, 0x2A4B, 0x2A4B, 0x2A4B,   // 0x0240 (576) pixels
0x2A4A, 0x2A6B, 0x2A6B, 0x2A6B, 0x2A6B, 0x2A6B, 0x2A6B, 0x2A6B, 0x2A8C, 0x2AAC, 0x2A8C, 0x2A6B, 0x2A4B, 0x2A6B, 0x2A8B, 0x2ACD,   // 0x0250 (592) pixels
0x1B0F, 0x5577, 0x5DB8, 0x2C74, 0x2B90, 0x2A4B, 0x2A09, 0x29C8, 0x29E8, 0x2A09, 0x226B, 0x33B1, 0x2CB5, 0x6619, 0x4536, 0x1AEE,   // 0x0260 (608) pixels
0x2AAC, 0x2A8C, 0x2AAD, 0x22EE, 0x1B90, 0x3CB4, 0x5597, 0x5DD8, 0x5598, 0x44D5, 0x23D2, 0x1AEE, 0x2A8C, 0x2A6A, 0x2A4A, 0x2A4A,   // 0x0270 (624) pixels
0x2A4A, 0x2A6B, 0x2A4A, 0x2A6A, 0x2A4A, 0x2A6B, 0x2A8C, 0x234F, 0x7639, 0x7659, 0x7E9A, 0x5556, 0x1ACD, 0x2AAC, 0x2A4A, 0x2A4A,   // 0x0280 (640) pixels
0x2A4A, 0x2A4A, 0x2A2A, 0x2A4A, 0x2A2A, 0x2A2A, 0x2A4A, 0x2A2A, 0x2A4A, 0x2A4A, 0x2A2A, 0x2A4A, 0x2A4A, 0x2A4A, 0x2A6B, 0x2A6B,   // 0x0290 (656) pixels
0x2A6B, 0x2A8C, 0x2AAD, 0x1ACD, 0x1AAE, 0x1AAD, 0x2A8C, 0x2A6B, 0x2A6B, 0x2A6B, 0x2A8C, 0x1AEE, 0x4516, 0x6DF9, 0x2C95, 0x33D1,   // 0x02A0 (672) pixels
0x226B, 0x2A29, 0x29E8, 0x29E8, 0x2A2A, 0x226C, 0x3412, 0x2C95, 0x6E5A, 0x3CD5, 0x1AEE, 0x2AAC, 0x2AAC, 0x1ACE, 0x3474, 0x7EBB,   // 0x02B0 (688) pixels
0x6639, 0x3D36, 0x34B5, 0x3CF5, 0x55B8, 0x769B, 0x4D16, 0x22CD, 0x2A8B, 0x2A6A, 0x2A6B, 0x2A6B, 0x2A8B, 0x2A6B, 0x2A6B, 0x2A6B,   // 0x02C0 (704) pixels
0x2A6B, 0x22AD, 0x2BD2, 0x7E7A, 0x13B2, 0x3CB5, 0x65F8, 0x1AEE, 0x2AAC, 0x2A6A, 0x2A4A, 0x2A4B, 0x2A6B, 0x2A6B, 0x2A6B, 0x2A6A,   // 0x02D0 (720) pixels
0x2A4A, 0x2A4A, 0x2A4A, 0x2A49, 0x2A4A, 0x2A6A, 0x2A6B, 0x2A8B, 0x2A8B, 0x2A8B, 0x2A8C, 0x2A8C, 0x2ACD, 0x1B0F, 0x3CD5, 0x5D97,   // 0x02E0 (736) pixels
0x44D5, 0x232F, 0x2AAC, 0x2A8B, 0x2A4B, 0x2A8C, 0x1AEE, 0x3CD5, 0x6E5A, 0x2C95, 0x3412, 0x226B, 0x2A29, 0x29E8, 0x29E8, 0x2A2A,   // 0x02F0 (752) pixels
0x226B, 0x3C33, 0x2C95, 0x767A, 0x2C74, 0x1ACE, 0x2AAD, 0x22CD, 0x2BF2, 0x769B, 0x2C74, 0x0371, 0x2454, 0x3CD5, 0x2C74, 0x0392,   // 0x0300 (768) pixels
0x5598, 0x5D77, 0x1AAD, 0x2AAC, 0x2AAC, 0x22AD, 0x1AAD, 0x1AAD, 0x1A8D, 0x22AD, 0x2AAC, 0x2AAC, 0x2ACD, 0x2BF2, 0x6E5A, 0x1B71,   // 0x0310 (784) pixels
0x3C74, 0x65F8, 0x1B0E, 0x2AAC, 0x2A8C, 0x2A8C, 0x1A8C, 0x1AAD, 0x1A8D, 0x1A8D, 0x2A8C, 0x2AAC, 0x2A6B, 0x2A6B, 0x2A4A, 0x2A6B,   // 0x0320 (800) pixels
0x2A8C, 0x1A8C, 0x1ACD, 0x1ACE, 0x1AAD, 0x1AAD, 0x2ACD, 0x22CE, 0x2C33, 0x7EBB, 0x4DB8, 0x86BB, 0x0B70, 0x1AAE, 0x22AC, 0x2AAC,   // 0x0330 (816) pixels
0x2A8C, 0x22CD, 0x2C53, 0x767A, 0x2C95, 0x3C52, 0x226B, 0x2A2A, 0x29E8, 0x2A08, 0x2A2A, 0x226C, 0x3C54, 0x2C95, 0x7E7B, 0x2413,   // 0x0340 (832) pixels
0x22CE, 0x2A8C, 0x1AAD, 0x5D97, 0x5DB8, 0x0330, 0x4D36, 0x765A, 0x5DB8, 0x5E19, 0x767A, 0x86BB, 0x23B1, 0x22AD, 0x2AAC, 0x1AEE,   // 0x0350 (848) pixels
0x3433, 0x5556, 0x5D97, 0x5556, 0x3CB4, 0x1B2F, 0x22AD, 0x22CD, 0x2C13, 0x767A, 0x1B91, 0x3CB4, 0x65F9, 0x130E, 0x2ACD, 0x22AD,   // 0x0360 (864) pixels
0x1B50, 0x44B5, 0x5D77, 0x5D77, 0x4CF6, 0x2BD1, 0x1ACD, 0x2AAD, 0x2A8C, 0x2AAD, 0x22CD, 0x2370, 0x44B4, 0x5577, 0x5DB8, 0x5557,   // 0x0370 (880) pixels
0x3474, 0x1B90, 0x0B50, 0x5DD9, 0x5598, 0x0392, 0x7EBB, 0x5577, 0x4D57, 0x3413, 0x22AD, 0x2AAC, 0x22CD, 0x23F2, 0x7E7A, 0x3495,   // 0x0380 (896) pixels
0x3C73, 0x226C, 0x2A2A, 0x29E8, 0x2A08, 0x2A4A, 0x22AD, 0x3C95, 0x2CB5, 0x7E9B, 0x1BD2, 0x22CE, 0x2AAC, 0x1ACE, 0x65D8, 0x34B5,   // 0x0390 (912) pixels
0x1371, 0x7E9B, 0x2CB5, 0x0330, 0x1351, 0x2BF2, 0x2BF2, 0x230F, 0x2AEE, 0x1B50, 0x5597, 0x767A, 0x4D77, 0x3D57, 0x4537, 0x6619,   // 0x03A0 (928) pixels
0x6E39, 0x23B1, 0x1B0F, 0x2C34, 0x767A, 0x1391, 0x3CB5, 0x65F8, 0x1B2F, 0x22EE, 0x3453, 0x765A, 0x5DB8, 0x3D36, 0x3D16, 0x5598,   // 0x03B0 (944) pixels
0x7E9A, 0x44F5, 0x1ACE, 0x2ACD, 0x1AEE, 0x44B4, 0x86BB, 0x65D9, 0x3CD6, 0x3CD5, 0x4D36, 0x765A, 0x5DD9, 0x5DF9, 0x6E19, 0x23B1,   // 0x03C0 (960) pixels
0x1B50, 0x44F6, 0x5578, 0x55D9, 0x6E39, 0x1B0F, 0x2AAC, 0x2AEE, 0x1B91, 0x7E9B, 0x34B5, 0x3C94, 0x22AC, 0x2A4A, 0x2A08, 0x2A08,   // 0x03D0 (976) pixels
0x2A4A, 0x22CE, 0x34B5, 0x34F6, 0x769A, 0x1391, 0x2ACD, 0x2AAC, 0x1AAD, 0x5DB8, 0x4537, 0x0B30, 0x3CD5, 0x7EBB, 0x4D97, 0x23D2,   // 0x03E0 (992) pixels
0x12EF, 0x22EE, 0x2B0E, 0x1B2F, 0x65D8, 0x6E5A, 0x0BF3, 0x34B5, 0x55F9, 0x4557, 0x0BB2, 0x4557, 0x7E7A, 0x1BB2, 0x2C54, 0x767A,   // 0x03F0 (1008) pixels
0x1391, 0x3CB5, 0x6619, 0x1330, 0x2C12, 0x86DB, 0x2C95, 0x13D3, 0x4D77, 0x55D8, 0x2474, 0x1413, 0x7E9B, 0x44D5, 0x12EE, 0x3433,   // 0x0400 (1024) pixels
0x7E7A, 0x2C53, 0x0B51, 0x3495, 0x3D16, 0x1C34, 0x4D57, 0x6E39, 0x86BB, 0x3D16, 0x23B2, 0x2350, 0x2C53, 0x34F6, 0x4D57, 0x869B,   // 0x0410 (1040) pixels
0x1B70, 0x2AAC, 0x2ACD, 0x1B71, 0x767A, 0x3CF6, 0x3CB4, 0x22EE, 0x2A4A, 0x2A09, 0x2A09, 0x2A6B, 0x22EE, 0x34D5, 0x3D17, 0x767A,   // 0x0420 (1056) pixels
0x1350, 0x2ACD, 0x2AAC, 0x22AD, 0x3453, 0x86BB, 0x2413, 0x0B30, 0x23D2, 0x5597, 0x7E9A, 0x5597, 0x1B91, 0x1B0F, 0x2C32, 0x7E9A,   // 0x0430 (1072) pixels
0x0BB2, 0x4D36, 0x7E7A, 0x2494, 0x5DD8, 0x6619, 0x0B71, 0x763A, 0x44F6, 0x2413, 0x767A, 0x0B91, 0x44D5, 0x6E19, 0x0B50, 0x65F8,   // 0x0440 (1088) pixels
0x4536, 0x0B71, 0x765A, 0x4D77, 0x2CD5, 0x7E9B, 0x2433, 0x2C74, 0x7E9A, 0x0BB2, 0x6E3A, 0x3CB5, 0x0AF0, 0x5D97, 0x7E5A, 0x5577,   // 0x0450 (1104) pixels
0x6639, 0x86BB, 0x2454, 0x3CD5, 0x86FC, 0x3CF5, 0x0B50, 0x869A, 0x6E39, 0x65B8, 0x4CB5, 0x1AEE, 0x2A8C, 0x2AAD, 0x1330, 0x7659,   // 0x0460 (1120) pixels
0x4516, 0x3CB5, 0x230E, 0x2A4A, 0x2A09, 0x2A29, 0x2A6B, 0x2B2F, 0x34D5, 0x4D37, 0x6E19, 0x1330, 0x2ACD, 0x2A8C, 0x2ACE, 0x1AEE,   // 0x0470 (1136) pixels
0x3CB5, 0x769B, 0x5537, 0x1BD2, 0x0B30, 0x23F3, 0x65F9, 0x6619, 0x0B30, 0x5577, 0x4D78, 0x0B30, 0x7619, 0x7E9B, 0x55D9, 0x6E1A,   // 0x0480 (1152) pixels
0x7E7A, 0x1391, 0x4D16, 0x5597, 0x2434, 0x767A, 0x1391, 0x44D5, 0x65F9, 0x13D2, 0x767A, 0x23F3, 0x2C13, 0x8EDB, 0x5DF9, 0x55F9,   // 0x0490 (1168) pixels
0x86BB, 0x4D36, 0x1392, 0x6E19, 0x2C95, 0x7E7A, 0x23D2, 0x2C33, 0x767A, 0x1350, 0x1B0F, 0x1B50, 0x2370, 0x232F, 0x0B0F, 0x5598,   // 0x04A0 (1184) pixels
0x4D37, 0x0B50, 0x765A, 0x2C54, 0x12EF, 0x1AEE, 0x2A8C, 0x2A6B, 0x2AAC, 0x1B0F, 0x6619, 0x4D57, 0x34B5, 0x2B0E, 0x2A4A, 0x2A09,   // 0x04B0 (1200) pixels
0x2A29, 0x2A6B, 0x2B70, 0x34B5, 0x5D98, 0x5DB8, 0x1310, 0x2ACD, 0x22AC, 0x2AAC, 0x2AEE, 0x1B0F, 0x23D2, 0x5DB8, 0x86BB, 0x5597,   // 0x04C0 (1216) pixels
0x1B71, 0x1330, 0x6E3A, 0x34D6, 0x65F9, 0x4516, 0x1350, 0x1C13, 0x3516, 0x3537, 0x3537, 0x2C96, 0x13D2, 0x3D17, 0x5DD8, 0x2474,   // 0x04D0 (1232) pixels
0x767A, 0x0B91, 0x44F5, 0x65D8, 0x1C34, 0x765A, 0x1BB1, 0x1BB2, 0x2CB5, 0x3516, 0x3516, 0x34F6, 0x2454, 0x13F3, 0x6E39, 0x3D36,   // 0x04E0 (1248) pixels
0x6E39, 0x1371, 0x3CB5, 0x6E19, 0x1B2F, 0x2AEE, 0x22CD, 0x22CD, 0x2AED, 0x1B0F, 0x5DB9, 0x5577, 0x0B50, 0x6E1A, 0x3CD5, 0x22CE,   // 0x04F0 (1264) pixels
0x2AAD, 0x2A8C, 0x2A8B, 0x2AAC, 0x1AEF, 0x5DB8, 0x5598, 0x2C94, 0x2B6F, 0x2A4B, 0x2A29, 0x2A2A, 0x2A6B, 0x2BB1, 0x2CB5, 0x65D8,   // 0x0500 (1280) pixels
0x5597, 0x130F, 0x2AAD, 0x2AAC, 0x22CD, 0x1B2F, 0x1B0F, 0x1B50, 0x1351, 0x23F3, 0x6639, 0x4D56, 0x1310, 0x5557, 0x55B8, 0x55B8,   // 0x0510 (1296) pixels
0x3CF5, 0x1371, 0x6DF9, 0x6E5A, 0x6639, 0x6639, 0x6E39, 0x6639, 0x7E9A, 0x4D57, 0x2494, 0x767A, 0x0B71, 0x44F6, 0x65F9, 0x1C34,   // 0x0520 (1312) pixels
0x767A, 0x1BB2, 0x2C33, 0x765A, 0x6619, 0x6639, 0x6E39, 0x6E3A, 0x6E39, 0x7E7A, 0x2CB5, 0x6639, 0x1391, 0x3494, 0x765A, 0x1330,   // 0x0530 (1328) pixels
0x2B0E, 0x22EE, 0x1AEE, 0x22EE, 0x130F, 0x5577, 0x5D97, 0x0B30, 0x65F9, 0x44F6, 0x1AEE, 0x22AC, 0x2AAC, 0x2A8C, 0x2AAC, 0x1AEE,   // 0x0540 (1344) pixels
0x4D57, 0x5DD8, 0x2CB4, 0x33B1, 0x2A6B, 0x2A29, 0x2A4A, 0x226C, 0x3412, 0x2CB5, 0x6E3A, 0x4536, 0x12EE, 0x2AAC, 0x22AD, 0x3412,   // 0x0550 (1360) pixels
0x86BB, 0x5598, 0x2CB5, 0x1BF2, 0x0BB2, 0x4D77, 0x6E19, 0x0B51, 0x4D57, 0x4D77, 0x4D97, 0x4D77, 0x0B71, 0x765A, 0x4DB8, 0x0BD3,   // 0x0560 (1376) pixels
0x1413, 0x1413, 0x34D6, 0x3D16, 0x1391, 0x3495, 0x6E5A, 0x1371, 0x44F6, 0x65F8, 0x13B2, 0x7E7A, 0x2433, 0x2C13, 0x86DB, 0x2494,   // 0x0570 (1392) pixels
0x13F3, 0x1413, 0x1C33, 0x3CF6, 0x2C53, 0x13B2, 0x767A, 0x2C13, 0x23B2, 0x767A, 0x3454, 0x1350, 0x1BB2, 0x44F5, 0x4D16, 0x130F,   // 0x0580 (1408) pixels
0x4D36, 0x5DB8, 0x0B10, 0x65F9, 0x5577, 0x0B50, 0x23D1, 0x232F, 0x2A8C, 0x2A8C, 0x22EE, 0x4516, 0x6E39, 0x2C94, 0x33F2, 0x226B,   // 0x0590 (1424) pixels
0x2A2A, 0x2A49, 0x228C, 0x3C33, 0x2C95, 0x767A, 0x34B5, 0x1AEE, 0x2ACD, 0x22AE, 0x44D5, 0x6639, 0x4537, 0x6E3A, 0x765A, 0x767A,   // 0x05A0 (1440) pixels
0x763A, 0x2413, 0x0B50, 0x765A, 0x34D5, 0x2C74, 0x7E9B, 0x0B71, 0x2413, 0x767A, 0x6E3A, 0x5DF9, 0x763A, 0x6E7A, 0x76BB, 0x13B1,   // 0x05B0 (1456) pixels
0x3475, 0x765A, 0x1371, 0x44F6, 0x65F8, 0x0B30, 0x65D8, 0x5DB8, 0x0B10, 0x4D16, 0x7E9A, 0x55D8, 0x6619, 0x6E3A, 0x76BB, 0x5DB8,   // 0x05C0 (1472) pixels
0x0B30, 0x6DD9, 0x5577, 0x0ACF, 0x3C94, 0x7E9B, 0x763A, 0x767A, 0x765A, 0x767A, 0x1350, 0x44F6, 0x6E39, 0x0B31, 0x3C94, 0x7E7A,   // 0x05D0 (1488) pixels
0x6619, 0x8EFC, 0x3C53, 0x228C, 0x2AAC, 0x22EE, 0x3CB5, 0x7E7A, 0x2C74, 0x3C33, 0x226B, 0x2A29, 0x2A4A, 0x228C, 0x3C73, 0x2494,   // 0x05E0 (1504) pixels
0x767A, 0x2C54, 0x22EE, 0x2AAD, 0x1A8D, 0x4CD5, 0x6619, 0x0371, 0x0B72, 0x13B3, 0x13F2, 0x0B92, 0x1BD3, 0x65D8, 0x65F9, 0x1B71,   // 0x05F0 (1520) pixels
0x1B30, 0x5598, 0x7639, 0x23F3, 0x13F3, 0x34B5, 0x2CB5, 0x2454, 0x2475, 0x7EBB, 0x1BD2, 0x3C95, 0x6E3A, 0x0371, 0x4516, 0x65F9,   // 0x0600 (1536) pixels
0x1330, 0x23B2, 0x767A, 0x5577, 0x1392, 0x1C13, 0x34D5, 0x34B5, 0x1C14, 0x4D78, 0x6E19, 0x130F, 0x2391, 0x767A, 0x4D36, 0x1392,   // 0x0610 (1552) pixels
0x13D2, 0x2434, 0x1BF3, 0x1C13, 0x767A, 0x23B1, 0x23D2, 0x86BB, 0x3494, 0x0B31, 0x13B2, 0x13F3, 0x5DD9, 0x5556, 0x1A8C, 0x2AAD,   // 0x0620 (1568) pixels
0x2ACE, 0x2C13, 0x767A, 0x2C74, 0x3C74, 0x228C, 0x2A2A, 0x2A4A, 0x228C, 0x3C94, 0x2C75, 0x7E9B, 0x2413, 0x22CE, 0x2AAC, 0x22AC,   // 0x0630 (1584) pixels
0x2BB1, 0x6E39, 0x767A, 0x5DF9, 0x55B7, 0x55B7, 0x5E19, 0x7E9B, 0x5DB8, 0x1B50, 0x22EE, 0x2AEE, 0x1B50, 0x5D77, 0x869B, 0x5E19,   // 0x0640 (1600) pixels
0x4D77, 0x5597, 0x65D9, 0x767A, 0x5577, 0x1B50, 0x3433, 0x86DC, 0x6619, 0x86DB, 0x5D97, 0x1AEF, 0x22EE, 0x23B1, 0x65F9, 0x7E7B,   // 0x0650 (1616) pixels
0x5DF8, 0x4D97, 0x4D98, 0x6619, 0x767A, 0x3474, 0x22EE, 0x2AEE, 0x2BF3, 0x763A, 0x765A, 0x5598, 0x5577, 0x5DD8, 0x7E9A, 0x5577,   // 0x0660 (1632) pixels
0x232F, 0x22EE, 0x3C94, 0x7E9B, 0x65D8, 0x5598, 0x5DB8, 0x7EBB, 0x3C94, 0x22AD, 0x2AAC, 0x2ACD, 0x23D2, 0x769B, 0x2C95, 0x3C94,   // 0x0670 (1648) pixels
0x228C, 0x2A49, 0x2A4A, 0x22AD, 0x3CB5, 0x3495, 0x7E9B, 0x1BB1, 0x2AED, 0x2A8C, 0x2A8C, 0x22AD, 0x1B0F, 0x2BF2, 0x3CD5, 0x4D36,   // 0x0680 (1664) pixels
0x4D16, 0x3CB5, 0x23B1, 0x1AEF, 0x2ACD, 0x2AAC, 0x2AAC, 0x2ACD, 0x1ACE, 0x2391, 0x3C94, 0x4516, 0x4D36, 0x44D5, 0x23D2, 0x1AEE,   // 0x0690 (1680) pixels
0x2ACD, 0x230F, 0x2C13, 0x3474, 0x3453, 0x2350, 0x2ACD, 0x2ACD, 0x22ED, 0x1B0F, 0x2C13, 0x44F5, 0x4D16, 0x44F6, 0x3C74, 0x2370,   // 0x06A0 (1696) pixels
0x1ACD, 0x2AAD, 0x2ACD, 0x22CE, 0x1B0F, 0x3412, 0x44F5, 0x4D16, 0x44F6, 0x2C13, 0x1B0F, 0x2ACD, 0x2AAD, 0x22CE, 0x2391, 0x3CD5,   // 0x06B0 (1712) pixels
0x4D36, 0x44D5, 0x23D2, 0x22CE, 0x2A8C, 0x2A8B, 0x2ACD, 0x2391, 0x7E9B, 0x34B5, 0x3CB5, 0x22AD, 0x2A4A, 0x2A4A, 0x2AED, 0x3CD5,   // 0x06C0 (1728) pixels
0x34D5, 0x769A, 0x1B71, 0x2AEE, 0x2A8C, 0x2A6B, 0x2A8C, 0x2AAC, 0x22CD, 0x22CD, 0x1ACE, 0x1ACE, 0x22AE, 0x2AAD, 0x2AAC, 0x2A8C,   // 0x06D0 (1744) pixels
0x2A6B, 0x2A8B, 0x2A8B, 0x2AAC, 0x22CD, 0x22CD, 0x22CE, 0x1AAD, 0x22AD, 0x22CD, 0x2ACC, 0x2AAC, 0x2AAD, 0x22CD, 0x22AD, 0x22CD,   // 0x06E0 (1760) pixels
0x2AAC, 0x2A8B, 0x2AAC, 0x2A8C, 0x2AAC, 0x22AD, 0x1ACD, 0x1ACE, 0x1AAE, 0x22AD, 0x2AAD, 0x2AAC, 0x2A8C, 0x2A8C, 0x2A8C, 0x2AAD,   // 0x06F0 (1776) pixels
0x22CD, 0x1ACE, 0x1ACE, 0x1ACD, 0x22AD, 0x2A8C, 0x2A8C, 0x2A8C, 0x2AAC, 0x2ACD, 0x22AD, 0x1AAD, 0x1AAD, 0x22AC, 0x2A8C, 0x2A6B,   // 0x0700 (1792) pixels
0x2A8C, 0x2ACD, 0x1B51, 0x767A, 0x3CD5, 0x3CD5, 0x22EE, 0x2A4A, 0x2A6A, 0x2B2E, 0x34B5, 0x4516, 0x765A, 0x1B51, 0x2AEE, 0x2AAC,   // 0x0710 (1808) pixels
0x2A8C, 0x2A8C, 0x2A8C, 0x2AAC, 0x2AAC, 0x2AAD, 0x2AAC, 0x2AAC, 0x2AAC, 0x2AAC, 0x2A8C, 0x2A8C, 0x2A8B, 0x2A8C, 0x2AAC, 0x2A8C,   // 0x0720 (1824) pixels
0x2AAC, 0x2AAC, 0x2AAC, 0x2ACD, 0x2AAC, 0x2AAC, 0x2AAC, 0x2AAC, 0x2AAC, 0x2AAC, 0x2AAC, 0x2A8C, 0x2A8C, 0x2A8C, 0x2A8C, 0x2AAC,   // 0x0730 (1840) pixels
0x2AAC, 0x2AAC, 0x2AAC, 0x2AAC, 0x2AAC, 0x2AAC, 0x2A8C, 0x2A8C, 0x2A8C, 0x2A8C, 0x2AAC, 0x2AAC, 0x2ACC, 0x2AAC, 0x2AAC, 0x2AAC,   // 0x0740 (1856) pixels
0x2A8C, 0x2A8C, 0x2A8C, 0x2A8C, 0x2AAC, 0x2AAC, 0x2AAC, 0x2AAC, 0x2A8C, 0x2A8C, 0x2A8B, 0x2AAC, 0x2AED, 0x1350, 0x765A, 0x44F6,   // 0x0750 (1872) pixels
0x34B5, 0x230E, 0x324A, 0x2A4A, 0x2B4F, 0x34B5, 0x4D77, 0x661A, 0x1371, 0x232F, 0x22EE, 0x22CD, 0x22CD, 0x22CD, 0x22CD, 0x22CE,   // 0x0760 (1888) pixels
0x22CE, 0x22CE, 0x22CD, 0x22CD, 0x22CD, 0x22AD, 0x22AD, 0x22AD, 0x2AAD, 0x22AD, 0x22AD, 0x22AD, 0x22CD, 0x22CD, 0x2ACE, 0x22CD,   // 0x0770 (1904) pixels
0x2ACD, 0x22CD, 0x22CD, 0x22CD, 0x22CD, 0x22CD, 0x22AD, 0x22AD, 0x2AAD, 0x22AD, 0x22CD, 0x22CE, 0x22CD, 0x22CD, 0x22CD, 0x22AD,   // 0x0780 (1920) pixels
0x22AD, 0x22CD, 0x22CD, 0x22CD, 0x22CD, 0x22CD, 0x22CD, 0x22CE, 0x22CE, 0x22CD, 0x22CD, 0x22AD, 0x22AD, 0x22AD, 0x22CD, 0x22CE,   // 0x0790 (1936) pixels
0x22CE, 0x22CD, 0x22CD, 0x22AD, 0x22AD, 0x22CD, 0x22CD, 0x22EE, 0x1350, 0x65FA, 0x5577, 0x34B5, 0x2B4F, 0x2A4A, 0x2A4A, 0x3390,   // 0x07A0 (1952) pixels
0x2CB5, 0x5597, 0x765A, 0x1413, 0x2C34, 0x2C13, 0x2C13, 0x2C13, 0x2C13, 0x2413, 0x2413, 0x2C33, 0x2413, 0x2C33, 0x2C13, 0x2C12,   // 0x07B0 (1968) pixels
0x2BF2, 0x23F2, 0x2412, 0x2C12, 0x2C12, 0x2412, 0x2C12, 0x2C13, 0x2C13, 0x2C13, 0x2C13, 0x2C13, 0x2C13, 0x2C13, 0x2C13, 0x2C13,   // 0x07C0 (1984) pixels
0x2C13, 0x2C13, 0x2BF2, 0x2C12, 0x2C13, 0x2413, 0x2C33, 0x2C33, 0x2C13, 0x2C13, 0x2BF2, 0x2BF2, 0x2BF2, 0x2412, 0x2C13, 0x2C13,   // 0x07D0 (2000) pixels
0x2C33, 0x2C13, 0x2C33, 0x2C13, 0x2C13, 0x2412, 0x2412, 0x2C12, 0x2BF2, 0x2C13, 0x2C13, 0x2413, 0x2433, 0x2C33, 0x2412, 0x2C12,   // 0x07E0 (2016) pixels
0x2BF2, 0x2C33, 0x2C13, 0x1BF3, 0x6E5A, 0x5598, 0x34B5, 0x3390, 0x2A2A, 0x2A29, 0x2AED, 0x3CD5, 0x2413, 0x7639, 0x7E7A, 0x765A,   // 0x07F0 (2032) pixels
0x765A, 0x6E5A, 0x765A, 0x765A, 0x765A, 0x765A, 0x6E5A, 0x765A, 0x765A, 0x765A, 0x765A, 0x6E5A, 0x765A, 0x6E5A, 0x6E5A, 0x765A,   // 0x0800 (2048) pixels
0x765A, 0x765A, 0x765A, 0x765A, 0x765A, 0x6E7A, 0x765A, 0x765A, 0x765A, 0x765A, 0x765A, 0x765A, 0x765A, 0x6E5A, 0x765A, 0x765A,   // 0x0810 (2064) pixels
0x765A, 0x765A, 0x765A, 0x765A, 0x765A, 0x765A, 0x765A, 0x765A, 0x767A, 0x765A, 0x6E5A, 0x6E5A, 0x6E5A, 0x765A, 0x765A, 0x765A,   // 0x0820 (2080) pixels
0x765A, 0x6E5A, 0x765A, 0x765A, 0x765A, 0x765A, 0x765A, 0x765A, 0x765A, 0x6E5A, 0x765A, 0x765A, 0x765A, 0x765A, 0x767A, 0x6E39,   // 0x0830 (2096) pixels
0x2413, 0x44F5, 0x2B0E, 0x2A2A, 0x2A09, 0x224B, 0x33B1, 0x44F6, 0x34B5, 0x34F6, 0x34F6, 0x34F6, 0x34D5, 0x34F6, 0x34F6, 0x34F6,   // 0x0840 (2112) pixels
0x34F6, 0x34F6, 0x34F6, 0x34D5, 0x34D6, 0x34D5, 0x34F5, 0x3CF6, 0x34D6, 0x34F6, 0x34D6, 0x34D6, 0x34F5, 0x34D6, 0x34D6, 0x34F6,   // 0x0850 (2128) pixels
0x34F6, 0x34D5, 0x34B5, 0x2CD5, 0x34B5, 0x34D5, 0x34D5, 0x34D6, 0x34D6, 0x34D6, 0x34D6, 0x34D6, 0x34B5, 0x34B5, 0x34D5, 0x34D5,   // 0x0860 (2144) pixels
0x34F5, 0x34F6, 0x34F6, 0x3CF6, 0x34D6, 0x34F6, 0x34F6, 0x34D6, 0x34D6, 0x34F6, 0x34F6, 0x34F6, 0x34D6, 0x34D6, 0x2CD5, 0x34D5,   // 0x0870 (2160) pixels
0x34D5, 0x34D5, 0x34D6, 0x34D6, 0x34D5, 0x34D6, 0x34D6, 0x34F6, 0x34F6, 0x3D17, 0x34D5, 0x44D5, 0x33B0, 0x224A, 0x2A09, 0x2A08,   // 0x0880 (2176) pixels
0x324A, 0x2A6B, 0x2B2F, 0x33F2, 0x3412, 0x2C12, 0x2C12, 0x3413, 0x3412, 0x3413, 0x3412, 0x3412, 0x3413, 0x3412, 0x2C12, 0x3412,   // 0x0890 (2192) pixels
0x3412, 0x3412, 0x3412, 0x3412, 0x3412, 0x3412, 0x33F2, 0x3412, 0x3412, 0x3412, 0x3413, 0x3412, 0x3412, 0x3412, 0x3412, 0x2C12,   // 0x08A0 (2208) pixels
0x3412, 0x3412, 0x3412, 0x3412, 0x3412, 0x3412, 0x3412, 0x33F2, 0x33F2, 0x3412, 0x3412, 0x3412, 0x3412, 0x2C12, 0x3412, 0x2C12,   // 0x08B0 (2224) pixels
0x3412, 0x3432, 0x3412, 0x3412, 0x3412, 0x3412, 0x3412, 0x3412, 0x2C12, 0x2C12, 0x2C33, 0x3413, 0x3412, 0x3412, 0x3412, 0x3413,   // 0x08C0 (2240) pixels
0x2C33, 0x2C12, 0x3412, 0x3412, 0x2C12, 0x33F2, 0x2B2F, 0x2A6B, 0x3229, 0x29E8, 0x29E7, 0x31E8, 0x3229, 0x2A4A, 0x2A4B, 0x2A6B,   // 0x08D0 (2256) pixels
0x2A6C, 0x228B, 0x2A8C, 0x2A8C, 0x2A8C, 0x228C, 0x228C, 0x228C, 0x2AAC, 0x22AC, 0x228C, 0x2A8C, 0x228C, 0x226C, 0x228C, 0x226C,   // 0x08E0 (2272) pixels
0x2A8C, 0x2A8C, 0x2A8C, 0x2A8C, 0x2A8C, 0x228C, 0x228C, 0x228C, 0x2A8C, 0x22AC, 0x22AC, 0x22AC, 0x228C, 0x2A8C, 0x2A6C, 0x2A8C,   // 0x08F0 (2288) pixels
0x2A8C, 0x2A6C, 0x228C, 0x228C, 0x2A6C, 0x2A6C, 0x2A8C, 0x228C, 0x228C, 0x2A8C, 0x228C, 0x2A8C, 0x2A8C, 0x228C, 0x2A8C, 0x228C,   // 0x0900 (2304) pixels
0x228C, 0x2A8C, 0x228C, 0x2A8C, 0x2A8C, 0x2A8C, 0x2A8C, 0x2A8C, 0x2A8C, 0x228C, 0x2A8C, 0x228C, 0x2A8C, 0x228C, 0x2A6C, 0x2A6B,   // 0x0910 (2320) pixels
0x2A4A, 0x2A2A, 0x3209, 0x31E8, 0x31E7, 0x31C7, 0x31E8, 0x31E8, 0x2A08, 0x3229, 0x3249, 0x2A49, 0x322A, 0x324A, 0x324A, 0x324A,   // 0x0920 (2336) pixels
0x324A, 0x2A4A, 0x2A4A, 0x2A4A, 0x324A, 0x322A, 0x2A4A, 0x324A, 0x324A, 0x2A4A, 0x2A4A, 0x2A4A, 0x2A4A, 0x2A4A, 0x324A, 0x324A,   // 0x0930 (2352) pixels
0x2A4A, 0x2A4A, 0x2A4A, 0x324A, 0x2A4A, 0x324A, 0x2A4A, 0x2A4A, 0x324A, 0x324A, 0x2A4A, 0x2A4A, 0x2A4A, 0x2A4A, 0x324A, 0x322A,   // 0x0940 (2368) pixels
0x324A, 0x2A4A, 0x2A4A, 0x2A4A, 0x2A4A, 0x2A4A, 0x2A4A, 0x2A4A, 0x2A4A, 0x324A, 0x324A, 0x2A4A, 0x2A4A, 0x2A4A, 0x2A4A, 0x2A4A,   // 0x0950 (2384) pixels
0x324A, 0x324A, 0x324A, 0x324A, 0x2A4A, 0x2A4A, 0x324A, 0x2A2A, 0x324A, 0x324A, 0x3229, 0x3228, 0x3208, 0x29E7, 0x29E7, 0x31C7,   // 0x0960 (2400) pixels
};

// LOGO 2: MP3 (59x32)
const int codecAudioW = 59; // Same width for MP3 and FLAC
const int codecAudioH = 32;
const unsigned short imgCodecMp3[codecAudioW * codecAudioH] PROGMEM = {
0x29A6, 0x29A6, 0x29A6, 0x29A7, 0x29C7, 0x29C8, 0x29E8, 0x29E8, 0x2A09, 0x2A2A, 0x2A2A, 0x2A4A, 0x2A2A, 0x2A2A, 0x2A2A, 0x2A2A,   // 0x0010 (16) pixels
0x2A2A, 0x2A2A, 0x2A2A, 0x2A2A, 0x2A4A, 0x2A4A, 0x2A2A, 0x2A2A, 0x2A2A, 0x2A2A, 0x2A2A, 0x2A4A, 0x2A4A, 0x2A2A, 0x2A4A, 0x2A4A,   // 0x0020 (32) pixels
0x2A4A, 0x2A2A, 0x2A2A, 0x2A2A, 0x2A2A, 0x2A2A, 0x2A2A, 0x2A2A, 0x2A2A, 0x2A2A, 0x2A2A, 0x2A2A, 0x2A2A, 0x2A2A, 0x2A2A, 0x2A2A,   // 0x0030 (48) pixels
0x2A0A, 0x2A2A, 0x2A2A, 0x2A2A, 0x2A29, 0x2A09, 0x29E8, 0x29E8, 0x29C7, 0x29A7, 0x29A7, 0x29A6, 0x29A6, 0x29A7, 0x29C7, 0x29C8,   // 0x0040 (64) pixels
0x2209, 0x222B, 0x22AC, 0x22CD, 0x22EE, 0x22EE, 0x230E, 0x22EE, 0x22EE, 0x2B0E, 0x22EE, 0x22EE, 0x22EE, 0x2AEE, 0x2AEE, 0x230E,   // 0x0050 (80) pixels
0x2AEE, 0x2AEE, 0x2AEE, 0x22CE, 0x22CD, 0x22EE, 0x22EE, 0x2B0E, 0x22EE, 0x2AEE, 0x2AEE, 0x22EE, 0x22EE, 0x2AEE, 0x230E, 0x2AEE,   // 0x0060 (96) pixels
0x2AEE, 0x22EE, 0x2AEE, 0x2AED, 0x2AEE, 0x22EE, 0x22EE, 0x2AEE, 0x2AEE, 0x2AEE, 0x2AEE, 0x2AEE, 0x2AED, 0x2AED, 0x22CD, 0x2ACD,   // 0x0070 (112) pixels
0x2AAD, 0x224B, 0x220A, 0x29E8, 0x29C7, 0x29A7, 0x2986, 0x29A7, 0x29A7, 0x29C8, 0x2209, 0x22AD, 0x3C12, 0x3474, 0x3494, 0x2C74,   // 0x0080 (128) pixels
0x2C54, 0x2C54, 0x2C54, 0x2C54, 0x3474, 0x3474, 0x2C74, 0x2C54, 0x2C54, 0x2C54, 0x2C54, 0x2C54, 0x2C54, 0x2C54, 0x2C54, 0x2C54,   // 0x0090 (144) pixels
0x3454, 0x3454, 0x3454, 0x2C54, 0x3454, 0x3454, 0x2C54, 0x2C54, 0x3454, 0x3454, 0x3454, 0x3454, 0x2C54, 0x2C54, 0x2C54, 0x2C54,   // 0x00A0 (160) pixels
0x3454, 0x3454, 0x2C54, 0x3454, 0x3454, 0x3453, 0x2C54, 0x2C54, 0x2C54, 0x2C54, 0x2C54, 0x3474, 0x4494, 0x3370, 0x2209, 0x29C8,   // 0x00B0 (176) pixels
0x29C7, 0x29A7, 0x29A7, 0x29C8, 0x21E8, 0x226C, 0x4453, 0x2C54, 0x4516, 0x5D97, 0x5577, 0x5577, 0x5577, 0x5577, 0x5577, 0x5577,   // 0x00C0 (192) pixels
0x5577, 0x5577, 0x5577, 0x5577, 0x5D77, 0x5577, 0x5577, 0x5577, 0x5577, 0x5577, 0x5577, 0x5577, 0x5577, 0x5D57, 0x5D57, 0x5D77,   // 0x00D0 (208) pixels
0x5D77, 0x5D77, 0x5D77, 0x5D77, 0x5D77, 0x5D57, 0x5D57, 0x5577, 0x5577, 0x5D57, 0x5D57, 0x5D57, 0x5D77, 0x5D77, 0x5D57, 0x5577,   // 0x00E0 (224) pixels
0x5577, 0x5D57, 0x5D77, 0x5D77, 0x5D97, 0x5D78, 0x5598, 0x2C13, 0x3C74, 0x334F, 0x21E9, 0x29C8, 0x29A6, 0x29C7, 0x29E8, 0x220A,   // 0x00F0 (240) pixels
0x3390, 0x3494, 0x5557, 0x7E9A, 0x5577, 0x5D97, 0x5D77, 0x5D77, 0x5D97, 0x5D97, 0x5D78, 0x5D77, 0x5D97, 0x5D97, 0x5D97, 0x5D78,   // 0x0100 (256) pixels
0x5D78, 0x5D77, 0x5D77, 0x5D97, 0x5D77, 0x5D97, 0x5D77, 0x5D77, 0x5D77, 0x5D77, 0x5D77, 0x6577, 0x5D77, 0x6577, 0x5D97, 0x5D97,   // 0x0110 (272) pixels
0x5D77, 0x5D77, 0x5D77, 0x5D77, 0x5D77, 0x5D77, 0x5D77, 0x5D77, 0x5D77, 0x5D77, 0x5D77, 0x5D77, 0x5D77, 0x5D77, 0x6577, 0x6577,   // 0x0120 (288) pixels
0x5D97, 0x5D98, 0x6E3A, 0x23F3, 0x3C94, 0x1A4B, 0x29E9, 0x29A7, 0x29C8, 0x2A08, 0x224B, 0x3412, 0x2C74, 0x7E7A, 0x2CB6, 0x0B31,   // 0x0130 (304) pixels
0x12EF, 0x12CF, 0x12EF, 0x12EF, 0x12EF, 0x12EF, 0x12EF, 0x12EF, 0x1AEF, 0x12EF, 0x12EF, 0x12EF, 0x1B0F, 0x1AEF, 0x1AEF, 0x12EF,   // 0x0140 (320) pixels
0x1AEF, 0x1AEE, 0x1ACE, 0x1ACF, 0x1ACE, 0x1ACE, 0x1AEE, 0x12EE, 0x1AEF, 0x1AEF, 0x12EE, 0x1ACE, 0x12CE, 0x12CF, 0x1ACF, 0x12EE,   // 0x0150 (336) pixels
0x1AEF, 0x1AEF, 0x12EF, 0x12EF, 0x12EF, 0x12EF, 0x1AEF, 0x1ACF, 0x12AE, 0x12CE, 0x12EF, 0x132F, 0x0B92, 0x7E9B, 0x34B6, 0x3CB5,   // 0x0160 (352) pixels
0x1A6C, 0x21E9, 0x21A7, 0x29E8, 0x2209, 0x1A6C, 0x3433, 0x2CB5, 0x7E7B, 0x2C74, 0x1B2F, 0x22EE, 0x22CD, 0x22AD, 0x22AD, 0x2ACD,   // 0x0170 (368) pixels
0x22AD, 0x22CD, 0x22AC, 0x2AAD, 0x22AD, 0x22AD, 0x22AD, 0x22CC, 0x22CD, 0x22CD, 0x22CD, 0x22AD, 0x22AD, 0x22AC, 0x22AC, 0x22AC,   // 0x0180 (384) pixels
0x2AAD, 0x22AC, 0x2AAC, 0x22AC, 0x2A8C, 0x2A8C, 0x2A8C, 0x2A8C, 0x22AC, 0x22AC, 0x2AAC, 0x22AD, 0x22CD, 0x22CD, 0x22AD, 0x2AAD,   // 0x0190 (400) pixels
0x2AAD, 0x228C, 0x2A8C, 0x228C, 0x228C, 0x22CD, 0x230F, 0x1BD3, 0x869B, 0x2CB6, 0x3C95, 0x1A6C, 0x29E9, 0x29A8, 0x21C8, 0x2A09,   // 0x01A0 (416) pixels
0x1A6C, 0x3453, 0x2CD5, 0x86BB, 0x1C13, 0x1AEE, 0x22AC, 0x228C, 0x228C, 0x228C, 0x228C, 0x22AD, 0x22AD, 0x22AC, 0x22AC, 0x22AC,   // 0x01B0 (432) pixels
0x228C, 0x228C, 0x228C, 0x22AC, 0x22AD, 0x22CD, 0x22AD, 0x22AC, 0x22AC, 0x228C, 0x228C, 0x226B, 0x224B, 0x224B, 0x224B, 0x224B,   // 0x01C0 (448) pixels
0x224B, 0x224B, 0x226B, 0x228C, 0x228C, 0x228C, 0x22AD, 0x1AAD, 0x1AAD, 0x22AD, 0x22AC, 0x226B, 0x224B, 0x224A, 0x224B, 0x226B,   // 0x01D0 (464) pixels
0x228C, 0x22EE, 0x1BB2, 0x7E9B, 0x2C95, 0x3C95, 0x1A4C, 0x29E9, 0x29C7, 0x21C8, 0x2229, 0x228C, 0x3494, 0x34D6, 0x86BC, 0x13D2,   // 0x01E0 (480) pixels
0x22CE, 0x228C, 0x226B, 0x228C, 0x22CD, 0x1B2F, 0x1B50, 0x1B50, 0x1B50, 0x1B0F, 0x2ACD, 0x228C, 0x2A8C, 0x22CD, 0x1AEF, 0x1B50,   // 0x01F0 (496) pixels
0x1B50, 0x1B70, 0x1B2F, 0x22CD, 0x226C, 0x226B, 0x224B, 0x222B, 0x222B, 0x224A, 0x224A, 0x224A, 0x224A, 0x224B, 0x226C, 0x22AD,   // 0x0200 (512) pixels
0x12AE, 0x1B30, 0x2BD2, 0x2BD2, 0x2371, 0x12AE, 0x228C, 0x226B, 0x222A, 0x224A, 0x224A, 0x226B, 0x22CE, 0x1BB2, 0x867B, 0x2C95,   // 0x0210 (528) pixels
0x3C95, 0x1A6C, 0x29E9, 0x21C8, 0x29E8, 0x2A2A, 0x22AD, 0x34B5, 0x34F6, 0x7E9B, 0x1391, 0x22CD, 0x228C, 0x228C, 0x228C, 0x2BD2,   // 0x0220 (544) pixels
0x7E7B, 0x867A, 0x7E7A, 0x7E9A, 0x4CF6, 0x1ACE, 0x2ACD, 0x2ACD, 0x1AEF, 0x4D37, 0x8E9B, 0x865A, 0x767A, 0x6619, 0x1B50, 0x22AD,   // 0x0230 (560) pixels
0x228C, 0x226C, 0x224B, 0x224B, 0x224B, 0x226B, 0x224B, 0x224B, 0x226B, 0x228C, 0x232F, 0x5D57, 0x7E39, 0x7619, 0x7E5A, 0x7E7A,   // 0x0240 (576) pixels
0x6DF9, 0x23B1, 0x1A6C, 0x2A6B, 0x222A, 0x224A, 0x226B, 0x22CD, 0x1BB2, 0x867B, 0x2C95, 0x3C94, 0x1A6C, 0x2209, 0x29C8, 0x21E9,   // 0x0250 (592) pixels
0x222A, 0x230F, 0x34D5, 0x4557, 0x765A, 0x0B50, 0x22AD, 0x228C, 0x2AAD, 0x12CE, 0x5556, 0x5D98, 0x1BF3, 0x2434, 0x34B4, 0x7E9A,   // 0x0260 (608) pixels
0x1B91, 0x230E, 0x22EE, 0x2413, 0x869B, 0x2433, 0x2434, 0x1C33, 0x86BB, 0x3454, 0x1AEE, 0x22AD, 0x22AD, 0x228C, 0x22AC, 0x22AD,   // 0x0270 (624) pixels
0x1A8D, 0x22AC, 0x228C, 0x226B, 0x1A8D, 0x4CB5, 0x869B, 0x2CB6, 0x34F6, 0x2C95, 0x1BF2, 0x4D16, 0x86BB, 0x2BB1, 0x228C, 0x224A,   // 0x0280 (640) pixels
0x224A, 0x226B, 0x22CD, 0x1BD2, 0x7E9B, 0x2CB5, 0x3C94, 0x1A6C, 0x220A, 0x29C8, 0x2209, 0x224B, 0x2350, 0x34D6, 0x5598, 0x65F9,   // 0x0290 (656) pixels
0x1330, 0x22AC, 0x228B, 0x22AD, 0x12EF, 0x6DF9, 0x4D16, 0x1371, 0x3474, 0x13D2, 0x867B, 0x34B5, 0x1B2F, 0x1330, 0x65D8, 0x4D98,   // 0x02A0 (672) pixels
0x2454, 0x2C54, 0x0BB2, 0x869B, 0x2C74, 0x1B71, 0x1B91, 0x2391, 0x1B50, 0x1370, 0x2C12, 0x3433, 0x2370, 0x12AE, 0x22EE, 0x1AEE,   // 0x02B0 (688) pixels
0x5516, 0x971C, 0x6E3A, 0x6E19, 0x765A, 0x4D36, 0x0330, 0x65D8, 0x6577, 0x124C, 0x2A6B, 0x224A, 0x226B, 0x22CD, 0x1BD2, 0x869B,   // 0x02C0 (704) pixels
0x2C94, 0x3C94, 0x1A6C, 0x220A, 0x29C8, 0x2209, 0x224B, 0x2B91, 0x34D5, 0x65D8, 0x5598, 0x1310, 0x22AD, 0x228C, 0x22AC, 0x12EF,   // 0x02D0 (720) pixels
0x6E19, 0x3D16, 0x2C95, 0x971C, 0x0BD2, 0x5DB8, 0x55B8, 0x1351, 0x2413, 0x8EDB, 0x1C95, 0x96DC, 0x4D77, 0x0BF3, 0x7E9A, 0x1BF2,   // 0x02E0 (736) pixels
0x3CB5, 0x96FB, 0x7E7A, 0x8EDB, 0x6E5A, 0x6E18, 0x65D8, 0x7659, 0x6DD8, 0x23F2, 0x2370, 0x2BD1, 0x3494, 0x13D2, 0x0351, 0x2454,   // 0x02F0 (752) pixels
0x86BB, 0x0B92, 0x4516, 0x6597, 0x126C, 0x226B, 0x224B, 0x226B, 0x22CD, 0x23B2, 0x869B, 0x2C95, 0x3C94, 0x1A6C, 0x2209, 0x29C8,   // 0x0300 (768) pixels
0x2A09, 0x224B, 0x2BD2, 0x2CD6, 0x6E19, 0x4D36, 0x130F, 0x22AD, 0x22AC, 0x2AAD, 0x1330, 0x763A, 0x2C95, 0x2CD6, 0xC7FF, 0x2CB5,   // 0x0310 (784) pixels
0x34B5, 0x767A, 0x03B2, 0x5598, 0x6619, 0x1C95, 0xC7FF, 0x34F6, 0x1C34, 0x86BB, 0x0C13, 0x5DB7, 0x65F9, 0x1433, 0x6E3A, 0x4537,   // 0x0320 (800) pixels
0x3495, 0x1413, 0x1C34, 0x7E7B, 0x6E19, 0x1B71, 0x1B50, 0x23F2, 0x5D97, 0x5DB8, 0x869A, 0x4D57, 0x0BB2, 0x7E7A, 0x44D5, 0x1A8C,   // 0x0330 (816) pixels
0x224B, 0x224B, 0x226C, 0x22CD, 0x23D2, 0x869B, 0x2C75, 0x3C94, 0x1A4C, 0x2209, 0x29C8, 0x2A09, 0x1A6B, 0x3433, 0x2CB5, 0x765A,   // 0x0340 (832) pixels
0x3CD5, 0x1AEF, 0x22AD, 0x22AD, 0x22CE, 0x1B71, 0x7E7A, 0x1C34, 0x34F6, 0xAF7D, 0x55B8, 0x1435, 0x8EDC, 0x24B6, 0x7E7B, 0x2495,   // 0x0350 (848) pixels
0x5598, 0x9F7D, 0x2495, 0x2454, 0x86BB, 0x0C14, 0x65F9, 0x4D57, 0x0371, 0x2CB5, 0x869A, 0x767A, 0x8EDC, 0x2454, 0x1392, 0x767A,   // 0x0360 (864) pixels
0x2C13, 0x1350, 0x6E19, 0x6DF9, 0x34D5, 0x2C74, 0x34B6, 0xAF9D, 0x65F9, 0x0AEF, 0x22CD, 0x226B, 0x224B, 0x226C, 0x22AD, 0x23D2,   // 0x0370 (880) pixels
0x867B, 0x2C75, 0x3C74, 0x1A4C, 0x2209, 0x29E8, 0x2A2A, 0x1A6C, 0x3474, 0x2CD6, 0x869B, 0x3474, 0x1ACF, 0x228C, 0x228C, 0x22EE,   // 0x0380 (896) pixels
0x23B2, 0x869B, 0x1413, 0x4D58, 0x765A, 0x663A, 0x0BF3, 0x6E19, 0x7E9A, 0x6E3A, 0x1C34, 0x7E9B, 0x7E9B, 0x2C95, 0x2475, 0x7E9B,   // 0x0390 (912) pixels
0x0413, 0x6DF9, 0x4D57, 0x0BB2, 0x869B, 0x4557, 0x0392, 0x6619, 0x5556, 0x0330, 0x6E19, 0x4D37, 0x0B71, 0x65F9, 0x7E7B, 0x55B8,   // 0x03A0 (928) pixels
0x4D77, 0x2433, 0x3CB4, 0x7E9A, 0x3C94, 0x1AEE, 0x226C, 0x224B, 0x226B, 0x1ACD, 0x23D3, 0x869B, 0x2C74, 0x3C74, 0x1A4C, 0x2209,   // 0x03B0 (944) pixels
0x21E8, 0x2A2A, 0x1A8D, 0x3C94, 0x2CD6, 0x86DB, 0x2413, 0x22EE, 0x228C, 0x228C, 0x1ACE, 0x2C13, 0x869A, 0x0BF3, 0x5DD9, 0x4D77,   // 0x03C0 (960) pixels
0x6E3A, 0x2455, 0x34B6, 0xB7FE, 0x2495, 0x5DD9, 0x6619, 0x765A, 0x2475, 0x34B5, 0x7E9A, 0x03D3, 0x761A, 0x3D37, 0x1C54, 0x86BB,   // 0x03D0 (976) pixels
0x1C33, 0x13B1, 0x4D57, 0x5DB8, 0x0371, 0x7619, 0x5577, 0x0B50, 0x23F3, 0x44D5, 0x44D5, 0x65D8, 0x765A, 0x0B71, 0x44F6, 0x865A,   // 0x03E0 (992) pixels
0x12CE, 0x228C, 0x226B, 0x228C, 0x22CD, 0x23F2, 0x7E9B, 0x2C75, 0x3C74, 0x1A4C, 0x2209, 0x29E8, 0x2A2A, 0x1AAD, 0x3CB5, 0x2CD6,   // 0x03F0 (1008) pixels
0x86BB, 0x1BB2, 0x22EE, 0x228C, 0x228C, 0x22EE, 0x3454, 0x767A, 0x0391, 0x6DF9, 0x3D37, 0x5DD9, 0x5577, 0x1BF3, 0x5DB8, 0x1414,   // 0x0400 (1024) pixels
0x7E9B, 0x2CD6, 0x7E9B, 0x1413, 0x3CD6, 0x7E7A, 0x03F3, 0x765A, 0x3CF5, 0x13D2, 0x8EDB, 0x2C95, 0x0371, 0x765A, 0x4D37, 0x03B2,   // 0x0410 (1040) pixels
0x7E7A, 0x3CB5, 0x2C54, 0x1BF2, 0x0B71, 0x0371, 0x0BB2, 0x8EDB, 0x2454, 0x2454, 0x765A, 0x1AEE, 0x226B, 0x224B, 0x2A6B, 0x22CD,   // 0x0420 (1056) pixels
0x23F3, 0x7E7B, 0x2C74, 0x3C74, 0x1A4C, 0x2209, 0x29E8, 0x222A, 0x22CE, 0x34B5, 0x3D17, 0x869A, 0x1371, 0x22CE, 0x228C, 0x22AD,   // 0x0430 (1072) pixels
0x1ACE, 0x3C95, 0x6E39, 0x0330, 0x7E19, 0x4557, 0x34F6, 0x7E5A, 0x13B1, 0x0B50, 0x44F5, 0x6E5A, 0x1C75, 0x8EBB, 0x0BD2, 0x4516,   // 0x0440 (1088) pixels
0x6E3A, 0x03D3, 0x7E7A, 0x34B4, 0x0B92, 0x4D58, 0x7E9A, 0x763A, 0x7E7A, 0x13B2, 0x3495, 0x869B, 0x1C33, 0x8EDB, 0x7E5A, 0x7639,   // 0x0450 (1104) pixels
0x6E19, 0x8EBB, 0x5DD8, 0x030F, 0x44D5, 0x7619, 0x1ACE, 0x2A6C, 0x224A, 0x226B, 0x22CD, 0x2C13, 0x7E7B, 0x2C75, 0x3C74, 0x1A4C,   // 0x0460 (1120) pixels
0x29E9, 0x29E9, 0x222A, 0x22EE, 0x34D6, 0x4537, 0x765A, 0x1330, 0x22CD, 0x228B, 0x2A8C, 0x1AAD, 0x54F5, 0x65F9, 0x0351, 0x7E5A,   // 0x0470 (1136) pixels
0x3CB5, 0x13D2, 0x869B, 0x2433, 0x0B71, 0x7E7A, 0x34D5, 0x2C75, 0x7E7A, 0x0371, 0x4D57, 0x6E39, 0x0BD3, 0x869A, 0x2C74, 0x2413,   // 0x0480 (1152) pixels
0x4D57, 0x34D6, 0x34B5, 0x0BB2, 0x2413, 0x7E9B, 0x3C94, 0x2C54, 0x7E9B, 0x1C75, 0x34D6, 0x3CB5, 0x2454, 0x0BB2, 0x3CB5, 0x86BB,   // 0x0490 (1168) pixels
0x2BF2, 0x228C, 0x224B, 0x224A, 0x226B, 0x22AD, 0x2C13, 0x7E7B, 0x2C74, 0x3C54, 0x1A2B, 0x29E9, 0x21E9, 0x222A, 0x230F, 0x34B5,   // 0x04A0 (1184) pixels
0x4D77, 0x6DF9, 0x1310, 0x22AD, 0x226C, 0x224B, 0x1A6C, 0x4494, 0x971C, 0x765A, 0x7E5A, 0x2390, 0x1B0F, 0x5D77, 0x8EBB, 0x765A,   // 0x04B0 (1200) pixels
0x6DD9, 0x1370, 0x2BF3, 0x869A, 0x6E39, 0x96FB, 0x4D16, 0x13F3, 0x869B, 0x2414, 0x3495, 0xA75D, 0x765A, 0x65D8, 0x65F9, 0x7E7A,   // 0x04C0 (1216) pixels
0x4CF5, 0x1B30, 0x23D1, 0x7639, 0x7E9B, 0x6E1A, 0x65D8, 0x65B8, 0x6E19, 0x7619, 0x3433, 0x1AAD, 0x224B, 0x222A, 0x224A, 0x226B,   // 0x04D0 (1232) pixels
0x22AD, 0x2C33, 0x7E7B, 0x2C75, 0x3C54, 0x1A4B, 0x2A09, 0x2209, 0x222A, 0x2B70, 0x34B5, 0x5DB8, 0x5DB8, 0x12EF, 0x22AC, 0x226B,   // 0x04E0 (1248) pixels
0x222B, 0x228C, 0x22EE, 0x2B90, 0x2BF2, 0x2350, 0x22EE, 0x22EE, 0x232F, 0x33F2, 0x33D2, 0x1B2F, 0x22CE, 0x22EF, 0x2BB1, 0x3434,   // 0x04F0 (1264) pixels
0x3413, 0x1B71, 0x2C13, 0x7E9A, 0x1BD3, 0x44D6, 0x763A, 0x1C13, 0x44D5, 0x3474, 0x1B70, 0x1AEE, 0x22CE, 0x22CD, 0x1B0F, 0x2BB1,   // 0x0500 (1280) pixels
0x3C54, 0x4CD5, 0x4CD5, 0x3412, 0x12CE, 0x1A6C, 0x2A4A, 0x2A2A, 0x2A2A, 0x2A4A, 0x226C, 0x22CE, 0x3454, 0x7E7B, 0x2C95, 0x3C74,   // 0x0510 (1296) pixels
0x1A4B, 0x2A09, 0x2209, 0x224B, 0x2BD1, 0x2C95, 0x6E19, 0x4D57, 0x12CE, 0x228C, 0x224B, 0x224B, 0x224B, 0x224B, 0x226B, 0x224B,   // 0x0520 (1312) pixels
0x228C, 0x228C, 0x226C, 0x22AC, 0x226C, 0x1A8C, 0x2AAC, 0x22AC, 0x2AAD, 0x22CD, 0x22AD, 0x22CE, 0x230F, 0x3475, 0x867A, 0x0B71,   // 0x0530 (1328) pixels
0x3494, 0x6619, 0x1351, 0x1B2F, 0x1ACE, 0x22CD, 0x2A8C, 0x226B, 0x226B, 0x22AC, 0x22AD, 0x1AAD, 0x1AAD, 0x1AAD, 0x1AAC, 0x2A8C,   // 0x0540 (1344) pixels
0x2A4A, 0x222A, 0x2A2A, 0x2A2A, 0x2A4A, 0x2A8C, 0x22EE, 0x3454, 0x7E7B, 0x2C95, 0x3C54, 0x1A4B, 0x2A09, 0x2A29, 0x224B, 0x3412,   // 0x0550 (1360) pixels
0x24B5, 0x765A, 0x3CF6, 0x12EF, 0x22AC, 0x2A4B, 0x224B, 0x224A, 0x224A, 0x224B, 0x226B, 0x226A, 0x224B, 0x224B, 0x224B, 0x2A6C,   // 0x0560 (1376) pixels
0x226B, 0x2A6C, 0x2A6B, 0x2A8C, 0x2A8C, 0x2AAD, 0x22CD, 0x1ACE, 0x3434, 0x8EDB, 0x34F5, 0x7639, 0x6DF8, 0x12EF, 0x2ACE, 0x22AC,   // 0x0570 (1392) pixels
0x228C, 0x226B, 0x224B, 0x226B, 0x2A6B, 0x228B, 0x228B, 0x2A8C, 0x228B, 0x2A6B, 0x224B, 0x2A2A, 0x2A2A, 0x2A2A, 0x222A, 0x2A4A,   // 0x0580 (1408) pixels
0x22AC, 0x1AEE, 0x3474, 0x7E7B, 0x2C95, 0x3C53, 0x1A4B, 0x29E9, 0x2A09, 0x1A4C, 0x3C53, 0x2495, 0x7E9B, 0x2C95, 0x1B0F, 0x22AD,   // 0x0590 (1424) pixels
0x228C, 0x224B, 0x226B, 0x224B, 0x2A4B, 0x224B, 0x224B, 0x224B, 0x224B, 0x224B, 0x2A6B, 0x2A6B, 0x2A6B, 0x226B, 0x2A8B, 0x2AAC,   // 0x05A0 (1440) pixels
0x22AC, 0x2AAD, 0x22CE, 0x2370, 0x5557, 0x65F9, 0x6E1A, 0x3454, 0x1AEE, 0x22AD, 0x228C, 0x228C, 0x226B, 0x226B, 0x2A6B, 0x2A8B,   // 0x05B0 (1456) pixels
0x2A8B, 0x2A6B, 0x2A8B, 0x226B, 0x2A6B, 0x224B, 0x2A4A, 0x2A4A, 0x2A4A, 0x224A, 0x2A6B, 0x22AC, 0x22EF, 0x3474, 0x7E7A, 0x2C95,   // 0x05C0 (1472) pixels
0x3C53, 0x1A4B, 0x29E9, 0x2A09, 0x1A6C, 0x3C94, 0x2C95, 0x86BB, 0x2454, 0x1B2F, 0x22EE, 0x2AAD, 0x2AAC, 0x22AC, 0x2AAC, 0x22AC,   // 0x05D0 (1488) pixels
0x2A8C, 0x228C, 0x2A8C, 0x22AC, 0x2A8C, 0x22AC, 0x22AC, 0x22AC, 0x22AC, 0x2AAD, 0x22AD, 0x2AAD, 0x2ACD, 0x230E, 0x2330, 0x1B50,   // 0x05E0 (1504) pixels
0x1B51, 0x1330, 0x1B2F, 0x230F, 0x2ACE, 0x2ACD, 0x2ACD, 0x2ACD, 0x2ACD, 0x2AAD, 0x22AC, 0x2AAD, 0x22AC, 0x2AAD, 0x22AD, 0x2AAD,   // 0x05F0 (1520) pixels
0x2AAC, 0x2A8C, 0x228B, 0x2A8C, 0x2AAC, 0x22AC, 0x2AAD, 0x232F, 0x3C95, 0x867B, 0x2C75, 0x3C53, 0x1A4B, 0x2A09, 0x2A09, 0x228C,   // 0x0600 (1536) pixels
0x3CB5, 0x34B5, 0x86BB, 0x0BF4, 0x0B50, 0x1330, 0x1330, 0x1310, 0x132F, 0x1330, 0x130F, 0x130F, 0x132F, 0x132F, 0x130F, 0x130F,   // 0x0610 (1552) pixels
0x130F, 0x130F, 0x130F, 0x1310, 0x1310, 0x1310, 0x1330, 0x1330, 0x1330, 0x1350, 0x1351, 0x1371, 0x1371, 0x1351, 0x1330, 0x1330,   // 0x0620 (1568) pixels
0x1330, 0x1330, 0x1330, 0x1330, 0x130F, 0x130F, 0x1310, 0x1310, 0x1310, 0x1310, 0x1310, 0x130F, 0x1B0F, 0x1B0F, 0x1B0F, 0x12EF,   // 0x0630 (1584) pixels
0x1B0F, 0x1B10, 0x0B10, 0x3495, 0x869B, 0x2C95, 0x3C53, 0x224B, 0x29E9, 0x2A09, 0x226C, 0x44D4, 0x1C33, 0x7E5A, 0x763A, 0x65F9,   // 0x0640 (1600) pixels
0x6E1A, 0x6E1A, 0x6E1A, 0x6E19, 0x6E19, 0x6E19, 0x6E19, 0x6E19, 0x6E19, 0x6E1A, 0x6E1A, 0x6E1A, 0x6E19, 0x6E19, 0x6E19, 0x6E19,   // 0x0650 (1616) pixels
0x6E19, 0x6E19, 0x6E19, 0x6E19, 0x6E19, 0x6E1A, 0x6E1A, 0x6E1A, 0x6E1A, 0x6E19, 0x6E1A, 0x6E1A, 0x6E19, 0x6E19, 0x6E1A, 0x75F9,   // 0x0660 (1632) pixels
0x7619, 0x6E19, 0x6E19, 0x6E19, 0x6E19, 0x6E19, 0x6E19, 0x6DF9, 0x6DF9, 0x75F9, 0x75FA, 0x75F9, 0x75F9, 0x65D9, 0x7E7A, 0x4D16,   // 0x0670 (1648) pixels
0x3494, 0x3BF2, 0x222A, 0x29E8, 0x2A08, 0x224B, 0x3390, 0x4516, 0x2C95, 0x4D78, 0x4D77, 0x4D77, 0x4D77, 0x4D77, 0x4D97, 0x4D97,   // 0x0680 (1664) pixels
0x4D97, 0x4D77, 0x4D98, 0x4D97, 0x4D77, 0x4D97, 0x4D97, 0x4D77, 0x4D77, 0x4D97, 0x4D77, 0x4D77, 0x4D77, 0x4D77, 0x4D98, 0x4D77,   // 0x0690 (1680) pixels
0x4D78, 0x4D77, 0x4D77, 0x4D77, 0x4D77, 0x4D77, 0x4D77, 0x4D77, 0x4D77, 0x4D77, 0x5577, 0x5577, 0x5577, 0x5597, 0x5577, 0x5598,   // 0x06A0 (1696) pixels
0x4D77, 0x4D77, 0x5577, 0x5577, 0x5557, 0x5578, 0x5578, 0x5598, 0x55B8, 0x3D16, 0x2C74, 0x3C94, 0x22AC, 0x2A09, 0x29C8, 0x29E8,   // 0x06B0 (1712) pixels
0x2A2A, 0x226B, 0x2BB1, 0x44B5, 0x3CB5, 0x3CB5, 0x3CB5, 0x3CB5, 0x3CB5, 0x3CB5, 0x3CB5, 0x3CB5, 0x3CB5, 0x3CB5, 0x3CB5, 0x3CB5,   // 0x06C0 (1728) pixels
0x3CB5, 0x3CB5, 0x3CB5, 0x3CB5, 0x3CB5, 0x3CB5, 0x3CB5, 0x3C95, 0x3CB5, 0x3CB5, 0x3CB5, 0x3CB5, 0x3CB5, 0x3CB5, 0x3CD5, 0x3CB5,   // 0x06D0 (1744) pixels
0x3CB5, 0x3C94, 0x3C94, 0x3CB5, 0x3CB5, 0x3CB5, 0x3CB5, 0x3CB5, 0x3CB5, 0x3CB4, 0x3CB5, 0x3CB5, 0x3CB5, 0x3CB5, 0x3CB5, 0x3C94,   // 0x06E0 (1760) pixels
0x3CB4, 0x3CB4, 0x44B4, 0x44D5, 0x44D5, 0x3C53, 0x22AD, 0x222A, 0x29E8, 0x29A7, 0x29C7, 0x29E8, 0x2A2A, 0x222B, 0x226C, 0x22AD,   // 0x06F0 (1776) pixels
0x22AD, 0x22AD, 0x22CD, 0x22CD, 0x22CD, 0x22CE, 0x22CD, 0x22CD, 0x22CD, 0x22CD, 0x22CE, 0x22EE, 0x22CD, 0x22CD, 0x22CE, 0x22CE,   // 0x0700 (1792) pixels
0x22EE, 0x22CE, 0x22CD, 0x22CD, 0x22CE, 0x22EE, 0x22EE, 0x22EE, 0x22EE, 0x22CD, 0x22CD, 0x22CD, 0x22AD, 0x22AD, 0x22CD, 0x22CD,   // 0x0710 (1808) pixels
0x22CD, 0x22CD, 0x22CD, 0x22CD, 0x22CD, 0x22CD, 0x22CD, 0x22CD, 0x22CD, 0x22CD, 0x22CD, 0x22AD, 0x22AC, 0x22AC, 0x22AD, 0x226C,   // 0x0720 (1824) pixels
0x224B, 0x2A0A, 0x29E8, 0x29C7, 0x29A7, 0x29A7, 0x29C7, 0x29C8, 0x2A09, 0x2A09, 0x2A2A, 0x2A2A, 0x2A2A, 0x2A4A, 0x2A4B, 0x2A4A,   // 0x0730 (1840) pixels
0x2A4B, 0x2A4B, 0x2A4B, 0x2A4B, 0x2A4B, 0x2A6B, 0x2A6B, 0x2A4B, 0x2A4B, 0x2A4A, 0x2A4B, 0x2A4B, 0x2A4B, 0x2A4A, 0x2A4B, 0x2A6B,   // 0x0740 (1856) pixels
0x2A6B, 0x2A4B, 0x2A6B, 0x2A4B, 0x2A4A, 0x2A4A, 0x2A4A, 0x2A4A, 0x2A4A, 0x2A4B, 0x2A6A, 0x2A6A, 0x2A4B, 0x2A6B, 0x2A4A, 0x2A4A,   // 0x0750 (1872) pixels
0x2A4A, 0x2A4B, 0x2A4A, 0x2A4A, 0x2A4B, 0x2A4A, 0x2A4B, 0x2A4A, 0x2A2A, 0x2A2A, 0x2A0A, 0x2A08, 0x29C8, 0x29C7, 0x29A7, 0x29A7,   // 0x0760 (1888) pixels
};

// LOGO 3: FLAC (59x32)
const unsigned short imgCodecFlac[codecAudioW * codecAudioH] PROGMEM = {
0x3166, 0x3166, 0x3167, 0x3967, 0x3968, 0x4168, 0x3968, 0x4168, 0x4168, 0x3968, 0x4169, 0x4169, 0x4149, 0x4149, 0x4149, 0x4169,   // 0x0010 (16) pixels
0x4169, 0x4169, 0x4149, 0x4169, 0x4169, 0x4169, 0x4169, 0x4149, 0x4169, 0x4148, 0x4149, 0x4149, 0x4169, 0x4169, 0x4169, 0x4169,   // 0x0020 (32) pixels
0x4169, 0x4169, 0x4169, 0x4169, 0x4148, 0x4169, 0x4169, 0x4169, 0x4169, 0x4169, 0x4169, 0x4169, 0x4169, 0x4169, 0x4148, 0x4169,   // 0x0030 (48) pixels
0x3969, 0x3968, 0x3968, 0x3967, 0x3967, 0x3166, 0x3167, 0x3186, 0x3166, 0x3186, 0x3186, 0x3166, 0x3967, 0x3968, 0x4129, 0x516B,   // 0x0040 (64) pixels
0x598C, 0x598D, 0x598D, 0x596C, 0x596C, 0x596D, 0x596D, 0x596D, 0x596D, 0x596D, 0x596D, 0x598D, 0x596D, 0x618D, 0x596D, 0x596D,   // 0x0050 (80) pixels
0x596D, 0x596D, 0x596D, 0x596D, 0x596D, 0x618D, 0x616D, 0x596D, 0x596D, 0x596D, 0x596D, 0x616D, 0x596D, 0x616D, 0x596D, 0x596D,   // 0x0060 (96) pixels
0x616D, 0x618D, 0x596D, 0x598D, 0x598D, 0x596D, 0x596D, 0x596D, 0x618D, 0x618D, 0x618D, 0x598D, 0x598C, 0x598C, 0x496B, 0x3948,   // 0x0070 (112) pixels
0x3967, 0x3167, 0x3167, 0x3186, 0x3186, 0x3186, 0x3967, 0x3967, 0x492B, 0x7A11, 0x81F1, 0x81D2, 0x81F2, 0x81B2, 0x81B1, 0x81B1,   // 0x0080 (128) pixels
0x81D1, 0x81D1, 0x81B2, 0x81D2, 0x81D2, 0x81D2, 0x81D2, 0x81B1, 0x81B2, 0x81D2, 0x81D2, 0x81D2, 0x81D1, 0x81D2, 0x81D2, 0x81D1,   // 0x0090 (144) pixels
0x81D2, 0x81D1, 0x81D2, 0x81D2, 0x81D2, 0x81B2, 0x81D2, 0x81D2, 0x81D2, 0x81D1, 0x81D2, 0x81D2, 0x81B2, 0x81B2, 0x81B2, 0x81B2,   // 0x00A0 (160) pixels
0x81B2, 0x81D2, 0x81D2, 0x81D2, 0x81D2, 0x81B2, 0x81B2, 0x81B2, 0x81B2, 0x89F2, 0x7A11, 0x494A, 0x3967, 0x3167, 0x3186, 0x3186,   // 0x00B0 (176) pixels
0x3186, 0x3967, 0x4149, 0x8232, 0x7990, 0x8A53, 0xAB36, 0xB316, 0xAB36, 0xAB36, 0xAB36, 0xAB36, 0xAB36, 0xAB36, 0xAB36, 0xAB16,   // 0x00C0 (192) pixels
0xAB36, 0xAB16, 0xAB16, 0xAB36, 0xAB16, 0xAB16, 0xAB36, 0xAB36, 0xAB16, 0xAB16, 0xAB36, 0xAB16, 0xAB15, 0xAB15, 0xAB16, 0xAB16,   // 0x00D0 (208) pixels
0xAB15, 0xAB16, 0xAB16, 0xAB36, 0xAB15, 0xAB36, 0xAB16, 0xAB16, 0xAB15, 0xAB16, 0xAB16, 0xAB16, 0xAB36, 0xAB36, 0xAB16, 0xAB16,   // 0x00E0 (224) pixels
0xAB16, 0xAB16, 0xAB16, 0xB357, 0x9254, 0x89F3, 0x720F, 0x3928, 0x3967, 0x3167, 0x3166, 0x3186, 0x3968, 0x598C, 0x9213, 0x9274,   // 0x00F0 (240) pixels
0xCC3A, 0x9A34, 0xA295, 0xA2B5, 0xA2B5, 0xA2B5, 0xA2D5, 0xA2D5, 0x9AD5, 0x9AB5, 0x9AB5, 0x9AB5, 0x9AB4, 0x9AB4, 0xA2D5, 0x9AD5,   // 0x0100 (256) pixels
0xA2D5, 0x9AB4, 0x9AB4, 0x9AB5, 0x9AB4, 0x9AB5, 0xA2B5, 0x9AB5, 0x9AB4, 0x9AB4, 0x9AB4, 0x9AB4, 0x9AB5, 0x9AB5, 0x9AB5, 0x9AB5,   // 0x0110 (272) pixels
0xA2B5, 0x9AB5, 0x9AB5, 0xA2B5, 0x9AB5, 0x9AB5, 0x9AB5, 0x9AB4, 0x9AB5, 0x9AB5, 0x9AB5, 0xA2B5, 0xA2B6, 0xA2B6, 0xA295, 0xD47A,   // 0x0120 (288) pixels
0x89D2, 0x8A12, 0x514B, 0x3967, 0x3967, 0x3166, 0x3186, 0x3968, 0x598D, 0x89F3, 0xAB36, 0xAB16, 0x586D, 0x590D, 0x58ED, 0x50EC,   // 0x0130 (304) pixels
0x50EC, 0x58ED, 0x50EC, 0x50EC, 0x50EC, 0x58EC, 0x50EC, 0x58EC, 0x50ED, 0x510C, 0x50EC, 0x50EC, 0x50EC, 0x50EC, 0x50EC, 0x510C,   // 0x0140 (320) pixels
0x50EC, 0x50EC, 0x50EC, 0x510C, 0x50EC, 0x510C, 0x510C, 0x510C, 0x50EC, 0x50EC, 0x50EC, 0x50EC, 0x50EC, 0x50EC, 0x50EC, 0x50EC,   // 0x0150 (336) pixels
0x50EC, 0x50EC, 0x50EC, 0x58ED, 0x58ED, 0x58CD, 0x58ED, 0x58ED, 0x610E, 0x588E, 0xB337, 0xA2D5, 0x89F2, 0x596C, 0x4168, 0x3967,   // 0x0160 (352) pixels
0x3166, 0x3186, 0x3968, 0x596D, 0x89D3, 0xA2F6, 0xB337, 0x58EE, 0x596C, 0x516B, 0x514B, 0x494B, 0x494B, 0x494A, 0x514A, 0x514B,   // 0x0170 (368) pixels
0x514B, 0x516B, 0x514A, 0x514A, 0x494A, 0x516A, 0x496A, 0x494A, 0x494A, 0x496A, 0x4969, 0x4169, 0x4169, 0x4169, 0x4169, 0x4969,   // 0x0180 (384) pixels
0x496A, 0x516A, 0x496A, 0x496A, 0x496A, 0x496A, 0x496A, 0x496A, 0x496A, 0x496A, 0x496A, 0x496A, 0x516B, 0x514B, 0x514B, 0x514B,   // 0x0190 (400) pixels
0x514B, 0x514B, 0x514B, 0x596C, 0x590E, 0xAAD6, 0xB317, 0x91F3, 0x69AE, 0x4149, 0x3967, 0x3166, 0x3186, 0x3968, 0x596D, 0x89D3,   // 0x01A0 (416) pixels
0xA2F6, 0xB337, 0x58CD, 0x516B, 0x494B, 0x494B, 0x492B, 0x492A, 0x492B, 0x492A, 0x492B, 0x494A, 0x494A, 0x494A, 0x494A, 0x494A,   // 0x01B0 (432) pixels
0x494A, 0x494A, 0x496A, 0x4169, 0x4149, 0x4169, 0x3948, 0x4168, 0x4168, 0x4169, 0x496A, 0x494A, 0x494A, 0x494A, 0x496A, 0x496A,   // 0x01C0 (448) pixels
0x416A, 0x4149, 0x4149, 0x4149, 0x4169, 0x494A, 0x496A, 0x494B, 0x492A, 0x490A, 0x492B, 0x494B, 0x514B, 0x514B, 0x516B, 0x590D,   // 0x01D0 (464) pixels
0x9A75, 0xBB78, 0x89D3, 0x71CF, 0x4149, 0x3968, 0x3167, 0x3166, 0x4149, 0x596D, 0x89D3, 0xA2F6, 0xB337, 0x58AD, 0x516B, 0x514B,   // 0x01E0 (480) pixels
0x592C, 0x614E, 0x696E, 0x696F, 0x696F, 0x616E, 0x616E, 0x614E, 0x512C, 0x592D, 0x694F, 0x698E, 0x594D, 0x512B, 0x4949, 0x3968,   // 0x01F0 (496) pixels
0x3948, 0x4168, 0x3968, 0x4148, 0x4949, 0x512C, 0x614D, 0x616E, 0x616E, 0x512C, 0x494A, 0x4949, 0x4949, 0x4129, 0x4949, 0x494A,   // 0x0200 (512) pixels
0x512B, 0x48CB, 0x590D, 0x718F, 0x79F1, 0x71D0, 0x696E, 0x510C, 0x514B, 0x514B, 0x590D, 0x9214, 0xC3D9, 0x8993, 0x79D0, 0x4129,   // 0x0210 (528) pixels
0x3968, 0x3967, 0x3166, 0x4149, 0x616E, 0x91F3, 0xA2F6, 0xBB58, 0x58AD, 0x516B, 0x490B, 0x8211, 0xD45A, 0xC3F8, 0xC439, 0xC419,   // 0x0220 (544) pixels
0xBBD8, 0xBB78, 0xCC59, 0x9254, 0x89F3, 0xD49A, 0xC3D8, 0xCC19, 0x614D, 0x4128, 0x4148, 0x3948, 0x3968, 0x3968, 0x4149, 0x490A,   // 0x0230 (560) pixels
0x79B1, 0xCC19, 0xC439, 0xC419, 0xB356, 0x590C, 0x494B, 0x494A, 0x494A, 0x494A, 0x512B, 0x692F, 0xAB56, 0xC3D9, 0xBB57, 0xB356,   // 0x0240 (576) pixels
0xB3B7, 0xC3D8, 0xAB16, 0x610D, 0x514C, 0x612E, 0x89B3, 0xCBF9, 0x8192, 0x79F1, 0x4129, 0x3968, 0x3967, 0x3167, 0x4149, 0x596D,   // 0x0250 (592) pixels
0x91F3, 0xA2D6, 0xBB78, 0x58CD, 0x516C, 0x50EB, 0xA2F5, 0xAAF6, 0x60AE, 0x7110, 0x8152, 0x8172, 0x8132, 0xB2F7, 0xBB38, 0x9A34,   // 0x0260 (608) pixels
0xAB16, 0x604E, 0xC398, 0x8211, 0x4109, 0x4168, 0x3948, 0x3948, 0x3968, 0x4169, 0x50EC, 0xBB98, 0x8A12, 0x58CD, 0x60AE, 0xBBB8,   // 0x0270 (624) pixels
0x9AB5, 0x50EC, 0x496A, 0x494A, 0x492A, 0x694F, 0xC3F9, 0xAB16, 0x7130, 0x68CE, 0x7150, 0x7130, 0x60AE, 0xC3D9, 0x89F2, 0x510C,   // 0x0280 (640) pixels
0x594E, 0x7151, 0xCC19, 0x89B2, 0x8A32, 0x490A, 0x3968, 0x3967, 0x3167, 0x4149, 0x596D, 0x91F3, 0xA2D6, 0xBB78, 0x58CD, 0x598C,   // 0x0290 (656) pixels
0x50EC, 0xA2D5, 0xB336, 0x60AE, 0xA2D5, 0xCB99, 0xC358, 0xCBD9, 0xD45A, 0x9234, 0x9A34, 0xAB56, 0x508D, 0xBB78, 0x8A32, 0x490A,   // 0x02A0 (672) pixels
0x4149, 0x3948, 0x3968, 0x3948, 0x4949, 0x694F, 0xCC19, 0x68EF, 0x9AF4, 0x89F2, 0x8192, 0xC3D9, 0x58CD, 0x514B, 0x514C, 0x610D,   // 0x02B0 (688) pixels
0xC3D8, 0x8A32, 0x484C, 0x81D1, 0xCC39, 0xCC19, 0xC3D9, 0xC3D9, 0xE49C, 0x79F1, 0x490B, 0x594D, 0x7130, 0xCC39, 0x89D3, 0x9234,   // 0x02C0 (704) pixels
0x490B, 0x3968, 0x3967, 0x3167, 0x4169, 0x596D, 0x91F3, 0xA2D6, 0xBB98, 0x58CD, 0x598C, 0x50EC, 0xA2D6, 0xB337, 0x608E, 0xBB78,   // 0x02D0 (720) pixels
0x89B3, 0x686F, 0x70D0, 0x68EF, 0x60AE, 0x9A74, 0xB377, 0x586D, 0xBB78, 0x9254, 0x490A, 0x4169, 0x4168, 0x3968, 0x4969, 0x490B,   // 0x02E0 (736) pixels
0x9A74, 0xB377, 0x604F, 0xE51C, 0xC3B8, 0x584D, 0xB377, 0x9253, 0x510C, 0x510C, 0x9274, 0xC3F9, 0x588D, 0x8A12, 0xCBF9, 0x8171,   // 0x02F0 (752) pixels
0x60EE, 0x610E, 0x7190, 0x8A53, 0x592D, 0x492A, 0x514C, 0x60EF, 0xCBF9, 0x9213, 0x9213, 0x512B, 0x4168, 0x3947, 0x3167, 0x4148,   // 0x0300 (768) pixels
0x596D, 0x91F3, 0xA2B6, 0xBB98, 0x58CD, 0x518C, 0x510C, 0xA2B5, 0xB357, 0x586D, 0xBB77, 0xC399, 0x9A34, 0x9A54, 0x8A33, 0x690F,   // 0x0310 (784) pixels
0x9A54, 0xBBB7, 0x588E, 0xB337, 0x9A75, 0x40EA, 0x4169, 0x4149, 0x4148, 0x4969, 0x50EC, 0xBB98, 0x91F3, 0x8172, 0xC3B8, 0xC398,   // 0x0320 (800) pixels
0x8152, 0x89F3, 0xCC1A, 0x610E, 0x50EC, 0xAAD6, 0x9A74, 0x608E, 0xC419, 0x9A55, 0x50AC, 0x514B, 0x492A, 0x492A, 0x490A, 0x492B,   // 0x0330 (816) pixels
0x494A, 0x514B, 0x58CE, 0xC399, 0x9A54, 0x9213, 0x592C, 0x4169, 0x3967, 0x3167, 0x4148, 0x594D, 0x91F3, 0xA2B5, 0xBBB8, 0x58CD,   // 0x0340 (832) pixels
0x598C, 0x510C, 0x9A95, 0xB377, 0x58CD, 0x89F2, 0xAB16, 0xA2B5, 0xA256, 0xD45B, 0x9A55, 0x91D4, 0xBBB8, 0x608E, 0xAAF7, 0xA2B5,   // 0x0350 (848) pixels
0x48EB, 0x496A, 0x4149, 0x4169, 0x494B, 0x7150, 0xC3D9, 0x68AE, 0x9A74, 0xA295, 0xA275, 0xAAF7, 0x688F, 0xC3D8, 0x91F3, 0x588D,   // 0x0360 (864) pixels
0xBB57, 0x9233, 0x68CF, 0xC3B9, 0x8191, 0x510C, 0x492B, 0x494A, 0x414A, 0x4149, 0x4149, 0x494A, 0x514B, 0x58CE, 0xBB58, 0xA296,   // 0x0370 (880) pixels
0x89F3, 0x596D, 0x4149, 0x3967, 0x3167, 0x4169, 0x596D, 0x9213, 0xA2B5, 0xC3B9, 0x58CD, 0x598C, 0x510C, 0x9A74, 0xB377, 0x60EE,   // 0x0380 (896) pixels
0x7170, 0x89F2, 0x9234, 0x89B3, 0xCBD9, 0x9A54, 0x8192, 0xBBB8, 0x58AE, 0xAAD6, 0xAAF6, 0x48EB, 0x496A, 0x4949, 0x494A, 0x48EB,   // 0x0390 (912) pixels
0x9A54, 0xB337, 0x586D, 0xCC39, 0xBB98, 0xAA75, 0xD45B, 0x68EE, 0x8A12, 0xC3B9, 0x686F, 0xC3D9, 0xA2B5, 0x588D, 0xBB57, 0x8191,   // 0x03A0 (928) pixels
0x512C, 0x494B, 0x494A, 0x4149, 0x494A, 0x414A, 0x492A, 0x514B, 0x58ED, 0xB2F7, 0xB2F7, 0x89F3, 0x698E, 0x4149, 0x3947, 0x3967,   // 0x03B0 (944) pixels
0x4169, 0x596D, 0x9213, 0x9A95, 0xC3B9, 0x58CD, 0x598C, 0x512C, 0x9A74, 0xB397, 0x508C, 0xA2F5, 0xD47A, 0xB336, 0xAB36, 0xA2D5,   // 0x03C0 (960) pixels
0x712F, 0x89B2, 0xC3D9, 0x60AE, 0xA2B5, 0xB337, 0x58ED, 0x596C, 0x514B, 0x516C, 0x58CD, 0xBB77, 0x9233, 0x60EE, 0x9213, 0x9A94,   // 0x03D0 (976) pixels
0x9A54, 0x89F3, 0x690F, 0x68EF, 0xCC59, 0x91D4, 0xA295, 0xB316, 0x506C, 0xA2D4, 0xBB77, 0x58AE, 0x514C, 0x514B, 0x492B, 0x48EA,   // 0x03E0 (992) pixels
0x490B, 0x516B, 0x516C, 0x590D, 0x9A75, 0xBB38, 0x89D3, 0x71AF, 0x494A, 0x3967, 0x3967, 0x4169, 0x596D, 0x91F3, 0x9A95, 0xC3D9,   // 0x03F0 (1008) pixels
0x58CE, 0x518C, 0x512C, 0x9274, 0xBBB8, 0x58AD, 0xAAF6, 0xA274, 0x506C, 0x590D, 0x510C, 0x592C, 0x81B1, 0xC3B9, 0x68AF, 0x9A95,   // 0x0400 (1024) pixels
0xC3B9, 0x7130, 0x7170, 0x696F, 0x694F, 0x8172, 0xCBF9, 0x690F, 0x6950, 0x9A95, 0x9A75, 0x9A55, 0xA2B6, 0x9254, 0x60CF, 0x9A94,   // 0x0410 (1040) pixels
0xC3B8, 0x70D0, 0xC3D9, 0x7110, 0x7130, 0xCC39, 0xB377, 0x7150, 0x692F, 0x692F, 0x92B4, 0xA2F5, 0x590D, 0x516B, 0x512C, 0x8A13,   // 0x0420 (1056) pixels
0xC3B9, 0x8992, 0x79D0, 0x4929, 0x3968, 0x3967, 0x4149, 0x594D, 0x9213, 0x9A95, 0xC3D9, 0x58CE, 0x518B, 0x512B, 0x9254, 0xBBD8,   // 0x0430 (1072) pixels
0x58AD, 0x9AB4, 0xA2B5, 0x510B, 0x516B, 0x516B, 0x512C, 0x7991, 0xCBF9, 0x7110, 0x79B1, 0xC3F9, 0xBB97, 0xBB78, 0xC3D8, 0xC419,   // 0x0440 (1088) pixels
0xB2D6, 0xB377, 0x588D, 0xA294, 0xCBFA, 0xA296, 0xAAD7, 0xB2F7, 0xD47A, 0x7991, 0x60EE, 0xC3D9, 0x7931, 0xA2D5, 0xCC19, 0x70D0,   // 0x0450 (1104) pixels
0x68CF, 0xA2D5, 0xC378, 0xCBF9, 0xCC7A, 0xCC19, 0xCC59, 0x590D, 0x494B, 0x512C, 0x81B2, 0xCC39, 0x89B2, 0x81F1, 0x490A, 0x3968,   // 0x0460 (1120) pixels
0x3967, 0x4149, 0x594D, 0x9213, 0x9A75, 0xC3D9, 0x58CD, 0x518B, 0x512B, 0x8A33, 0xC3D9, 0x588D, 0xA2F5, 0xAB36, 0x48EA, 0x496A,   // 0x0470 (1136) pixels
0x4149, 0x494A, 0x7170, 0xCC1A, 0x7931, 0x7110, 0x70F0, 0x7911, 0x8132, 0x80F2, 0xBB58, 0xDCBB, 0x91F4, 0x70B0, 0xC3D9, 0x7990,   // 0x0480 (1152) pixels
0x50AC, 0x510D, 0x506C, 0x9A74, 0xBB58, 0x608F, 0xAAB6, 0xC3B8, 0x688F, 0xAB76, 0xC3F9, 0x89F3, 0x68CF, 0x70F0, 0x7952, 0x7910,   // 0x0490 (1168) pixels
0x7911, 0xD4BB, 0x696F, 0x512B, 0x514C, 0x7171, 0xCC1A, 0x89B2, 0x8A12, 0x490B, 0x3968, 0x3967, 0x4149, 0x514D, 0x9214, 0x9A75,   // 0x04A0 (1184) pixels
0xC3F9, 0x58ED, 0x516B, 0x492A, 0x696E, 0xCBF9, 0xC3D9, 0xD41A, 0x8251, 0x490A, 0x4149, 0x4149, 0x4949, 0x592D, 0xBB77, 0xCBB9,   // 0x04B0 (1200) pixels
0xCBB9, 0xCC1A, 0xCC19, 0xCBFA, 0xCB99, 0xCB79, 0xCBD9, 0xCBB9, 0xCC3A, 0xC3D8, 0x590C, 0x494A, 0x494A, 0x496B, 0x614E, 0xC3F9,   // 0x04C0 (1216) pixels
0xCBB9, 0xCBDA, 0xB377, 0x590D, 0x58EC, 0x81D2, 0xBB78, 0xCC3A, 0xC419, 0xBB58, 0xBB58, 0xC3B9, 0xA315, 0x612E, 0x514B, 0x594C,   // 0x04D0 (1232) pixels
0x692F, 0xCC1A, 0x89D3, 0x8A32, 0x512B, 0x4168, 0x3947, 0x4169, 0x596D, 0x9213, 0x9A54, 0xC3F9, 0x58ED, 0x516B, 0x494A, 0x512B,   // 0x04E0 (1248) pixels
0x592D, 0x616E, 0x614E, 0x514B, 0x4169, 0x4149, 0x4149, 0x4149, 0x494A, 0x590D, 0x694F, 0x6950, 0x7150, 0x7170, 0x7150, 0x7150,   // 0x04F0 (1264) pixels
0x610F, 0x60EE, 0x694E, 0x694F, 0x612D, 0x492A, 0x4149, 0x4148, 0x4149, 0x514B, 0x590D, 0x696E, 0x694F, 0x590C, 0x514B, 0x516B,   // 0x0500 (1280) pixels
0x512C, 0x590D, 0x6970, 0x81D1, 0x89F2, 0x81D1, 0x692F, 0x50EC, 0x492A, 0x494A, 0x516C, 0x610F, 0xCC1A, 0x9214, 0x8A12, 0x512C,   // 0x0510 (1296) pixels
0x4169, 0x3947, 0x4169, 0x514D, 0x9213, 0x9254, 0xC3F9, 0x58EE, 0x496B, 0x496A, 0x414A, 0x496A, 0x4149, 0x4169, 0x4149, 0x4148,   // 0x0520 (1312) pixels
0x4169, 0x4168, 0x4148, 0x4149, 0x496A, 0x494A, 0x494A, 0x494A, 0x492B, 0x492B, 0x492B, 0x514B, 0x494A, 0x4149, 0x4149, 0x4149,   // 0x0530 (1328) pixels
0x4169, 0x4149, 0x4149, 0x4169, 0x4149, 0x494A, 0x414A, 0x494A, 0x496A, 0x494A, 0x494A, 0x496A, 0x496A, 0x494A, 0x490B, 0x510B,   // 0x0540 (1344) pixels
0x492B, 0x494B, 0x516B, 0x414A, 0x496A, 0x516C, 0x60EE, 0xC3D9, 0xA275, 0x9213, 0x594D, 0x4169, 0x3967, 0x3968, 0x514C, 0x9213,   // 0x0550 (1360) pixels
0x9234, 0xCBFA, 0x610E, 0x518B, 0x496A, 0x414A, 0x4169, 0x4149, 0x4149, 0x4149, 0x4168, 0x4169, 0x4168, 0x4169, 0x4168, 0x4149,   // 0x0560 (1376) pixels
0x4149, 0x4149, 0x4149, 0x4149, 0x4149, 0x4149, 0x4149, 0x4149, 0x4149, 0x4169, 0x4149, 0x4169, 0x4148, 0x4148, 0x4149, 0x4149,   // 0x0570 (1392) pixels
0x4169, 0x4149, 0x4169, 0x4149, 0x4149, 0x414A, 0x494A, 0x414A, 0x496A, 0x496A, 0x414A, 0x4949, 0x4149, 0x496A, 0x416A, 0x496A,   // 0x0580 (1408) pixels
0x516C, 0x58EE, 0xBB78, 0xAAB6, 0x8A13, 0x616E, 0x4148, 0x3967, 0x3968, 0x514C, 0x9234, 0x9234, 0xCC1A, 0x60EE, 0x518C, 0x496A,   // 0x0590 (1424) pixels
0x414A, 0x4149, 0x4149, 0x4169, 0x4169, 0x4169, 0x4169, 0x4168, 0x4169, 0x4169, 0x4149, 0x414A, 0x414A, 0x414A, 0x4149, 0x4149,   // 0x05A0 (1440) pixels
0x4149, 0x4149, 0x4149, 0x4169, 0x4149, 0x4149, 0x4149, 0x4149, 0x4148, 0x4149, 0x4169, 0x4169, 0x4149, 0x4149, 0x4149, 0x4149,   // 0x05B0 (1456) pixels
0x414A, 0x414A, 0x414A, 0x414A, 0x414A, 0x414A, 0x496A, 0x414A, 0x414A, 0x4169, 0x494A, 0x516C, 0x60EE, 0xB317, 0xB317, 0x89F3,   // 0x05C0 (1472) pixels
0x69AF, 0x4149, 0x3967, 0x3968, 0x594C, 0x9234, 0x9A35, 0xCC1A, 0x68EF, 0x516C, 0x516A, 0x494A, 0x496A, 0x496A, 0x496A, 0x496A,   // 0x05D0 (1488) pixels
0x496A, 0x496A, 0x496A, 0x496A, 0x496A, 0x496A, 0x516B, 0x496B, 0x494A, 0x494A, 0x496A, 0x496A, 0x496A, 0x496A, 0x496A, 0x496A,   // 0x05E0 (1504) pixels
0x496A, 0x496A, 0x496A, 0x496A, 0x496A, 0x496A, 0x496A, 0x494A, 0x494A, 0x494A, 0x496A, 0x496A, 0x494A, 0x496A, 0x494A, 0x496A,   // 0x05F0 (1520) pixels
0x496A, 0x496B, 0x496B, 0x496B, 0x514B, 0x516B, 0x596C, 0x610F, 0xA2B6, 0xBB78, 0x91D3, 0x79D0, 0x4149, 0x3968, 0x3968, 0x514C,   // 0x0600 (1536) pixels
0x9274, 0x9234, 0xD43B, 0x68AF, 0x610E, 0x590E, 0x590D, 0x592D, 0x590D, 0x590D, 0x590E, 0x590E, 0x590D, 0x590D, 0x590E, 0x590E,   // 0x0610 (1552) pixels
0x610E, 0x590E, 0x590E, 0x590D, 0x590D, 0x590D, 0x590D, 0x590D, 0x590D, 0x590E, 0x590D, 0x590D, 0x590D, 0x590D, 0x590D, 0x590D,   // 0x0620 (1568) pixels
0x590D, 0x590D, 0x590D, 0x590D, 0x590D, 0x590D, 0x590D, 0x590D, 0x590D, 0x590D, 0x590D, 0x590D, 0x58ED, 0x58ED, 0x590E, 0x610E,   // 0x0630 (1584) pixels
0x610E, 0x610E, 0x60AF, 0x9A35, 0xCC19, 0x8993, 0x79F0, 0x4149, 0x3968, 0x3988, 0x492A, 0x9293, 0x7971, 0xB337, 0xC379, 0xBB98,   // 0x0640 (1600) pixels
0xC3B9, 0xC3B9, 0xC3B9, 0xC3B9, 0xC3B9, 0xC3B9, 0xC3B9, 0xC3B9, 0xC3B9, 0xC3B9, 0xC3B9, 0xC3B9, 0xC3B9, 0xC3B9, 0xC3B9, 0xC3B9,   // 0x0650 (1616) pixels
0xC3B9, 0xC3B9, 0xC3B9, 0xC3B9, 0xC3B9, 0xC3B9, 0xC3B8, 0xC3B9, 0xC3B9, 0xC3B9, 0xC3B9, 0xC3B9, 0xC3B9, 0xC3B9, 0xC3B9, 0xC3B9,   // 0x0660 (1632) pixels
0xC3B9, 0xC3B9, 0xC3B9, 0xC3B9, 0xC3B9, 0xC3B9, 0xC3B9, 0xC3B9, 0xC3B9, 0xC3B9, 0xC3B9, 0xC3B9, 0xC3B9, 0xBB98, 0xCBFA, 0x9A75,   // 0x0670 (1648) pixels
0x91F3, 0x71D0, 0x3948, 0x3967, 0x3167, 0x3948, 0x596C, 0x9273, 0x81F2, 0x9A95, 0xA2B6, 0xA2B6, 0xA2B5, 0x9A95, 0x9A95, 0x9A95,   // 0x0680 (1664) pixels
0x9A95, 0x9A95, 0xA2B5, 0xA2B5, 0xA2B5, 0xA2B5, 0x9AB5, 0xA2B5, 0x9AB5, 0x9AB5, 0xA2B5, 0xA2B5, 0xA2B5, 0x9A95, 0xA295, 0xA2B5,   // 0x0690 (1680) pixels
0xA2B5, 0xA2B5, 0xA2B5, 0x9AB5, 0x9AB5, 0x9A95, 0x9A95, 0x9A95, 0x9A95, 0xA2B5, 0x9A95, 0x9A95, 0x9AB5, 0x9AB5, 0x9AB5, 0x9AB5,   // 0x06A0 (1696) pixels
0x9A95, 0x9A95, 0xA2B5, 0xA2B5, 0xA2B5, 0xA2B5, 0xA2B6, 0xA2B5, 0xA2B6, 0x9A35, 0x91F4, 0x9273, 0x514B, 0x3948, 0x3967, 0x3167,   // 0x06B0 (1712) pixels
0x3967, 0x4149, 0x596D, 0x8A52, 0x8A32, 0x8232, 0x8232, 0x8232, 0x8212, 0x8212, 0x8212, 0x8212, 0x8A12, 0x8A32, 0x8232, 0x8232,   // 0x06C0 (1728) pixels
0x8232, 0x8232, 0x8232, 0x8A12, 0x8A12, 0x8A12, 0x8A12, 0x8A12, 0x8A12, 0x8A12, 0x8A12, 0x8A12, 0x8A12, 0x8A32, 0x8A32, 0x8212,   // 0x06D0 (1744) pixels
0x8A12, 0x8A12, 0x8A12, 0x8A32, 0x8A32, 0x8A32, 0x8A12, 0x8A13, 0x8A33, 0x8A33, 0x8A33, 0x8A12, 0x8A32, 0x8A32, 0x8A32, 0x8A32,   // 0x06E0 (1760) pixels
0x8A12, 0x8A12, 0x8A32, 0x8A12, 0x8A33, 0x8211, 0x514B, 0x4169, 0x3967, 0x3166, 0x3166, 0x3167, 0x3967, 0x4169, 0x4929, 0x492A,   // 0x06F0 (1776) pixels
0x494A, 0x494B, 0x514B, 0x514B, 0x512B, 0x512B, 0x514B, 0x514B, 0x514B, 0x492B, 0x514B, 0x494B, 0x514B, 0x514B, 0x514B, 0x514B,   // 0x0700 (1792) pixels
0x512B, 0x514B, 0x514B, 0x514B, 0x514B, 0x514B, 0x514B, 0x514B, 0x512B, 0x514B, 0x514B, 0x514B, 0x494B, 0x494B, 0x514B, 0x514B,   // 0x0710 (1808) pixels
0x514B, 0x514B, 0x514B, 0x512B, 0x514B, 0x514B, 0x514B, 0x514B, 0x514B, 0x514B, 0x514B, 0x514B, 0x492B, 0x492A, 0x512B, 0x492A,   // 0x0720 (1824) pixels
0x492A, 0x4169, 0x3967, 0x3166, 0x3166, 0x3186, 0x3186, 0x3187, 0x3967, 0x3968, 0x3968, 0x4169, 0x4169, 0x4169, 0x4169, 0x4169,   // 0x0730 (1840) pixels
0x4169, 0x4969, 0x4969, 0x4169, 0x4169, 0x4169, 0x4169, 0x4169, 0x4169, 0x4969, 0x4969, 0x4169, 0x4169, 0x4989, 0x4169, 0x4169,   // 0x0740 (1856) pixels
0x4169, 0x4969, 0x4969, 0x4149, 0x4169, 0x4169, 0x4169, 0x4169, 0x4169, 0x4169, 0x4169, 0x4969, 0x4969, 0x4969, 0x4169, 0x4169,   // 0x0750 (1872) pixels
0x4169, 0x4969, 0x4969, 0x4169, 0x4169, 0x4969, 0x4169, 0x4969, 0x4169, 0x4168, 0x4168, 0x3988, 0x3967, 0x3166, 0x3166, 0x3166,   // 0x0760 (1888) pixels
};

#endif